{
    "yield_pre": 4.5901997350497545,
    "error_pre": 0.7413100734924969
}