{
    "yield_post": 4.9666765487261,
    "error_post": 0.7526970671369321
}