{
    "start": 0,
    "stop": 8,
    "anchors": [],
    "levels": [
        235.5830679266186,
        232.40908733458326,
        229.36224252793372,
        226.44429674437782,
        223.65588698824234,
        220.9967766181992,
        218.46592742650125,
        216.0577736964193,
        213.66176067597183,
        211.24016154774714,
        208.81435268390857,
        206.408782479453,
        203.97700765745637,
        201.45907905007275,
        198.86015421153758,
        196.07650197501604,
        193.19361863259485,
        190.2433463052319,
        187.34235140079764,
        184.56052784402817,
        181.91474303148223,
        179.41018402402713,
        177.0463961294998,
        174.8198817206855,
        172.7255995737198,
        170.75763082889276,
        168.909575439508,
        167.17484022552455,
        165.54682893063793,
        164.01915320811446,
        162.5857190440007,
        161.24076947507646,
        159.97893995015224,
        158.7950324447482,
        157.68355263859235,
        156.61436811290616,
        155.57395021916184,
        154.56402619147946,
        153.58565388526245,
        152.63938541394919,
        151.72547277476292,
        150.8438054974555,
        149.9940093383497,
        149.17553043507328,
        148.38769974130776,
        147.62981370437285,
        146.90117660783696,
        146.20097963346547,
        145.5283425676359,
        144.88238427707347,
        144.26216011175984,
        143.66676102362948,
        143.09527134246872,
        142.54679564001563,
        142.02045580358288,
        141.5153992325894,
        141.03079550038206,
        140.56584532726816,
        140.11977352544582,
        139.69183734001786,
        139.28132043204357,
        138.88753557062097,
        138.50982242313177,
        138.14755398531872,
        137.80012190053282,
        137.4669494837158,
        137.14748446277497,
        136.84119869042888,
        136.54758918456315,
        136.26617445499252,
        135.9964953456673,
        135.73811293711918,
        135.4906141661421,
        135.2535958791786,
        135.02667985600692,
        134.80950248560765,
        134.60171794366505,
        134.4029953175263,
        134.2130191962009,
        134.03148683785832,
        133.85810970313065,
        133.69260931396994,
        133.53472365890525,
        133.3841980986407,
        133.240788130841,
        133.10426334684723,
        132.9744014465136,
        132.851010404186,
        132.7340460383961,
        132.62344157391124,
        132.51906058686836,
        132.42073190124324,
        132.3282653949611,
        132.24145827075117,
        132.16009876719107,
        132.08396895867583,
        132.01284515689213,
        131.94650030903563,
        131.88470637269668,
        131.82723664397946,
        131.77386987455418,
        131.72439504914914,
        131.6786151916337,
        131.6363561016674,
        131.59746902234662,
        131.56183965188907,
        131.5293932355896,
        131.50009999714683,
        131.47397665918442,
        131.451086022185,
        131.4315278372929,
        131.41542693114937,
        131.40291702582843,
        131.3941239224663,
        131.3891546845631,
        131.38809112778006,
        131.39098829372838,
        131.39787563214855,
        131.40876070303813,
        131.42362996259996,
        131.44245547150413,
        131.46519396180582,
        131.49178990149397,
        131.52217729238333,
        131.55627991471687,
        131.5940108525862,
        131.63527465231408,
        131.67996658772503,
        131.7279714146092,
        131.7791642964957,
        131.83341118666254,
        131.89056943333514,
        131.95049835905854,
        132.0130591912848,
        132.07812971657592,
        132.1456079490872,
        132.21541388322603,
        132.2874863056768,
        132.36178009370252,
        132.4382557783216,
        132.51688655664228,
        132.59764912712305,
        132.68052362895116,
        132.76549269473205,
        132.8525402082178,
        132.9416507856257,
        133.0328094161592,
        133.1260012873526,
        133.22121107988667,
        133.3184233004867,
        133.4176220282653,
        133.51879043926283,
        133.6219116845361,
        133.7269680259888,
        133.83394078380422,
        133.94281100137985,
        134.05355990950102,
        134.16616690762447,
        134.28061148815993,
        134.39687275516968,
        134.51493006782835,
        134.63475888198127,
        134.7563419664591,
        134.87965159072454,
        135.0046652960939,
        135.13136312184426,
        135.25971937059762,
        135.38970669072356,
        135.52130748396016,
        135.654488964046,
        135.78923371210618,
        135.92551020119802,
        136.0632931921239,
        136.20255602158886,
        136.3432713453828,
        136.48540925155078,
        136.62893949345903,
        136.77383019239903,
        136.9200448958968,
        137.06754429349007,
        137.21629180842174,
        137.36626211061878,
        137.51743050338715,
        137.66977427689216,
        137.82326580164636,
        137.97788030992265,
        138.13360106580845,
        138.2903891545387,
        138.44822646702914,
        138.60708127776212,
        138.7669244637808,
        138.92772194902702,
        139.08945808239864,
        139.25211424193034,
        139.41567212031447,
        139.58011381420462,
        139.74542181279477,
        139.91157900089377,
        140.07856865930285,
        140.24637446290237,
        140.4149804759353
    ]
}