{
    "yield_linear": 4.590818518162082,
    "error_linear": 0.6362382114547054,
    "error_log": 0.13858927529756088
}