{
    "yield_linear": 4.590818518162082,
    "error_linear": 0.6362382114547058,
    "error_log": 0.138589275297561
}