{
    "yield_linear": 137.16940681186549,
    "error_linear": 10.733497928382752,
    "error_log": 0.07824994055055051
}