{
    "yield_post": 2120.532167805032,
    "error_post": 43.93045080920864
}