{
    "start": 1500,
    "stop": 3000,
    "anchors": [],
    "levels": [
        65.59393327717251,
        65.02921684397161,
        64.47496933736022,
        63.93104326529566,
        63.3972937355081,
        62.87357848314302,
        62.35975785404445,
        61.85569455253001,
        61.361253827195966,
        60.876303246702506,
        60.4007128150323,
        59.93435468892491,
        59.477103463933446,
        59.02883568605702,
        58.58943014222113,
        58.15876771256589,
        57.736731332969285,
        57.323205882834515,
        56.91807822582494,
        56.52123711379927,
        56.13257316345188,
        55.75197883183256,
        55.379348321386445,
        55.01457755017623,
        54.657564016321466,
        54.308203582700926,
        53.966391284078455,
        53.63202498956562,
        53.305005365918504,
        52.985235801866644,
        52.6726221122384,
        52.36707258968228,
        52.06849764301324,
        51.77680977927181,
        51.491923494281764,
        51.213754495415536,
        50.94222081705439,
        50.67724149892432,
        50.41873701534482,
        50.16662911061597,
        49.920840718063545,
        49.68129589984977,
        49.44791935669211,
        49.2206375326852,
        48.999377231772094,
        48.78406639755599,
        48.574633746736424,
        48.37100673027742,
        48.173102811199925,
        47.98084022274638,
        47.79414295596048,
        47.61293979399569,
        47.43716390888119,
        47.26675216871633,
        47.1016443671941,
        46.941782590326156,
        46.787110668503736,
        46.6375736434985,
        46.493117365038074,
        46.35368820628382,
        46.219232870371165,
        46.08970129528048,
        45.965047617408665,
        45.845223233664655,
        45.73017688431392,
        45.6198551493669,
        45.514202954523114,
        45.41316399109738,
        45.3166811307031,
        45.224696734466505,
        45.13714866410368,
        45.05393278966543,
        44.97494489984605,
        44.90011384105301,
        44.82939386896175,
        44.7627566245982,
        44.700183902960745,
        44.641661730709245,
        44.58717585617609,
        44.536708493450874,
        44.490236196057936,
        44.4477286101,
        44.409147836375965,
        44.37444838095218,
        44.34357733704545,
        44.31647487734678,
        44.29307490631476,
        44.27330584973361,
        44.25709154662812,
        44.24435221446126,
        44.23500550703768,
        44.22896755613174,
        44.22615408405669,
        44.22648148498912,
        44.22986787768481,
        44.236234097893096,
        44.24550460329773,
        44.25760826265136,
        44.27247902421024,
        44.290056414588705,
        44.31028589768549,
        44.33311906100401,
        44.35851363987932,
        44.386433382487276,
        44.41684776332464,
        44.44973155530543,
        44.48506427158509,
        44.52282948871037,
        44.563014062361034,
        44.605607245191244,
        44.65059971765759,
        44.69798251056764,
        44.74774589939423,
        44.79987812228923,
        44.854364053042545,
        44.91118376784545,
        44.970310583299764,
        45.031709716635,
        45.0953354311632,
        45.16113898923902,
        45.22909171871028,
        45.29916940942776,
        45.37134822015579,
        45.44560467990501,
        45.52191566420257,
        45.60025849889196,
        45.680610675278025,
        45.76295041713267,
        45.847256240763826,
        45.9335071242085,
        46.021682569810594,
        46.111762591761675,
        46.20372776409317,
        46.29755929840063,
        46.39323895858184,
        46.490749188620896,
        46.59007315308496,
        46.69119472007488,
        46.79409786293312,
        46.898765085569366,
        47.00517872225643,
        47.113321268581586,
        47.22317539450668,
        47.3347239267845,
        47.44794979627903,
        47.56283615754492,
        47.67936625312612,
        47.79752348233776,
        47.917291377916854,
        48.03865357791319,
        48.16159389436106,
        48.28609623173284,
        48.41214461848982,
        48.5397232083909,
        48.66881623319951,
        48.79940812733912,
        48.9314832752411,
        49.0650263451394,
        49.20002201982479,
        49.33645506778778,
        49.47431027008069,
        49.61357274017419,
        49.75422752339085,
        49.89625964432629,
        50.03965440211705,
        50.18439703014076,
        50.33047315401135,
        50.47786903227444,
        50.62657122542782,
        50.77656638370949,
        50.927841335123304,
        51.08038301550872,
        51.23417853511902,
        51.38921508947409,
        51.5454799768187,
        51.702960760299334,
        51.86164497827891,
        52.02152039244521,
        52.18257480243885,
        52.344796212376906,
        52.50817271305232,
        52.67269249287015,
        52.838343900366226,
        53.00511536199964,
        53.17299544101009,
        53.34197282880373,
        53.512036254163796,
        53.683174664637846,
        53.85537704697325,
        54.028632513352164,
        54.202930280917066,
        54.37825968415528,
        54.554610136998434,
        54.73197118765769,
        54.91033247150458,
        55.08968371995946,
        55.270014774848576,
        55.451315572164276,
        55.633576142578114,
        55.81678663701335,
        56.00093726173518
    ]
}