{
    "start": 0,
    "stop": 400,
    "levels": [
        49.15107304198226,
        49.16019875466485,
        49.16956373045716,
        49.17916861352355,
        49.189014252311395,
        49.19910056866652,
        49.20942884241748,
        49.21999978133091,
        49.23081297924158,
        49.24186989087926,
        49.2531702506627,
        49.26471477022615,
        49.276504302378385,
        49.28853898869303,
        49.300819229396375,
        49.31334585971959,
        49.326118238377646,
        49.33913719843108,
        49.35240306325416,
        49.36591660802172,
        49.37967738652338,
        49.39368594830562,
        49.4079424758682,
        49.42244722638043,
        49.43720034066373,
        49.45220221906227,
        49.467452943755895,
        49.482952636689404,
        49.498701497454164,
        49.5146996815569,
        49.530947346049935,
        49.547444646198954,
        49.56419173774593,
        49.58118877972548,
        49.59843593730962,
        49.61593338664967,
        49.63368159554801,
        49.65168005948689,
        49.66992953431458,
        49.68843045190131,
        49.70718223497228,
        49.726186106601965,
        49.74544212899329,
        49.764950825342225,
        49.78471215615393,
        49.804726743263835,
        49.82499549210492,
        49.845518891273315,
        49.866297547983756,
        49.88733224979831,
        49.90862381800105,
        49.93017316910225,
        49.95198130731235,
        49.97404932923236,
        49.99637842814745,
        50.01896989802772,
        50.04182563590952,
        50.06494611167688,
        50.08833348901943,
        50.111989345268576,
        50.13591457544284,
        50.160109853579115,
        50.184575853258956,
        50.20931325193121,
        50.23432271516319,
        50.259604898763676,
        50.285160479080574,
        50.310990121295276,
        50.337094492677814,
        50.3634742453125,
        50.39013001163771,
        50.41706248374548,
        50.444272333308646,
        50.47176018033569,
        50.49952666877634,
        50.5275724382043,
        50.555897817077806,
        50.584504133683495,
        50.61339177206487,
        50.64256097156641,
        50.67201277482663,
        50.70174764455456,
        50.731766189130454,
        50.76206907359707,
        50.792656869656376,
        50.82353018193386,
        50.85468991515559,
        50.88613577828144,
        50.91786940122728,
        50.94989060676216,
        50.982200196808805,
        51.014798691324415,
        51.047686867187274,
        51.08086531935072,
        51.11433431078698,
        51.148094109207904,
        51.182145815523924,
        51.216489744068056,
        51.25112636456529,
        51.286056092025774,
        51.32127953370184,
        51.356797451487296,
        51.392609269420646,
        51.42871669572795,
        51.4651199292465,
        51.50181959908363,
        51.53881634020944,
        51.576110382582264,
        51.613702382758525,
        51.65159298439723,
        51.68978336764498,
        51.728273087829386,
        51.767063449882365,
        51.80615493290548,
        51.84554791879596,
        51.88524290300934,
        51.92524074928134,
        51.965542110216106,
        52.00614697744527,
        52.04705646478962,
        52.088271394317026,
        52.12979151209507,
        52.171617886242935,
        52.213751079704025,
        52.25619172322649,
        52.29894010946621,
        52.34199730620701,
        52.385363699390126,
        52.42903985336412,
        52.47302638836325,
        52.51732390806703,
        52.561933028088774,
        52.60685436189839,
        52.65208852809626,
        52.69763614940889,
        52.74349785458166,
        52.789674277125364,
        52.836166056425284,
        52.88297411393263,
        52.93009822295135,
        52.97754026830155,
        53.02529965122156,
        53.07337801301922,
        53.12177571572586,
        53.170493435030124,
        53.21953200614065,
        53.26889182070705,
        53.318573805972264,
        53.3685786586592,
        53.41890710616733,
        53.46955988814494,
        53.52053775682659,
        53.571841557954215,
        53.62347179300876,
        53.67542955422628,
        53.727715567419025,
        53.78033059441698,
        53.83327528218442,
        53.886550824629495,
        53.940157741483944,
        53.994096997490175,
        54.048369458294644,
        54.10297586546488,
        54.15791734642771,
        54.213194612405424,
        54.268808248038795,
        54.324758878306255,
        54.3810474908637,
        54.437674466701836,
        54.494640634240604,
        54.55194683023591,
        54.60959311106605,
        54.66758096157838,
        54.72591074601224,
        54.78458318865421,
        54.84359895215171,
        54.90295881283973,
        54.96266340685386,
        55.02271336015824,
        55.08310952697347,
        55.143852833668916,
        55.204942905831544,
        55.26638201472763,
        55.328169404169614,
        55.390306681594026,
        55.452794336087955,
        55.515632769121495,
        55.57882317563198,
        55.64236609400665,
        55.706261964314265,
        55.7705117689169,
        55.83511622715402,
        55.9000758671551,
        55.965391400426384,
        56.031063746132695,
        56.097093325114294,
        56.16348112577535,
        56.23022778309954,
        56.29733400277839,
        56.364800230207,
        56.43262735296604
    ]
}