{
    "yield_pre": 1.6367836945639436,
    "error_pre": 0.6295717225847339
}