{
    "start": 0,
    "stop": 20,
    "levels": [
        111.14885016098057,
        111.13456233169293,
        111.12512978712368,
        111.12027196962825,
        111.11971741208257,
        111.12320503700495,
        111.13048682334716,
        111.14132888849801,
        111.15551140189667,
        111.17282960232518,
        111.19309232356096,
        111.21612222078942,
        111.24175440626179,
        111.26983656272556,
        111.30022774974282,
        111.33279565690115,
        111.36741953875453,
        111.40398682725616,
        111.44239313618287,
        111.48254160075321,
        111.5243421327866,
        111.56771092748922,
        111.6125700189949,
        111.6588467566188,
        111.7064733715937,
        111.75538658171459,
        111.8055272308565,
        111.85683996043034,
        111.90927291003779,
        111.96277744447075,
        112.01730790521896,
        112.0728213851334,
        112.12927751940117,
        112.18663829764883,
        112.24486789141477,
        112.30393249638264,
        112.36380018796378,
        112.42444078899771,
        112.48582574845523,
        112.54792803006099,
        112.6107220099774,
        112.67418338270423,
        112.73828907446429,
        112.8030165934802,
        112.86834622761661,
        112.93425758191923,
        113.00073177006371,
        113.06775079484956,
        113.13529749434015,
        113.20335549188746,
        113.27190914978902,
        113.34094352626941,
        113.41044433542795,
        113.48039791004312,
        113.55079116687327,
        113.62161157433395,
        113.69284712238431,
        113.76448629432308,
        113.8365180405307,
        113.90893175385219,
        113.98171724657352,
        114.054864728842,
        114.12836478848696,
        114.2022083720253,
        114.2763867668621,
        114.35089158458595,
        114.42571474523645,
        114.50084846248464,
        114.57628522972558,
        114.65201780700045,
        114.72803920860473,
        114.80434269142131,
        114.88092174390607,
        114.95777007571158,
        115.03488160784202,
        115.11225046336264,
        115.18987095862555,
        115.26773759494468,
        115.34584505070218,
        115.4241881738877,
        115.50276197502896,
        115.58156162045515,
        115.66058242590913,
        115.73981985053348,
        115.81926949106865,
        115.89892707640232,
        115.97878846237069,
        116.05884962678668,
        116.13910666475674,
        116.21955578415633,
        116.30019330137499,
        116.38101563723201,
        116.46201931308308,
        116.54320094710636,
        116.62455725077416,
        116.7060850254535,
        116.78778115918928,
        116.86964262359771,
        116.95166647092051,
        117.03384983122682,
        117.11618990966262,
        117.19868398389752,
        117.2813294016523,
        117.36412357830031,
        117.44706399460608,
        117.53014819457209,
        117.61337378329732,
        117.69673842502597,
        117.78023984119064,
        117.86387580857459,
        117.9476441575539,
        118.03154277037471,
        118.11556957953766,
        118.19972256620005,
        118.28399975870617,
        118.36839923108202,
        118.45291910168363,
        118.53755753183212,
        118.6223127245173,
        118.70718292316116,
        118.79216641040558,
        118.87726150698273,
        118.9624665705499,
        119.04777999468168,
        119.13320020778436,
        119.21872567211587,
        119.3043548828337,
        119.39008628391878,
        119.47591859946066,
        119.56185033505524,
        119.64788010843527,
        119.73400656590191,
        119.82022838151585,
        119.90654425638108,
        119.99295291789174,
        120.07945311902844,
        120.16604363770409,
        120.25272327606935,
        120.33949085989872,
        120.42634523797815,
        120.51328528149526,
        120.60030988346979,
        120.68741795819933,
        120.77460844071133,
        120.86188028624336,
        120.94923246974336,
        121.03666398535651,
        121.12417384597437,
        121.21176108275905,
        121.29942474469593,
        121.38716389817758,
        121.47497762654706,
        121.56286502972233,
        121.65082522380051,
        121.73885734063322,
        121.8269605275127,
        121.9151339467653,
        122.00337677541516,
        122.09168820484659,
        122.18006744046521,
        122.26851370138698,
        122.35702622010378,
        122.44560424221216,
        122.53424702608527,
        122.62295384260746,
        122.7117239748774,
        122.80055671796553,
        122.88945137861768,
        122.9784072750198,
        123.06742373653458,
        123.15650010347231,
        123.24563572684039,
        123.33482996812792,
        123.4240821990671,
        123.5133918014265,
        123.60275816679489,
        123.69218069638592,
        123.7816588007929,
        123.8711918998624,
        123.96077942244833,
        124.05042080624435,
        124.1401154976064,
        124.22986295137203,
        124.31966263068509,
        124.40951400683488,
        124.49941655908539,
        124.5893697745268,
        124.6793731479013,
        124.76942618147393,
        124.85952838486577,
        124.94967927491702,
        125.0398783755428,
        125.13012533883415,
        125.22041946039963,
        125.31076040538474,
        125.4011477247006,
        125.49158097565125,
        125.58205972185954,
        125.67258353312997,
        125.7631519851277,
        125.85376465974923
    ]
}