{
    "nbins": 50,
    "range_": [
        200.0,
        350.0
    ],
    "nburnin": 100,
    "nsamples": 100000,
    "nrepeats": 100,
    "seed": 0,
    "step_size": 0.5,
    "prob_eye": 0.1,
    "yields": [
        16,
        25,
        58,
        160,
        391,
        996,
        2047,
        4077,
        8119,
        15242,
        27687,
        47265,
        76693,
        118114,
        174216,
        247090,
        333247,
        428963,
        531244,
        625805,
        710365,
        769683,
        802131,
        799721,
        768166,
        707082,
        629379,
        534815,
        439072,
        346605,
        265445,
        194125,
        137480,
        93479,
        62222,
        40083,
        24533,
        14857,
        8843,
        4777,
        2778,
        1493,
        725,
        351,
        177,
        72,
        58,
        9,
        7,
        3
    ],
    "errors": [
        5.42586398650022,
        6.383572667401852,
        10.505236789335115,
        18.055470085267796,
        23.626044950435528,
        47.47462480104504,
        64.79899690581638,
        104.20033589197304,
        130.03611036938938,
        216.63877769226818,
        261.6358347015944,
        314.51351322320005,
        492.02694031932845,
        558.4478847663407,
        661.0684079579057,
        794.7911675402537,
        906.9337958197391,
        933.231648627499,
        1144.772746006822,
        1250.0730978626812,
        1072.136535148392,
        1329.6240483685601,
        1482.3472568868606,
        1335.909648890972,
        1517.7445239565188,
        1156.28576052808,
        1157.7860726403644,
        1073.1415330700795,
        1151.8472815438686,
        983.2622996942373,
        908.0444647703108,
        785.4443010169467,
        661.6494540162487,
        493.65229666233694,
        401.6107070285851,
        318.6473128711428,
        221.3099862184262,
        159.73888067718514,
        125.96233564046044,
        101.71386336188394,
        73.91319232721585,
        56.62605407407442,
        32.90516676754579,
        23.51573941002069,
        16.115520469410846,
        11.320777358467925,
        11.504781614615723,
        3.192177939902477,
        3.2419130154894606,
        2.215851980616032
    ]
}