{
    "yield_post": 293.3882013976632,
    "error_post": 13.744234456952492
}