{
    "nbins": 50,
    "range_": [
        200.0,
        450.0
    ],
    "nburnin": 100,
    "nsamples": 100000,
    "nrepeats": 100,
    "seed": 0,
    "step_size": 0.2,
    "prob_eye": 0.1,
    "yields": [
        1,
        6,
        11,
        53,
        186,
        591,
        1604,
        3962,
        9273,
        19540,
        38416,
        69931,
        119059,
        184613,
        270009,
        372206,
        481138,
        590135,
        688463,
        762174,
        804977,
        815456,
        789303,
        739915,
        661102,
        575132,
        481541,
        391182,
        309073,
        236653,
        177065,
        129764,
        92119,
        63969,
        43198,
        28775,
        18486,
        11969,
        7586,
        4673,
        2775,
        1653,
        999,
        558,
        320,
        203,
        84,
        50,
        25,
        15
    ],
    "errors": [
        0.9949874371066193,
        3.1048349392520027,
        3.433656942677881,
        8.769834662067469,
        16.43289384131717,
        30.102989884727393,
        52.83786521047193,
        86.3108336189612,
        126.584793715517,
        175.7099883330484,
        289.40532130560416,
        397.86604529665516,
        533.6255147573061,
        661.1363777618049,
        838.8457486332038,
        961.9000155941362,
        1096.7732491267282,
        1098.893420673725,
        1239.5367320091807,
        1137.8599386567746,
        1044.2546193338096,
        1136.3162587941788,
        1086.07684350602,
        956.4187106074411,
        1167.8398691601515,
        890.723166870605,
        898.236154916957,
        888.4653960622213,
        805.869536587654,
        727.0384515278403,
        606.6257083243343,
        575.2712751389556,
        486.71078681286696,
        360.3212316808434,
        303.99335519053705,
        271.073329562316,
        192.60851486889152,
        154.20567434436387,
        124.57142529488854,
        90.72877162179593,
        66.66895829394666,
        57.06934378455739,
        39.02550448104418,
        27.392699757417112,
        22.36067977499789,
        16.997352735058485,
        10.26839812239475,
        7.937253933193772,
        5.172040216394301,
        4.330127018922199
    ]
}