{
    "yield_linear": 297.6760832518737,
    "error_linear": 23.44231390252789,
    "error_log": 0.07875108287652578
}