{
    "start": 0,
    "stop": 100,
    "levels": [
        47.055684025197465,
        47.07437666887387,
        47.09807271304787,
        47.1268263193225,
        47.160685667753654,
        47.199697387871495,
        47.2439064030904,
        47.29335625012628,
        47.34808741391257,
        47.408136393007325,
        47.47354269975703,
        47.54433793850238,
        47.62055824060336,
        47.702231055421215,
        47.7893842790789,
        47.882049612032866,
        47.980249929492004,
        48.08400761562097,
        48.19334175624148,
        48.30827897443986,
        48.42882415292567,
        48.55499567720986,
        48.68684041498059,
        48.82431298687995,
        48.96747431047162,
        49.1163140597868,
        49.270860578028916,
        49.43107059618421,
        49.59699923287454,
        49.768634349120994,
        49.945982749656245,
        50.12906457704176,
        50.31786078352675,
        50.51237309555456,
        50.71264880377393,
        50.91868708008518,
        51.13050899595895,
        51.34812540695117,
        51.57156879418832,
        51.80086215731002,
        52.03603672201331,
        52.2770811917367,
        52.52401577854316,
        52.7768410165784,
        53.03556611635479,
        53.300184368847994,
        53.57070274329752,
        53.8471252727182,
        54.12944199174701,
        54.41766346973754,
        54.711789070099464
    ]
}