{
    "yield_post": 17.032724454646377,
    "error_post": 2.4053766801765843
}