{
    "ndata": 0.20906925201416016,
    "start": 0,
    "stop": 20,
    "rtol": 0.001,
    "integrals": [
        [
            0.7526873379132111,
            0.7530036103462397
        ],
        [
            0.7289661651689584,
            0.7293123888839852
        ],
        [
            0.6895919378883023,
            0.6899030979870429
        ],
        [
            0.6462469789650147,
            0.646553710690702
        ],
        [
            0.602155446695685,
            0.6024591857473875
        ],
        [
            0.5588358682587592,
            0.559136664733165
        ],
        [
            0.5171071967364086,
            0.5173772551319183
        ],
        [
            0.477374570021257,
            0.4776439221268903
        ],
        [
            0.4399059084191218,
            0.4401135587653087
        ],
        [
            0.4047215302168429,
            0.4049467301279402
        ],
        [
            0.3718838291713811,
            0.37210177861169236
        ],
        [
            0.3413629477046779,
            0.3415188479322124
        ],
        [
            0.3130240149859721,
            0.3131794630758691
        ],
        [
            0.2867994443764903,
            0.28695641285737306
        ],
        [
            0.26258834930216063,
            0.262729925280542
        ],
        [
            0.240268516568327,
            0.24039087342532936
        ],
        [
            0.21971704098156397,
            0.21982609258928185
        ],
        [
            0.20080879236517044,
            0.20092651281732868
        ],
        [
            0.18345106030881023,
            0.18355576422374825
        ],
        [
            0.16752760283805282,
            0.1676096722250255
        ],
        [
            0.15291359313640004,
            0.15300197746115887
        ],
        [
            0.13953787875148999,
            0.1396037546017249
        ],
        [
            0.12728084839962905,
            0.12734615671037483
        ],
        [
            0.1160681352928116,
            0.11612662882962399
        ],
        [
            0.1058131225757212,
            0.105865619273032
        ],
        [
            0.09643429657187796,
            0.0964908523870591
        ],
        [
            0.08787223251515573,
            0.08791759484338649
        ],
        [
            0.08004895663587507,
            0.08009100754130591
        ],
        [
            0.07290704508352083,
            0.07294507558990306
        ],
        [
            0.06639030622196321,
            0.0664221135570409
        ],
        [
            0.060443658376719264,
            0.06047215776175258
        ],
        [
            0.0550184244335058,
            0.055046756966804916
        ],
        [
            0.050070550889249596,
            0.050101058650353775
        ],
        [
            0.045563964597403125,
            0.045588810502143785
        ],
        [
            0.04145611288540957,
            0.04147749016334837
        ],
        [
            0.03771297057750244,
            0.03773182104925165
        ],
        [
            0.034303678319404264,
            0.03431926508563294
        ],
        [
            0.031197286333492367,
            0.031212704395362986
        ],
        [
            0.028368610163875117,
            0.02838392942053297
        ],
        [
            0.0257941347210969,
            0.02580789171537618
        ],
        [
            0.02344947428864192,
            0.023464141747890688
        ],
        [
            0.02131805878130903,
            0.02132870492337122
        ],
        [
            0.01937722056864613,
            0.019386808836212643
        ],
        [
            0.017611620318441747,
            0.017619867446948757
        ],
        [
            0.016005048770945794,
            0.016012622610675476
        ],
        [
            0.014543490288696871,
            0.014551014125438506
        ],
        [
            0.01321461241465517,
            0.013221392391870958
        ],
        [
            0.01200555665834908,
            0.012012843808810044
        ],
        [
            0.01090718381502034,
            0.010913022899362175
        ],
        [
            0.009908202425091873,
            0.00991347609756507
        ],
        [
            0.009000183978866835,
            0.009004691013663125
        ],
        [
            0.008174855372003294,
            0.008178585412421505
        ],
        [
            0.007424378966627726,
            0.007428084834013692
        ],
        [
            0.00674251922754558,
            0.006745867321508549
        ],
        [
            0.006122582777098938,
            0.006126208054176656
        ],
        [
            0.0055599339366504364,
            0.005562517583622118
        ],
        [
            0.0050482150685218306,
            0.005050874229113143
        ],
        [
            0.004583598148281831,
            0.004585753861454544
        ],
        [
            0.004161457307943517,
            0.004163298723409369
        ],
        [
            0.00377785756576089,
            0.0037796866069236728
        ],
        [
            0.0034294332694653484,
            0.0034312595569420522
        ],
        [
            0.003112983623529412,
            0.0031147882018613344
        ],
        [
            0.002825778579895636,
            0.002827193484608769
        ],
        [
            0.002564882200998567,
            0.0025660984215944847
        ],
        [
            0.0023279314675014088,
            0.0023290423856229354
        ],
        [
            0.002112779306546587,
            0.002113790187630324
        ],
        [
            0.0019174361405723756,
            0.0019183410808042431
        ],
        [
            0.0017400347786982364,
            0.0017409392717644488
        ],
        [
            0.0015789805209396762,
            0.0015798763047343415
        ],
        [
            0.001432865113671316,
            0.0014335710212579253
        ],
        [
            0.0013001888951111509,
            0.0013007955973303505
        ],
        [
            0.001179707501310173,
            0.0011803181365921515
        ],
        [
            0.00107040531214447,
            0.001070906353943062
        ],
        [
            0.0009711511499525591,
            0.0009716463259826604
        ],
        [
            0.0008810668810815965,
            0.0008815594326411536
        ],
        [
            0.0007993320812050166,
            0.0007997764996183375
        ],
        [
            0.0007251803790934324,
            0.0007255328048760317
        ],
        [
            0.0006578717371811242,
            0.0006581744546704521
        ],
        [
            0.0005967676156105417,
            0.0005970746876482944
        ],
        [
            0.0005413520495194693,
            0.0005416006587476999
        ],
        [
            0.0004910441937420598,
            0.0004912897898036585
        ],
        [
            0.0004453966340960307,
            0.00044564094631035047
        ],
        [
            0.00040399122142268675,
            0.0004042119159121123
        ],
        [
            0.00036643639253669297,
            0.000366612369593727
        ],
        [
            0.00033235680166736223,
            0.00033250815435968104
        ],
        [
            0.0003014263429816621,
            0.0003015806305541508
        ],
        [
            0.00027338219278253133,
            0.000273508905533257
        ],
        [
            0.0002479304864399868,
            0.0002480524165923567
        ],
        [
            0.00022484087220801514,
            0.00022496217182273892
        ],
        [
            0.0002039074436325938,
            0.00020400562233739507
        ],
        [
