{
    "start": 25,
    "stop": 200,
    "anchors": [],
    "levels": [
        105.63878931613235,
        104.76098233366305,
        103.9603641832056,
        103.23052690637022,
        102.56542239462217,
        101.95947190355943,
        101.40757900657141,
        100.90511505425316,
        100.44789455027241,
        100.03214939890526,
        99.65454845846696,
        99.31241840296005,
        99.00336700322234,
        98.72501964208286,
        98.47517129762329,
        98.25187854827463,
        98.0535039556341,
        97.87869196444544,
        97.72625913467667,
        97.59507907080646,
        97.48404744104116,
        97.3921101746491,
        97.318284897796,
        97.26166308924937,
        97.2213829978124,
        97.19658614507823,
        97.18636863355772,
        97.18972371740487,
        97.20548404650853,
        97.23226225840976,
        97.26840303935434,
        97.31197545193459,
        97.36086314879427,
        97.41298560713821,
        97.46657652650396,
        97.5203652428768,
        97.57355709277122,
        97.62570850572881,
        97.67660086237561,
        97.72614658423308,
        97.77433270212217,
        97.82118519850383,
        97.86675165757136,
        97.91108895159618,
        97.95425633399731,
        97.996315131507,
        98.03732252756897,
        98.07733456216893,
        98.11640346937781,
        98.1545774806888,
        98.19190270881569,
        98.22842133368997,
        98.26417289487938,
        98.29919395478503,
        98.33351861754959,
        98.36717861913624,
        98.4002035473466,
        98.43262099195903,
        98.46445671742882,
        98.49573485480767,
        98.52647796010685,
        98.55670721558306,
        98.58644247902092,
        98.6157024671763,
        98.64450476575576,
        98.67286592571321,
        98.70080159728991,
        98.72832657332478,
        98.75545481647956,
        98.78219955580661,
        98.80857333111356,
        98.83458803949327,
        98.86025498223394,
        98.88558489748686,
        98.91058801949296,
        98.93527405774773,
        98.95965230904307,
        98.9837315825963,
        99.00752040265837,
        99.03102676923532,
        99.05425844520411,
        99.07722280685363,
        99.09992691540842,
        99.12237756624862,
        99.1445812648241,
        99.16654423460386,
        99.18827246728287,
        99.20977173276208,
        99.23104754740407,
        99.2521052419937,
        99.27294993161402,
        99.29358655522083,
        99.31401986173444,
        99.33425442447765,
        99.35429468550095,
        99.3741448771188,
        99.39380912645342,
        99.41329142623499,
        99.43259561371269,
        99.45172536696806,
        99.47068430072301,
        99.48947590380213,
        99.50810350213995,
        99.52657040929806,
        99.54487970752757,
        99.56303450717007,
        99.58103775433624,
        99.59889231833128,
        99.61660099632401,
        99.63416649576124,
        99.65159142561463,
        99.66887835207109,
        99.68602973794292,
        99.70304801250202,
        99.71993549540437,
        99.73669446366299,
        99.75332714818329,
        99.76983567322259,
        99.78622215818238,
        99.80248862876141,
        99.81863707275649,
        99.83466942343004,
        99.85058756801826,
        99.8663933305946,
        99.88208851707114,
        99.89767486055932,
        99.91315406878536,
        99.92852779498301,
        99.94379765737848,
        99.95896524207163,
        99.9740320833904,
        99.98899968398658,
        100.00386953130416,
        100.01864303884858,
        100.03332161654228,
        100.04790664530304,
        100.06239944711412,
        100.07680134332585,
        100.09111359934727,
        100.10533749206267,
        100.11947420805421,
        100.1335249784941,
        100.14749096418144,
        100.16137330706707,
        100.17517311951508,
        100.18889151076031,
        100.20252957157138,
        100.21608832566818,
        100.22956881815404,
        100.24297206225502,
        100.25629904502046,
        100.2695507221277,
        100.28272807978672,
        100.29583202125374,
        100.30886344059212,
        100.32182327288469,
        100.33471238069299,
        100.34753161527416,
        100.36028183875267,
        100.37296386380638,
        100.38557851420413,
        100.39812658250105,
        100.41060884793909,
        100.42302609530148,
        100.43537905709853,
        100.44766848924706,
        100.45989510979224,
        100.47205963755745,
        100.48416277422879,
        100.49620520903503,
        100.50818761038146,
        100.52011065735019,
        100.53197498617156,
        100.54378126366947,
        100.5555300996898,
        100.5672221104852,
        100.57885793031801,
        100.59043813892652,
        100.60196333046814,
        100.6134340859557,
        100.6248509716328,
        100.63621456405491,
        100.6475254042656,
        100.65878403317046,
        100.66999096038853,
        100.68114675167215,
        100.69225191054862,
        100.70330694036795,
        100.71431235535685,
        100.72526862895003,
        100.73617626502829,
        100.74703572150995,
        100.75784748690545,
        100.76861201641532,
        100.77932976941531,
        100.79000119001597,
        100.80062673120673,
        100.81120681112002,
        100.82174187665414,
        100.83223234303337,
        100.84267863224746
    ]
}