{
    "yield_linear": 47.96122106044058,
    "error_linear": 7.580820457799538,
    "error_log": 0.15806145653060444
}