{
    "start": 0,
    "stop": 50,
    "levels": [
        100.2184165988261,
        100.23722864046489,
        100.25671721085322,
        100.27688273359713,
        100.29772535025256,
        100.31924546343086,
        100.3414425288416,
        100.36431688623325,
        100.38786855572091,
        100.41209754115553,
        100.43700318918124,
        100.462585825271,
        100.48884519533163,
        100.51578097629486,
        100.5433928721795,
        100.57168062503027,
        100.60064385335393,
        100.63028216039545,
        100.66059509300345,
        100.69158250919578,
        100.7232432730135,
        100.75557704968264,
        100.78858291925424,
        100.82226098529715,
        100.85661013238105,
        100.8916296713619,
        100.92731880579103,
        100.9636767080947,
        101.00070250507231,
        101.03839525882668,
        101.07675406650982,
        101.11577789820785,
        101.15546571195007,
        101.19581652803372,
        101.23682887014706,
        101.27850191634651,
        101.3208343362007,
        101.3638248768347,
        101.40747224738142,
        101.45177522994746,
        101.49673243202498,
        101.54234226755653,
        101.58860337097397,
        101.63551379971872,
        101.68307318408509,
        101.73127923415656,
        101.78013047337215,
        101.82962551907858,
        101.87976282243434,
        101.93054061090697,
        101.9819568473335,
        102.03401045924797,
        102.08669964872055,
        102.14002263771454,
        102.19397777704405,
        102.24856333798348,
        102.30377745860085,
        102.35961864559236,
        102.41608475152795,
        102.47317444528053,
        102.53088572159582,
        102.58921674261296,
        102.64816586866279,
        102.7077312443848,
        102.76791127220312,
        102.82870344266937,
        102.8901068849138,
        102.95211873039158,
        103.01473801947554,
        103.07796250718292,
        103.14179067361026,
        103.20622006954936,
        103.27124863651933,
        103.33687538962678,
        103.40309786306918,
        103.46991435529519,
        103.53732293898808,
        103.60532154042927,
        103.67390827022616,
        103.74308115261445,
        103.8128381453417,
        103.88317780279824,
        103.95409721333478,
        104.02559516450764,
        104.0976694106182,
        104.17031794411152,
        104.24353874788888,
        104.31732979552609,
        104.39168901103764,
        104.46661443191768,
        104.54210396202933,
        104.61815553847177,
        104.69476709040035,
        104.77193653860296,
        104.84966179555899,
        104.9279407665499,
        105.00677141510387,
        105.0861515037569,
        105.16607897993732,
        105.24655172160652,
        105.32756760187712,
        105.40912448634072,
        105.49122023530705,
        105.57385270353309,
        105.65701978079696,
        105.74071920549494,
        105.8249489626543,
        105.90970677954942,
        105.99499052922282,
        106.08079804362602,
        106.16712715192138,
        106.25397568058769,
        106.34134145429326,
        106.42922229658278,
        106.51761584858237,
        106.60652049138909,
        106.69593346826944,
        106.78585277917637,
        106.8762762481251,
        106.96720170240845,
        107.0586269686661,
        107.15054985550007,
        107.24296830602079,
        107.33587988500966,
        107.42928254259634,
        107.52317410265773,
        107.61755239046202,
        107.71241523329654,
        107.80776046119351,
        107.90358590576149,
        107.99988940233304,
        108.09666878862164,
        108.19392190523686,
        108.2916465961285,
        108.3898407088933,
        108.4885020948982,
        108.58762860957745,
        108.68721811351924,
        108.78726847207014,
        108.88777755058136,
        108.9887432928623,
        109.0901632769837,
        109.1920358975024,
        109.2943581929431,
        109.39712955997622,
        109.50034647804542,
        109.60400719526537,
        109.70810988181101,
        109.8126521048207,
        109.91763228738346,
        110.02304808961692,
        110.12889744634455,
        110.2351783040486,
        110.34188864417627,
        110.44902646551837,
        110.5565897738422,
        110.66457658218286,
        110.77298491035721,
        110.88181278571153,
        110.9910582417963,
        111.10071931970967,
        111.21079406806801,
        111.32128106674476,
        111.43217732907193,
        111.5434814549031,
        111.6551915229294,
        111.76730535482453,
        111.87982158050625,
        111.9927380685181,
        112.10605294911876,
        112.21976436069698,
        112.3338704493569,
        112.44836936974652,
        112.56325928416454,
        112.67853836200693,
        112.79420477997732,
        112.91025672627062,
        113.0266920807957,
        113.14350966731573,
        113.2607073893224,
        113.37828346539894,
        113.49623612098159,
        113.61456358907182,
        113.73326443541866,
        113.85233626604733,
        113.97177766875926,
        114.09158691467411,
        114.21176227665748,
        114.33230204005288,
        114.45320449786534,
        114.57446794925986,
        114.69609036688516,
        114.81807073226356,
        114.94040704226863,
        115.06309763098278,
        115.18614084076279,
        115.30953502230045,
        115.43327853457929,
        115.55736974486558,
        115.68180702893642,
        115.8065887707434
    ]
}