{
    "yield_post": 30.14789586717483,
    "error_post": 4.589975249857565
}