{
    "start": 0,
    "stop": 100,
    "anchors": [],
    "levels": [
        111.47003296140015,
        107.28766430334325,
        103.45751352309955,
        100.07151613825488,
        97.19513162852607,
        94.86552912157168,
        93.10030389228407,
        91.84680477550687,
        90.85316699586929,
        89.95363578860427,
        89.38053340007855,
        88.9399289667399,
        88.61645132860413,
        88.40162567164799,
        88.27941921927004,
        88.23124485580551,
        88.24049649791016,
        88.2937466978264,
        88.38058367254978,
        88.49305234048109,
        88.62509124073702,
        88.77206427094308,
        88.93040443802101,
        89.09734661262002,
        89.27073185375696,
        89.44886195342299,
        89.63039263511465,
        89.81425292891046,
        89.9995861797153,
        90.18570228300067,
        90.37204576856286,
        90.55816566676233,
        90.74369753354287,
        90.92834478793901,
        91.11186713036555,
        91.29470312169661,
        91.56095460095439,
        91.96378207122396,
        92.49153910731191,
        93.13213923358279,
        93.87718337757737,
        94.72053783303983,
        95.657842113861,
        96.68615829438878,
        97.80189085142973,
        99.00122828737244,
        100.28020589551775,
        101.63466306882093,
        103.06020640247138,
        104.55215617042298,
        106.10545001530394
    ]
}