{
    "nbins": 50,
    "range_": [
        0.0,
        100.0
    ],
    "nburnin": 100,
    "nsamples": 100000,
    "nrepeats": 100,
    "seed": 0,
    "step_size": 0.1,
    "num_leapfrog_steps": 10,
    "yields": [
        0,
        0,
        0,
        0,
        0,
        38,
        500,
        6483,
        23806,
        87374,
        227017,
        478514,
        742134,
        1003679,
        1133766,
        1138863,
        1043636,
        892056,
        733249,
        584746,
        456002,
        352337,
        269293,
        204702,
        153614,
        116952,
        88567,
        66354,
        50669,
        38509,
        29642,
        22473,
        16682,
        12459,
        9022,
        6429,
        4182,
        2808,
        1577,
        864,
        523,
        277,
        121,
        48,
        20,
        10,
        3,
        0,
        0,
        0
    ],
    "errors": [
        0.0,
        0.0,
        0.0,
        0.0,
        0.0,
        14.884891669071695,
        125.6821387469198,
        1587.8961269554125,
        2199.7180819368655,
        9115.9786770264,
        5440.755472358595,
        14859.9331775079,
        7178.541665268789,
        13250.38733735735,
        7207.669556798508,
        9987.135290462425,
        7323.454037542669,
        4066.2128129255602,
        3660.6724778379175,
        3109.3804591911876,
        2568.3317464844768,
        2019.1867942317772,
        1598.1259368397723,
        1257.2469765324554,
        982.7471902783544,
        847.6408201591049,
        696.7539809717631,
        548.6372572109918,
        500.6090190957411,
        476.6426229367239,
        389.2895580413119,
        347.087467362335,
        281.04939067715486,
        245.75636309157898,
        202.67007672569721,
        191.94423669388982,
        136.44324827561093,
        112.00607126401677,
        67.90957222660145,
        47.29735722003926,
        39.34094559107597,
        26.10957678707183,
        16.266222671536255,
        8.885943956609225,
        5.477225575051662,
        4.123105625617661,
        1.705872210923198,
        0.0,
        0.0,
        0.0
    ]
}