{
    "yield_pre": 0.5236206126477652,
    "error_pre": 0.4916565252291172
}