{
    "yield_pre": 0.5233372479086965,
    "error_pre": 0.4916375278214254
}