{
    "start": 0,
    "stop": 4,
    "anchors": [],
    "levels": [
        97.3808909172573,
        97.33816492913753,
        97.29708295637963,
        97.25765075413622,
        97.21987250939357,
        97.1837539616982,
        97.1492988684368,
        97.11651126772699,
        97.08539356812582,
        97.05594886317894,
        97.02817929523368,
        97.00208648570981,
        96.9776715391329,
        96.95493504692827,
        96.93387704922492,
        96.914497177174,
        96.89679438381978,
        96.88076726840283,
        96.86641419611826,
        96.85373149735922,
        96.8427174745546,
        96.83336811422497,
        96.82567968034606,
        96.81964744709147,
        96.81526680747555,
        96.81253241466648,
        96.8114385149491,
        96.81197894102233,
        96.8141471304949,
        96.8179361359951,
        96.8233386248763,
        96.83034708573688,
        96.838952871361,
        96.84914865441303,
        96.8609241115281,
        96.874271944994,
        96.8891819395187,
        96.90564463906287,
        96.92365091249633,
        96.94318985970268,
        96.96425111390641,
        96.98682528754688,
        97.01090070585884,
        97.03646691257158,
        97.06351303713475,
        97.09202757107006,
        97.12199932599582,
        97.15341694248511,
        97.18626885052552,
        97.22054343028609,
        97.25622896378565,
        97.2933139087888,
        97.3317857561574,
        97.37163325155365,
        97.41284419149264,
        97.45540659241578,
        97.49930819612925,
        97.54453739459224,
        97.59108250458918,
        97.63893071445636,
        97.68807032209145,
        97.73848933601136,
        97.79017578245409,
        97.84311771791391,
        97.89730323454351,
        97.95272046627511,
        98.00935759472553,
        98.06720910242602,
        98.12624440754017,
        98.18647108232265,
        98.24787094311849,
        98.31043178863862,
        98.37414325720718,
        98.43899354733395,
        98.50497136157296,
        98.57206548195683,
        98.64026425245542,
        98.70955747651404,
        98.77993385290567,
        98.85138247295475,
        98.9238925476499,
        98.99745338121593,
        99.07205437177618,
        99.14768501384383,
        99.22433489962859,
        99.30199446166037,
        99.38065139567702,
        99.46029720882046,
        99.54092190803469,
        99.62251530642206,
        99.70506761062657,
        99.78856913502342,
        99.8730103038339,
        99.95838165147708,
        100.04467382445303,
        100.13187758243737,
        100.21998379938998,
        100.30898346452837,
        100.39886768190968,
        100.48962767505363,
        100.58125478992572,
        100.67373628705128,
        100.76707285413404,
        100.86124942081172,
        100.95626204323148,
        101.052099079259,
        101.14875676498016,
        101.24622109804093,
        101.34448608357235,
        101.44354381761245,
        101.54339180386206,
        101.6440204897347,
        101.74542044979039,
        101.84758318615036,
        101.95050683528544,
        102.05418004329175,
        102.15859995400417,
        102.26375907092213,
        102.36964567867932,
        102.47625656381413,
        102.58358107673178,
        102.69162538359818,
        102.80037065464198,
        102.90981120183491,
        103.0199519222415,
        103.13077577679687,
        103.24227649495324,
        103.3544601916619,
        103.46730909774467,
        103.58082149607127,
        103.69499175097859,
        103.8098106262312,
        103.92527803731778,
        104.04139439374609,
        104.15814116797696,
        104.27551869464845,
        104.39352214768317,
        104.51214557376368,
        104.63138434160366,
        104.75123336745678,
        104.87168762108551,
        104.99274236169362,
        105.11438799233338,
        105.23662912324295,
        105.35945645178421,
        105.48286902785024,
        105.60684898494546,
        105.73140762364696,
        105.85653116772741,
        105.98222521123249,
        106.10846705342924,
        106.23526806976764,
        106.36261943718169,
        106.49051782709033,
        106.61895675608194,
        106.74793971889231,
        106.87744476388048,
        107.00748452137661,
        107.1380545749536,
        107.2691408423248,
        107.40073909653864,
        107.5328616603404,
        107.66548846490178,
        107.79862110568644,
        107.9322558135371,
        108.06638885970038,
        108.20101198741065,
        108.33613105668944,
        108.47173686626151,
        108.60783123202842,
        108.7443946030331,
        108.88144836748468,
        109.01896197839696,
        109.15695224003903,
        109.29541010401074,
        109.43432983558833,
        109.57370851648788,
        109.71355105111512,
        109.853840473408,
        109.99457994280482,
        110.13576626702475,
        110.27739628524454,
        110.41946686758033,
        110.56197491461477,
        110.70491698780404,
        110.84829102008752,
        110.99209342485932,
        111.13632092270326,
        111.28097072872204,
        111.42604005743001,
        111.57152604099271,
        111.71742830871366,
        111.86373623988452,
        112.01045497345716,
        112.15757862474577,
        112.30510489817884,
        112.45303100909032,
        112.60135406832089,
        112.75007117012035,
        112.89918057376504,
        113.04867791645617
    ]
}