{
    "yield_linear": 0.5233740040305755,
    "error_linear": 0.49487533500577063,
    "error_log": 0.945548176246178
}