{
    "yield_linear": 0.5233740020537597,
    "error_linear": 0.49487884390374903,
    "error_log": 0.9455548841971639
}