{
    "yield_post": 46.59737990016243,
    "error_post": 5.46790764795746
}