{
    "yield_pre": 86.54147313780497,
    "error_pre": 7.785095990483036
}