{
    "yield_pre": 1.0842298881220886,
    "error_pre": 0.18697216635197866
}