{
    "yield_pre": 1.6367185437653777,
    "error_pre": 0.641910944318352
}