{
    "start": 0,
    "stop": 8,
    "anchors": [],
    "levels": [
        122.0584290232852,
        119.07177877854484,
        116.38027162968393,
        114.1880654559197,
        112.57617503107038,
        111.480201414195,
        110.74912618330261,
        110.28387679737786,
        110.00899600770603,
        109.86556550055535,
        109.81425460318766,
        109.82940603277947,
        109.89387144168118,
        109.99582557005522,
        110.12686706329185,
        110.28086769214882,
        110.45325210121528,
        110.64053322540093,
        110.84000857949358,
        111.04954818975992,
        111.26745261151169,
        111.49234813887335,
        111.72311332261174,
        111.95882368599142,
        112.19871106339718,
        112.44213159359863,
        112.68854271209497,
        112.93748406487873,
        113.18856326728019,
        113.44144353502344,
        113.69583506676317,
        113.95148746541697,
        114.20818314097488,
        114.46573295995145,
        114.72397124856357,
        114.98275332457635,
        115.24195200074078,
        115.50145520039074,
        115.7611642935766,
        116.02099183631967,
        116.28086040556536,
        116.5407014292768,
        116.80045403942368,
        117.06006413275507,
        117.3194840753985,
        117.5786697926994,
        117.83758382263055,
        118.0961915559752,
        118.35446266287698,
        118.61237011125382,
        118.86988958210186
    ]
}