{
    "nbins": 50,
    "range_": [
        0.0,
        8.0
    ],
    "nburnin": 100,
    "nsamples": 100000,
    "nrepeats": 100,
    "seed": 0,
    "step_size": 0.5,
    "prob_eye": 0.1,
    "yields": [
        85,
        3475,
        43584,
        193146,
        447417,
        710321,
        898349,
        996631,
        1000581,
        943973,
        849634,
        740653,
        629117,
        522102,
        426007,
        343267,
        275966,
        218766,
        170856,
        132554,
        104299,
        82024,
        62139,
        48356,
        36555,
        28394,
        21800,
        16256,
        12923,
        9966,
        7552,
        5624,
        4258,
        3337,
        2424,
        1878,
        1453,
        1095,
        767,
        619,
        432,
        330,
        247,
        216,
        141,
        93,
        80,
        44,
        47,
        23
    ],
    "errors": [
        16.695807857063997,
        142.33323575328427,
        405.94019263926066,
        838.7197624951971,
        1251.324142658488,
        1805.316756140041,
        1739.7836043600366,
        1977.713171822446,
        1760.851893260759,
        1744.5588869396183,
        1532.402832156088,
        1470.2567496869378,
        1450.4454867384711,
        1221.6455950888535,
        1226.4038935032781,
        1168.7592181454654,
        955.9050371245044,
        870.5644375920715,
        745.523064700214,
        773.7692420870708,
        689.2611914216557,
        566.178629056237,
        466.4137540853614,
        461.53509075692176,
        355.1292018406822,
        350.89548301452953,
        300.2565569642069,
        239.45905704316135,
        218.62687391992773,
        171.22628302921257,
        173.2020785094682,
        147.804736054025,
        120.45065379648214,
        98.30213629418232,
        94.62684608503024,
        85.82051036902541,
        68.53400615752734,
        56.11372381155967,
        50.75539380203843,
        46.44771253786346,
        48.1223440825569,
        33.211443810831234,
        23.935538431378554,
        31.803144498618373,
        20.885162197119747,
        15.700636929755433,
        13.784048752090216,
        10.423051376636309,
        11.176314240392493,
        6.458327956987012
    ]
}