{
    "yield_linear": 1.6369099341684032,
    "error_linear": 0.6463375042821953,
    "error_log": 0.39485220951423516
}