{
    "start": 0,
    "stop": 20,
    "levels": [
        111.1494273606125,
        111.11975350440557,
        111.15551428204301,
        111.2417623534493,
        111.36745338983815,
        111.52435750123558,
        111.70648808323658,
        111.90928150859537,
        112.12929079672224,
        112.36382844012088,
        112.61075605963185,
        112.86835543409653,
        113.1353211484356,
        113.4105164182193,
        113.69290060273606,
        113.98173269117149,
        114.27642581580707,
        114.57630093464657,
        114.88094752115899,
        115.18992453919141,
        115.5027744328536,
        115.8192864295873,
        116.13914018459516,
        116.46213397678197,
        116.78779187074647,
        117.11622736828645,
        117.44707388084886,
        117.78024277597478,
        118.11557457670945,
        118.45294262761166,
        118.79223067507232,
        119.13326223020708,
        119.4759724013073,
        119.82028372605515,
        120.16609613229406,
        120.51331659086442,
        120.8619175180915,
        121.2117967660472,
        121.56288817427703,
        121.91517559202603,
        122.26852122917299,
        122.62307616323864,
        122.9784436141313,
        123.33487863832858,
        123.6922164436621,
        124.05046971017296,
        124.40957121990586,
        124.76945940768724,
        125.1302735160576,
        125.49158880766757,
        125.85379935322939
    ]
}