{
    "start": 0,
    "stop": 20,
    "levels": [
        111.149367109623,
        111.13497818873778,
        111.12533098251103,
        111.12032800676226,
        111.11975150435333,
        111.12346409674156,
        111.13048766330006,
        111.14137583268263,
        111.15556013487357,
        111.1728481461173,
        111.19311191721428,
        111.21613344993652,
        111.24176203111881,
        111.26983973671382,
        111.30048200177211,
        111.33280776985305,
        111.3674982324201,
        111.40400950176186,
        111.44240177484471,
        111.48256270395261,
        111.52434661967209,
        111.56772777651062,
        111.61259530328616,
        111.65886802912244,
        111.70651207734565,
        111.75542055074868,
        111.80554653822823,
        111.85684332111596,
        111.90927859883702,
        111.96278611846063,
        112.01734656480319,
        112.07282913771789,
        112.12932116543146,
        112.18663916478428,
        112.24490909188624,
        112.30393546310613,
        112.36383238175182,
        112.42447766769419,
        112.48593150946358,
        112.54797935684375,
        112.61072942196246,
        112.67420061234503,
        112.73830507603468,
        112.80302879230263,
        112.86837416124443,
        112.93429908067218,
        113.00074831900378,
        113.06775109940526,
        113.13533389750756,
        113.20338774297292,
        113.27191971321948,
        113.34098318407354,
        113.41045104369066,
        113.48043327264105,
        113.55079739965616,
        113.62165607415672,
        113.69286004496809,
        113.76449911606379,
        113.83652706717376,
        113.90895223020475,
        113.98173951948466,
        114.05489212812336,
        114.12837395478988,
        114.20222644135072,
        114.27674561051035,
        114.35091642586094,
        114.42572331155961,
        114.50086140795173,
        114.57628691879485,
        114.65203323025506,
        114.728070641524,
        114.80436724639956,
        114.88096905804152,
        114.95833199389446,
        115.0349124282126,
        115.11232570829777,
        115.18990123886385,
        115.26778798931491,
        115.34587653813422,
        115.42424686227221,
        115.50285903073275,
        115.58159391917735,
        115.6606133756874,
        115.73984929141267,
        115.81928579665731,
        115.89892847397665,
        115.97893905514245,
        116.05887010724923,
        116.13915645974132,
        116.21956993506994,
        116.30023060967186,
        116.38102358083756,
        116.46204082118317,
        116.54321431488921,
        116.62459044239793,
        116.70615708028866,
        116.7877803911474,
        116.86965512954961,
        116.95166801025427,
        117.03385125724022,
        117.11621297140157,
        117.19869671708564,
        117.28134058225734,
        117.36416291457846,
        117.44708931322009,
        117.5301636510639,
        117.61338650921621,
        117.69676633748396,
        117.7802507894515,
        117.86388759466419,
        117.94766892077276,
        118.03154743589059,
        118.11558269079002,
        118.19975181695892,
        118.28402467132182,
        118.3684402689453,
        118.45292816420731,
        118.53758164849384,
        118.62244130309072,
        118.70723135070249,
        118.79221376135868,
        118.87733546921427,
        118.96251001547509,
        119.04779766596928,
        119.13322672454062,
        119.21890309974187,
        119.30438325993065,
        119.39009928317179,
        119.47595091308504,
        119.56189343669817,
        119.64791193507992,
        119.73411338292749,
        119.82025743323875,
        119.90654441827121,
        119.99298976425129,
        120.07947450633945,
        120.16606872891205,
        120.25275986343944,
        120.33949009292009,
        120.42636698271968,
        120.51344302426843,
        120.60031134800877,
        120.68744774013456,
        120.77469099924045,
        120.86191652125878,
        120.94923877897988,
        121.03666095779028,
        121.12417464175199,
        121.21178282991227,
        121.29945768260669,
        121.38717174926074,
        121.47497771069807,
        121.56288412275175,
        121.650827244672,
        121.73888149771798,
        121.8270954433459,
        121.91515336350145,
        122.0033907879174,
        122.09171054989983,
        122.1801023943104,
        122.26853265621345,
        122.3570605615981,
        122.44561733989806,
        122.53474101133877,
        122.62297181024526,
        122.71174609253094,
        122.80059372444403,
        122.88948283897949,
        122.97843695539906,
        123.06745466974698,
        123.15651828717671,
        123.24566707748524,
        123.33483747406906,
        123.42410646705014,
        123.51340618448286,
        123.60278211494264,
        123.69220726058968,
        123.78175473004816,
        123.87124942219273,
        123.96078393845714,
        124.05047153191308,
        124.14013623070082,
        124.22987747940448,
        124.3197710177402,
        124.40951502692869,
        124.49944121330776,
        124.58938568586706,
        124.67940439616875,
        124.76942937805728,
        124.85959348770675,
        124.94974449702612,
        125.03996546188316,
        125.13017505267587,
        125.22044338343946,
        125.31082346545313,
        125.40134124313654,
        125.4916166103456,
        125.58216225663351,
        125.67264382572932,
        125.76322199173016,
        125.85379575467573
    ]
}