{
    "yield_post": 37.24417987185417,
    "error_post": 2.660807520326461
}