{
    "yield_pre": 37.29942417183674,
    "error_pre": 2.9734246018164856
}