{
    "yield_pre": 37.298751833300166,
    "error_pre": 2.9729078481873135
}