{
    "start": 25,
    "stop": 70,
    "anchors": [],
    "levels": [
        75.22100693363211,
        74.692281220644,
        74.17756038620621,
        73.67664031988826,
        73.18932111102035,
        72.71540596654712,
        72.254702012599,
        71.8070198969292,
        71.3721736376443,
        70.94998095151331,
        70.54026178241938,
        70.14284130965922,
        69.7575459283689,
        69.38420487896072,
        69.0226517597945,
        68.67272154853327,
        68.33425376332448,
        68.0070878709426,
        67.69106753399296,
        67.38603851533212,
        67.09183727117846,
        66.80836989671286,
        66.53551953841941,
        66.27314905292441,
        66.02112437796042,
        65.77931923955825,
        65.5476105762425,
        65.3258776387425,
        65.11399291355343,
        64.91182444004814,
        64.71922905207134,
        64.53605482268544,
        64.3621399879597,
        64.19731351760507,
        64.04139570798287,
        63.89419977611638,
        63.755533533787414,
        63.625203524242906,
        63.50301610021067,
        63.3887855463387,
        63.28233867568895,
        63.18352336873893,
        63.09221588411326,
        63.00832537113242,
        62.93179345070071,
        62.86258556005855,
        62.80067636244336,
        62.74603300148294,
        62.698601525120026,
        62.65829865260129,
        62.625008147160514,
        62.5985797638009,
        62.578831014444944,
        62.56554512912807,
        62.55847177290319,
        62.557324244842945,
        62.56177904681811,
        62.571473551206665,
        62.58601155920093,
        62.60497830085675,
        62.627964717600264,
        62.65459895720443,
        62.68457191725852,
        62.71765015289625,
        62.75367191797868,
        62.79253526271896,
        62.83418262163577,
        62.87858668497028,
        62.92573754077519,
        62.97563553236948,
        63.02828313420086,
        63.08368071331858,
        63.14182396775511,
        63.2027016234852,
        63.26629552519922,
        63.33258020533863,
        63.401523728311034,
        63.47308859330508,
        63.547233677470814,
        63.62391456778121,
        63.703086570888786,
        63.78470298260514,
        63.86871915288029,
        63.95508994262201,
        64.0437703828647,
        64.13471512500028,
        64.22787787055071,
        64.32321029260768,
        64.42066137959458,
        64.52017516409012,
        64.62168948435526,
        64.72513066065446,
        64.83043754306128,
        64.9375732321198,
        65.04650059342784,
        65.15718124133636,
        65.26957587602453,
        65.38364646260797,
        65.49935348139985,
        65.61665809000579,
        65.7355234660488,
        65.85591273759331,
        65.97779002887782,
        66.10112110650225,
        66.22587045903765,
        66.35200738822854,
        66.47950068364196,
        66.60832023532143,
        66.73843824629131,
        66.86982836556261,
        67.00246561997284,
        67.13632605841784,
        67.27138723791653,
        67.40762540033082,
        67.54502092269466,
        67.68355176305346,
        67.82319811412322,
        67.96393851481963,
        68.10575074648546,
        68.24861228601104,
        68.39250220579133,
        68.53740085241971,
        68.68329125918181,
        68.83015930770415,
        68.97799211298103,
        69.12678054832216,
        69.2765166001286,
        69.42719330243196,
        69.5788060890622,
        69.73107481300985,
        69.88482656886747,
        70.03922936739983,
        70.19455473321565,
        70.350801600307,
        70.50796877472693,
        70.66483541019042,
        70.82364723915717,
        70.98482490987789,
        71.14392326953218,
        71.30542445791163,
        71.4678274314931,
        71.63388686780236,
        71.79840691329416,
        71.96045273803281,
        72.13020108469883,
        72.29747694198933,
        72.46120918617936,
        72.62993754069034,
        72.79957157535624,
        72.97011233613256,
        73.14156001907438,
        73.31391521121216,
        73.48717947596637,
        73.66135198393792,
        73.8364356626747,
        74.0124285798115,
        74.18933443901633,
        74.3671508736881,
        74.54588064682052,
        74.72552390151765,
        74.90608123350087,
        75.08755246335552,
        75.26993926847679,
        75.45324159037729,
        75.63745986149944,
        75.82259545453019,
        76.00864585132399,
        76.19561630070955,
        76.38349687631572,
        76.57229715103998,
        76.76201274127362,
        76.952644811591,
        77.14418782557232,
        77.33664596744876,
        77.53001627371168,
        77.72429868351114,
        77.91949186772364,
        78.11559563197584,
        78.31260939054613,
        78.51053277246753,
        78.70936535659665,
        78.9091068371464,
        79.10975670252343,
        79.31131461393782,
        79.5137806950103,
        79.71715332003149,
        79.92143344950694,
        80.12662023780643,
        80.33271258739835,
        80.53971068008292,
        80.74761367649728,
        80.98000336837234,
        81.18988652348756,
        81.4006718456229,
        81.61235747344611,
        81.82494358022782,
        82.03842830747132,
        82.25281073462884,
        82.46808909594665,
        82.68426273107207,
        82.90133043353164
    ]
}