{
    "yield_pre": 10.128523609201405,
    "error_pre": 4.333088741254869
}