{
    "yield_post": 8.051583452195922,
    "error_post": 2.226654304290588
}