{
    "yield_post": 8.04946754098309,
    "error_post": 2.2271107558402097
}