{
    "start": 0,
    "stop": 100,
    "anchors": [],
    "levels": [
        115.73833220469169,
        105.41822094040398,
        102.27632967439331,
        101.42417426010331,
        100.99188899820439,
        100.85524935416088,
        100.92791429570849,
        101.12399161577744,
        101.36458709839127,
        101.58891752698614,
        101.77508907370805,
        101.92617871812618,
        102.04980605217378,
        102.15241890914098,
        102.23881318159616,
        102.31249593696357,
        102.37605511009409,
        102.431430445952,
        102.48010019334066,
        102.52320882734786,
        102.56967942911658,
        102.63577830302316,
        102.72186228065362,
        102.82699102441376,
        102.94923089216212,
        103.0857969146154,
        103.2335507683901,
        103.38987376192088,
        103.55354344897594,
        103.72452366909226,
        103.90212474621914,
        104.0855216927003,
        104.27398635784186,
        104.46687847098505,
        104.66363012935315,
        104.86373817355607,
        105.06675645160033,
        105.2722876294861,
        105.47997951271012,
        105.68951556618057,
        105.900614084793,
        106.11302351129117,
        106.32651803793347,
        106.54089559513713,
        106.75597463882872,
        106.97159226441057,
        107.18760162072408,
        107.40387033719696,
        107.62028099965215,
        107.83672735059383,
        108.05311050038125
    ]
}