{
    "nbins": 50,
    "range_": [
        0.0,
        100.0
    ],
    "nburnin": 100,
    "nsamples": 100000,
    "nrepeats": 100,
    "seed": 0,
    "step_size": 0.1,
    "num_leapfrog_steps": 5,
    "yields": [
        13401,
        166253,
        672244,
        1230364,
        1520273,
        1479388,
        1247878,
        966277,
        715409,
        518455,
        375172,
        273747,
        199775,
        147988,
        109512,
        82552,
        62345,
        46340,
        35657,
        26408,
        20332,
        15196,
        11131,
        8350,
        6540,
        4943,
        3432,
        2834,
        2086,
        2313,
        1179,
        745,
        938,
        621,
        268,
        182,
        131,
        209,
        68,
        101,
        49,
        32,
        33,
        46,
        33,
        27,
        18,
        18,
        41,
        18
    ],
    "errors": [
        188.4595181995327,
        1394.1559848166203,
        4155.602319760638,
        5610.959903617205,
        5768.10746345801,
        4293.637218023898,
        2420.2506399131476,
        2131.0672701723897,
        2346.6043957173524,
        2580.545824045758,
        2517.6096123108523,
        2399.1908865282057,
        2273.338239242018,
        1889.6350335448378,
        1597.927582839723,
        1344.2607485157037,
        1073.531904509596,
        928.4244718877244,
        772.225685923487,
        618.0237535888082,
        588.5386648301027,
        434.0804533724134,
        346.1435973696465,
        287.3621408606221,
        275.0272713750402,
        277.6697858968455,
        176.54393220952116,
        224.31772110112033,
        149.1242435018532,
        768.8506421926173,
        117.5269756268747,
        97.32805350976663,
        368.56418708279296,
        123.04710480137271,
        56.371624067433075,
        35.45081099213387,
        32.39428962024017,
        74.36524725972474,
        17.937669859822932,
        42.39091883882679,
        11.268983982595769,
        7.984985911070853,
        9.803570778037969,
        11.697863052711808,
        6.009159675029446,
        5.450688029964658,
        5.36283507111677,
        4.5563142999578075,
        16.49818171799547,
        4.5563142999578075
    ]
}