{
    "yield_linear": 10.168160328467518,
    "error_linear": 4.451485094288068,
    "error_log": 0.43778667433334706
}