{
    "yield_pre": 31.409894525889886,
    "error_pre": 4.4744267846822225
}