{
    "yield_post": 35.53955770394677,
    "error_post": 4.115097827562418
}