{
    "start": 20,
    "stop": 70,
    "anchors": [],
    "levels": [
        93.81516816997332,
        93.39139773293817,
        92.9791942320029,
        92.5785703242799,
        92.18962630645598,
        91.81248450073663,
        91.44722830878416,
        91.09385967368975,
        90.75229026959268,
        90.42238033790252,
        90.1039567153233,
        89.79682450917602,
        89.50077624452763,
        89.21559605243641,
        88.94106662330198,
        88.67697193011982,
        88.42309978481629,
        88.17924723638887,
        87.94522058954536,
        87.7208411866792,
        87.5059412760513,
        87.30037077857516,
        87.10401082365252,
        86.91680794473706,
        86.73878651590162,
        86.56996618660314,
        86.41031388568017,
        86.25977268863173,
        86.11828888578486,
        85.9858235595841,
        85.86234691976378,
        85.74783726253217,
        85.64227573358926,
        85.54563579044307,
        85.45787790183542,
        85.37894569938739,
        85.30875733578802,
        85.24720644641557,
        85.19415157736009,
        85.14940979474665,
        85.11273995505735,
        85.08381673425065,
        85.06219013789942,
        85.04723346960017,
        85.03810488250423,
        85.03378214837976,
        85.03320582171438,
        85.03545372178903,
        85.03982787296148,
        85.0458420939107,
        85.05316882191975,
        85.06158902054707,
        85.07095576551512,
        85.08117072471953,
        85.09216803773191,
        85.10390673485585,
        85.11636220550753,
        85.12952363378008,
        85.14339065347912,
        85.15797173897683,
        85.17328275005592,
        85.18934634026108,
        85.20619126194313,
        85.22385112979512,
        85.24236625553051,
        85.26178076158317,
        85.28214359499849,
        85.3035075677695,
        85.32592873977602,
        85.34946517524973,
        85.374175583469,
        85.4001174490484,
        85.42734365249922,
        85.45589939496236,
        85.48581841079499,
        85.51711518697054,
        85.54977882519505,
        85.58376329391606,
        85.61897500936254,
        85.65528237396893,
        85.69263981891538,
        85.73104287721307,
        85.77048728435771,
        85.81096787380356,
        85.85248062055007,
        85.89502055888403,
        85.93858303236695,
        85.9831631553487,
        86.02875602021855,
        86.0753566585717,
        86.12296003673231,
        86.17156103288528,
        86.22115467820089,
        86.2717355893674,
        86.32329822656092,
        86.37583800825709,
        86.4293491019206,
        86.48382616692157,
        86.53926381091412,
        86.59565655250024,
        86.65299894792945,
        86.71128534940505,
        86.77051017138314,
        86.83066800805798,
        86.89175296473832,
        86.95375947513934,
        87.01668185377348,
        87.08051440192641,
        87.14525139465195,
        87.21088704106313,
        87.27741582822448,
        87.34483168387607,
        87.41312903863343,
        87.48230223491223,
        87.55234531239975,
        87.62325259560798,
        87.69501833405138,
        87.76763679197211,
        87.8411022406919,
        87.91540919742653,
        87.99055170833088,
        88.06652421049957,
        88.14332107308593,
        88.22093669240988,
        88.2993654918231,
        88.37860192623843,
        88.45864052945844,
        88.53947614022718,
        88.62110270061972,
        88.70351511570217,
        88.78670803857973,
        88.87067615446216,
        88.95541397755227,
        89.04091683936869,
        89.12717924568355,
        89.21419628215682,
        89.30196252254262,
        89.39047314053853,
        89.47972317229201,
        89.56970770377671,
        89.66042186603589,
        89.75186084045694,
        89.84401986291562,
        89.93689421791737,
        90.03047923957268,
        90.12477031352692,
        90.21976287032753,
        90.3154523637735,
        90.41183436483466,
        90.50890443563824,
        90.60665818718176,
        90.7050917036224,
        90.80419933898615,
        90.90397822619973,
        91.00442366441553,
        91.1055314193217,
        91.2072976097753,
        91.30971787795913,
        91.41278823689552,
        91.51650463334056,
        91.62086313653523,
        91.72585976766162,
        91.83149045427291,
        91.93775171558735,
        92.04463945935389,
        92.15214942728957,
        92.26027878912613,
        92.36902294126655,
        92.47837835481312,
        92.58834142585802,
        92.69890831476782,
        92.8100754606416,
        92.92183926833907,
        93.0341959616301,
        93.14714190163481,
        93.26067386007273,
        93.37478779191245,
        93.48948052410302,
        93.60474855652774,
        93.72058811913425,
        93.83699587358385,
        93.95396837216474,
        94.0715021707376,
        94.18959383669286,
        94.30823995410066,
        94.4274371203966,
        94.54718193383752,
        94.66747109365036,
        94.78830101576858,
        94.90966889582944,
        95.03157094558223,
        95.15400390596314,
        95.27696466346825,
        95.40044975089978,
        95.52445590341883,
        95.6489798810812,
        95.77401837057783,
        95.89956811874119,
        96.02562615827173,
        96.15218891603321,
        96.2792532453744
    ]
}