{
    "yield_linear": 31.417839954265595,
    "error_linear": 4.499651924430023,
    "error_log": 0.14321964625767042
}