{
    "start": 0,
    "stop": 40,
    "levels": [
        88.03212324262354,
        88.01842083855504,
        88.00507717337689,
        87.99208607633402,
        87.97944178481127,
        87.96713906979491,
        87.9551732874058,
        87.94354050005585,
        87.93223733838768,
        87.92126142646879,
        87.91061112739727,
        87.9002858517649,
        87.89028618853182,
        87.88061345000513,
        87.87127051459996,
        87.86226200628411,
        87.85359380226758,
        87.8452732899926,
        87.83731018658655,
        87.82971599860232,
        87.8225040595918,
        87.81569057798605,
        87.80929297661696,
        87.8033314821702,
        87.7978281286621,
        87.79280656841553,
        87.78829159796334,
        87.7843087263742,
        87.78088359805234,
        87.7780417141701,
        87.7758074013057,
        87.77420348892304,
        87.77325140926739,
        87.77297006310972,
        87.77337675515611,
        87.77448626798153,
        87.77631155139049,
        87.77886332315622,
        87.78215056920037,
        87.7861806724145,
        87.79095963396175,
        87.79649168512881,
        87.80278057480508,
        87.80982822193134,
        87.81763623336107,
        87.82620541859633,
        87.83553576780426,
        87.84562648260791,
        87.85647651620214,
        87.86808444655084,
        87.88044822316341,
        87.89356568999818,
        87.90743445590098,
        87.92205147400183,
        87.93741333481375,
        87.95351769396467,
        87.97036081343195,
        87.98793923256412,
        88.00624958791812,
        88.02528753995271,
        88.04504982887984,
        88.06553250845269,
        88.08673158309954,
        88.10864312355403,
        88.13126304219992,
        88.15458738410365,
        88.17861198633265,
        88.20333294171543,
        88.2287452590402,
        88.2548458621388,
        88.2816302520999,
        88.3090940445919,
        88.33723376416667,
        88.36604391151987,
        88.39552159577939,
        88.42566221558556,
        88.45646179145636,
        88.48791583888335,
        88.5200206185363,
        88.5527719032431,
        88.58616594995786,
        88.62019781004724,
        88.65486415339439,
        88.69016083651792,
        88.72608382474829,
        88.7626291266038,
        88.79979277687264,
        88.83757083612007,
        88.8759593879033,
        88.91495453921412,
        88.95455242083963,
        88.99474922327178,
        89.03554102014361,
        89.07692412319017,
        89.11889472524362,
        89.16144908102818,
        89.20458345853729,
        89.24829419203336,
        89.29257758619069,
        89.33743001390661,
        89.38284785378703,
        89.42882751439166,
        89.47536547238523,
        89.52245806984948,
        89.57010191132419,
        89.61829346999087,
        89.66702868270804,
        89.71630524181388,
        89.76611917021516,
        89.8164671468961,
        89.86734578389341,
        89.91875174809216,
        89.97068173182008,
        90.02313245274146,
        90.07610065374753,
        90.12958310283402,
        90.18357659297902,
        90.23807794201454,
        90.2930839924895,
        90.34859161153067,
        90.40459769070254,
        90.46109914585836,
        90.51809291696874,
        90.57557596803095,
        90.63354528685991,
        90.6919978849396,
        90.75093079726744,
        90.8103415634601,
        90.87022633509443,
        90.93058266680558,
        90.99140708616859,
        91.0526979032172,
        91.11445172873022,
        91.17666575768249,
        91.23933720712664,
        91.30246331559685,
        91.36604134485417,
        91.43006857762857,
        91.49454231815734,
        91.55945989201145,
        91.62481864591643,
        91.69061594760323,
        91.75684918616858,
        91.82351577015135,
        91.89061312916546,
        91.95813871312707,
        92.02608999208886,
        92.09446445607162,
        92.163259614896,
        92.23247299801795,
        92.30210215435955,
        92.37214465214953,
        92.44259807875109,
        92.51346004060142,
        92.5847281627622,
        92.6564000890207,
        92.72847348166603,
        92.800946021313,
        92.8738154067451,
        92.94707935475368,
        93.02073559997989,
        93.0947818947605,
        93.16921600896897,
        93.24403572986179,
        93.31923886193223,
        93.39482322674698,
        93.47078666280237,
        93.54712702536858,
        93.62384218634672,
        93.70093003440589,
        93.77838847318989,
        93.8562154243007,
        93.9344088246768,
        94.01296662715748,
        94.09188680033887,
        94.1711673284305,
        94.25080621128963,
        94.3308014638093,
        94.41115111617437,
        94.49185373909442,
        94.57290633161726,
        94.65430750606733,
        94.73605535218294,
        94.81814797418907,
        94.90058349067867,
        94.98336002989,
        95.06647574379024,
        95.14992879329007,
        95.23371735299634,
        95.3178396112729,
        95.40229377012456,
        95.48707804508022,
        95.57219066507402,
        95.65762987230862,
        95.74339392218211,
        95.82948108318827,
        95.91588963673087,
        96.00261787703917,
        96.0896641110487,
        96.17702665821274,
        96.26470385056666
    ]
}