{
    "yield_pre": 4.258844630265149,
    "error_pre": 0.5922446408530468
}