{
    "yield_post": 4.467126635975842,
    "error_post": 0.588036514847452
}