{
    "start": 0,
    "stop": 8,
    "anchors": [],
    "levels": [
        252.99457842732681,
        249.16681075408962,
        245.56491201953776,
        242.18094759424702,
        238.83792798474744,
        235.41593677713294,
        231.98518099199376,
        228.62385515055652,
        225.3732476910272,
        222.05718209725933,
        218.5502484279114,
        214.74047358453385,
        210.91600989279908,
        207.3102837188883,
        203.94685504201593,
        200.81824005623554,
        197.90891171867295,
        195.16989618903014,
        192.51104687354814,
        189.9451707028855,
        187.488263942841,
        185.15052738434233,
        182.9359737884338,
        180.84382279178823,
        178.87025076572567,
        177.0097776712061,
        175.24541702274843,
        173.47160999632078,
        171.70249729383372,
        169.96881103941845,
        168.2861798451893,
        166.66229603425697,
        165.10061948948498,
        163.60222185700277,
        162.16674088066196,
        160.79290540518824,
        159.4789338956453,
        158.22280100011812,
        157.02251573876504,
        155.87595511854073,
        154.78080268149648,
        153.7348082903939,
        152.73580294112057,
        151.7817053439165,
        150.87049277576259,
        150.00024399513876,
        149.16908876466732,
        148.37523881406068,
        147.61698101600518,
        146.8926961990807,
        146.20085757348653,
        145.540002586924,
        144.90872939246557,
        144.3057472767615,
        143.72980379188033,
        143.17971007162117,
        142.65432228755546,
        142.1525523812838,
        141.67336387854,
        141.21576928962418,
        140.77883034077547,
        140.3616577058164,
        139.96340165299353,
        139.58325824719623,
        139.22046176470297,
        138.8742860460835,
        138.54404052180462,
        138.22906849932542,
        137.9287483382961,
        137.64248673313767,
        137.36972121577367,
        137.1099157829674,
        136.8625639563633,
        136.6271833614959,
        136.4033104768975,
        136.1905093684506,
        135.9883624921157,
        135.79647385356174,
        135.61446733722394,
        135.4419756721346,
        135.2786633585893,
        135.1242016613562,
        134.9782804581723,
        134.8406180238503,
        134.7111442606821,
        134.58981371246242,
        134.4764445024356,
        134.37078810500685,
        134.2725594285845,
        134.18145101724932,
        134.0971366678682,
        134.01927897741814,
        133.94753268320733,
        133.8815508262797,
        133.8209934122006,
        133.76553677848088,
        133.71488532775044,
        133.6687845818493,
        133.62703458826493,
        133.58950507475208,
        133.55614574030437,
        133.5269966525819,
        133.50218507495387,
        133.4819073509363,
        133.46639799568794,
        133.45589150526553,
        133.4505902262888,
        133.45064471623164,
        133.4561522990512,
        133.46715620089566,
        133.48365722254002,
        133.50561974077743,
        133.53297669729625,
        133.5656375557196,
        133.60348993181924,
        133.64640351346785,
        133.6942330889708,
        133.7468184306573,
        133.80399462518375,
        133.86558849767954,
        133.93142647954903,
        134.0013411125286,
        134.07516997611535,
        134.1527614573355,
        134.23397765943233,
        134.31868148710117,
        134.40675731241421,
        134.4980821219949,
        134.59255542041228,
        134.69007626101092,
        134.7905543506647,
        134.89389958232246,
        135.00004213963064,
        135.1089044060726,
        135.22042163031227,
        135.33452836288657,
        135.45115568484954,
        135.57023707357718,
        135.691712278343,
        135.81549611558154,
        135.94151780571337,
        136.06968404770066,
        136.19989435228783,
        136.33203121274042,
        136.4659591930797,
        136.6015220974187,
        136.73851973693803,
        136.87672932399016,
        137.01584824423625,
        137.15544334274398,
        137.29461477701156,
        137.4320681991588,
        137.56739190952374,
        137.70051642915422,
        137.8315179943238,
        137.9605270333096,
        138.08768318309473,
        138.21312078461767,
        138.33695987315014,
        138.45930933474833,
        138.58026542760663,
        138.69990956757394,
        138.8183194820176,
        138.93556223608533,
        139.0516965536271,
        139.1667795034851,
        139.28085921150347,
        139.393980805399,
        139.5061847299159,
        139.61750893968963,
        139.72798791075837,
        139.83765331192058,
        139.9465342972947,
        140.05465857031214,
        140.1620509754228,
        140.26873584790758,
        140.3747350283077,
        140.48006745513322,
        140.5847546130089,
        140.68881300727247,
        140.79225964054305,
        140.89511105172704,
        140.99738067110408,
        141.099082943629,
        141.2002305202197,
        141.30083518977165,
        141.40090828631344,
        141.50046392467658,
        141.59951380264687,
        141.6980700023248,
        141.79614473711896,
        141.89374818764193,
        141.99089075813885,
        142.0875835047253,
        142.18383484873235,
        142.27965447887152,
        142.37505184950174,
        142.4700348406796,
        142.56461198414567,
        142.6587906182671,
        142.7525796038243
    ]
}