{
    "yield_linear": 4.2596128180463655,
    "error_linear": 0.5435832894442999,
    "error_log": 0.12761330962789472
}