{
    "start": 0,
    "stop": 80,
    "levels": [
        100.4318793497788,
        100.42823083927622,
        100.42593856925403,
        100.42500586017925,
        100.42543666552596,
        100.42723397680012,
        100.43040089859461,
        100.43494078076279,
        100.44085564469107,
        100.44814812646538,
        100.4568200835857,
        100.46687380576014,
        100.47831051403774,
        100.49113181475467,
        100.5053391097845,
        100.52093293563385,
        100.53791429223881,
        100.55628355513892,
        100.5760409425842,
        100.59718653139794,
        100.61972006453448,
        100.64364115922146,
        100.66894918275591,
        100.69564331764899,
        100.72372260415031,
        100.753185851631,
        100.7840321831124,
        100.81625922019589,
        100.84986537385615,
        100.88485032671105,
        100.92121084548816,
        100.95894562928382,
        100.9980527003646,
        101.0385301338526,
        101.08037543423453,
        101.12358780702449,
        101.16816461144386,
        101.21410411387048,
        101.26140431998195,
        101.31006372818725,
        101.36008047577616,
        101.41145303968797,
        101.46418018520865,
        101.5182598728894,
        101.57369089392066,
        101.63047234748328,
        101.68860261823262,
        101.74808079840415,
        101.80890575413596,
        101.87107640489486,
        101.93459162422523,
        101.9994498722626,
        102.06565150601908,
        102.13319441371985,
        102.20207806847048,
        102.27230124627904,
        102.34386283298167,
        102.41676166175503,
        102.49099650782578,
        102.56656605729475,
        102.6434689865342,
        102.72170368641798,
        102.8012685865294,
        102.88216210904307,
        102.96438241459194,
        103.04792757977667,
        103.13279555216157,
        103.21898418232774,
        103.30649118682146,
        103.39531417148982,
        103.48545056646417,
        103.5768977556425,
        103.66965284203775,
        103.7637128710005,
        103.85907481167202,
        103.95573551380849,
        104.05369103637119,
        104.15293897619131,
        104.25347515860113,
        104.3552959758295,
        104.45839758823035,
        104.56277602837105,
        104.66842724691,
        104.77534712369648,
        104.88353126652675,
        104.9929753348184,
        105.10367485564464,
        105.21562520517605,
        105.32882174467828,
        105.44325968890868,
        105.5589341547995,
        105.67584018237312,
        105.7939727410006,
        105.91332667821929,
        106.03389687602252,
        106.15567805219008,
        106.278664906811,
        106.40285206085342,
        106.5282340809785,
        106.65480545156001,
        106.7825606039021,
        106.91149392250271,
        107.04159976109736,
        107.17287243132678,
        107.30530619203351,
        107.43889525719044,
        107.573633811594,
        107.70951603277355,
        107.84653589143292,
        107.98468743939664,
        108.1239651700871,
        108.26436287130574,
        108.40587459476104,
        108.54849428709237,
        108.69221597143284,
        108.83703362715308,
        108.98294119774133,
        109.12993273323166,
        109.27800200579844,
        109.42714310888695,
        109.57734994271615,
        109.72861644071965,
        109.88093653658996,
        110.03430421602438,
        110.18871338462085,
        110.34415802561146,
        110.50063175341074,
        110.6581290059776,
        110.81664365461708,
        110.97616975204306,
        111.13670062553413,
        111.29823093337971,
        111.4607546303366,
        111.62426569547246,
        111.78875846927512,
        111.95422634713366,
        112.12066315205561,
        112.28806410779342,
        112.45642279887697,
        112.62573365373669,
        112.7959905436649,
        112.96718675798306,
        113.13931800644221,
        113.312378189102,
        113.48636101679003,
        113.66126103617255,
        113.83707255146706,
        114.01378989241726,
        114.19140741528565,
        114.36991950483093,
        114.54932057203928,
        114.72960505562747,
        114.91076742244954,
        115.09280216783249,
        115.2757038159404,
        115.45946692165377,
        115.64408607486415,
        115.82955538399216,
        116.01587048937108,
        116.20302555827095,
        116.39101530964116,
        116.57983448583052,
        116.76947784627761,
        116.95994019256274,
        117.15121646606639,
        117.34330130166717,
        117.53618970648792,
        117.72987660661083,
        117.92435695986757,
        118.11962575568337,
        118.31567801601264,
        118.51250879488464,
        118.71011317842418,
        118.9084862849011,
        119.10762326416688,
        119.30751915433166,
        119.50816945272328,
        119.7095692702671,
        119.91171388645375,
        120.11459861299433,
        120.3182187938324,
        120.5225698049616,
        120.7276470545505,
        120.93344598307843,
        121.1399620624606,
        121.34719102750704,
        121.55512796376244,
        121.76376865906573,
        121.97310871200847,
        122.18314375484934,
        122.39386944700983,
        122.60528148079148,
        122.81737557989051,
        123.03014749920744,
        123.24359280185281,
        123.45770771158435,
        123.67248788924708,
        123.88792916275992,
        124.1040276195647,
        124.32077937514866,
        124.5381793515792
    ]
}