{
    "yield_post": 243.05196242813207,
    "error_post": 12.736037022427256
}