{
    "yield_linear": 243.2612389412099,
    "error_linear": 22.651601958097498,
    "error_log": 0.09311636353036834
}