{
    "yield_pre": 516.5506629513409,
    "error_pre": 32.98475365353398
}