{
    "yield_post": 561.2349584916984,
    "error_post": 20.32337175788518
}