{
    "start": 350,
    "stop": 700,
    "anchors": [],
    "levels": [
        139.12711005895238,
        138.8614448207791,
        138.5989841845618,
        138.3397290346711,
        138.08368019206642,
        137.8452703651152,
        137.58120509900743,
        137.33477965062465,
        137.09156078540985,
        136.85154648007025,
        136.61473254459372,
        136.3812208794394,
        136.15079847776036,
        135.92354970467312,
        135.69932376579658,
        135.47834565279786,
        135.26047193016294,
        135.04567351976257,
        134.83391903314958,
        134.625182629603,
        134.41944335329498,
        134.21668412182566,
        134.01689022611757,
        133.82004887628477,
        133.6261464514567,
        133.43516931066864,
        133.24710300698032,
        133.06193099948416,
        132.8796352344122,
        132.70019603790277,
        132.53630186900045,
        132.36171546934645,
        132.18993781371623,
        132.020945055456,
        131.8547123976123,
        131.69121448362833,
        131.52217260830395,
        131.36473561559595,
        131.2168896725295,
        131.05779632540026,
        130.90828980162308,
        130.76657127816117,
        130.62177779796457,
        130.4796248460246,
        130.34009765486704,
        130.20318321667054,
        130.06886666045918,
        129.9371356231266,
        129.8079771208928,
        129.68137848084547,
        129.55732689400128,
        129.43580665199116,
        129.31680298500802,
        129.20029939312374,
        129.08625849155715,
        128.9744080667299,
        128.86544757253378,
        128.75888137791102,
        128.65473579890596,
        128.55304924720016,
        128.45381805470717,
        128.35708380202917,
        128.26300989223793,
        128.17165988398153,
        128.08304970203164,
        127.99719279402818,
        127.91410493854241,
        127.83380387240618,
        127.75630913962445,
        127.6816409226483,
        127.6098179361395,
        127.5408565119135,
        127.47476896220059,
        127.4115626227797,
        127.35123938227557,
        127.29379613227313,
        127.23922500418321,
        127.18751469482277,
        127.13865112786502,
        127.09261879911928,
        127.0494017447766,
        127.00898414350402,
        126.97135146175191,
        126.93649040289927,
        126.90438994487378,
        126.87504105776551,
        126.8484371568067,
        126.8245738463044,
        126.80344948536559,
        126.78506267343536,
        126.76941591346846,
        126.7565125535177,
        126.74635693073398,
        126.738954541406,
        126.73431095977729,
        126.73243210993896,
        126.73332438654819,
        126.7369933487485,
        126.74344377138857,
        126.75267930963437,
        126.76470239017874,
        126.77951372910117,
        126.79711263645686,
        126.81749624569947,
        126.84065955421885,
        126.86659534183602,
        126.8952937051998,
        126.92674247132084,
        126.96092679513012,
        126.99782912870063,
        127.03742906266503,
        127.0797034040294,
        127.12462615100358,
        127.1721684607844,
        127.22229868193425,
        127.27498245006029,
        127.3301827903415,
        127.38786031006774,
        127.4479734711594,
        127.51047896278871,
        127.57533217330214,
        127.64248783623788,
        127.71190082406545,
        127.78352698528272,
        127.85732429711331,
        127.93325395468491,
        128.01128149779024,
        128.09137745849776,
        128.17351922353623,
        128.25769037085976,
        128.34388000755183,
        128.43206485639962,
        128.52221074723278,
        128.61428274757742,
        128.70824509353787,
        128.804061516117,
        128.9016949784329,
        129.00110754362709,
        129.10226071029152,
        129.20511517794188,
        129.30963123098908,
        129.4157690330531,
        129.5234889065618,
        129.63275228707835,
        129.74352229335318,
        129.85576492833167,
        129.96944987688755,
        130.08455140764738,
        130.20104872283346,
        130.31892600486407,
        130.4381715228837,
        130.55877723488862,
        130.68073746909147,
        130.8040479741295,
        130.92870095672546,
        131.05467659127407,
        131.18195260962145,
        131.3105073351852,
        131.4403192255978,
        131.5713670362562,
        131.70362974957163,
        131.8370866294085,
        131.971717192761,
        132.10750121460154,
        132.24441872710167,
        132.38245001902075,
        132.5215756349029,
        132.6617763744138,
        132.80303328040014,
        132.94532767769203,
        133.08864114286882,
        133.23295545047483,
        133.37825268132832,
        133.5245151504134,
        133.67172542259433,
        133.81986631181314,
        133.96892088022122,
        134.1188724373131,
        134.2697045390374,
        134.42140098681318,
        134.57394582651992,
        134.7273233474533,
        134.88151808121,
        135.03651480050908,
        135.1922985178809,
        135.34885448445038,
        135.50616818838557,
        135.66422535350847,
        135.82301193764607,
        135.98251413097563,
        136.14271835414445,
        136.30361125650506,
        136.46517969793072,
        136.62741057499156,
        136.79029086955381,
        136.95380775566858,
        137.1179485993224,
        137.2827009562202,
        137.44805256969707,
        137.61399136856068,
        137.78050546495504
    ]
}