{
    "start": 0,
    "stop": 300,
    "levels": [
        132.14233717737034,
        132.0849104540712,
        132.02868378616836,
        131.97366726636074,
        131.9198698470606,
        131.8673012869909,
        131.8159705968248,
        131.76588614865716,
        131.71705667414352,
        131.6694898199891,
        131.6231934727294,
        131.57817471925253,
        131.53444039725903,
        131.49199735180719,
        131.45085116455536,
        131.41100771392624,
        131.37247264395333,
        131.33525014856934,
        131.29934541754918,
        131.26476255004792,
        131.23150503985144,
        131.19957671456007,
        131.16898067930944,
        131.1397196551487,
        131.11179618446533,
        131.08521237042336,
        131.0599700791271,
        131.03607123559328,
        131.01351693122785,
        130.9923077032687,
        130.97244548648754,
        130.95392960527676,
        130.9367607666129,
        130.92093912488576,
        130.90646444782067,
        130.89333607249213,
        130.88155375876818,
        130.871116575032,
        130.8620235843783,
        130.85427377156935,
        130.8478653123869,
        130.84279742933825,
        130.8390683330228,
        130.83667649446303,
        130.83561992326,
        130.8358971298852,
        130.83750614546898,
        130.8404452418924,
        130.84471188137627,
        130.85030505699046,
        130.85722237815133,
        130.86546216263716,
        130.87502274077832,
        130.88590233363072,
        130.89809865594842,
        130.9116113588827,
        130.92643838059558,
        130.9425786712663,
        130.9600311314235,
        130.97879525571608,
        130.99886959194953,
        131.02025405825472,
        131.04294840296248,
        131.0669524433053,
        131.0922664022911,
        131.1188906106803,
        131.1468256320515,
        131.17607223452592,
        131.20663141598814,
        131.23850444746688,
        131.27169224266913,
        131.30619673503514,
        131.3420192418514,
        131.3791617785234,
        131.41762543593657,
        131.45741309602235,
        131.49852547233633,
        131.54096474610583,
        131.58473203378037,
        131.6298299150638,
        131.6762584865058,
        131.72401915571572,
        131.77311280638202,
        131.8235397771848,
        131.8752992966495,
        131.9283920561797,
        131.98281678692936,
        132.03857250594905,
        132.0956565514572,
        132.15406756201247,
        132.213802745023,
        132.2748588747252,
        132.33723284003796,
        132.40092086769306,
        132.46591847059773,
        132.53222285583055,
        132.59982961839876,
        132.66873415275634,
        132.73893363037695,
        132.8104218049624,
        132.88319785135147,
        132.95725737621717,
        133.0325960938095,
        133.10921255942816,
        133.18710243934407,
        133.2662633947983,
        133.34669240991872,
        133.42838402035457,
        133.51132808908096,
        133.59549294775022,
        133.6808279459979,
        133.7673373590279,
        133.85503059163534,
        133.94390704397418,
        134.03396857473888,
        134.1252186881464,
        134.21765965602492,
        134.31129024618144,
        134.4058343172478,
        134.50169762069524,
        134.5987297493143,
        134.69693424435016,
        134.79631223650858,
        134.89686681663332,
        134.99859887557014,
        135.10151120711848,
        135.20560659682351,
        135.31088740726565,
        135.4173544149292,
        135.52501009656072,
        135.63385509546384,
        135.74389112673123,
        135.85512006879677,
        135.96754304676338,
        136.0811614199099,
        136.19597686936208,
        136.311991496119,
        136.42920523341758,
        136.54762086833225,
        136.66723971813468,
        136.78806377135226,
        136.91009411060844,
        137.03333334137852,
        137.15778150082542,
        137.28344106555977,
        137.41031291811785,
        137.53839834274905,
        137.6676789735264,
        137.7981815055308,
        137.92989504046298,
        138.0628223075169,
        138.19696411966757,
        138.33232093107807,
        138.4688464693184,
        138.60661592056107,
        138.74560381890396,
        138.88581221469377,
        139.0272447828084,
        139.16990415950335,
        139.31379325323203,
        139.45891464890866,
        139.60527115537343,
        139.75286580013292,
        139.90170031513844,
        140.05721263729703,
        140.20864846020723,
        140.36133057988,
        140.51526107863256,
        140.67044190488167,
        140.82687544619253,
        140.9845627318923,
        141.14350621005335,
        141.30370758292324,
        141.4651676461588,
        141.62788841219782,
        141.79187005835428,
        141.95711444109406,
        142.1236228274588,
        142.29139409265906,
        142.46043158125602,
        142.63073386856286,
        142.8023040022832,
        142.9751405490121,
        143.1492452829682,
        143.32461965853878,
        143.50126301031088,
        143.67917758792368,
        143.85836427992655,
        144.0388250619156,
        144.22056079732556,
        144.40357360425577,
        144.58786663143104,
        144.77344155006327,
        144.9603010621518,
        145.1484484010831,
        145.3378847770411,
        145.52861103483377,
        145.7206294417329,
        145.91394143806255,
        146.10854714522972,
        146.30444935175024
    ]
}