{
    "yield_pre": 4.5482403942062835,
    "error_pre": 0.766192622432232
}