{
    "start": 2,
    "stop": 13,
    "anchors": [],
    "levels": [
        143.77208927076276,
        142.97766104082638,
        142.21757727843814,
        141.4913336258393,
        140.79824544676404,
        140.1374988341281,
        139.50818944594732,
        138.90935185658108,
        138.33998288278895,
        137.79905803159215,
        137.2855180070807,
        136.7983177362521,
        136.33644555167794,
        135.89891935925223,
        135.4847842866075,
        135.09311128113166,
        134.72299840200827,
        134.37356983521698,
        134.04397750654482,
        133.7334040748611,
        133.44106287700566,
        133.16615086013272,
        132.90769349341986,
        132.66472419345126,
        132.4364959677542,
        132.22245931874608,
        132.02221170802815,
        131.83543123054366,
        131.66182618294536,
        131.50110248918617,
        131.35294398565,
        131.21700563628178,
        131.09291396855886,
        130.98026670556754,
        130.8786407284112,
        130.78759543237777,
        130.706676842657,
        130.6354249433991,
        130.57337467247527,
        130.52006196678934,
        130.4750272883807,
        130.43781735713338,
        130.40798853369893,
        130.3851093973198,
        130.36876302703337,
        130.35854861711243,
        130.35408336208877,
        130.3550035937204,
        130.3609677003318,
        130.37165390194212,
        130.38676290994562,
        130.40601696946743,
        130.42916010414916,
        130.4559569982234,
        130.4861923838472,
        130.51966886167264,
        130.55620833205933,
        130.5956471012925,
        130.63783581610053,
        130.68263891561426,
        130.72993054296228,
        130.7795964579049,
        130.8315294718542,
        130.8856279989311,
        130.94179920267635,
        130.99995012194788,
        131.05999669696166,
        131.12185051171667,
        131.1854317415789,
        131.25065549686647,
        131.3174422375502,
        131.38571144498255,
        131.45538285765622,
        131.5263807009455,
        131.59863151637646,
        131.67206514849005,
        131.74662302986616,
        131.82225026905513,
        131.89890143868635,
        131.97653696174936,
        132.05512412774345,
        132.1346345129627,
        132.21504368690918,
        132.2963278982261,
        132.3784661787813,
        132.46143665921127,
        132.54521743110251,
        132.62978457918803,
        132.7151133003375,
        132.8011812793343,
        132.88797113467058,
        132.9754661366274,
        133.06365027459856,
        133.15250706073948,
        133.2420203525408,
        133.3321732268634,
        133.4229490629736,
        133.5143312942495,
        133.60630222172733,
        133.69884649832446,
        133.79194433551066,
        133.88558159427666,
        133.97973895673874,
        134.07439956012,
        134.1695460624098,
        134.2651603981029,
        134.36122492512138,
        134.45772227659523,
        134.5546331470557,
        134.65193943659756,
        134.7506406441787,
        134.84765742572768,
        134.94602822579705,
        135.04470958215126,
        135.14367694492518,
        135.242899970937,
        135.34234688212007,
        135.44197046630475,
        135.54171853287068,
        135.64150735923218,
        135.74120716403868,
        135.84060063803307,
        135.93936820327903,
        136.03723439010867,
        136.13413345193644,
        136.23012986184327,
        136.32530990558865,
        136.41975037698157,
        136.51351213954655,
        136.60664534677153,
        136.69919255374262,
        136.79118822434123,
        136.88269281732562,
        136.97448895160917,
        137.0669038356364,
        137.15992513955587,
        137.25353846989594,
        137.34772853125813,
        137.44248301001468,
        137.53778836309024,
        137.6336300296689,
        137.72999367514691,
        137.82686513688344,
        137.9242300743742,
        138.022074025299,
        138.1203819383606,
        138.21914078796874,
        138.31833478190018,
        138.41795032492058,
        138.5179727656137,
        138.61838844425188,
        138.71918233166141,
        138.82034052771965,
        138.9218492457647,
        139.0236947181343,
        139.1258617759956,
        139.22833810593738,
        139.3311097989477,
        139.43416292057057,
        139.53748484390036,
        139.64106175336096,
        139.74488042138236,
        139.84892867042345,
        139.95319306180517,
        140.05766139903875,
        140.16232059038154,
        140.26715887632824,
        140.3721639145836,
        140.4773234712019,
        140.5826251835329,
        140.68805784781102,
        140.79360907113397,
        140.89926736436422,
        141.00502041986212,
        141.11085664431016,
        141.21676428861915,
        141.3227319393937,
        141.42874854513892,
        141.5348061053218,
        141.64089552701844,
        141.74700944096838,
        141.85313801282837,
        141.95927421535745,
        142.06541100665797,
        142.17154008690366,
        142.27765332777093,
        142.38374628664604,
        142.48980979448646,
        142.59583831833191,
        142.70182552086973,
        142.80776474802056,
        142.91365045314421,
        143.01947772749887,
        143.12523941114387,
        143.23093083209693,
        143.3365470772048,
        143.4420823892926,
        143.54753301256548,
        143.65289324230702,
        143.75815918589257,
        143.86332648933407
    ]
}