{
    "start": 2,
    "stop": 13,
    "anchors": [],
    "levels": [
        143.7720892707539,
        142.97766104083945,
        142.21757727842373,
        141.49133362585388,
        140.7982454467791,
        140.137498834128,
        139.5081894459473,
        138.90935185658134,
        138.3399828827889,
        137.79905803159158,
        137.2855180070945,
        136.79831773625165,
        136.33644555166362,
        135.89891935924885,
        135.4847842866075,
        135.09311128113166,
        134.72299840201634,
        134.37356983523227,
        134.0439775065429,
        133.73340407484676,
        133.44106287700566,
        133.1661508601316,
        132.90769349341986,
        132.6647241934514,
        132.43649596775444,
        132.22245931874582,
        132.02221170802815,
        131.83543123052903,
        131.66182618294533,
        131.50110248918617,
        131.3529439856647,
        131.21700563629562,
        131.0929139685591,
        130.98026670558252,
        130.87864072841097,
        130.7875954323777,
        130.706676842657,
        130.6354249433991,
        130.5733746724607,
        130.5200619667888,
        130.4750272883807,
        130.4378173571177,
        130.40798853369893,
        130.3851093973198,
        130.36876302703337,
        130.35854861711135,
        130.35408336207468,
        130.3550035937204,
        130.3609677003318,
        130.37165390192786,
        130.38676290996122,
        130.40601696946743,
        130.42916010414916,
        130.45595699822272,
        130.48619238384754,
        130.51966886167264,
        130.55620833205916,
        130.5956471012925,
        130.63783581610124,
        130.68263891561426,
        130.7299305429756,
        130.77959645790474,
        130.8315294718542,
        130.88562799893137,
        130.9417992026768,
        130.99995012194788,
        131.0599966969625,
        131.12185051171693,
        131.18543174157762,
        131.25065549686587,
        131.3174422375509,
        131.38571144498212,
        131.45538285765602,
        131.52638070093113,
        131.59863151637705,
        131.67206514849025,
        131.74662302988185,
        131.82225026907034,
        131.89890143867134,
        131.97653696175,
        132.05512412772873,
        132.1346345129623,
        132.21504368691006,
        132.29632789821088,
        132.3784661787958,
        132.46143665922676,
        132.54521743110234,
        132.62978457920315,
        132.71511330033752,
        132.80118127932,
        132.88797113467035,
        132.97546613661274,
        133.06365027459847,
        133.1525070607404,
        133.24202035254217,
        133.33217322684933,
        133.42294906297354,
        133.514331294235,
        133.60630222174223,
        133.698846498325,
        133.79194433549264,
        133.8855815942767,
        133.9797389567387,
        134.07439956010634,
        134.16954606241086,
        134.2651603981028,
        134.36122492512135,
        134.4577222765949,
        134.55463314705491,
        134.6519394365982,
        134.75064064419334,
        134.84765742572847,
        134.94602822578224,
        135.0447095821367,
        135.14367694492591,
        135.24289997093783,
        135.34234688212035,
        135.44197046630546,
        135.54171853287096,
        135.64150735923164,
        135.74120716402382,
        135.84060063803372,
        135.9393682032791,
        136.03723439010776,
        136.13413345192225,
        136.2301298618546,
        136.32530990558877,
        136.41975037699697,
        136.51351213956067,
        136.60664534677178,
        136.69919255372784,
        136.79118822432656,
        136.88269281731095,
        136.97448895159354,
        137.06690383563586,
        137.15992513954134,
        137.25353846989591,
        137.347728531257,
        137.44248301001443,
        137.53778836309016,
        137.63363002968447,
        137.72999367514737,
        137.82686513689794,
        137.92423007437404,
        138.0220740252859,
        138.12038193837517,
        138.2191407879683,
        138.31833478189938,
        138.41795032492047,
        138.51797276561234,
        138.61838844426978,
        138.71918233166136,
        138.82034052773326,
        138.9218492457728,
        139.02369471811977,
        139.1258617759954,
        139.22833810521624,
        139.3311097989623,
        139.43416292057265,
        139.53748484389632,
        139.64106175334348,
        139.7448804213829,
        139.84892867008654,
        139.95319306180514,
        140.05766139903804,
        140.1623205904217,
        140.26715886533913,
        140.3721639147534,
        140.4773234712132,
        140.5826251835388,
        140.68805784781273,
        140.79360907113346,
        140.89926736432238,
        141.0050204199419,
        141.1108566443205,
        141.21676428862605,
        141.3227319403881,
        141.42874854513852,
        141.53480610533683,
        141.64089552700327,
        141.7470094409696,
        141.85313801289487,
        141.9592742153592,
        142.06541100667468,
        142.17154008698313,
        142.27765332642895,
        142.38374629757212,
        142.48980979456277,
        142.5958383183328,
        142.7018255209047,
        142.807764744354,
        142.91365041909782,
        143.01947772292732,
        143.1252394111625,
        143.2309308320991,
        143.3365470771923,
        143.44208238936963,
        143.5475330125276,
        143.65289324243864,
        143.75815918589313,
        143.86332648851305
    ]
}