{
    "start": 0,
    "stop": 15,
    "levels": [
        132.11335397122895,
        132.10739527932395,
        132.10257153842002,
        132.09885694294366,
        132.09622500055505,
        132.09465131363677,
        132.09411125842374,
        132.09458129094338,
        132.0960379267908,
        132.09845920776013,
        132.10182319479614,
        132.10610750442055,
        132.11129336868143,
        132.1173583410404,
        132.1242847293998,
        132.1320527475119,
        132.14064393086812,
        132.15004030901616,
        132.16022437841326,
        132.17117913492018,
        132.18288804992068,
        132.19533505686212,
        132.20850452040884,
        132.22238130526011,
        132.23694993310002,
        132.25219734205047,
        132.26810896342585,
        132.28467122493797,
        132.3018709265009,
        132.31969522980955,
        132.33813158057697,
        132.3571680215563,
        132.37679248043025,
        132.39699364561108,
        132.41776026063684,
        132.43908143018749,
        132.46094656931893,
        132.48334529576616,
        132.50626760808032,
        132.52970380416014,
        132.55364437539836,
        132.57807965399311,
        132.6030008317163,
        132.62839908936766,
        132.65426583041148,
        132.68059267630196,
        132.7073714596187,
        132.7345942169973,
        132.7622531837898,
        132.7903407860744,
        132.8188496361972,
        132.84777221435326,
        132.87710206632653,
        132.90683211004992,
        132.93695558646655,
        132.967465983711,
        132.9983569041258,
        133.02962213633273,
        133.06125555740545,
        133.0932512361348,
        133.12560336224752,
        133.15830624817477,
        133.19135434796237,
        133.2247422501225,
        133.25846465629527,
        133.29251638679764,
        133.3268923772744,
        133.36158767538484,
        133.39659743799012,
        133.43191692784802,
        133.46754150747927,
        133.5034666115731,
        133.53968789379167,
        133.57620093857614,
        133.613001493847,
        133.6500854358785,
        133.68744867433176,
        133.72508749621278,
        133.76299744044275,
        133.80117495844766,
        133.83961629637952,
        133.87831778873576,
        133.9172754902513,
        133.9564865641877,
        133.9959472162809,
        134.03565406073503,
        134.07560380647607,
        134.1157935319471,
        134.15621887440437,
        134.1968779604404,
        134.237767261613,
        134.27888378624894,
        134.32022458250782,
        134.3617871556421,
        134.4035674475265,
        134.44556390301048,
        134.48777337802983,
        134.53019316945787,
        134.57282065031416,
        134.6156532331659,
        134.6586883777467,
        134.7019235898598,
        134.74535642028388,
        134.78898446386822,
        134.83280535864583,
        134.87681678408703,
        134.92101644006357,
        134.96540211861642,
        135.00997161155215,
        135.05472275227916,
        135.09965341576842,
        135.14476151347156,
        135.19004499246503,
        135.23550183478793,
        135.28113005657886,
        135.32692770734235,
        135.37289286921987,
        135.41902365628573,
        135.46531821377985,
        135.51177471750225,
        135.558391373198,
        135.60516641581464,
        135.65209810856462,
        135.69918474179897,
        135.7464246353259,
        135.79381613509713,
        135.8413576127757,
        135.8890474676829,
        135.93688418039127,
        135.98486606856537,
        136.0329916783718,
        136.08125951223258,
        136.12966808344802,
        136.17821593108238,
        136.22690161967986,
        136.2757237349352,
        136.32468088374566,
        136.3737716943537,
        136.42299481554866,
        136.47234891636302,
        136.5218326864043,
        136.57144483299845,
        136.62118408289894,
        136.67104918136886,
        136.7210388931763,
        136.7711520271602,
        136.82138750816978,
        136.87174376347468,
        136.9222198039323,
        136.9728148677119,
        137.02352707889509,
        137.07435594091987,
        137.12530014625787,
        137.1763586087398,
        137.2275302572968,
        137.27881403567395,
        137.33020890226237,
        137.38171382973155,
        137.43332780484684,
        137.48504982816388,
        137.5368789137792,
        137.58881408912117,
        137.64085439474715,
        137.69299888397106,
        137.7452466248339,
        137.79759669784931,
        137.85004822473613,
        137.9026002313596,
        137.95525187326174,
        138.00800227637492,
        138.0608505778862,
        138.1137959262352,
        138.16683748081104,
        138.21997441177194,
        138.27320589991055,
        138.32653113645105,
        138.37994932285326,
        138.4334596707288,
        138.48706140152748,
        138.54075374646027,
        138.5945359463818,
        138.64840725152462,
        138.70236692148958,
        138.75641422488798,
        138.81054843940942,
        138.8647688515464,
        138.91907475648077,
        138.97346545792902,
        139.02794026806362,
        139.08249850735172,
        139.13713950434186,
        139.1918625956759,
        139.2466671258735,
        139.30155244717216,
        139.35651791953282,
        139.41156291043973,
        139.46668679458824,
        139.52188895425152,
        139.57716877885883,
        139.63252566487677,
        139.68795901571454
    ]
}