{
    "start": 0,
    "stop": 20,
    "levels": [
        132.1133539712439,
        132.10566251315947,
        132.09997371030946,
        132.09622500055505,
        132.09435762138514,
        132.09431377392463,
        132.09603792680434,
        132.0994768751845,
        132.1045786138339,
        132.11129336868157,
        132.1195724263893,
        132.12937104130498,
        132.14064393086812,
        132.1533483272368,
        132.167442947399,
        132.1828880499071,
        132.19964536788268,
        132.21767805347417,
        132.23694993310002,
        132.25742809250494,
        132.27907900012005,
        132.3018709265009,
        132.32577329621645,
        132.35075657295488,
        132.37679248044458,
        132.40385356688734,
        132.43191341701112,
        132.4609465693031,
        132.49092838107515,
        132.52183517551063,
        132.55364437539836,
        132.58633316467004,
        132.6198805297922,
        132.65426583039732,
        132.6894691195202,
        132.72547111743327,
        132.7622531837753,
        132.79979729037618,
        132.83808599702624,
        132.87710206629833,
        132.91682986960734,
        132.95725325883907,
        132.9983569041258,
        133.04012599491833,
        133.08254612046707,
        133.1256033622468,
        133.1692841935777,
        133.21357552313347,
        133.25846465631054,
        133.30393926822654,
        133.34998739858952,
        133.39659743800442,
        133.44375811549935,
        133.49145871799945,
        133.53968789379115,
        133.58843604580312,
        133.6376928895754,
        133.68744867433176,
        133.73769417929276,
        133.78841962186505,
        133.8396162963661,
        133.89127547447038,
        133.94338830613628,
        133.9959472162834,
        134.04894380944506,
        134.10237065396078,
        134.1562188744172,
        134.21048229589294,
        134.26515321437162,
        134.32022458250654,
        134.37568993374322,
        134.43154171756134,
        134.4877733780435,
        134.54437938188792,
        134.60135307420705,
        134.6586883777467,
        134.71637936209103,
        134.77442023895563,
        134.8328053586455,
        134.89152920416421,
        134.95058635977804,
        135.00997161156727,
        135.06967979700687,
        135.12970589346162,
        135.19004499246503,
        135.25069229687608,
        135.31164311736734,
        135.3728928692334,
        135.4344370694276,
        135.4962713335903,
        135.558391373198,
        135.62079299286222,
        135.6834720860341,
        135.7464246353248,
        135.80964670956962,
        135.87313446087782,
        135.93688418039122,
        136.00089204414544,
        136.06515452351525,
        136.12966808344802,
        136.19442924845276,
        136.25943462445156,
        136.32468088375796,
        136.39016476639023,
        136.45588307750873,
        136.5218326864049,
        136.58801052269595,
        136.65441357549784,
        136.7210388931916,
        136.7878836132851,
        136.8549450727711,
        136.92221980394862,
        136.9897057977254,
        137.05740011689983,
        137.12530014625787,
        137.19340330116805,
        137.2617070485982,
        137.33020890224776,
        137.3989064213485,
        137.46779720949186,
        137.5368789137792,
        137.6061492235363,
        137.67560586951905,
        137.74524662481954,
        137.81506953132887,
        137.88507178172247,
        137.955251873261,
        138.02560754153987,
        138.09613674590943,
        138.16683748079777,
        138.23770777493544,
        138.30874569060657,
        138.37994932285343,
        138.45131679883625,
        138.52284627696153,
        138.5945359463818,
        138.6663840261728,
        138.73838876481796,
        138.8105484394104,
        138.88286135523288,
        138.95532584491522,
        139.02794026806447,
        139.1007030106483,
        139.17361248428216,
        139.24666712587373,
        139.31986539701347,
        139.39320578349225,
        139.46668679455954,
        139.54030696295195,
        139.61406484413888,
        139.68795901571454,
        139.76198807708894,
        139.8361506480834,
        139.91044537103366,
        139.9848709485351,
        140.05942596293843,
        140.13410906334323,
        140.20891924563975,
        140.28385504901303,
        140.3589155331995,
        140.4340988536342,
        140.50940423522997,
        140.5848304426279,
        140.66037629859377,
        140.73604064304908,
        140.81182233444002,
        140.88772024831044,
        140.96373327673572,
        141.03986032830267,
        141.11610032795352,
        141.19245221660586,
        141.26891495050538,
        141.3454875006768,
        141.42216885243195,
        141.49895800486095,
        141.57585397066003,
        141.65285577576373,
        141.72996245924568,
        141.80717307293304,
        141.884486681465,
        141.96190246469175,
        142.0394192092075,
        142.11703629648096,
        142.19475277832368,
        142.2725677612342,
        142.35048038090096,
        142.42848978497707,
        142.50659513635722,
        142.584795597589,
        142.66309035172924,
        142.7414785895422,
        142.81995951212505,
        142.8985323306738,
        142.97719626650766,
        143.05595055063102,
        143.134794423796,
        143.2137271362467,
        143.29274785536722,
        143.3718560301195,
        143.45105085070364,
        143.53033160375736
    ]
}