{
    "yield_pre": 13.997865633677273,
    "error_pre": 3.202065289347242
}