{
    "yield_post": 16.676376608718158,
    "error_post": 3.3071044942280303
}