{
    "yield_linear": 13.998051712484221,
    "error_linear": 3.1813108752718806,
    "error_log": 0.2272681184935626
}