{
    "yield_post": 17.017741001021044,
    "error_post": 2.6302708762604214
}