{
    "yield_pre": 88.12903796720212,
    "error_pre": 7.005009638519406
}