{
    "start": 50,
    "stop": 125,
    "anchors": [],
    "levels": [
        169.0535477033912,
        168.64302291092451,
        168.25512087140817,
        167.88925895880948,
        167.54470982371086,
        167.2105634525477,
        166.88017896956387,
        166.55356092172974,
        166.23071406439732,
        165.91164129687218,
        165.5963477768758,
        165.2848353818749,
        164.97710670461936,
        164.673163546534,
        164.3730073327711,
        164.07663875037298,
        163.7840586665388,
        163.4952654494165,
        163.21025960007904,
        162.92903971371817,
        162.6516039904677,
        162.3779497086858,
        162.108075159166,
        161.84197691428068,
        161.57965149194405,
        161.3210949464757,
        161.06630296215445,
        160.81527059718334,
        160.56799290352856,
        160.324464220704,
        160.08467829803467,
        159.84862900019152,
        159.61630945143295,
        159.38771246530013,
        159.16283047135775,
        158.94165552232192,
        158.7241792930492,
        158.51039308915773,
        158.30028784428936,
        158.09385424893088,
        157.89108219662882,
        157.69196192079812,
        157.49648271577277,
        157.30463390858648,
        157.1164043115332,
        156.93178255638182,
        156.75075696085682,
        156.57331543118525,
        156.39944483962432,
        156.22913382163662,
        156.06236903599824,
        155.8991379253572,
        155.73942623320352,
        155.58322158528495,
        155.43050981904594,
        155.28127755756506,
        155.13551081927838,
        154.9931957016695,
        154.85431883642195,
        154.7188661380235,
        154.58682382439133,
        154.45817815807186,
        154.33291597912708,
        154.21102256649476,
        154.09248586387804,
        153.97729229161382,
        153.86542897073255,
        153.75688281177867,
        153.65164155918268,
        153.5496926604468,
        153.45102392580839,
        153.35562333884218,
        153.2634788516715,
        153.17457850911276,
        153.088910586124,
        153.00646325267206,
        152.92722445663065,
        152.85118246285913,
        152.7783253482316,
        152.7086404335121,
        152.64211595750197,
        152.57873926342143,
        152.51849770814988,
        152.46137879969734,
        152.4073687681221,
        152.356454861036,
        152.3086236451583,
        152.2638613627429,
        152.22215445918954,
        152.18348818761817,
        152.1478488061573,
        152.11522191764072,
        152.0855929526425,
        152.0589469197608,
        152.03526887159296,
        152.01454402726642,
        151.9967570573612,
        151.98189264906273,
        151.96993545339888,
        151.96086967342248,
        151.9546799346956,
        151.9513504333858,
        151.95086535151688,
        151.95320911495116,
        151.95836481322243,
        151.96631762082248,
        151.97705106470983,
        151.99054833207575,
        152.00679435174635,
        152.02577256328726,
        152.0474667538154,
        152.07186071471583,
        152.09893832391032,
        152.1286833052822,
        152.16107944369915,
        152.19611053058642,
        152.23376035441981,
        152.27401271874265,
        152.31685143906884,
        152.3622602603879,
        152.41022336904672,
        152.4607241969656,
        152.51374687972276,
        152.5692754922962,
        152.6272937558839,
        152.68778594863568,
        152.75073610885542,
        152.81612788183716,
        152.88394597840062,
        152.95417440626517,
        153.02679728965802,
        153.1017992130503,
        153.17916430799886,
        153.2588771232152,
        153.34092221920747,
        153.42528389097583,
        153.51194670805396,
        153.60089568396512,
        153.69211534841983,
        153.78559042416236,
        153.88130583738186,
        153.97924657214412,
        154.0793976021638,
        154.18174396919312,
        154.2862709323598,
        154.39296359214597,
        154.50180734993697,
        154.61278750566223,
        154.72588947721496,
        154.8410988475481,
        154.95840121697645,
        155.07778245530267,
        155.19922799631155,
        155.32272374182782,
        155.44825586288408,
        155.5758101425557,
        155.70537268615874,
        155.83692970176867,
        155.9704674446655,
        156.10597221052802,
        156.24343035417726,
        156.38282852201917,
        156.52415328878897,
        156.6673908798204,
        156.81252876688328,
        156.95955330762894,
        157.10845133064862,
        157.25921015919877,
        157.41181665568888,
        157.56625793561255,
        157.7225212177787,
        157.88059395612703,
        158.04046382922087,
        158.20211770298178,
        158.3655436100151,
        158.53072906706885,
        158.69766172753478,
        158.8663295248164,
        159.03672017933224,
        159.2088221087193,
        159.38262302798674,
        159.55811108226234,
        159.73527458576527,
        159.91410176921727,
        160.09458124185326,
        160.27670121478192,
        160.460450228768,
        160.64581753677845,
        160.83279106319657,
        161.02135994839517,
        161.21151308994416,
        161.40323929299012,
        161.59652774245677,
        161.7913674665821,
        161.9877476673976,
        162.1856576215918,
        162.38508673933626,
        162.58602418212615,
        162.788459861486,
        162.99238306143104,
        163.19778325564488
    ]
}