{
    "start": 50,
    "stop": 125,
    "anchors": [],
    "levels": [
        169.0535477033912,
        167.54470982371086,
        166.23071406439732,
        164.97710670461936,
        163.7840586665388,
        162.6516039904677,
        161.57965149194405,
        160.56799290352856,
        159.61630945143295,
        158.7241792930492,
        157.89108219662882,
        157.1164043115332,
        156.39944483962432,
        155.73942623320352,
        155.13551081927838,
        154.58682382439133,
        154.09248586387804,
        153.65164155918268,
        153.2634788516715,
        152.92722445663065,
        152.64211595750197,
        152.4073687681221,
        152.22215445918954,
        152.0855929526425,
        151.9967570573612,
        151.9546799346956,
        151.95836481322243,
        152.00679435174635,
        152.09893832391032,
        152.23376035441981,
        152.41022336904672,
        152.6272937558839,
        152.88394597840062,
        153.17916430799886,
        153.51194670805396,
        153.88130583738186,
        154.2862709323598,
        154.72588947721496,
        155.19922799631155,
        155.70537268615874,
        156.24343035417726,
        156.81252876688328,
        157.41181665568888,
        158.04046382922087,
        158.69766172753478,
        159.38262302798674,
        160.09458124185326,
        160.83279106319657,
        161.59652774245677,
        162.38508673933626,
        163.19778325564488
    ]
}