{
    "yield_linear": 88.12685774958439,
    "error_linear": 7.044464008608896,
    "error_log": 0.07993549513164294
}