{
    "yield_post": 350.71392578830825,
    "error_post": 14.885587632487495
}