{
    "start": 200,
    "stop": 450,
    "anchors": [],
    "levels": [
        138.65818839041646,
        138.22035497928195,
        137.78942963962626,
        137.36541911768708,
        136.94832770424335,
        136.53816630747383,
        136.13495597856053,
        135.73870117407523,
        135.34940020745583,
        134.96703975180827,
        134.59158210953288,
        134.22297595387192,
        133.86117517555232,
        133.50612676144573,
        133.15776792209633,
        132.81604593173836,
        132.48092013685053,
        132.15235519424826,
        131.83031964441366,
        131.51478201310871,
        131.20570822560126,
        130.90306264210443,
        130.60680484426882,
        130.31689166967453,
        130.0332758584545,
        129.75590711976577,
        129.48473231743256,
        129.2196957464591,
        128.96073927914216,
        128.7078030226481,
        128.4608254901015,
        128.21974342445287,
        127.98449318961616,
        127.755009532782,
        127.53122746836159,
        127.31308055377512,
        127.10050583173145,
        126.89344252175547,
        126.69182876582701,
        126.49560105312402,
        126.30469610539961,
        126.11905016458192,
        125.93859952128317,
        125.76327968280836,
        125.59302765112753,
        125.42778093428525,
        125.26747672148188,
        125.11205480639836,
        124.96147316135318,
        124.81571246455981,
        124.67474264074238,
        124.53852497570661,
        124.40701627521243,
        124.28017006425148,
        124.15793824107158,
        124.04027154792993,
        123.92711989326104,
        123.81843165892496,
        123.71415438377903,
        123.61423340627215,
        123.51861202690381,
        123.42723125846611,
        123.34002983690272,
        123.25694458481459,
        123.17791083213808,
        123.10286212042261,
        123.03173318556749,
        122.96445889472459,
        122.90097619536832,
        122.84122561002832,
        122.78515148267331,
        122.73270380517232,
        122.68383919998536,
        122.63852151256738,
        122.59672220005686,
        122.55842139333596,
        122.52360690196338,
        122.4922733890349,
        122.46442194328284,
        122.44005860185828,
        122.41919312747487,
        122.40183758354185,
        122.3880051116154,
        122.37770885600634,
        122.37096110415439,
        122.36777245608008,
        122.36815165033235,
        122.37210523250312,
        122.37963648265874,
        122.39074706228769,
        122.40543562193695,
        122.42369805508754,
        122.44552791265559,
        122.47091662108829,
        122.49985326370037,
        122.53232513631804,
        122.56831618870464,
        122.60781066113469,
        122.6507888841135,
        122.69723105646099,
        122.74711499159255,
        122.80041712455774,
        122.85711246277181,
        122.91717458425767,
        122.98057580968248,
        123.04728708425256,
        123.11727809707705,
        123.19051751138134,
        123.2669725901695,
        123.34660953047015,
        123.42939377421654,
        123.5152889789252,
        123.60425815933942,
        123.69626398040857,
        123.79126719303748,
        123.88922846272871,
        123.99010741238018,
        124.09386292464615,
        124.2004535205281,
        124.30983752471636,
        124.42197279012366,
        124.53681690447235,
        124.65432876511159,
        124.77446655201946,
        124.89718953298967,
        125.0224574871832,
        125.1502311812023,
        125.28047164915347,
        125.41314079693262,
        125.54820029816717,
        125.68561086738006,
        125.82532501207018,
        125.96728513081216,
        126.11143167409438,
        126.25769395005028,
        126.40600726944443,
        126.55630403757442,
        126.70852824514789,
        126.86264300608968,
        127.01863403741943,
        127.17650501846168,
        127.33626970951045,
        127.49794449343443,
        127.66154395907519,
        127.82707610079234,
        127.9945248765741,
        128.1638645938644,
        128.33506969484253,
        128.50811479430266,
        128.68297464590654,
        128.85962418057392,
        129.0380384731672,
        129.21819280932368,
        129.400062635563,
        129.583623629561,
        129.76885180439183,
        129.95572342298004,
        130.14421504647868,
        130.33430367554556,
        130.52596667908864,
        130.719181828687,
        130.91392729951272,
        131.1101816623693,
        131.30792386917977,
        131.50713320700314,
        131.7077894131153,
        131.90987226463812,
        132.11336241397402,
        132.31824008106042,
        132.52448615346353,
        132.73208180733857,
        132.94100813148071,
        133.15124684140795,
        133.3627796061996,
        133.57558836422345,
        133.7896552512008,
        134.00496259447118,
        134.2214929079987,
        134.43922888805275,
        134.6581534100526,
        134.87824952526665,
        135.09950045847276,
        135.32188960576582,
        135.54540053275508,
        135.77001697296163,
        135.9957228263895,
        136.22250215837022,
        136.45033919842695,
        136.67921833928014,
        136.90912413595692,
        137.14004130495033,
        137.37195472337262,
        137.6048494283143,
        137.8387106159808,
        138.0735236411142,
        138.30927401624302,
        138.54594741102466,
        138.7835296515509,
        139.02200671974668,
        139.26136475263047,
        139.50159004172866
    ]
}