{
    "yield_linear": 306.7887088015079,
    "error_linear": 24.40721850321707,
    "error_log": 0.07955709517004593
}