{
    "start": 0,
    "stop": 300,
    "levels": [
        129.12802612674193,
        129.01916594408326,
        128.91224552173998,
        128.80727703346673,
        128.70427286843983,
        128.60324630177507,
        128.5042087473086,
        128.40717284273893,
        128.31214924450248,
        128.21915022851044,
        128.1281863800287,
        128.03926901712973,
        127.95240874317378,
        127.86761570616045,
        127.78490046287101,
        127.70427281789785,
        127.62574256948695,
        127.54931920672767,
        127.47501192726625,
        127.40282995969271,
        127.33278220641003,
        127.26487719913587,
        127.19912319447445,
        127.13552856727799,
        127.07410124295387,
        127.0148490004254,
        126.95777962203023,
        126.9028994946659,
        126.85021658174348,
        126.79973764554555,
        126.75146934150624,
        126.70541780847702,
        126.66158982182904,
        126.61999049706513,
        126.58062644911976,
        126.54350300928833,
        126.50862547055695,
        126.47599917636931,
        126.44562800358227,
        126.41751811264753,
        126.39167243978417,
        126.3680962622315,
        126.34679304070572,
        126.32776682788689,
        126.31102054538654,
        126.29655817371602,
        126.28438146890525,
        126.27449425394153,
        126.26689874712184,
        126.26159713288185,
        126.258591256621,
        126.25788333434906,
        126.25947402179335,
        126.2633657462297,
        126.26955901380379,
        126.27805459655839,
        126.28885397434442,
        126.30195683031924,
        126.31736450366242,
        126.33507649675666,
        126.35509376277966,
        126.37741631236955,
        126.40204493516765,
        126.42897894131326,
        126.45821992165699,
        126.4897681667844,
        126.52362453401427,
        126.55979003311107,
        126.59826653116188,
        126.63905602006488,
        126.68216042868549,
        126.72758339050448,
        126.7753273764186,
        126.82539664915517,
        126.87779561557636,
        126.9325291396726,
        126.98960286661398,
        127.04902242142239,
        127.11079519926525,
        127.17492543600206,
        127.24142292654054,
        127.31029358489994,
        127.38154580779315,
        127.45518707672399,
        127.53122501124525,
        127.60966849267135,
        127.69052475570018,
        127.77380250540436,
        127.85950928294747,
        127.94765311357541,
        128.03824157236465,
        128.1312821875914,
        128.2267821496798,
        128.32474876473637,
        128.4251887042922,
        128.52810832015751,
        128.6335141233924,
        128.74141165648211,
        128.85180718705982,
        128.9647057808983,
        129.08011243533758,
        129.19803218212795,
        129.31846943755852,
        129.4414283676562,
        129.56691313767448,
        129.69492742040782,
        129.82547466105544,
        129.95855841682192,
        130.0941813224664,
        130.23234641918825,
        130.3730564462638,
        130.51631428840687,
        130.66212211809056,
        130.81048220817118,
        130.9613969910542,
        131.11486751588535,
        131.27089684929228,
        131.42948598483525,
        131.59063675108175,
        131.75435055556162,
        131.92062919603777,
        132.08947345101978,
        132.26088461731757,
        132.4348638480848,
        132.61141184683797,
        132.79052931534687,
        132.97221671532668,
        133.15647405933794,
        133.34330267877948,
        133.53270124423406,
        133.72466967555297,
        133.9192080611099,
        134.11631533472632,
        134.3159902310432,
        134.5182314262736,
        134.7230370243794,
        134.93040546785397,
        135.14033676848592,
        135.35283115337023,
        135.56788873652297,
        135.7855090366839,
        136.0056923568874,
        136.22843827898356,
        136.45374635781866,
        136.68161603201952,
        136.91204701462325,
        137.14503849556763,
        137.3805891867156,
        137.61869875675106,
        137.85936609573872,
        138.1025899871062,
        138.34836929163933,
        138.59670245091857,
        138.8475881034209,
        139.10102477467865,
        139.35701106304612,
        139.61554470942036,
        139.8766235862315,
        140.1402467594737,
        140.40641133756714,
        140.6751158501306,
        140.9463569577548,
        141.2201332530094,
        141.49644239898186,
        141.77528086814016,
        142.05664680127788,
        142.34053755102082,
        142.62694953317103,
        142.9158803531344,
        143.20732704478652,
        143.50128591611684,
        143.79775507975825,
        144.09672951680452,
        144.39820744720515,
        144.70218432504572,
        145.00865690813697,
        145.31762217609426,
        145.6290770881359,
        145.94301592666574,
        146.25943706806305,
        146.57833620192167,
        146.89970933278707,
        147.22355253843097,
        147.54986184560272,
        147.8786332568127,
        148.20986258376678,
        148.54354595768092,
        148.87967902172178,
        149.21825681555384,
        149.55927611898946,
        149.90273154647036,
        150.24861909114384,
        150.59693397883802,
        150.94767198235587,
        151.30082768877574,
        151.65639714408152,
        152.01437552130136,
        152.3747571970381,
        152.73753821877904,
        153.10271316584218,
        153.47027690714987
    ]
}