{
    "start": 0,
    "stop": 300,
    "levels": [
        129.8228948224706,
        129.6860833739737,
        129.55178005187238,
        129.42000087403244,
        129.29076155221583,
        129.1640776965451,
        129.03996387496093,
        128.91843486312422,
        128.7995047734102,
        128.68318692841052,
        128.56949435739097,
        128.45843959610016,
        128.35003405303945,
        128.24428916229797,
        128.14121618869524,
        128.04082516747002,
        127.9431259586165,
        127.84812762556083,
        127.75583912136814,
        127.66626863621322,
        127.57942353630867,
        127.49531171754076,
        127.41393960815765,
        127.33531369797728,
        127.25943983492621,
        127.18632347969184,
        127.11596950570369,
        127.04838263974813,
        126.98356681186613,
        126.92152592702917,
        126.86226285409751,
        126.80578075703863,
        126.75208167646815,
        126.70116797062131,
        126.65304109952851,
        126.60770213478843,
        126.56515186633354,
        126.52539067661576,
        126.48841788858488,
        126.45423355059796,
        126.42283669779678,
        126.39422569474036,
        126.36839808752094,
        126.3453525364968,
        126.32508596164116,
        126.30759522915115,
        126.29287647035069,
        126.28092542692706,
        126.27173828749969,
        126.26530949716813,
        126.26163368050088,
        126.26070534924514,
        126.262517378166,
        126.26706392119004,
        126.27433761281313,
        126.28433137760635,
        126.29703726916478,
        126.31244749543774,
        126.3305543583675,
        126.35134949718977,
        126.37482515453954,
        126.40097329841917,
        126.42978658285907,
        126.46125750008534,
        126.49538000245329,
        126.53214791458068,
        126.57155629150212,
        126.61360077388412,
        126.65827828848076,
        126.7055870052764,
        126.75552563088539,
        126.80809466626397,
        126.86329553345773,
        126.92113046673614,
        126.9816031609696,
        127.04471844564412,
        127.11048008504153,
        127.17889546122552,
        127.24997070910393,
        127.32371251933421,
        127.40012823254928,
        127.4792252478403,
        127.56101109444063,
        127.64549324637301,
        127.73267904655754,
        127.82257564297754,
        127.91518993472945,
        128.01052868555453,
        128.10859801841724,
        128.20940317115245,
        128.31295059127473,
        128.41924481931426,
        128.52829033871927,
        128.64009125323048,
        128.75465106198874,
        128.87197353009853,
        128.99206035458866,
        129.11491488746861,
        129.24053832380565,
        129.36893303975825,
        129.5000999898486,
        129.63404024208933,
        129.7707544896415,
        129.91024325438286,
        130.0525067573811,
        130.19754493385554,
        130.34535799586828,
        130.4959448210023,
        130.6493054555528,
        130.80543884748863,
        130.96434400815133,
        131.12601978204688,
        131.2904642802312,
        131.45767594509346,
        131.62765245508422,
        131.80039119056,
        131.97588900869192,
        132.15414224425214,
        132.33514648755624,
        132.51889644514162,
        132.70538675279317,
        132.89461550394552,
        133.0865819674975,
        133.28128497208618,
        133.47872373093097,
        133.6788971134778,
        133.881803875253,
        134.08744263894005,
        134.2958119851026,
        134.5069104645262,
        134.7207363725987,
        134.93728816960362,
        135.15656325954288,
        135.37856041664133,
        135.60327701501865,
        135.8307107784975,
        136.0608596226803,
        136.29372127412103,
        136.5292918763628,
        136.76757015925017,
        137.0085518930474,
        137.25223529306828,
        137.498616170647,
        137.74769191946018,
        137.99945898720443,
        138.2539135972713,
        138.51105241673145,
        138.77087152057504,
        139.03336683613026,
        139.2985348120344,
        139.56637199654392,
        139.83687458416296,
        140.11003814506458,
        140.3858595342114,
        140.66433412272903,
        140.94545849643453,
        141.2292272594363,
        141.515636539882,
        141.80468216916262,
        142.09635969085852,
        142.3906643978602,
        142.68759106772075,
        142.9871359192905,
        143.28929276584637,
        143.5940574904878,
        143.9014252644036,
        144.21139060769084,
        144.52394867681818,
        144.8390940227897,
        145.15682087492394,
        145.47712435643592,
        145.79999888054758,
        146.12543885788233,
        146.4534390778059,
        146.7839923690325,
        147.1170943261212,
        147.45273884903236,
        147.79091982442776,
        148.13163139173173,
        148.47486720311517,
        148.82062202294813,
        149.1688882731841,
        149.51966124637062,
        149.87293363671807,
        150.22869913673563,
        150.58695178898955,
        150.9476850871481,
        151.3108924898957,
        151.6765673786528,
        152.04470324123702,
        152.41529351505946,
        152.78833133780861,
        153.16381007805273,
        153.54172272063602,
        153.92206327957078,
        154.30482411367655,
        154.68999885152869,
        155.07758083428143,
        155.467562533773,
        155.859937842345,
        156.25469991790624
    ]
}