{
    "start": 0,
    "stop": 40,
    "anchors": [],
    "levels": [
        106.35103722284524,
        105.11319982691094,
        103.8890954687077,
        102.68137443373813,
        101.49295037767426,
        100.32700602382451,
        99.18697125077108,
        98.07649976744662,
        96.99941306247166,
        95.95965969273507,
        94.961468739411,
        94.00904032177331,
        93.10613054184684,
        92.25591054215724,
        91.4610444367717,
        90.72399963627353,
        90.0472434584297,
        89.43233574654751,
        88.88057738341746,
        88.3924583176519,
        87.96787293627693,
        87.60657424613278,
        87.30842188275294,
        87.07351974769674,
        86.90217943887905,
        86.79461789486035,
        86.75034587848097,
        86.767251195185,
        86.84044182774969,
        86.96227207144979,
        87.12630418839595,
        87.33050212320411,
        87.5753595780124,
        87.86161168443277,
        88.1894171329486,
        88.55825670996116,
        88.96687319443103,
        89.41276168082786,
        89.8934036637529,
        90.40730276433061,
        90.95299198304812,
        91.52903650629028,
        92.13408395084068,
        92.76691253185635,
        93.42644867028649,
        94.11162834086383,
        94.82131044820147,
        95.55440811289273,
        96.30989723631185,
        97.08683537283713,
        97.8842753000768
    ]
}