{
    "yield_post": 1.2384341614025807,
    "error_post": 0.21552413444946292
}