{
    "start": 0.1,
    "stop": 5,
    "anchors": [],
    "levels": [
        171.42302708161202,
        168.67097752487336,
        166.35408277719876,
        164.38742668681058,
        162.66842404715536,
        161.0082993776966,
        159.39698035033493,
        157.85161454236052,
        156.39172719600367,
        154.93688496004847,
        153.20237529335753,
        151.5257369077649,
        149.88581285040533,
        148.29214007849944,
        146.7553140793422,
        145.2857383736772,
        143.89208336690592,
        142.58018476993,
        141.3527901657782,
        140.21001499200068,
        139.1500039812259,
        138.16959512782643,
        137.2649895224115,
        136.432103900118,
        135.6667527746677,
        134.96477115189836,
        134.32209430822587,
        133.73481396413217,
        133.19920857599166,
        132.71177533142972,
        132.26923041538294,
        131.86846655079597,
        131.50646082642572,
        131.18045133221221,
        130.88813459283452,
        130.62755428435452,
        130.39696078203843,
        130.1947063061556,
        130.0191798286359,
        129.86879222932436,
        129.74194006739634,
        129.63703897536146,
        129.5525285419626,
        129.48688420972235,
        129.43863590529457,
        129.4063752018762,
        129.38876436962323,
        129.38453721166076,
        129.39249889590414,
        129.41152086534703,
        129.44053541756963,
        129.47852753997466,
        129.52453136267607,
        129.57763504838633,
        129.63698813472166,
        129.70182130999626,
        129.77145796116264,
        129.84530934874127,
        129.92287197526122,
        130.00371092833956,
        130.08744451198112,
        130.17373300473804,
        130.26227066069725,
        130.35278001640197,
        130.44500377872822,
        130.53870579972022,
        130.6336650149252,
        130.7296745114146,
        130.82654609358275,
        130.92408554262556,
        131.0221276443957,
        131.1204948308417,
        131.21900432796318,
        131.31745218663153,
        131.41557955906194,
        131.5130995025659,
        131.60992405119686,
        131.70602869399195,
        131.8014021928593,
        131.89604427264103,
        131.98996026721238,
        132.0831618263108,
        132.1756613883548,
        132.26747532024916,
        132.35861908142837,
        132.4491106119254,
        132.53896621319436,
        132.62820341757026,
        132.71683834181113,
        132.80488613462154,
        132.89236293786178,
        132.97928340823657,
        133.06566178235084,
        133.15151204132493,
        133.2368469569825,
        133.32168036592265,
        133.40602227004192,
        133.4898856728039,
        133.57328084084475,
        133.65621785882237,
        133.73870852307127,
        133.82076126477725,
        133.90238293894464,
        133.9835862161206,
        134.06437700384112,
        134.14476462769383,
        134.22475489658157,
        134.3043570442773,
        134.38357513635617,
        134.46241656661135,
        134.54088762947265,
        134.61899313921384,
        134.6967384293283,
        134.7741307066106,
        134.8511768039894,
        134.92788279778284,
        135.00425558416882,
        135.0803012836069,
        135.15602539451146,
        135.23143443121688,
        135.30653401107784,
        135.38132857399128,
        135.45582425344483,
        135.5300261394354,
        135.60393845148772,
        135.67756649240712,
        135.75091509369406,
        135.8239885026466,
        135.89679103103288,
        135.96932742965396,
        136.04160120673174,
        136.11361543422277,
        136.18537630751337,
        136.25688627760547,
        136.32814946663058,
        136.39916869134353,
        136.46994845357898,
        136.54049193608682,
        136.6108023635167,
        136.68088224887003,
        136.75073566714076,
        136.82036573798666,
        136.88977494091117,
        136.95896652958334,
        137.02794335224615,
        137.09670797313953,
        137.1652634002258,
        137.23361252721523,
        137.3017573115847,
        137.3697010980202,
        137.43744571739046,
        137.50499410894923,
        137.5723478655103,
        137.63951001032115,
        137.70648295088037,
        137.77326859507835,
        137.83986921288863,
        137.90628688553352,
        137.97252362174106,
        138.03858236618538,
        138.10446331582557,
        138.17017030630132,
        138.2357038247505,
        138.30106690913644,
        138.36626072866625,
        138.43128725203366,
        138.49614887935823,
        138.56084609680858,
        138.62538178404054,
        138.68975714864217,
        138.75397395240978,
        138.8180339108825,
        138.88193807078233,
        138.94568922353494,
        139.00928700004954,
        139.07273459569734,
        139.13603326001243,
        139.1991834915175,
        139.26218777244458,
        139.32504695090003,
        139.38776251417136,
        139.45033558289805,
        139.51276809956843,
        139.57506135605388,
        139.63721583182178,
        139.69923365446434,
        139.76111575531453,
        139.8228629117787,
        139.88447710650303,
        139.94595912331027,
        140.00731039657228,
        140.06853167866484,
        140.12962444706415,
        140.1905900240895,
        140.2514286503217,
        140.31214248349323,
        140.37273167845922,
        140.43319823434686,
        140.49354180640702,
        140.55376485405532,
        140.61386752204749
    ]
}