{
    "start": 0.1,
    "stop": 5,
    "anchors": [],
    "levels": [
        171.42302708159733,
        168.6709775248742,
        166.3540827772057,
        164.387426686796,
        162.66842404713947,
        161.00829937771104,
        159.39698035033513,
        157.85161454237556,
        156.39172719600447,
        154.93688496004893,
        153.2023752933423,
        151.52573690774915,
        149.8858128504055,
        148.292140078503,
        146.75531407932783,
        145.28573837367296,
        143.8920833669054,
        142.5801847699292,
        141.35279016578784,
        140.21001499201242,
        139.1500039812259,
        138.16959512784035,
        137.2649895224114,
        136.4321039001323,
        135.6667527746677,
        134.96477115189836,
        134.3220943082251,
        133.73481396413226,
        133.19920857599166,
        132.71177533141528,
        132.26923041539808,
        131.86846655079535,
        131.5064608264258,
        131.18045133222748,
        130.88813459283463,
        130.6275542843548,
        130.39696078203843,
        130.1947063061556,
        130.01917982863603,
        129.86879222932436,
        129.74194006739637,
        129.63703897536146,
        129.55252854194816,
        129.48688420972235,
        129.43863590529457,
        129.4063752018762,
        129.38876436962323,
        129.38453721166076,
        129.39249889590448,
        129.41152086534612,
        129.44053541756963,
        129.47852753999013,
        129.52453136267607,
        129.57763504838633,
        129.63698758167948,
        129.7018215346013,
        129.77145805015164,
        129.84530916524943,
        129.92287161113416,
        130.0037105061215,
        130.0874441988426,
        130.17373304413863,
        130.26227063778464,
        130.35277975219242,
        130.44500395306528,
        130.53870590093234,
        130.6336650800995,
        130.72967437458047,
        130.82654235314206,
        130.92408915836967,
        131.0221277168883,
        131.12049467656527,
        131.2190043294172,
        131.31745255786004,
        131.41557957388432,
        131.51309944097068,
        131.60992404636062,
        131.70602880059263,
        131.80140214261127,
        131.89604428384757,
        131.9899602592917,
        132.08316183341034,
        132.17566115016928,
        132.26747532182964,
        132.35861909942633,
        132.4491108404864,
        132.53896621015934,
        132.62820342328249,
        132.7168383110236,
        132.80488614376364,
        132.8923629553009,
        132.979283360701,
        133.0656617800193,
        133.1515120537382,
        133.2368469830247,
        133.32168036590878,
        133.40602227005644,
        133.48988567280625,
        133.57328084084335,
        133.65621785883766,
        133.7387085230854,
        133.8207612647913,
        133.90238293894868,
        133.98358621613443,
        134.06437700384086,
        134.14476462767442,
        134.22475489658132,
        134.3043570442898,
        134.38357513635702,
        134.46241656662608,
        134.54088762945838,
        134.61899313921404,
        134.69673842932866,
        134.77413070661,
        134.85117680398935,
        134.92788279779649,
        135.00425558416876,
        135.08030128359246,
        135.15602539451038,
        135.23143443121708,
        135.30653401107782,
        135.3813285740056,
        135.45582425344514,
        135.5300261394346,
        135.60393845148786,
        135.67756649239197,
        135.75091509370975,
        135.82398850264562,
        135.8967910310481,
        135.9693274296537,
        136.04160120673154,
        136.11361543422262,
        136.18537630751365,
        136.25688627761983,
        136.3281494666452,
        136.39916869132918,
        136.46994845357918,
        136.540491936087,
        136.61080236351677,
        136.68088224888547,
        136.7507356671411,
        136.8203657379863,
        136.88977494091102,
        136.95896652958214,
        137.02794335224644,
        137.09670797313998,
        137.16526340022617,
        137.23361252721537,
        137.3017573115846,
        137.36970109802112,
        137.43744571737486,
        137.5049941089638,
        137.57234786551007,
        137.63951001030648,
        137.7064829508801,
        137.7732685950778,
        137.8398692128885,
        137.9062868855334,
        137.97252362174112,
        138.03858236618578,
        138.10446331584052,
        138.17017030630137,
        138.2357038247501,
        138.30106690913658,
        138.36626072868006,
        138.43128725203366,
        138.49614887935851,
        138.5608460968232,
        138.62538178405492,
        138.68975714864197,
        138.75397395240984,
        138.81803391088218,
        138.88193807078244,
        138.9456892235339,
        139.00928700005085,
        139.0727345956976,
        139.1360332599992,
        139.19918349150288,
        139.26218777244432,
        139.32504695090063,
        139.38776251417136,
        139.45033558291166,
        139.51276809956852,
        139.57506135603958,
        139.63721583182223,
        139.69923365447897,
        139.76111575532923,
        139.82286291177883,
        139.8844771065032,
        139.94595912331027,
        140.0073103965715,
        140.06853167866484,
        140.12962444706437,
        140.19059002410324,
        140.25142865032174,
        140.31214248347885,
        140.3727316784587,
        140.43319823434672,
        140.49354180640688,
        140.55376485405486,
        140.61386752204652
    ]
}