{
    "yield_linear": 1.2473804088510205,
    "error_linear": 0.22020103043362685,
    "error_log": 0.1765307751117056
}