{
    "start": 0,
    "stop": 15,
    "anchors": [],
    "levels": [
        60.257119162630666,
        56.53254567565378,
        52.613489627383174,
        48.82051669689826,
        45.610570767946804,
        43.25506510052346,
        41.57685665625902,
        40.380857587547155,
        39.52604930597376,
        38.92670789133384,
        38.51841348389074,
        38.24553321134013,
        38.06521513191876,
        37.94707090223625,
        37.87416546597089,
        37.84391704131392,
        37.86642966349805,
        37.95360274493261,
        38.107779903811384,
        38.3225246559344,
        38.58727196985322,
        38.89197530615232,
        39.230348783359396,
        39.59662521247668,
        39.985589687764595,
        40.39284472815804,
        40.81469389055342,
        41.24803839295644,
        41.690287001900785,
        42.13927361405251,
        42.59317566146794,
        43.05047258155142,
        43.51936309295273,
        43.97910213604263,
        44.439617333087924,
        44.900141232206074,
        45.36000570798134,
        45.818636660305486,
        46.264825691573066,
        46.71842023097192,
        47.16945167303318,
        47.61769287978733,
        48.0629592534657,
        48.50510669401362,
        48.94401402602741,
        49.379593986596404,
        49.811777027980256,
        50.24051403118777,
        50.66577109941237,
        51.087527896598736,
        51.505775632722475
    ]
}