{
    "yield_post": 293.3829475947238,
    "error_post": 13.7439799135517
}