{
    "yield_pre": 297.6937630686907,
    "error_pre": 23.3897140816456
}