{
    "start": 0,
    "stop": 4,
    "levels": [
        176.48051081384966,
        174.16389958327284,
        171.67261056451255,
        168.9605282455169,
        165.95452254745192,
        162.52256053116508,
        158.36118152172673,
        153.2486349578014,
        148.69693796047684,
        145.14583228493825,
        142.4322484283436,
        140.18629238774284,
        137.94427917547495,
        135.7471675723279,
        133.6872407508501,
        131.8416617095939,
        130.24627321732652,
        128.91074255231783,
        127.82492991692021,
        126.96485859970679,
        126.30566627354914,
        125.82810182397648,
        125.51845706365596,
        125.36568093196054,
        125.35884733972154,
        125.48490557589051,
        125.72149683269339,
        126.02624571555714,
        126.3711626970842,
        126.75353530129058,
        127.17504745437707,
        127.63688435531006,
        128.13945503886183,
        128.6820685755011,
        129.2624885246808,
        129.8754793081526,
        130.51390886546346,
        131.17260523602795,
        131.84714642026853,
        132.53451621100288,
        133.23198914757177,
        133.93702548955812,
        134.64730749263165,
        135.3606967452297,
        136.07527648147666,
        136.78929273156086,
        137.50123903160662,
        138.20981476934713,
        138.91393484045614,
        139.61271135842873,
        140.30535801039446
    ]
}