{
    "nbins": 50,
    "range_": [
        0.0,
        4.0
    ],
    "nburnin": 100,
    "nsamples": 100000,
    "nrepeats": 100,
    "seed": 0,
    "step_size": 0.2,
    "prob_eye": 0.1,
    "yields": [
        0,
        0,
        0,
        0,
        0,
        0,
        0,
        0,
        0,
        0,
        0,
        0,
        0,
        0,
        15,
        156,
        1215,
        5683,
        20578,
        60686,
        148615,
        303304,
        528397,
        788215,
        1031659,
        1187219,
        1228288,
        1158949,
        1004261,
        800163,
        596312,
        422214,
        279764,
        178249,
        109662,
        64331,
        37043,
        20685,
        11250,
        5967,
        3200,
        1804,
        970,
        545,
        290,
        142,
        95,
        36,
        20,
        8
    ],
    "errors": [
        0.0,
        0.0,
        0.0,
        0.0,
        0.0,
        0.0,
        0.0,
        0.0,
        0.0,
        0.0,
        0.0,
        0.0,
        0.0,
        0.0,
        10.331989159885897,
        17.850490189347752,
        65.05958807124435,
        156.11569427831395,
        361.03900066336314,
        645.079871023736,
        1013.3058521492906,
        1580.1132364485782,
        2099.641138385319,
        2671.9836732285626,
        5385.5932068807415,
        2615.0172829256785,
        2316.639497202791,
        2127.922223672661,
        2272.7295901624548,
        2059.2618361927657,
        2062.019534340061,
        1905.1110308850766,
        1584.2818688604625,
        1230.1288509745634,
        890.7567344679467,
        705.3831512022384,
        507.22431921192424,
        327.8212165190044,
        240.40174708183798,
        146.64961643318404,
        104.80458005259122,
        75.60317453652327,
        58.31809324729332,
        37.18534657630611,
        31.448370387032767,
        18.98315042346764,
        18.56744462762713,
        9.645724441430003,
        5.9999999999999964,
        3.6551333764994096
    ]
}