{
    "nbins": 50,
    "range_": [
        0.0,
        50.0
    ],
    "nburnin": 100,
    "nsamples": 100000,
    "nrepeats": 100,
    "seed": 0,
    "step_size": 0.2,
    "prob_eye": 0.1,
    "yields": [
        89676,
        2767102,
        3831241,
        1654200,
        723239,
        362978,
        200699,
        118111,
        74405,
        47733,
        33417,
        22706,
        16432,
        12058,
        8948,
        6627,
        5160,
        4136,
        3194,
        2593,
        1888,
        1586,
        1223,
        1050,
        880,
        770,
        646,
        529,
        450,
        412,
        321,
        286,
        200,
        231,
        176,
        170,
        138,
        129,
        126,
        106,
        77,
        65,
        71,
        56,
        38,
        47,
        43,
        28,
        34,
        20
    ],
    "errors": [
        831.7957922471114,
        6976.259309974077,
        4370.512806296304,
        3399.778522198174,
        1930.650613135375,
        1301.2436973910767,
        932.9914201106031,
        694.3311817857525,
        598.7092366082221,
        362.88029706777957,
        351.05855636916175,
        220.5167567329068,
        250.11549332258485,
        242.76400062612257,
        161.8238548545918,
        155.99907051005144,
        117.20068259186891,
        105.20950527400078,
        92.00891261176822,
        89.41202379993422,
        65.13493686187158,
        62.51431835987657,
        51.43646566396256,
        47.296934361541865,
        42.5205832509386,
        42.72001872658766,
        39.20255093740713,
        30.407071545941417,
        33.896902513356586,
        26.010767001378497,
        21.922363011317913,
        25.338508243383238,
        19.748417658131498,
        24.847333861000042,
        21.265935201631745,
        18.520259177452125,
        25.759658382827993,
        16.08073381410189,
        14.18590850104427,
        16.841615124446957,
        10.756858277396795,
        10.988630487917955,
        12.513592609638524,
        9.8305645819556,
        8.34026378479722,
        10.62591172558854,
        7.778817390837759,
        6.794115100585211,
        8.511169132381283,
        6.324555320336755
    ]
}