{
    "yield_post": 30.008610776500838,
    "error_post": 3.47862600230759
}