{
    "yield_linear": 27.395085590847536,
    "error_linear": 4.079570323220093,
    "error_log": 0.1489161371550174
}