{
    "yield_post": 410.35396356909916,
    "error_post": 17.109203833865813
}