{
    "start": 250,
    "stop": 600,
    "anchors": [],
    "levels": [
        121.93959073773968,
        121.56867759764643,
        121.20177358842002,
        120.83901859441949,
        120.48053977986686,
        120.12645128492139,
        119.77685683166598,
        119.43184752554961,
        119.09150501331628,
        118.75590073699742,
        118.42509631529465,
        118.09913847997501,
        117.77806747134868,
        117.46191924128146,
        117.1507254081723,
        116.84451137374239,
        116.54329258763435,
        116.24708128890515,
        115.95588896212175,
        115.6697256638127,
        115.38860026157684,
        115.11251340286807,
        114.84145789238116,
        114.57542812424245,
        114.31442061943469,
        114.05843401395184,
        113.80746802611978,
        113.56152395819976,
        113.32060347171273,
        113.08470847502126,
        112.8538409011218,
        112.6280022028404,
        112.40719291405581,
        112.19141309774547,
        111.98066130519933,
        111.77493521450938,
        111.57423191391216,
        111.37853183080911,
        111.18779222792455,
        111.00197380382566,
        110.821045438802,
        110.64498679931494,
        110.4737872785563,
        110.30744672410842,
        110.14597245110778,
        109.9893769585057,
        109.837674656963,
        109.69087908782032,
        109.54900209306349,
        109.4120643702741,
        109.28008990151615,
        109.15309070772476,
        109.03106699827947,
        108.91400784937788,
        108.80189194672901,
        108.69468832294021,
        108.59235724617139,
        108.49485105428023,
        108.40211493887601,
        108.3140889692969,
        108.23070628300053,
        108.15189824712591,
        108.07759237267793,
        108.00771479875917,
        107.942190863245,
        107.88094572654481,
        107.82390664838987,
        107.77100297451008,
        107.72216690514927,
        107.67733448800533,
        107.63644632338816,
        107.59944735569331,
        107.56628728404064,
        107.53692047557324,
        107.51130540236426,
        107.48940507260166,
        107.47118546702856,
        107.45661547616399,
        107.44566618240289,
        107.43831009980619,
        107.43452121580367,
        107.4342716640594,
        107.43753568572838,
        107.44428486325235,
        107.454489685401,
        107.46811874353988,
        107.48513836129476,
        107.50551201906559,
        107.52920090939564,
        107.55616282858318,
        107.58635283456448,
        107.61972225968296,
        107.65621985453603,
        107.6957911242394,
        107.7383787499025,
        107.78392274128286,
        107.8323605196239,
        107.88362767168256,
        107.93765783511097,
        107.99438395375444,
        108.05373606259869,
        108.11564620416223,
        108.1800442736269,
        108.24686071863893,
        108.31602589024504,
        108.38747145816359,
        108.46112985850712,
        108.53693578366862,
        108.61482664172533,
        108.69474353147069,
        108.7766326342743,
        108.86044665214555,
        108.94614560357259,
        109.03369736740305,
        109.12307838286426,
        109.21427310599296,
        109.30726028872522,
        109.40200107215918,
        109.49845482687846,
        109.59658076207559,
        109.69633790487055,
        109.7976852141398,
        109.90058185912733,
        110.00498773067963,
        110.11086338684429,
        110.21817137720657,
        110.32687540340328,
        110.4369407826994,
        110.54833420182891,
        110.6610235257777,
        110.77497761391734,
        110.89016616917905,
        111.00655962770911,
        111.12412908695595,
        111.24284626711875,
        111.36268349175036,
        111.48361370326666,
        111.60561047033849,
        111.72864801940047,
        111.85270126338783,
        111.97774583127332,
        112.1037580939212,
        112.23071518335179,
        112.35859500334503,
        112.48737622852812,
        112.61703740462902,
        112.7475552293916,
        112.87890634053781,
        113.0110677018145,
        113.1440166004407,
        113.27773064336012,
        113.41218775297963,
        113.54736616269295,
        113.68324441266371,
        113.81980134610706,
        113.95701610608508,
        114.09486813301419,
        114.23333716281036,
        114.37240322560523,
        114.51204664507311,
        114.65224803814849,
        114.79298831524244,
        114.93424868065522,
        115.07601063335436,
        115.21825596783985,
        115.36096677517692,
        115.50412544407025,
        115.6477146620052,
        115.79171741628016,
        115.93611699506891,
        116.08089698832616,
        116.22604128862586,
        116.37153409183011,
        116.51735989758987,
        116.66350350968214,
        116.80995003615551,
        116.95668488924248,
        117.10369378509989,
        117.25096274325502,
        117.39847808588588,
        117.54622643681472,
        117.69419472029219,
        117.84237015953386,
        117.99074027497312,
        118.13929288234209,
        118.28801609046947,
        118.43689829883338,
        118.58592819495146,
        118.73509474733734,
        118.88438708931037,
        119.03379449417449,
        119.18330648966818,
        119.33291286165135,
        119.48260365096112,
        119.6323691502484,
        119.78219990076715,
        119.93208668891,
        120.08202054283075,
        120.23199272889543,
        120.3819947479145,
        120.53201833185398
    ]
}