{
    "yield_linear": 391.0211319626121,
    "error_linear": 28.980596373887852,
    "error_log": 0.07411516668786805
}