{
    "start": 0,
    "stop": 200,
    "levels": [
        111.68038929998963,
        111.65915291718738,
        111.63865855287045,
        111.61890890413899,
        111.59990753064677,
        111.58165743078608,
        111.5641613747964,
        111.5474223072607,
        111.53144305146908,
        111.516225685076,
        111.50177303812546,
        111.4880876177307,
        111.47517104235746,
        111.46302604849673,
        111.45165432124507,
        111.44105793418177,
        111.43123907711026,
        111.42219851432642,
        111.41393898218297,
        111.40646136225129,
        111.39976751350034,
        111.39385885524749,
        111.3887367399762,
        111.38440195590294,
        111.38085635479996,
        111.37810091317307,
        111.37613676844653,
        111.37496460819688,
        111.3745861790893,
        111.37500197577882,
        111.3762131519295,
        111.37822067195806,
        111.38102564730214,
        111.38462860134507,
        111.38903031351731,
        111.39423225921072,
        111.40023507704977,
        111.40703979936332,
        111.41464732717634,
        111.42305863508741,
        111.43227450240416,
        111.44229625086766,
        111.45312506220696,
        111.46476134089174,
        111.47720840442828,
        111.4904632514142,
        111.50453125140373,
        111.51941175985164,
        111.53510684414259,
        111.55161775191223,
        111.56894619283301,
        111.58709338160062,
        111.60606155751195,
        111.62585205696132,
        111.64646721209529,
        111.66790786247002,
        111.69017716914199,
        111.71327682864143,
        111.73720875766847,
        111.76197559282839,
        111.78757869210142,
        111.81402139973291,
        111.84130520170709,
        111.86943317285454,
        111.89840758741165,
        111.92823081940071,
        111.95890568959658,
        111.99043424219528,
        112.02281930689018,
        112.0560636110398,
        112.09016999072104,
        112.12514047688727,
        112.16097791226761,
        112.19768538132543,
        112.2352650404515,
        112.27371866217347,
        112.31305038176143,
        112.35326131730523,
        112.3943548553573,
        112.43633322447076,
        112.47919847009263,
        112.52295325482659,
        112.5675997166423,
        112.61314016471309,
        112.65957634318221,
        112.70691092289587,
        112.75514558978409,
        112.80428203692341,
        112.85432261174704,
        112.90526848554634,
        112.95712191300137,
        113.00988384071826,
        113.06355633570494,
        113.11814035103995,
        113.17363736250306,
        113.23004881375113,
        113.28737535088385,
        113.34561792404838,
        113.40477776957337,
        113.46485572518839,
        113.5258533048464,
        113.58776717954738,
        113.65060194101177,
        113.71435673860574,
        113.7790314501723,
        113.84462814354904,
        113.91114151543536,
        113.97857625826232,
        114.04693066335882,
        114.11620508192308,
        114.18639795304412,
        114.25750786375214,
        114.32953588331145,
        114.40248039705035,
        114.47634006301922,
        114.55111417513092,
        114.62680114209756,
        114.70339967076251,
        114.78090819541083,
        114.85932489405636,
        114.93864794114457,
        115.01887538920523,
        115.10000578246854,
        115.18203801963672,
        115.26497031313015,
        115.34880245812725,
        115.43353248118956,
        115.51915932419314,
        115.60568190329988,
        115.69309899168059,
        115.78140850890472,
        115.87060983531796,
        115.96070156762693,
        116.05168243107464,
        116.14355008262872,
        116.23630464454072,
        116.32994463995749,
        116.42446809030154,
        116.51987479784351,
        116.61616330600657,
        116.7133330312873,
        116.81138305424903,
        116.91031143672402,
        117.01011945533044,
        117.11080456749472,
        117.21236806879116,
        117.31480832607947,
        117.41812603158846,
        117.52232084962039,
        117.62739215839522,
        117.73334062639779,
        117.84016630258918,
        117.94786954008528,
        118.05645024664753,
        118.16590874860898,
        118.27624630615571,
        118.38746228663975,
        118.49955813311865,
        118.61253408320096,
        118.72639027517694,
        118.84112688811993,
        118.95674333249785,
        119.07323828123664,
        119.19061146802726,
        119.30886185705866,
        119.42798899542345,
        119.54799167193593,
        119.66886987398807,
        119.79062178435757,
        119.91324798844941,
        120.0367457640127,
        120.16111609458676,
        120.28635749116299,
        120.41246901028936,
        120.53944958564345,
        120.66729917737652,
        120.79601604135325,
        120.92560039741315,
        121.05605038939599,
        121.18736548535367,
        121.31954515165913,
        121.45258826094351,
        121.58649377330141,
        121.72126115377947,
        121.85688951823232,
        121.99337806106338,
        122.1307256621431,
        122.26893091969619,
        122.40799414389122,
        122.54791386146664,
        122.68868938060729,
        122.83032017915816,
        122.97280461066788,
        123.11614220729568,
        123.26033195704662,
        123.40537355841352,
        123.55126596837775,
        123.69800831187118,
        123.8455998406458,
        123.99403969716792,
        124.14332726337894
    ]
}