{
    "levels": [
        0.5,
        2.0,
        4.5,
        8.0,
        12.5,
        18.0
    ],
    "intervals": [
        [
            6.1386417370340824,
            9.788081420209025
        ],
        [
            4.886337452345705,
            12.336431296619303
        ],
        [
            3.8507195379910075,
            15.469493141627664
        ],
        [
            2.954437642730531,
            19.26641349151791
        ],
        [
            2.131413172954333,
            23.8082834066819
        ],
        [
            1.219716555556127,
            29.17807367020413
        ]
    ]
}