{
    "start": 0,
    "stop": 20,
    "levels": [
        132.97151584587567,
        127.47513391194109,
        122.53347411841874,
        117.70458273279519,
        113.64432672979913,
        110.81303458294109,
        108.95328166436022,
        107.80153861816547,
        107.15909745145439,
        106.87220958181032,
        106.83243413006686,
        106.97119954551555,
        107.24324765439268,
        107.61743142401593,
        108.07154935985274,
        108.58930999194271,
        109.15846549221851,
        109.76961746509313,
        110.41542632945965,
        111.09007245747121,
        111.78887959306203,
        112.5080458850861,
        113.24444805534533,
        113.99549636788859,
        114.75902555861106,
        115.53321167738272
    ]
}