{
    "start": 0,
    "stop": 20,
    "levels": [
        132.97424742976483,
        129.56230543691305,
        127.47783400498894,
        125.02376104536091,
        122.5362145438053,
        120.07725141451733,
        117.70693511827157,
        115.51847806935339,
        113.64569180647406,
        112.09234774795121,
        110.81372232846684,
        109.77765836697688,
        108.95357937072887,
        108.30455057549362,
        107.80165036193117,
        107.42695938892189,
        107.15912787420761,
        106.97919492712504,
        106.87221316378634,
        106.82641344583573,
        106.83243469198048,
        106.88274346156695,
        106.97120702882009,
        107.09277896070505,
        107.24326586301228,
        107.41915091622884,
        107.61746123543732,
        107.83566508248903,
        108.07159081802197,
        108.32336508600964,
        108.58936189300063,
        108.86816376199458,
        109.15852730027862,
        109.45935773792321,
        109.76968767452729,
        110.08865843282209,
        110.41550453615189,
        110.74954208821283,
        111.09015774474035,
        111.4367998322873,
        111.78897065752962,
        112.14622084375132,
        112.50814261789512,
        112.87436449149455,
        113.24454927678099,
        113.61838919991514,
        113.99560195589147,
        114.37592963888892,
        114.75913464833282,
        115.14499976180424,
        115.53332386834914
    ]
}