{
    "nbins": 50,
    "range_": [
        0.0,
        20.0
    ],
    "nburnin": 100,
    "nsamples": 100000,
    "nrepeats": 100,
    "seed": 0,
    "step_size": 0.5,
    "prob_eye": 0.1,
    "yields": [
        0,
        0,
        0,
        0,
        77,
        829,
        5436,
        23394,
        68622,
        155209,
        285030,
        442912,
        606550,
        750260,
        848919,
        899629,
        896741,
        851854,
        774841,
        679607,
        579206,
        482325,
        391618,
        310314,
        242820,
        186175,
        141656,
        104941,
        77254,
        55671,
        40769,
        29139,
        20698,
        14920,
        10376,
        7065,
        4796,
        3260,
        2307,
        1612,
        1054,
        692,
        533,
        293,
        201,
        134,
        105,
        40,
        30,
        21
    ],
    "errors": [
        0.0,
        0.0,
        0.0,
        0.0,
        12.716524682475148,
        45.03987122539317,
        105.74043691984633,
        244.4823920040051,
        426.0013615001718,
        651.2650689235527,
        920.0842352741403,
        1261.4414611863683,
        1093.5716711766083,
        1539.2511166148297,
        1526.6110801379637,
        1678.8742031492416,
        1405.677840047285,
        1697.2338789925216,
        1433.2690570859331,
        1501.1750430912452,
        1297.8164893389203,
        1183.9707555509976,
        1093.4910882124284,
        1003.7828649663236,
        1042.7626767390555,
        909.4694882182689,
        642.3228471726661,
        621.5578734116398,
        518.6741173415153,
        490.930331106156,
        389.72476185123264,
        315.9047166472827,
        286.408728917259,
        243.4255533012095,
        207.81780481951012,
        160.51401807941883,
        138.60678194085597,
        99.51884243699782,
        105.37793886767761,
        78.69282051114953,
        68.35817434659882,
        49.00367333170035,
        47.09681517894814,
        27.21231338934638,
        24.392416854424248,
        25.660085736411716,
        17.39971264130532,
        13.711309200802086,
        11.789826122551606,
        8.519976525789257
    ]
}