{
    "start": 0,
    "stop": 10,
    "levels": [
        108.75334793038917,
        108.769150514822,
        108.78848620105136,
        108.81155411735189,
        108.8373617295254,
        108.86676825398946,
        108.89933516138225,
        108.93505830148507,
        108.97379415912545,
        109.01548761559533,
        109.06002862238333,
        109.10742850753891,
        109.15747332586756,
        109.21020446681332,
        109.26548496954103,
        109.32331009663129,
        109.38356388580387,
        109.44614752165045,
        109.5111013482286,
        109.57823389967338,
        109.64760215525041,
        109.71905677085749,
        109.7925018342039,
        109.86802334225605,
        109.94557802421326,
        110.02488332867586,
        110.10614355299673,
        110.18936146642108,
        110.27446341551875,
        110.36036897070981,
        110.44856696294701,
        110.53823119934113,
        110.62956870499697,
        110.72248856602681,
        110.81678696464712,
        110.91262550603123,
        111.00998375485223,
        111.10861553372368,
        111.20887207253901,
        111.31007369693614,
        111.41293257746403,
        111.51638445367286,
        111.621406372164,
        111.72788340649272,
        111.83511656071204,
        111.94370568591329,
        112.0537153344687,
        112.16441588350013,
        112.27607830714575,
        112.38906147151005,
        112.50314179544856
    ]
}