{
    "start": 0,
    "stop": 30,
    "levels": [
        108.75334793038917,
        108.76486760748377,
        108.77838338869648,
        108.79383631256111,
        108.81155411735463,
        108.83052169641061,
        108.85165192720721,
        108.87463168259342,
        108.89934497469159,
        108.92584865353983,
        108.9540632756304,
        108.9839435002051,
        109.0154852097331,
        109.04867736902013,
        109.0834047127975,
        109.11969674461992,
        109.15748008595783,
        109.1967840050456,
        109.23752190925322,
        109.27973658793049,
        109.32331009663129,
        109.36825234664137,
        109.41462851889261,
        109.46217829576712,
        109.51109233590377,
        109.56124615386113,
        109.61267024392232,
        109.66520226076722,
        109.71905677085749,
        109.7739533858371,
        109.83002982412295,
        109.88728494846333,
        109.94558648356009,
        110.00486366395387,
        110.06527814166503,
        110.12675590898111,
        110.18974317679105,
        110.25253810809913,
        110.31696940518303,
        110.38225123173758,
        110.44856696294701,
        110.51574644337163,
        110.58377475075098,
        110.65294437720014,
        110.72248896975488,
        110.79331541312109,
        110.86460114691207,
        110.93684953502648,
        111.00989173045689,
        111.08380359304594,
        111.1583253667367,
        111.23378633860872,
        111.31010603636854,
        111.38670773591156,
        111.46447492429203,
        111.54244669490464,
        111.621406372164,
        111.70107453682782,
        111.78152904938588,
        111.86224721324257,
        111.94370568591329,
        112.02614051380007,
        112.10912212838522,
        112.19232905246967,
        112.27695585517803,
        112.36076481068336,
        112.4459224651313,
        112.53167282375108,
        112.618145693151,
        112.70490179127644,
        112.79228901761046,
        112.88016766146619,
        112.96866392330658,
        113.05769040641388,
        113.14700028989753,
        113.23701516250104,
        113.32760701354938,
        113.41862825110955,
        113.51000788667689,
        113.60181099830073,
        113.69404445789279,
        113.78682110046873,
        113.88028933196976,
        113.97369037351473,
        114.06791183666058,
        114.16257886044565,
        114.25752146999935,
        114.35308009828483,
        114.44869565519512,
        114.54519520706734,
        114.64200546907522,
        114.73838675474013,
        114.83583892426469,
        114.93410562785644,
        115.03231294252872,
        115.13016364813552,
        115.22912406132818,
        115.32831788041112,
        115.42806916260925,
        115.52824916249243,
        115.62868422508194,
        115.72924002032738,
        115.82998320381988,
        115.93108478850034,
        116.03271618930825,
        116.13502899856671,
        116.2371523361655,
        116.33958081647869,
        116.44270467150665,
        116.54594210839318,
        116.6490961445808,
        116.75321480503311,
        116.85702090389154,
        116.96163011693166,
        117.06663737705993,
        117.17119394443462,
        117.27644703060778,
        117.38207750663659,
        117.48800040053557,
        117.5941474823298,
        117.700696470118,
        117.8070055243496,
        117.91407673160471,
        118.02125230883912,
        118.12819783095378,
        118.23640143796473,
        118.34393745023999,
        118.45275735360039,
        118.56086376561753,
        118.66914754894128,
        118.77823562684048,
        118.88730417886475,
        118.99651005104576,
        119.10624879636634,
        119.21632839588356,
        119.32593893743078,
        119.43611948334512,
        119.5466381787467,
        119.6574861028582,
        119.76852580219413,
        119.87944802303846,
        119.99045800081467,
        120.10196234670728,
        120.2142841056113,
        120.32645883924975,
        120.4378779688637,
        120.55065247592137,
        120.66301754955197,
        120.77568213001135,
        120.8886550620239,
        121.00191851489726,
        121.1154255469436,
        121.2284315799407,
        121.34271604443806,
        121.45648189169196,
        121.57015874530525,
        121.68434137444143,
        121.7992557940169,
        121.91382068960554,
        122.02816728222703,
        122.14355579893153,
        122.25837007620879,
        122.37394107530224,
        122.48941147010086,
        122.60489677877128,
        122.72049821638126,
        122.83704914020255,
        122.95318711841429,
        123.0694044487982,
        123.18615903153194,
        123.30201422984896,
        123.41881136462202,
        123.53569804808541,
        123.65329244017911,
        123.76999491593176,
        123.88779220342123,
        124.00546663485348,
        124.12308283101919,
        124.24087032600912,
        124.35875494153768,
        124.47673488690835,
        124.59503292043135,
        124.71394133123445,
        124.83190316785046,
        124.95054151310944,
        125.06938636827331,
        125.18834557200671,
        125.30765719661719,
        125.42675657595706,
        125.54602905516296,
        125.6659350261887,
        125.7850002730292,
        125.90516366817499,
        126.0250108668632,
        126.14496009211145,
        126.26521530559869,
        126.38509703674936,
        126.50601791467834,
        126.62596825877476,
        126.74699068203337,
        126.86785550229965
    ]
}