{
    "yield_post": 43.112378111269685,
    "error_post": 4.6368205399166476
}