{
    "start": 10,
    "stop": 40,
    "anchors": [],
    "levels": [
        115.11919526114812,
        110.20937117736744,
        105.88173087519885,
        102.06405312577832,
        98.69355754757154,
        95.7182091232958,
        93.09379824328305,
        90.78242259467184,
        88.72059111514679,
        86.84678759681832,
        85.18535983242421,
        83.7272609367973,
        82.45818767374875,
        81.35980252899324,
        80.41725826741259,
        79.61500007267904,
        78.94312655671413,
        78.38646345591457,
        77.93860272885959,
        77.59142325958983,
        77.33939152265108,
        77.17776477354306,
        77.10213606028253,
        77.10919802819313,
        77.19274482272817,
        77.34944040247063,
        77.5739255786857,
        77.8637307220652,
        78.21349703545249,
        78.61899628279055,
        79.07628491497466,
        79.58182625853172,
        80.13355292484061,
        80.72575246961075,
        81.35868500416407,
        82.02888543948514,
        82.73403177141145,
        83.47195425769412,
        84.24057760929068,
        85.03887556566129,
        85.86201543477618,
        86.71113126033953,
        87.58357310249517,
        88.47780786693664,
        89.39341021264408,
        90.32614120928713,
        91.27771173810834,
        92.24606023306553,
        93.23012922332475,
        94.22889880830476,
        95.24136751774228
    ]
}