{
    "start": 10,
    "stop": 40,
    "levels": [
        115.11919526114812,
        95.7182091232958,
        85.18535983242421,
        79.61500007267904,
        77.33939152265108,
        77.34944040247063,
        79.07628491497466,
        82.02888543948514,
        85.86201543477618,
        90.32614120928713,
        95.24136751774228
    ]
}