{
    "start": 0,
    "stop": 40,
    "levels": [
        80.7625235686154,
        80.59523543614496,
        80.45816378133392,
        80.34947782508907,
        80.2675082945329,
        80.21072896757113,
        80.17774078055498,
        80.16725808339255,
        80.17809670306862,
        80.20916353736926,
        80.25944744978995,
        80.32801127263659,
        80.41398476465697,
        80.51655838612386,
        80.63497778142985,
        80.76853887465259,
        80.91658349814635,
        81.07849548611738,
        81.25369717506192,
        81.4416462612615,
        81.64183297248303,
        81.85377751692482,
        82.0770277774259,
        82.31115722316825,
        82.55576301471702,
        82.81046428130428,
        83.07490055190533,
        83.34873032391874,
        83.63162975522181,
        83.92329146704864,
        84.22342344661902,
        84.53174803970052,
        84.84800102440325,
        85.17193075847425,
        85.50329739319761,
        85.84187214776044,
        86.18743663857494,
        86.53978225865238,
        86.89870960260102,
        87.2640279332834,
        87.6355546865681,
        88.01311501094982,
        88.39654133913751,
        88.78567298898236,
        89.18035579136478,
        89.5804417428865,
        89.98578868140719,
        90.39625998265123,
        90.81172427625404,
        91.23205517979574,
        91.65713104940332
    ]
}