{
    "yield_pre": 287.78047354435535,
    "error_pre": 15.17746787189565
}