{
    "start": 0,
    "stop": 150,
    "levels": [
        204.31123237179634,
        204.31145642819098,
        204.31275495862354,
        204.3151210393464,
        204.31854720925628,
        204.32302563105378,
        204.32854803661337,
        204.33510549735132,
        204.34268865664822,
        204.35128755939033,
        204.36089145810132,
        204.37148952657202,
        204.38306976854994,
        204.39561993656247,
        204.40912755873995,
        204.42357913760395,
        204.43896116343993,
        204.45526035275725,
        204.4724628021519,
        204.4905553719774,
        204.50952460635173,
        204.52935837275442,
        204.55004496955723,
        204.57157377231252,
        204.59393493482577,
        204.61712010491013,
        204.64112200901099,
        204.66593485176764,
        204.69155316797043,
        204.7179738790958,
        204.74519412449803,
        204.77321217265632,
        204.80202706357295,
        204.83163874110613,
        204.86204780989544,
        204.8932553877667,
        204.92526253890813,
        204.95807145437064,
        204.9916843510996,
        205.0261033943306,
        205.0613312979305,
        205.09737048267877,
        205.13422393500827,
        205.1718945003101,
        205.2103843756725,
        205.24969702205215,
        205.28983423262855,
        205.33080048713845,
        205.3725962440654,
        205.41522547503902,
        205.45869002403498,
        205.50299299176245,
        205.54813638039627,
        205.59412247160742,
        205.64095347393697,
        205.68863193132023,
        205.7371585828492,
        205.78653688634364,
        205.83676777010035,
        205.8878527416727,
        205.93979430404747,
        205.9925937437004,
        206.04625249340444,
        206.1007723607282,
        206.15615374144858,
        206.21239837503617,
        206.26950745735374,
        206.3274824425028,
        206.38632287253523,
        206.44603090975443,
        206.50660662121334,
        206.56805113862467,
        206.6303638712842,
        206.6935460581777,
        206.75759777029663,
        206.82251849260552,
        206.88830883512634,
        206.95496788154932,
        207.0224956997328,
        207.09089032186597,
        207.16015202844375,
        207.23027906538465,
        207.3012696433754,
        207.37312210255942,
        207.4458330823419,
        207.5193994507648,
        207.59381767412117,
        207.66908244867636,
        207.7451866530829,
        207.8221241367828,
        207.8998931429431,
        207.97849341050627,
        208.05792459242988,
        208.13818668371724,
        208.21927824088849,
        208.30120006550814,
        208.3839514757446,
        208.4675316732003,
        208.55194049287346,
        208.6371779023416,
        208.72324293342848,
        208.81013557893783,
        208.89785545111147,
        208.98640129110217,
        209.07577384529878,
        209.16597157161428,
        209.25699477286963,
        209.34884256350202,
        209.44151491940082,
        209.5350108967699,
        209.6293296711889,
        209.724471252569,
        209.82043510099808,
        209.91722037807267,
        210.01482682568133,
        210.11325339878448,
        210.21249969084056,
        210.31256541102826,
        210.41344944545375,
        210.5151514128259,
        210.61767076273583,
        210.72100665239293,
        210.82515804379335,
        210.93012491126746,
        211.03590631391526,
        211.142501463953,
        211.24990882362766,
        211.35812895565874,
        211.46716004670674,
        211.57700189324473,
        211.68765328640112,
        211.79911351833448,
        211.91138209856058,
        212.02445680702473,
        212.1383380032198,
        212.25302463208916,
        212.36851453454153,
        212.4848079587806,
        212.60190377634035,
        212.71979980092655,
        212.83849609557032,
        212.95799036839026,
        213.0782823069301,
        213.19937023215059,
        213.32125352222945,
        213.44392937936453,
        213.56739740884504,
        213.69165584747338,
        213.81670304281488,
        213.9425373054805,
        214.06915761795,
        214.19656319225953,
        214.32475290386037,
        214.45372623164343,
        214.58348214759715,
        214.7140201161648,
        214.84533825755847,
        214.97743634799338,
        215.11031335510842,
        215.24396855673695,
        215.3784007222257,
        215.513609468131,
        215.64959304808747,
        215.7863505101683,
        215.92388160107566,
        216.06218531914197,
        216.20126040089755,
        216.34110579458422,
        216.4817206754628,
        216.62310358077252,
        216.76525441635312,
        216.90817168001007,
        217.05185434232908,
        217.19630155146325,
        217.3415120229476,
        217.48748481364908,
        217.63421933428532,
        217.78171378598012,
        217.9299673372519,
        218.07897887815034,
        218.22874787062864,
        218.379272446329,
        218.5305517108174,
        218.6825848554533,
        218.83537032939185,
        218.98890710178307,
        219.14319392560708,
        219.29822988543717,
        219.45401303289594,
        219.61054305827372,
        219.7678185966762,
        219.92583877015642,
        220.0846026975293,
        220.24410929770085,
        220.40435764714024,
        220.56534658122968,
        220.72707604915303,
        220.88954419285852,
        221.0527501780524,
        221.2166933632411,
        221.38137253407808
    ]
}