{
    "start": 0,
    "stop": 8,
    "anchors": [],
    "levels": [
        129.35988840442502,
        127.7435429801084,
        126.18855720026173,
        124.73665585583151,
        123.47150170253468,
        122.53500009757498,
        122.0392191596363,
        121.91439246730243,
        121.9206998212771,
        121.94871879898248,
        121.98471476189957,
        122.0255896501361,
        122.07014693297312,
        122.11776933604577,
        122.16804926812978,
        122.22067768010898,
        122.27537895930948,
        122.33189945670301,
        122.38999490920082,
        122.44942750286965,
        122.5099627460217,
        122.57136882081085,
        122.6334108695564,
        122.69584547899224,
        122.75841813868966,
        122.82096559513126,
        122.88343431189608,
        122.94578709278184,
        123.00799222374584,
        123.07002602615259,
        123.13186761701684,
        123.193503176532,
        123.25491968910762,
        123.31610813329775,
        123.37706112381596,
        123.43777326834464,
        123.49824036922364,
        123.55845998501565,
        123.61843021786807,
        123.67815020826112,
        123.73761898061969,
        123.79683879171472,
        123.85580874716764,
        123.91453089371056,
        123.9730060623115,
        124.03123670815914,
        124.08922514482435,
        124.14697235401346,
        124.2044816807946,
        124.2617554956719,
        124.31879638456256,
        124.37560618492947,
        124.43218846293169,
        124.48854583999234,
        124.54468043881374,
        124.6005955894289,
        124.65629375787665,
        124.71177770669281,
        124.76705019790653,
        124.8221138282556,
        124.87697186934884,
        124.93162617011151,
        124.98607915573741,
        125.04033418101506,
        125.09439375606188,
        125.14826032105967,
        125.20193616949715,
        125.25542320467639,
        125.30872494201347,
        125.36184423306682,
        125.41478050384369,
        125.46753879508371,
        125.52012118990997,
        125.5725282376944,
        125.62476368427853,
        125.67682916757714,
        125.72872684806603,
        125.78045866174475,
        125.8320266871234,
        125.88343259250342,
        125.93467881641891,
        125.98576724447307,
        126.03669945885602,
        126.08747757109549,
        126.13810340584361,
        126.18857832543824,
        126.2389047138417,
        126.28908376517623,
        126.33911772902479,
        126.38900739437311,
        126.43875492827145,
        126.48836199170691,
        126.53783020947364,
        126.5871605259423,
        126.63635512579704,
        126.68541559054805,
        126.73434361286596,
        126.78313802026145,
        126.8318030249892,
        126.88033950216972,
        126.92874847575258,
        126.97703176987204,
        127.02518975384375,
        127.0732238758882,
        127.12113591346301,
        127.16892771976372,
        127.21659876698241,
        127.26415157082846,
        127.31158727482376,
        127.35890610002762,
        127.40611101423019,
        127.45320050404104,
        127.50017815193718,
        127.54704276620973,
        127.59379757342978,
        127.6404423218834,
        127.68697860781856,
        127.73340788326126,
        127.77972928751817,
        127.8259456919119,
        127.87205730239631,
        127.91806533919208,
        127.96397057499617,
        128.00977410247998,
        128.0554763337248,
        128.1010787468826,
        128.1465819709274,
        128.19198734052162,
        128.2372949666183,
        128.2825057328201,
        128.3276206783404,
        128.37264093782542,
        128.4175672108707,
        128.46240008192092,
        128.50714054415,
        128.55178903420017,
        128.59634631275085,
        128.64081344731602,
        128.68519181062015,
        128.72948035465174,
        128.77368263478309,
        128.81779483932183,
        128.86182188411698,
        128.9057631046865,
        128.94961822562368,
        128.9933893013598,
        129.03707624123928,
        129.0806800052075,
        129.12420157903472,
        129.1676402749294,
        129.21099790893314,
        129.2542747112484,
        129.29747135613326,
        129.34058865626932,
        129.383626844192,
        129.4265864882283,
        129.46946840367093,
        129.51227323395716,
        129.55500130375327,
        129.59765325973268,
        129.64022995764583,
        129.68273136245386,
        129.72515863799703,
        129.7675111217014,
        129.80979065893817,
        129.85199813973296,
        129.8941318804348,
        129.93619449243087,
        129.97818537696762,
        130.02010529967947,
        130.06195517122265,
        130.10373461186424,
        130.1454448241962,
        130.18708619588708,
        130.22866004993506,
        130.27016473454063,
        130.3116006029742,
        130.3529706111073,
        130.3942737414987,
        130.43551091911087,
        130.47668186972635,
        130.51778751490352,
        130.55882806771424,
        130.5998042089919,
        130.6407157918631,
        130.68156451088845,
        130.72234857778005,
        130.76307038614453,
        130.80372956636998,
        130.84432681264184,
        130.88486192678133,
        130.92533605730426,
        130.96574848554684,
        131.00610075168416,
        131.0463925321518,
        131.08662474555618,
        131.12679654982904,
        131.16690996059756,
        131.2069645711523,
        131.2469603140557,
        131.28689787976174
    ]
}