{
    "yield_pre": 6.010165883016901,
    "error_pre": 1.0804483615604197
}