{
    "yield_post": 5.486495060246984,
    "error_post": 0.8440987221743135
}