{
    "yield_post": 5.486728198302811,
    "error_post": 0.8442572499699991
}