{
    "yield_pre": 6.012182950421734,
    "error_pre": 1.0819943403683332
}