{
    "start": 2,
    "stop": 17,
    "anchors": [],
    "levels": [
        155.7901373833976,
        155.02863306790198,
        154.29202444326214,
        153.37012487848125,
        152.49897116919072,
        151.6023151947918,
        150.50106687140763,
        149.3769293770859,
        148.2842976774313,
        147.23601851481266,
        146.15902653408833,
        145.286129510534,
        144.3223227169539,
        143.47979806379524,
        142.6853632935713,
        141.9368817656474,
        141.2321243810226,
        140.56889123831814,
        139.94506608091442,
        139.3586212914378,
        138.80760254019998,
        138.2901843066137,
        137.8046396683681,
        137.3493196540413,
        136.9226587505236,
        136.5231660511522,
        136.1494317824462,
        135.80012431834788,
        135.473990574589,
        135.16985483598353,
        134.8866029535187,
        134.62320273263995,
        134.37867282097966,
        134.15208795189523,
        133.9424965945293,
        133.74857799882633,
        133.56922128384969,
        133.4037379325923,
        133.25170956562164,
        133.11284628963267,
        132.98687782460502,
        132.87349184376555,
        132.7723060719882,
        132.68286528526534,
        132.604646539821,
        132.53707361897213,
        132.47953023295088,
        132.4313759714131,
        132.39195889821391,
        132.3606308908211,
        132.33675566753152,
        132.31972063808024,
        132.3089421411151,
        132.30387220990488,
        132.3039898175735,
        132.30881777297128,
        132.31790100696907,
        132.3308019456895,
        132.3470827799844,
        132.36627148720567,
        132.38780324066212,
        132.41092966395664,
        132.43469473426262,
        132.45820608040069,
        132.48099542607912,
        132.50296072643434,
        132.52414864604341,
        132.54463914856535,
        132.5650857654448,
        132.58693138508244,
        132.6102009213265,
        132.63486728190426,
        132.66091793397646,
        132.68835001235624,
        132.71716743950634,
        132.74737957940062,
        132.77899669389126,
        132.81203024583084,
        132.84649046064595,
        132.88238679495598,
        132.91972642788312,
        132.9585130758543,
        132.99874969886497,
        133.0404353514229,
        133.08356729539818,
        133.12813897569987,
        133.17414326554984,
        133.2215712165404,
        133.27041139026676,
        133.32065106611023,
        133.37227598718792,
        133.4252712471852,
        133.47961950938688,
        133.53530414248758,
        133.59230608364356,
        133.65060466056738,
        133.71019137015367,
        133.7710054558801,
        133.83305998750077,
        133.89631517146682,
        133.96074166088007,
        134.0263060410794,
        134.09296983291298,
        134.16069260176408,
        134.22944628335216,
        134.2992072745349,
        134.3699500552343,
        134.44164749344293,
        134.51426956432303,
        134.58778325212901,
        134.66215631850673,
        134.73736142652584,
        134.813378456156,
        134.89018588086913,
        134.96776502478158,
        135.04609782935904,
        135.12516400370995,
        135.20494554253435,
        135.28542356795472,
        135.3665801251819,
        135.4483974171991,
        135.53085655215176,
        135.61394159339397,
        135.69763510990998,
        135.78191716530503,
        135.86677348765116,
        135.95218755368546,
        136.03814221376453,
        136.12462169027663,
        136.2116073143522,
        136.29908781813916,
        136.38704375722625,
        136.47546154737287,
        136.56432579606764,
        136.65362146127893,
        136.74333346818773,
        136.83344686988985,
        136.92394924073002,
        137.0148239224758,
        137.10605828553616,
        137.19763788189698,
        137.28954997898168,
        137.3817794205784,
        137.47431472209882,
        137.56714175389513,
        137.66024733732704,
        137.75361752092485,
        137.84724154519643,
        137.94110489907646,
        138.03519545537267,
        138.12950015897854,
        138.22400614924317,
        138.318700387091,
        138.41357025411529,
        138.50860685767935,
        138.6038005005612,
        138.6991420911761,
        138.79462165310707,
        138.8902304949112,
        138.98596073408632,
        139.08180364735665,
        139.1777518127146,
        139.27379568087642,
        139.36992980551372,
        139.46614370379785,
        139.56243238505076,
        139.65878779025024,
        139.75520346330896,
        139.85167278013876,
        139.94818934362564,
        140.0447467444733,
        140.14133667919262,
        140.23795637750408,
        140.33459861473477,
        140.43125782518126,
        140.52792869140885,
        140.62460576358933,
        140.7212840494282,
        140.81795850052305,
        140.91462404237285,
        141.01127636255097,
        141.10791096769205,
        141.2045229907442,
        141.30110855987516,
        141.39766414803108,
        141.49418351391898,
        141.59066582379282,
        141.68710536897188,
        141.7834992531872,
        141.87984372677397,
        141.97613538437284,
        142.0723715009914,
        142.16854769371776,
        142.2646633914899,
        142.3607120193421,
        142.4566938277377,
        142.55260777850359,
        142.64844327291843,
        142.74420551580977,
        142.83988975726137,
        142.93549519442433
    ]
}