{
    "yield_linear": 6.010378636373209,
    "error_linear": 1.0652178483859076,
    "error_log": 0.17722974089177893
}