{
    "nbins": 50,
    "range_": [
        0.0,
        3.0
    ],
    "nburnin": 100,
    "nsamples": 100000,
    "nrepeats": 100,
    "seed": 0,
    "step_size": 0.2,
    "prob_eye": 0.1,
    "yields": [
        0,
        0,
        0,
        0,
        0,
        0,
        0,
        0,
        0,
        2,
        77,
        871,
        5638,
        24918,
        85081,
        215988,
        435459,
        709357,
        979656,
        1172513,
        1237757,
        1180222,
        1029047,
        838016,
        637761,
        464448,
        326915,
        222844,
        148562,
        98337,
        64604,
        41744,
        27261,
        17458,
        11550,
        7788,
        5159,
        3443,
        2480,
        1619,
        1052,
        719,
        506,
        367,
        210,
        172,
        134,
        98,
        46,
        43
    ],
    "errors": [
        0.0,
        0.0,
        0.0,
        0.0,
        0.0,
        0.0,
        0.0,
        0.0,
        0.0,
        1.9899748742132388,
        17.020869543005126,
        56.6620684408891,
        159.29708095253972,
        386.5187705661913,
        774.7705402246524,
        1407.6258593816751,
        1829.0785084298595,
        2244.3717405991365,
        2567.158865360693,
        2183.9508488058973,
        2160.742583002427,
        1920.9552727744597,
        2045.0889736145955,
        2459.8112610523594,
        1629.8968648353184,
        1565.019795401962,
        1347.3383947620584,
        1131.5585004762233,
        917.9311303142517,
        773.8212390468487,
        562.7271452489208,
        407.86350658032654,
        362.42763415611677,
        261.4313676665446,
        231.70455325694402,
        167.04059386867613,
        121.70534088527097,
        109.14444557557658,
        81.75573374387878,
        68.77056056191485,
        48.17634274205547,
        52.56795601885237,
        41.5167436102592,
        31.561210369692727,
        24.67792535850613,
        24.57966639317954,
        18.178008691823198,
        17.88742575106881,
        9.42549733435855,
        8.860586888011422
    ]
}