{
    "nbins": 50,
    "range_": [
        0.0,
        20.0
    ],
    "nburnin": 100,
    "nsamples": 100000,
    "nrepeats": 100,
    "seed": 0,
    "step_size": 0.5,
    "prob_eye": 0.1,
    "yields": [
        58331,
        76796,
        100982,
        128229,
        159469,
        194123,
        232587,
        271064,
        314149,
        353121,
        386661,
        418030,
        440560,
        457038,
        465459,
        467236,
        461732,
        450227,
        433134,
        410249,
        384262,
        358647,
        330847,
        302078,
        274512,
        247319,
        221138,
        198511,
        175570,
        155436,
        137195,
        120209,
        104502,
        91984,
        80685,
        70199,
        60601,
        52878,
        45926,
        39676,
        34453,
        30654,
        26096,
        22562,
        19491,
        17145,
        14845,
        12947,
        11265,
        9823
    ],
    "errors": [
        427.6416607394561,
        427.2514950237155,
        514.0163032433893,
        543.3273322776981,
        522.2713758191234,
        654.5225053426351,
        718.0900431004457,
        713.6126680489916,
        805.6245961985026,
        901.5478855834557,
        982.0833925894482,
        929.1162467635576,
        917.209899641298,
        1064.0712194209557,
        851.6890218853357,
        905.9531113694572,
        1049.178612058023,
        1017.4594389949903,
        797.681916555716,
        846.7862717356724,
        773.520238907813,
        813.2680431444483,
        736.2587249058581,
        816.5924075081764,
        721.387940015634,
        646.5488303291561,
        666.675003281209,
        608.0146297581991,
        541.2790407913463,
        533.7050121555915,
        552.9183936169965,
        460.41523649853303,
        426.9027523921578,
        403.91018803689514,
        391.29624327355873,
        398.8420614729595,
        335.3609846121042,
        302.7394259094774,
        303.699259136403,
        297.4092130381976,
        254.64271047881965,
        271.4568842376262,
        228.2407500863946,
        233.06557017285925,
        192.44269276852262,
        162.93787159528017,
        169.58404995753583,
        148.69065202627905,
        133.48689074212493,
        117.63379616419766
    ]
}