{
    "ndata": 1.3427705764770508,
    "start": 0,
    "stop": 20,
    "rtol": 0.001,
    "integrals": [
        [
            0.6043890532431688,
            0.6046801775096552
        ],
        [
            0.6763272757018005,
            0.6767064146968779
        ],
        [
            0.7390863282705898,
            0.7394689354536264
        ],
        [
            0.7911555950366367,
            0.7914722493602518
        ],
        [
            0.8323820361072756,
            0.8327081116142666
        ],
        [
            0.8632958799307859,
            0.8636513212639336
        ],
        [
            0.8846800426309134,
            0.8850677276180999
        ],
        [
            0.8974640981658907,
            0.8978300405836294
        ],
        [
            0.9025648673519195,
            0.9029059555118107
        ],
        [
            0.9008885986316765,
            0.9012606407515966
        ],
        [
            0.8933921249478148,
            0.8937418110299155
        ],
        [
            0.8808876585869535,
            0.8812256629302837
        ],
        [
            0.8641681984955762,
            0.8644895309332083
        ],
        [
            0.8439364774078639,
            0.8442629657234635
        ],
        [
            0.8208386288473525,
            0.8211951314255873
        ],
        [
            0.7954895367968352,
            0.7958333242164761
        ],
        [
            0.7683626842306336,
            0.7687396376185576
        ],
        [
            0.7400026225675956,
            0.7402832478151331
        ],
        [
            0.7106819827897658,
            0.7109879552847314
        ],
        [
            0.6808083904224671,
            0.6811438046624924
        ],
        [
            0.6507039007766202,
            0.6510317867709515
        ],
        [
            0.6206061206262443,
            0.6209273162895087
        ],
        [
            0.5907348223315106,
            0.591046839291882
        ],
        [
            0.5612742210892766,
            0.5615757344259258
        ],
        [
            0.5323856656846059,
            0.5326540151367093
        ],
        [
            0.5041631713157753,
            0.5044400724594558
        ],
        [
            0.4767331219962367,
            0.4770031019930121
        ],
        [
            0.4501676057875919,
            0.45043242695517094
        ],
        [
            0.4245422253360139,
            0.424770744903278
        ],
        [
            0.399873093869026,
            0.400087628865443
        ],
        [
            0.3762010765383339,
            0.37640211791781186
        ],
        [
            0.35355472636192364,
            0.35371934767917246
        ],
        [
            0.33192088907889006,
            0.33208457593626445
        ],
        [
            0.31129523313195334,
            0.3114443961165029
        ],
        [
            0.2916822939919473,
            0.29182943437606307
        ],
        [
            0.2730545771317165,
            0.2732163619203858
        ],
        [
            0.25542554696413505,
            0.2555533049706198
        ],
        [
            0.23872999026400385,
            0.23885526961867
        ],
        [
            0.22296129432755024,
            0.22307220344407203
        ],
        [
            0.20807256980350985,
            0.20819097500711317
        ],
        [
            0.19404925681917456,
            0.19416148878957964
        ],
        [
            0.1808583854755588,
            0.1809504332486912
        ],
        [
            0.16845294579471048,
            0.16853491742359525
        ],
        [
            0.15680247427839578,
            0.15687612770746698
        ],
        [
            0.1458650785907568,
            0.14594611369147997
        ],
        [
            0.1356257643755557,
            0.13569060380896203
        ],
        [
            0.12603098471674087,
            0.1260942591699945
        ],
        [
            0.11705399371685046,
            0.11711642549486362
        ],
        [
            0.10866198123388073,
            0.10872383106051815
        ],
        [
            0.10082729417330596,
            0.10088080494542032
        ],
        [
            0.09351274172000422,
            0.09356161376761142
        ],
        [
            0.08669014192100849,
            0.08673514603975085
        ],
        [
            0.0803300060953804,
            0.08037283951050708
        ],
        [
            0.07440515314572854,
            0.07444715578709721
        ],
        [
            0.06889318618808306,
            0.06892707828746875
        ],
        [
            0.0637619406304781,
            0.063794854293972
        ],
        [
            0.05899038049753985,
            0.05902290081650402
        ],
        [
            0.05455915305009835,
            0.054585336943188324
        ],
        [
            0.05043992375641541,
            0.05046683338719752
        ],
        [
            0.04661684055998017,
            0.04664237983907998
        ],
        [
            0.04307055031707779,
            0.04309222824027942
        ],
        [
            0.03978011413372027,
            0.03980102010234195
        ],
        [
            0.036730604989392186,
            0.03674881241179096
        ],
        [
            0.03390467594587398,
            0.03392062623518686
        ],
        [
            0.03128608838498367,
            0.0313018644644386
        ],
        [
            0.028860990036846935,
            0.028877760098140023
        ],
        [
            0.02661928830733119,
            0.02663131189489858
        ],
        [
            0.02454271433885556,
            0.024555527893422163
        ],
        [
            0.02262332552491481,
            0.022634508702952482
        ],
        [
            0.020848072658809336,
            0.02085930209708463
        ],
        [
            0.019208280177484608,
            0.01921769211800087
        ],
        [
            0.017692737348062385,
            0.017701505893408652
        ],
        [
            0.016293166523051617,
            0.01630094202724813
        ],
        [
            0.015000243506061437,
            0.015008471130180027
        ],
        [
            0.013807796639753102,
            0.01381446697450928
        ],
        [
            0.012706536006998144,
            0.012713603973783214
        ],
        [
            0.011690925503480038,
            0.011697692421943648
        ],
        [
            0.010754628255545538,
            0.010760435540496618
        ],
        [
            0.009891181051093599,
            0.009896440477626639
        ],
        [
            0.009095487698258006,
            0.009099828491027081
        ],
        [
            0.008362097905980059,
            0.008365850490179383
        ],
        [
            0.00768598281880871,
            0.007690073757390936
        ],
        [
            0.007063753175636988,
            0.007067093365498589
        ],
        [
            0.006490476393052817,
            0.006493696271201387
        ],
        [
            0.005962526851427209,
            0.005965940458008988
        ],
        [
            0.005477022067913424,
            0.005479713389882308
        ],
        [
            0.005030011312823835,
            0.005032490342999954
        ],
        [
            0.004618865324637779,
            0.00462098085783961
        ],
        [
            0.004240510204037666,
            0.004242395146041299
        ],
        [
            0.00389239601156745,
            0.0038944514071570365
        ],
        [
            0.003572479518446063,
            0.003574342950796657
        ],
        [
            0.003278396682502693,
            0.0032800192958691147
        ],
        [
