{
    "yield_post": 2.3524105971462337,
    "error_post": 0.9501366104675729
}