{
    "start": 0,
    "stop": 20,
    "levels": [
        133.02151107809598,
        133.0376232049759,
        133.05606688355013,
        133.07679068707313,
        133.09973639498395,
        133.124840537288,
        133.15203584198676,
        133.18125253240433,
        133.21241944198678,
        133.24546497200205,
        133.28031782119683,
        133.31690771625898,
        133.35516574356262,
        133.39502507941793,
        133.43642075324624,
        133.47929019242287,
        133.5235732397952,
        133.56921220979487,
        133.6161518795489,
        133.66433954340323,
        133.71372492666916,
        133.76426011138227,
        133.8158994703373,
        133.86859964798114,
        133.92231932668807,
        133.977019269231,
        134.03266216511824,
        134.08921254018802,
        134.14663667564218,
        134.20490245190268,
        134.2639794459425,
        134.32383854376394,
        134.38445217414878,
        134.44579402511803,
        134.50783904819082,
        134.5705633766453,
        134.63394428281828,
        134.69796002133327,
        134.76258991780165,
        134.82781421341676,
        134.89361403781058,
        134.9599713577938,
        135.02686894257664,
        135.09429030209768,
        135.16221966586042,
        135.23064188961814,
        135.29954258456422,
        135.3689078783201,
        135.4387245019271,
        135.50897962874797,
        135.57966109080527,
        135.65075707605513,
        135.72225640003896,
        135.79414818050338,
        135.86642200511739,
        135.9390678542459,
        136.01207608710013,
        136.0854374236126,
        136.1591429270589,
        136.23318398800512,
        136.30755230878472,
        136.38223988912398,
        136.45723901244335,
        136.53254223297262,
        136.6081423634967,
        136.68403246379054,
        136.76020582969016,
        136.83665598271767,
        136.91337666025598,
        136.9903618063108,
        137.06760558285347,
        137.14510227278095,
        137.22284641860315,
        137.30083270842823,
        137.3790559988653,
        137.45751126653738,
        137.5361937391115,
        137.61509872947573,
        137.69422163801337,
        137.7735580890603,
        137.85310380399034,
        137.9328546307504,
        138.01280653867323,
        138.09295561952382,
        138.17329801401283,
        138.25383011289045,
        138.3345482902585,
        138.41544905541474,
        138.4965290138229,
        138.57778486388924,
        138.65921339343393,
        138.74081147670773,
        138.82257607125942,
        138.9045042149929,
        138.98659302353914,
        139.06883968742272,
        139.15124146638,
        139.23379569630026,
        139.3164997780679,
        139.39935117767754,
        139.4823474244215,
        139.5654861087136,
        139.64876488016492,
        139.73218144563066,
        139.81573356747967,
        139.89941906164876,
        139.98323579620168,
        140.0671816894868,
        140.15125470866153,
        140.23545286822537,
        140.31977422848735,
        140.40421689425364,
        140.4887790134566,
        140.5734587758338,
        140.6582544118976,
        140.74316419138614,
        140.8281864222376,
        140.91331944955954,
        140.9985616544724,
        141.08391145316045,
        141.16936729598413,
        141.25492766620368,
        141.34059135027866,
        141.42635633950312,
        141.51222149742347,
        141.59818543028047,
        141.684246772882,
        141.77040418446956,
        141.85665635994002,
        141.94300201612532,
        142.02943989559148,
        142.1159687660079,
        142.2025874194945,
        142.2892946719427,
        142.37608936245613,
        142.4629703446473,
        142.5499365184618,
        142.6369867806508,
        142.72412005724703,
        142.81133529461536,
        142.8986314660113,
        142.98600754292647,
        143.07346253699407,
        143.1609954711593,
        143.24860538628394,
        143.33629134084308,
        143.42405241037295,
        143.51188768715846,
        143.59979627979254,
        143.68777731290683,
        143.77582966823218,
        143.86395300796923,
        143.95214625240192,
        144.0404085859024,
        144.12873920711115,
        144.2171373284236,
        144.30560217573216,
        144.3941329881588,
        144.4827290177312,
        144.57138952903463,
        144.66011379909412,
        144.74890111685738,
        144.8377507831447,
        144.92666211031118,
        145.01563442190707,
        145.10466705263804,
        145.1937593479669,
        145.28291066389758,
        145.37212036678892,
        145.46138783309544,
        145.55071244923622,
        145.64009361133674,
        145.7295307249753,
        145.81902320502218,
        145.90857047553772,
        145.99817196937371,
        146.0878271282165,
        146.17753540233232,
        146.26729625022423,
        146.3571091387761,
        146.44697354282835,
        146.53688894517524,
        146.6268548362163,
        146.7168707141013,
        146.80693608427146,
        146.89705045950697,
        146.98721335972022,
        147.07742431182794,
        147.16768284960543,
        147.25798851351058,
        147.3483408855785,
        147.4387394428049,
        147.52918378887676,
        147.61967348885307,
        147.71020811491016,
        147.80078724574403,
        147.89141046600622,
        147.9820773665071,
        148.07278754434424,
        148.1635406051389,
        148.25433617357487
    ]
}