{
    "start": 0,
    "stop": 12,
    "levels": [
        133.02151107809598,
        133.03089595310195,
        133.04112695144343,
        133.05219398423563,
        133.0640859153543,
        133.07679068707455,
        133.09029544530998,
        133.10458665539966,
        133.11965021936123,
        133.13547158398177,
        133.15203584198676,
        133.16932782506765,
        133.18733218768637,
        133.20603348068235,
        133.22541622041282,
        133.24546497200205,
        133.2661642819842,
        133.28749906256297,
        133.30945410177068,
        133.33201457123752,
        133.35516574356092,
        133.37889339979728,
        133.40318334274988,
        133.4280217467622,
        133.453395527122,
        133.47929019242287,
        133.50569413619124,
        133.53259436087654,
        133.5599786231699,
        133.58783498926357,
        133.616151879549,
        133.64491799007223,
        133.67412237010927,
        133.70375436659637,
        133.7338036288264,
        133.76426011138227,
        133.79511404468,
        133.82635599070656,
        133.85797676395137,
        133.88996742596294,
        133.92231932667332,
        133.95502409048004,
        133.98807357321274,
        134.02145987818218,
        134.05517534457917,
        134.08921254018702,
        134.12356427165568,
        134.15822349718573,
        134.19318344429627,
        134.2284375761058,
        134.2639794459425,
        134.2998028407101,
        134.33590176841565,
        134.37227036729305,
        134.4089029580269,
        134.44579402513153,
        134.48293821146717,
        134.52033031314184,
        134.55796527409342,
        134.595838181342,
        134.63394428283394,
        134.67227888945683,
        134.71083751347766,
        134.7496157673907,
        134.78860938422514,
        134.82781421340258,
        134.8672262167982,
        134.9068414651923,
        134.9466561362076,
        134.9866664953133,
        135.02686894257664,
        135.0672599297968,
        135.107836027252,
        135.14859388708368,
        135.18953024787223,
        135.23064188961814,
        135.27192579117786,
        135.3133789087724,
        135.35499829739607,
        135.3967811250882,
        135.43872450192734,
        135.4808257462012,
        135.52308219488935,
        135.56549126449485,
        135.6080503607794,
        135.65075707606772,
        135.69360897999275,
        135.7366036984209,
        135.77973893336969,
        135.82301243485983,
        135.86642200512992,
        135.90996549694952,
        135.95364081217483,
        135.9974459003387,
        136.04137875724516,
        136.0854374236126,
        136.1296199838219,
        136.17392456459305,
        136.21834933386722,
        136.26289249963938,
        136.30755230878472,
        136.35232704588253,
        136.39721503241853,
        136.44221462551727,
        136.48732421715977,
        136.53254223297262,
        136.57786713166587,
        136.62329740384416,
        136.66883157126998,
        136.71446818602016,
        136.76020582968988,
        136.80604311258205,
        136.85197867294912,
        136.898011176366,
        136.94413931485303,
        136.99036180631222,
        137.03667741721307,
        137.08308486361585,
        137.12958296535683,
        137.17617053768225,
        137.22284641858735,
        137.26960946813614,
        137.31645856809283,
        137.3633926219081,
        137.4104105565317,
        137.45751126653738,
        137.50469379189582,
        137.55195711947403,
        137.59930015895503,
        137.6467219884396,
        137.69422163802827,
        137.74179816027691,
        137.78945062557005,
        137.83717812096268,
        137.88497974967692,
        137.9328546307504,
        137.98080189863157,
        138.02882070403226,
        138.07691021329538,
        138.1250695617214,
        138.17329801401283,
        138.22159474512804,
        138.26995897517747,
        138.31838993746592,
        138.36688687800049,
        138.4154490553999,
        138.46407574062258,
        138.51276621656234,
        138.56151977798405,
        138.6103357311226,
        138.65921339343393,
        138.70815209348441,
        138.7571511706496,
        138.80620997473662,
        138.8553278660732,
        138.9045042149922,
        138.95373840179488,
        139.00302981649523,
        139.05237785861766,
        139.10178193585193,
        139.15124146638067,
        139.20075587803856,
        139.25032460653097,
        139.29994709612657,
        139.3496227995319,
        139.39935117767754,
        139.4491316996524,
        139.4989638423414,
        139.54884709050003,
        139.59878093650232,
        139.6487648801514,
        139.69879842858617,
        139.7488810961483,
        139.79901240419514,
        139.8491918809835,
        139.89941906164876,
        139.94969348789465,
        140.00001470790767,
        140.0503822763951,
        140.10079575430348,
        140.15125470867565,
        140.20175871271252,
        140.2523073455095,
        140.3029001919699,
        140.353536842796,
        140.4042168942539,
        140.45493994814308,
        140.50570561167453,
        140.55651349743547,
        140.6073632231459,
        140.6582544118976,
        140.7091866915249,
        140.7601596949475,
        140.81117305993268,
        140.86222642903834,
        140.91331944957415,
        140.9644517733372,
        141.01562305677774,
        141.06683296079527,
        141.11808115066492,
        141.16936729598413
    ]
}