{
    "yield_post": 4.697384905418605,
    "error_post": 1.3880686154828599
}