{
    "start": 0,
    "stop": 20,
    "anchors": [],
    "levels": [
        103.55697409270155,
        72.5707274741968,
        72.13718268921403,
        71.75965210057026,
        71.44065337651361,
        71.18138286107147,
        70.9817425428748,
        70.84044189859847,
        70.75515738744383,
        70.72272819741272,
        70.7393562248252,
        70.80079504664914,
        70.90252385745191,
        71.0399024781231,
        71.2083197038099,
        71.40334316738378,
        71.62087377610244,
        71.85729139643641,
        72.10954946916472,
        72.3751896269064,
        72.65226872093922,
        72.93925606329512,
        73.23493309247867,
        73.53830513126343,
        73.8485378227368,
        74.16490044804995,
        74.48671818676209,
        74.81331902876988,
        75.14397980931585,
        75.47788571858614,
        75.81414832989464,
        76.15186258718202,
        76.49011108019454,
        76.82793969956427,
        77.16430852063758,
        77.49809812327217,
        77.82812690978754,
        78.15322465222528,
        78.47230281020276,
        78.78436699160575,
        79.08851424694195,
        79.38402265601171,
        79.67003025239117,
        79.94595042089043,
        80.21261684991158,
        80.47092065592571,
        80.72160362789339,
        80.96525432872774,
        81.2024079759609,
        81.43355783191979,
        81.65914283748934
    ]
}