{
    "yield_post": 82.45919686648892,
    "error_post": 6.219644923868974
}