{
    "start": 50,
    "stop": 130,
    "levels": [
        54.444814846965805,
        53.33208039014397,
        52.31204616484022,
        51.37835909173372,
        50.52487758556461,
        49.7458703585749,
        49.036144297055216,
        48.39094802949512,
        47.80576712121132,
        47.276510465162936,
        46.79962855517674,
        46.37163979156963,
        45.98937133599844,
        45.64988986856066,
        45.350729455336705,
        45.09025265136094,
        44.8678753258,
        44.683548053260395,
        44.53678165272489,
        44.426538562888695,
        44.35162519558216,
        44.31090858300189,
        44.303329563982366,
        44.327834069425215,
        44.383306880385476,
        44.4685333330187,
        44.58218776097147,
        44.7228385180277,
        44.88895980766514,
        45.07894616803431,
        45.29113542695899,
        45.52385693460922,
        45.77553780026884,
        46.04487662241871,
        46.331002812853086,
        46.63309511607952,
        46.95013511553863,
        47.28113548646089,
        47.62514785029554,
        47.981261964825485,
        48.3486054566629,
        48.72634591779555,
        49.113692087339125,
        49.50989689674023,
        49.914261030085584,
        50.32613284032741,
        50.7448880797303,
        51.16991990117799,
        51.6006521311714,
        52.036520434294545,
        52.47697931809046
    ]
}