{
    "start": 0,
    "stop": 30,
    "levels": [
        40.39917710808585,
        40.34981334491498,
        40.30276591103046,
        40.25799197397086,
        40.215448758945456,
        40.17509320391224,
        40.13688242346476,
        40.100773723555214,
        40.06672467685274,
        40.03469345540791,
        40.00463785005195,
        39.976517070997915,
        39.95029035229684,
        39.925917476568074,
        39.903359073742436,
        39.882575304915704,
        39.86352817240342,
        39.846179695893504,
        39.8304924887497,
        39.81642978212304,
        39.80395547163258,
        39.79303402463671,
        39.783630548242414,
        39.77571084705095,
        39.769241375004086,
        39.76418924400699,
        39.760522882350244,
        39.758209668753665,
        39.75724046133072,
        39.75752516639375,
        39.759095405518714,
        39.76190333308537,
        39.76592274675202,
        39.77112830670105,
        39.77749599443881,
        39.78500339589327,
        39.793628560601775,
        39.80335160899593,
        39.81415476021112,
        39.82602078646583,
        39.838933253373035,
        39.852878784874505,
        39.86784405383872,
        39.88381728467863,
        39.90078780380071,
        39.918745929032255,
        39.93768285536278,
        39.95759053591544,
        39.97846154534774,
        40.00028897349816,
        40.02306631885951,
        40.046787391018015,
        40.071445842636365,
        40.097035716226785,
        40.12355200128715,
        40.150988493663434,
        40.17933938632646,
        40.20859880970061,
        40.23876080433775,
        40.26981929770927,
        40.3017680812503,
        40.334600794474596,
        40.36831093867805,
        40.402892023016676,
        40.43833746084658,
        40.474640318908705,
        40.511792852947735,
        40.54978901607993,
        40.58862124879631,
        40.62828220160722,
        40.66876452475237,
        40.71006075529585,
        40.75216336451027,
        40.795064766138616,
        40.83875732493013,
        40.883233365396165,
        40.92848518040558,
        40.97450503946977,
        41.0212851966607,
        41.06881803321572,
        41.1170954923428,
        41.166109998993804,
        41.21585381759803,
        41.26631923053406,
        41.317498543861426,
        41.36938409267525,
        41.421968246085925,
        41.47524341183288,
        41.52920204202427,
        41.58383663399739,
        41.6391397344706,
        41.69510394442432,
        41.751721921773445,
        41.80898638944702,
        41.86689014333098,
        41.92542600116702,
        41.98458687722352,
        42.044365614717876,
        42.10475551826328,
        42.165749586299206,
        42.22734101426412,
        42.289523066660045,
        42.352289081716094,
        42.415632472148545,
        42.47954672579067,
        42.544025406091734,
        42.609062152489024,
        42.674650680660044,
        42.74078478266373,
        42.80745832698006,
        42.874665258457185,
        42.94239959817452,
        43.01065544322967,
        43.07942696645597,
        43.14870841607685,
        43.21849411530279,
        43.28877846187573,
        43.359555927565836,
        43.43082105809802,
        43.50256847236604,
        43.574792860294906,
        43.64748898395409,
        43.72065167633078,
        43.79427584061887,
        43.86835644948611,
        43.942888544321775,
        44.01786672272317,
        44.09328712483589,
        44.169144538161646,
        44.245434271354185,
        44.32215169787098,
        44.39929225515431,
        44.47685144380697,
        44.55482482676423,
        44.63320802846314,
        44.7119967340107,
        44.7911866883518,
        44.87077369542958,
        44.95075361737452,
        45.03112237366896,
        45.111875940320935,
        45.193010349048386,
        45.27452168646568,
        45.35640609327567,
        45.43865976346787,
        45.5212789435233,
        45.60425993162636,
        45.68759907688416,
        45.77129277855363,
        45.85533748527679,
        45.93972969432438,
        46.02446595084813,
        46.109542847201325,
        46.19495702217787,
        46.280705160069964,
        46.36678399023961,
        46.45319028632455,
        46.53992086555125,
        46.62697258805652,
        46.714342355990816,
        46.802027113509524,
        46.89002384548668,
        46.97832957704125,
        47.06694137292349,
        47.155856336889585,
        47.24507161108589,
        47.33458437544267,
        47.42439184707714,
        47.51449127970579,
        47.60487996306583,
        47.695555222392166,
        47.78651441772787,
        47.87775494347863,
        47.969274227864254,
        48.06106973236754,
        48.15313895120925,
        48.24547941083337,
        48.33808866940379,
        48.43096431631239,
        48.5241039877317,
        48.61750529466073,
        48.711165951920044,
        48.805083655655025,
        48.89925614327223,
        48.99368118778522,
        49.088356581213034,
        49.183280145817214,
        49.27844972911836,
        49.37386320255423,
        49.469518497515395,
        49.56541355484793,
        49.661546196772285,
        49.757914553433494,
        49.85451661595715,
        49.95135033435486,
        50.048413755711685,
        50.14570496598846,
        50.24322211597827,
        50.34096334944992,
        50.438926800792146,
        50.5371106300403
    ]
}