{
    "yield_pre": 84.76869310293628,
    "error_pre": 8.844551596169474
}