{
    "yield_post": 82.45932812684548,
    "error_post": 6.219668362598849
}