{
    "start": 50,
    "stop": 130,
    "anchors": [],
    "levels": [
        54.44481500074281,
        53.33208039014397,
        52.312046477459035,
        51.37835922184982,
        50.52487758556461,
        49.7458703585749,
        49.036144297055216,
        48.39094802949512,
        47.80576712121132,
        47.27651077474862,
        46.79962880972134,
        46.37163979674992,
        45.98937133599844,
        45.64988992925328,
        45.350729455336705,
        45.09025268293608,
        44.8678753258,
        44.683548053260395,
        44.53678165272489,
        44.426538604757695,
        44.35162521115056,
        44.31090858439167,
        44.303329563982366,
        44.32783408330366,
        44.38330688151461,
        44.4685333330187,
        44.58218776097147,
        44.7228385180277,
        44.8889598581789,
        45.0789462028027,
        45.29113543065985,
        45.52385699363424,
        45.77553781061506,
        46.044876668672316,
        46.33100287877493,
        46.63309511607952,
        46.95013514485245,
        47.28113548646089,
        47.62514788176224,
        47.981261964825485,
        48.34860555442502,
        48.72634591779555,
        49.113692087339125,
        49.50989689674023,
        49.914261030085584,
        50.32613284032741,
        50.74488807973042,
        51.169919901178154,
        51.6006521311714,
        52.036520434294545,
        52.476979318090656
    ]
}