{
    "nbins": 50,
    "range_": [
        50.0,
        130.0
    ],
    "nburnin": 100,
    "nsamples": 100000,
    "nrepeats": 100,
    "seed": 0,
    "step_size": 0.2,
    "prob_eye": 0.1,
    "yields": [
        1293,
        2913,
        6084,
        11891,
        22757,
        40594,
        66943,
        104535,
        154834,
        219175,
        294380,
        375680,
        460530,
        538683,
        608192,
        660595,
        693756,
        703998,
        690761,
        660308,
        614801,
        551830,
        486929,
        419106,
        351224,
        288377,
        233223,
        185162,
        142996,
        109798,
        82325,
        61441,
        44771,
        32417,
        23281,
        16172,
        11851,
        7894,
        5677,
        3862,
        2681,
        1833,
        1158,
        858,
        537,
        349,
        222,
        166,
        106,
        69
    ],
    "errors": [
        54.17111776583532,
        81.95919716541883,
        134.2216077984465,
        160.4187956568681,
        215.5609194636171,
        307.30707769265587,
        452.82503243526634,
        521.7094497898231,
        641.1087583242022,
        767.743935176306,
        862.5056521553931,
        923.9718610433978,
        962.1325272539123,
        1040.964989805133,
        1161.478953748194,
        1116.856638069542,
        1044.7548229130123,
        1124.9462031581775,
        942.9495161460126,
        1076.071261580756,
        933.0203588346826,
        990.4630230351864,
        1054.269695097037,
        884.5787924204378,
        864.1042992602223,
        725.5947284814023,
        755.5300854367085,
        681.2162358605378,
        563.7905994249991,
        500.17592904896964,
        393.01749324934633,
        360.9102242940756,
        319.87589781038514,
        280.06804530327986,
        231.80895150964292,
        171.49973760912877,
        156.32974764899993,
        129.24256264868782,
        93.3900958346226,
        76.01026246501192,
        65.38646648963378,
        55.893738468633494,
        40.20397990249223,
        39.52669983694566,
        30.680775739866803,
        23.430535631948324,
        19.82826265712658,
        18.1229136730273,
        11.816936997377967,
        9.969453345093712
    ]
}