{
    "yield_linear": 84.77252178008672,
    "error_linear": 8.892651698705649,
    "error_log": 0.10490016708214234
}