{
    "ndata": 18.58450984954834,
    "start": 0,
    "stop": 40,
    "rtol": 0.001,
    "integrals": [
        [
            0.5053019419600056,
            0.505575234085457
        ],
        [
            0.5219403083789994,
            0.5221816673433561
        ],
        [
            0.5385045167463094,
            0.5387448637527397
        ],
        [
            0.5549448211136547,
            0.5551818933132694
        ],
        [
            0.5712071796817877,
            0.5714487015561083
        ],
        [
            0.587205582228994,
            0.5875182166007585
        ],
        [
            0.6029544958517844,
            0.6032374128579513
        ],
        [
            0.6183357673226174,
            0.6186163323908348
        ],
        [
            0.6332886854181641,
            0.6335957267232044
        ],
        [
            0.6477789759787296,
            0.6480714594414967
        ],
        [
            0.6617219071169209,
            0.6620172265624692
        ],
        [
            0.6750693124229994,
            0.675368937753962
        ],
        [
            0.6877578537963874,
            0.6880649914642833
        ],
        [
            0.699744246657586,
            0.7000308240623371
        ],
        [
            0.7109608466104198,
            0.7112342555756404
        ],
        [
            0.7213205217500569,
            0.7216569403393576
        ],
        [
            0.7308327232971604,
            0.7311956310260231
        ],
        [
            0.7394494371247001,
            0.739807368468731
        ],
        [
            0.7471130107343676,
            0.7474703503175667
        ],
        [
            0.7538105031603903,
            0.7541287990753616
        ],
        [
            0.7594664619803855,
            0.7597895574506616
        ],
        [
            0.7640774849233134,
            0.7644085727037494
        ],
        [
            0.767622229485486,
            0.7679644361028054
        ],
        [
            0.7700944449924817,
            0.7704299441153343
        ],
        [
            0.7714645247040752,
            0.7718132820342763
        ],
        [
            0.7717375792696368,
            0.7721026392076539
        ],
        [
            0.7709113388933071,
            0.7712948061549769
        ],
        [
            0.7690114577070323,
            0.7693780922435755
        ],
        [
            0.7660685546733557,
            0.7663458869333123
        ],
        [
            0.7620082534340842,
            0.7623000117693718
        ],
        [
            0.7569034403389571,
            0.7572105402266827
        ],
        [
            0.7507805580635366,
            0.7511038006266743
        ],
        [
            0.7436691808292852,
            0.7440099285099702
        ],
        [
            0.7356015545846788,
            0.7359614126748892
        ],
        [
            0.726617285809103,
            0.7269969631598576
        ],
        [
            0.7168118037881392,
            0.7171057831480786
        ],
        [
            0.7061395089101703,
            0.7064197772013343
        ],
        [
            0.6946845723815619,
            0.6949500324325864
        ],
        [
            0.6824811030043282,
            0.6827603145880019
        ],
        [
            0.6695966864310966,
            0.6698903483164087
        ],
        [
            0.6560836012848249,
            0.6563931839339522
        ],
        [
            0.6420085064807923,
            0.6423080441062339
        ],
        [
            0.6274037322138267,
            0.6277181312275385
        ],
        [
            0.6123499480553104,
            0.6126534129424435
        ],
        [
            0.5968885702819952,
            0.5971819322266798
        ],
        [
            0.5810764380984279,
            0.5813602748665213
        ],
        [
            0.564987642370574,
            0.5652267896044059
        ],
        [
            0.5486300705857263,
            0.5488808784764164
        ],
        [
            0.5320949315488835,
            0.5323363341050334
        ],
        [
            0.5154145498916569,
            0.5156669003036344
        ],
        [
            0.4986596590460478,
            0.4989028639041624
        ],
        [
            0.48185783045622255,
            0.4821121533890673
        ],
        [
            0.465075104281685,
            0.4653212387865108
        ],
        [
            0.44833731845211205,
            0.44859426186471124
        ],
        [
            0.43171381234733386,
            0.43194532687401865
        ],
        [
            0.41523297243547985,
            0.41542371203101947
        ],
        [
            0.39890075376542894,
            0.3990995232258945
        ],
        [
            0.3827873788894197,
            0.382970786391252
        ],
        [
            0.3669010657550098,
            0.36709184270992995
        ],
        [
            0.35128894767703567,
            0.3514734722645017
        ],
        [
            0.3359719405738972,
            0.3361497934988167
        ],
        [
            0.32097284334175424,
            0.321144889505235
        ],
        [
            0.3063185154661988,
            0.30647290802446336
        ],
        [
            0.29201080326382717,
            0.29217095405017607
        ],
        [
            0.2780885351645314,
            0.27823251003861343
        ],
        [
            0.2645387912510673,
            0.26469713637828124
        ],
        [
            0.2514058872864981,
            0.2515434828869143
        ],
        [
            0.23867514005128235,
            0.23880652523285145
        ],
        [
            0.22636437684355132,
            0.22648169559431816
        ],
        [
            0.21446926404414993,
            0.2145821701280603
        ],
        [
            0.2030026668931059,
            0.20310353658570265
        ],
        [
            0.191958058632438,
            0.19205470492882346
        ],
        [
            0.18133547947838227,
            0.18143437236688242
        ],
        [
            0.17113991356657057,
            0.17123430635065967
        ],
        [
            0.16136914968294983,
            0.1614504693523766
        ],
        [
            0.1520103608229183,
            0.15208720872329767
        ],
        [
            0.1430613091157859,
            0.14313466110135156
        ],
        [
            0.13451397152288094,
            0.13458813315529736
        ],
        [
            0.12636721402154805,
            0.12643298676668344
        ],
        [
            0.11860519982669747,
            0.11866787519976403
        ],
        [
            0.11122152307255265,
            0.11128110294456454
        ],
        [
            0.10420704003172461,
            0.10426155057358392
        ],
        [
            0.09754999779885717,
            0.09760074118986058
        ],
        [
            0.09124102338029234,
            0.09128611165580183
        ],
        [
            0.08526664304670291,
            0.08530905838806345
        ],
        [
            0.07961681006975405,
            0.07965627177099502
        ],
        [
            0.07427935578060028,
            0.07431655679098514
        ],
        [
            0.06924195231759817,
            0.06927906499772742
        ],
        [
            0.06449498373258279,
            0.06452952011703218
        ],
        [
            0.06002545643596794,
            0.060056692153581205
        ],
        [
            0.05582012089506584,
            0.055851126877552476
        ],
        [
            0.051870426382433256,
            0.051897514684844645
        ],
        [
            0.04816144179116179,
            0.048187491889501353
        ],
        [
