{
    "yield_pre": 7.003339642747799,
    "error_pre": 2.638484296926342
}