{
    "yield_linear": 32.65064921436373,
    "error_linear": 4.594917788600432,
    "error_log": 0.1407297526745357
}