{
    "yield_post": 31.850990784615693,
    "error_post": 3.727172908402753
}