{
    "yield_pre": 30.057432989327786,
    "error_pre": 4.866697883048212
}