{
    "nbins": 50,
    "range_": [
        10.0,
        60.0
    ],
    "nburnin": 100,
    "nsamples": 100000,
    "nrepeats": 100,
    "seed": 0,
    "step_size": 0.2,
    "prob_eye": 0.1,
    "yields": [
        0,
        2,
        1,
        43,
        249,
        1017,
        3731,
        11282,
        27773,
        59413,
        112632,
        192366,
        295465,
        418051,
        546787,
        665211,
        760625,
        822952,
        843554,
        829098,
        778586,
        707226,
        617025,
        523075,
        430918,
        343834,
        268082,
        205900,
        153570,
        113719,
        82270,
        58968,
        40825,
        28483,
        19278,
        12925,
        8705,
        5666,
        3789,
        2497,
        1590,
        974,
        674,
        446,
        265,
        183,
        96,
        61,
        44,
        27
    ],
    "errors": [
        0.0,
        1.9899748742132397,
        0.9949874371066199,
        9.721625378505383,
        23.64296935666077,
        40.7198968564509,
        98.7491265784159,
        172.76214863215844,
        274.670184038967,
        451.75580793167455,
        611.3703950961316,
        729.2451165417563,
        759.3607508951196,
        1076.0729482707013,
        1230.7637100597335,
        1517.3166413112324,
        1489.1060237605648,
        1530.0427967870703,
        1548.5977011477191,
        1434.0515890301854,
        1221.2403694604925,
        1469.466311284474,
        1326.1141542114692,
        1042.0387468803644,
        1064.5772682149477,
        1020.5794628543139,
        760.8973386732272,
        830.8441490436098,
        591.1336566293616,
        573.6317546998249,
        450.4475552159207,
        456.06552160846365,
        365.46785084327183,
        393.49728080381954,
        259.0620775026712,
        205.909567529049,
        151.5676416653634,
        136.280739651647,
        101.7732283068588,
        77.2457765835777,
        66.43041472096951,
        53.71443009099135,
        40.363845208304916,
        28.615380479735023,
        26.772187060455103,
        21.635849879309113,
        15.806327846783397,
        12.561448961007633,
        14.235167719419406,
        8.585452812752512
    ]
}