{
    "nbins": 50,
    "range_": [
        80.0,
        220.0
    ],
    "nburnin": 100,
    "nsamples": 100000,
    "nrepeats": 100,
    "seed": 0,
    "step_size": 0.5,
    "prob_eye": 0.1,
    "yields": [
        248,
        794,
        2210,
        5100,
        10738,
        22877,
        42691,
        76886,
        126747,
        198105,
        290066,
        400027,
        516773,
        634113,
        737647,
        812179,
        855580,
        853056,
        811220,
        743961,
        654265,
        550995,
        445534,
        350359,
        263931,
        192224,
        137369,
        94862,
        62959,
        40528,
        26045,
        16478,
        9380,
        6116,
        3354,
        2012,
        1148,
        591,
        386,
        153,
        65,
        38,
        34,
        10,
        11,
        4,
        0,
        0,
        0,
        0
    ],
    "errors": [
        24.019991673603876,
        46.55792091577973,
        99.92497185388646,
        135.60973416388663,
        178.41401290257448,
        339.4579649971407,
        427.2659476251297,
        617.3718814458592,
        774.8979997393207,
        847.6347975396006,
        1191.762744844795,
        1352.6454487410956,
        1673.234505381717,
        1443.2128429306608,
        1723.0098403665606,
        1788.9797623226482,
        1933.9074434936126,
        1763.5880017736565,
        1688.9197731094273,
        1858.0849792191957,
        1680.0240325662007,
        1467.111703313691,
        1341.282386375069,
        1225.2951440367335,
        1047.0030515714843,
        1016.6957460322137,
        813.4822616381995,
        645.8463904056442,
        471.773451987286,
        422.9895506983594,
        330.9603450566246,
        268.41229480036867,
        211.19659088157647,
        162.20801459853948,
        120.76771091645314,
        86.44397029290126,
        57.01719039026739,
        54.57279542042905,
        34.612714426927,
        24.998199935195345,
        13.444329659748766,
        9.357350052231668,
        13.207573584879245,
        4.795831523312729,
        4.667976006793524,
        2.4166091947189146,
        0.0,
        0.0,
        0.0,
        0.0
    ]
}