{
    "yield_linear": 142.28359819598728,
    "error_linear": 14.306377648694644,
    "error_log": 0.10054832623074693
}