{
    "start": 0,
    "stop": 12,
    "levels": [
        138.1296542410546,
        137.48774888844042,
        136.8330962532671,
        136.16456720261598,
        135.48084921580113,
        134.78036698381183,
        134.06125654874776,
        133.32122739095115,
        132.55746688582485,
        131.76665327226038,
        130.9446237205095,
        130.08612045147044,
        129.1853900629706,
        128.2416332279613,
        127.28685275965258,
        126.41439877496282,
        125.69637973028122,
        125.15031412155894,
        124.77298654253309,
        124.55134714051127,
        124.46528940305394,
        124.49071079115936,
        124.60359241749553,
        124.78297722151788,
        125.01210476798103,
        125.27824672628711,
        125.57198188949721,
        125.88639565824622,
        126.21639071407549,
        126.55817197936105,
        126.90889068294359,
        127.26638199609268,
        127.62897663109572,
        127.99537482238101,
        128.36455408218634,
        128.7357059105575,
        129.1081838351011,
        129.48147160900095,
        129.8551521869592,
        130.22888864359933,
        130.60240770006365,
        130.97548719658354,
        131.34794627334963,
        131.71963761967413,
        132.0904413278039,
        132.46025989514953,
        132.82901452192422,
        133.19664106471706,
        133.56308916822235,
        133.92831826873595,
        134.29229663478264
    ]
}