{
    "yield_post": 5.090978569208842,
    "error_post": 0.766369116760985
}