{
    "start": 0,
    "stop": 12,
    "anchors": [],
    "levels": [
        138.1296542410546,
        137.97031746636515,
        137.8102312284176,
        137.64937998839855,
        137.48774888844042,
        137.3253223575084,
        137.1620819765738,
        136.9980124228481,
        136.8330962532671,
        136.6673117538794,
        136.500642842925,
        136.33306832334893,
        136.16456720261598,
        135.99511774680562,
        135.82469648687407,
        135.6532809540438,
        135.48084921580113,
        135.30736485214317,
        135.13280997079175,
        134.95715396597944,
        134.78036698381183,
        134.60241757166602,
        134.4232731872694,
        134.24289820114456,
        134.06125654874776,
        133.87831070967053,
        133.6940197075739,
        133.5083397211682,
        133.32122739095115,
        133.13263377728384,
        132.94250934260597,
        132.7508037488285,
        132.55746688582485,
        132.3624441032199,
        132.1656772410442,
        131.96710191534748,
        131.76665327226038,
        131.56425949256112,
        131.35984381350184,
        131.15332872656023,
        130.9446237205095,
        130.73364294076282,
        130.52029541440217,
        130.3044895472967,
        130.08612045147044,
        129.86510021732545,
        129.6413440691278,
        129.4147853831027,
        129.1853900629706,
        128.95317702152067,
        128.71826683919443,
        128.48092537789756,
        128.2416332279613,
        128.00120046417888,
        127.76082500263784,
        127.52209471111767,
        127.28685275965258,
        127.05698054364424,
        126.8341238628363,
        126.61961376309588,
        126.41439877496282,
        126.21913141064817,
        126.03422362414827,
        125.85992485855893,
        125.69637973028122,
        125.5436576064833,
        125.40177244324349,
        125.27068608374356,
        125.15031412155894,
        125.0405335906272,
        124.94118523082861,
        124.85207694350211,
        124.77298654253309,
        124.7036624267496,
        124.64382343099945,
        124.59316222767757,
        124.55134714051127,
        124.51802664991916,
        124.49283183639027,
        124.475382533269,
        124.46528940305394,
        124.46216279730105,
        124.46561291164613,
        124.47525405336202,
        124.49071079115936,
        124.51161770799969,
        124.53762237592909,
        124.5683876736399,
        124.60359241749553,
        124.64293218665037,
        124.68612007121385,
        124.73288607397967,
        124.78297722151788,
        124.83615739526147,
        124.89220571938824,
        124.95091840681799,
        125.01210476798103,
        125.07558833707935,
        125.14120565154774,
        125.2088051160533,
        125.27824672628711,
        125.34940057251907,
        125.42214724598203,
        125.49637535802742,
        125.57198188949721,
        125.64887240298796,
        125.72695823013933,
        125.80615783660812,
        125.88639565824622,
        125.96760101409981,
        126.04970813829311,
        126.13265708684142,
        126.21639071407549,
        126.30085631175697,
        126.38600488266745,
        126.47179063691844,
        126.55817197936105,
        126.64510820232414,
        126.73256282553825,
        126.82050115120082,
        126.90889068294359,
        126.99770144699858,
        127.0869040268577,
        127.17647257140489,
        127.26638199609268,
        127.35660859670998,
        127.44713014155104,
        127.53792629689696,
        127.62897663109572,
        127.72026362092586,
        127.81176986947659,
        127.90347853562822,
        127.99537482238101,
        128.08744354514783,
        128.17967197685468,
        128.27204589006902,
        128.36455408218634,
        128.45718481488535,
        128.54992704843852,
        128.6427705788431,
        128.7357059105575,
        128.82872294764104,
        128.92181381440798,
        129.01497006970806,
        129.1081838351011,
        129.20144770582323,
        129.29475466628762,
        129.38809806807168,
        129.48147160900095,
        129.5748693137798,
        129.66828551579937,
        129.76171483997595,
        129.8551521869592,
        129.94859271782838,
        130.04203184021787,
        130.1354651949291,
        130.22888864359933,
        130.3222982568409,
        130.4156903034272,
        130.50906123971868,
        130.60240770006365,
        130.69572648755974,
        130.7890145654355,
        130.88226904864956,
        130.97548719658354,
        131.0686664054772,
        131.1618042017055,
        131.25489823516932,
        131.34794627334963,
        131.4409542159517,
        131.53389631362734,
        131.62679373386078,
        131.71963761967413,
        131.81245126466746,
        131.905156989685,
        131.99782963909007,
        132.0904413278039,
        132.18299133710713,
        132.27547907041503,
        132.36790220631696,
        132.46025989514953,
        132.55255059466833,
        132.64477446532547,
        132.736928918671,
        132.82901452192422,
        132.9210287009944,
        133.01297200930793,
        133.10505915407276,
        133.19664106471706,
        133.28872901004178,
        133.38001514154445,
        133.47217956610342,
        133.56308916822235,
        133.65451251329893,
        133.7458583851937,
        133.83712760827612,
        133.92831826873595,
        134.01943119519734,
        134.11046546063508,
        134.20142092145258,
        134.29229663478264
    ]
}