{
    "ndata": 0.28608226776123047,
    "start": 0,
    "stop": 10,
    "rtol": 0.001,
    "integrals": [
        [
            0.7330834478785448,
            0.7334242470003983
        ],
        [
            0.7262359829249286,
            0.7265891521387734
        ],
        [
            0.7130058734242227,
            0.7133070649048862
        ],
        [
            0.6969086241467892,
            0.6971887236153069
        ],
        [
            0.679091335430622,
            0.6793829067075584
        ],
        [
            0.6602089033986184,
            0.66051251631233
        ],
        [
            0.6406758420105035,
            0.640993437304323
        ],
        [
            0.6207982273865827,
            0.6210997563723093
        ],
        [
            0.6007594010379509,
            0.6010737188256025
        ],
        [
            0.5807327292757346,
            0.5810606465572467
        ],
        [
            0.5608749403429333,
            0.5611469610150908
        ],
        [
            0.5412264352078088,
            0.5414827469624577
        ],
        [
            0.5218799084997727,
            0.5221200639931192
        ],
        [
            0.5028791289094287,
            0.5031289534573332
        ],
        [
            0.48427880202942664,
            0.48453989202402964
        ],
        [
            0.46612520830482596,
            0.4663730754411795
        ],
        [
            0.44843056069048726,
            0.44866604842073793
        ],
        [
            0.4312024310946911,
            0.43144693577881654
        ],
        [
            0.4144734497551681,
            0.4147053600077849
        ],
        [
            0.3982301835852308,
            0.3984702669954837
        ],
        [
            0.3825081972388755,
            0.382714706759788
        ],
        [
            0.3672767979819708,
            0.36746918645843774
        ],
        [
            0.352534322315459,
            0.35273109798389574
        ],
        [
            0.3382944196461884,
            0.3384790783166435
        ],
        [
            0.3245422819116165,
            0.3247149824293054
        ],
        [
            0.3112675279683852,
            0.3114342752737664
        ],
        [
            0.29848111687290496,
            0.2986096706170283
        ],
        [
            0.2861330946517205,
            0.2862720616752447
        ],
        [
            0.27424088621416015,
            0.2743834252690253
        ],
        [
            0.2627985666269233,
            0.26292676015779815
        ],
        [
            0.2517764152709381,
            0.2519104082673525
        ],
        [
            0.2411792072571961,
            0.2413065420618894
        ],
        [
            0.23098283339520745,
            0.23111541964555976
        ],
        [
            0.22119200659937788,
            0.22130769687977325
        ],
        [
            0.21177319268597636,
            0.21189352894917998
        ],
        [
            0.20274063822087712,
            0.2028350816610254
        ],
        [
            0.19404773316542237,
            0.19415460024529807
        ],
        [
            0.18571157401874497,
            0.18581152588114655
        ],
        [
            0.1777062515189947,
            0.17780847327789953
        ],
        [
            0.17002624324498342,
            0.17012732497916122
        ],
        [
            0.16266553360399702,
            0.16275238008151308
        ],
        [
            0.15560203031635603,
            0.15568319773707498
        ],
        [
            0.14883310083631632,
            0.14890087167818986
        ],
        [
            0.1423375664426107,
            0.14240512171708383
        ],
        [
            0.13610961879852979,
            0.13618093138039278
        ],
        [
            0.13014514881864142,
            0.13021299952356444
        ],
        [
            0.1244305765904857,
            0.1244943184634743
        ],
        [
            0.11895299472482206,
            0.11901940811849186
        ],
        [
            0.11370901026117268,
            0.11377271437376874
        ],
        [
            0.10868740791365403,
            0.10874801077645452
        ],
        [
            0.10388427575145187,
            0.10393173394988034
        ],
        [
            0.09927864608186611,
            0.09932784732670828
        ],
        [
            0.0948700314915662,
            0.09492070933811572
        ],
        [
            0.09065136141981397,
            0.09070137650626077
        ],
        [
            0.0866172062007836,
            0.08666051514418528
        ],
        [
            0.082753311603407,
            0.08279752753086071
        ],
        [
            0.079058286513113,
            0.07909969593696463
        ],
        [
            0.07552532115830549,
            0.0755601839745314
        ],
        [
            0.07214267104346403,
            0.07217745535359543
        ],
        [
            0.0689059088372456,
            0.06894342147904373
        ],
        [
            0.06581260530704254,
            0.06584832465560445
        ],
        [
            0.0628554531698708,
            0.06288762983339694
        ],
        [
            0.06002542141154596,
            0.060058982346875504
        ],
        [
            0.057320995437450686,
            0.057353184339288384
        ],
        [
            0.05473564172548885,
            0.054766328253436865
        ],
        [
            0.052266817500877714,
            0.052290805960954104
        ],
        [
            0.04990332755310461,
            0.049928212060195785
        ],
        [
            0.04764585814968675,
            0.047668534540746474
        ],
        [
            0.0454859941243288,
            0.04551131628006282
        ],
        [
            0.04342393284740073,
            0.043447834399102936
        ],
        [
            0.04145443309539628,
            0.04147507444755719
        ],
        [
            0.039571700655229934,
            0.03959100426148498
        ],
        [
            0.03777300685445086,
            0.0377907430306156
        ],
        [
            0.036053812613847484,
            0.03607152158913101
        ],
        [
            0.03441143973875979,
            0.034429164737109344
        ],
        [
            0.03284292955975393,
            0.03285996506500861
        ],
        [
            0.03134468394098511,
            0.031361023923459026
        ],
        [
            0.02991292947928037,
            0.0299299827821788
        ],
        [
            0.028546191959351392,
            0.02856254687591883
        ],
        [
            0.027241643885705706,
            0.027255925857259652
        ],
        [
            0.025996013205103564,
            0.026007785428766875
        ],
        [
            0.024805148896635903,
            0.024817360216700966
        ],
        [
            0.023668023422240878,
            0.023680597483836562
        ],
        [
            0.022582305101973982,
            0.022595139672557822
        ],
        [
            0.021546147128188125,
            0.021558267034432862
        ],
        [
            0.020557370665044247,
            0.02056784499655474
        ],
        [
            0.01961337089438031,
            0.01962229296574572
        ],
        [
            0.01871139679300459,
            0.01872037155759016
        ],
        [
            0.017850392948238307,
            0.01785936059154481
        ],
        [
            0.017028145521537093,
            0.017037825254347546
        ],
        [
            0.016243845686118537,
            0.01625307935499947
        ],
        [
            0.015495450451787917,
            0.015503787374220706
        ],
        [
