{
    "yield_linear": 8.623097351781608,
    "error_linear": 2.0881903884185444,
    "error_log": 0.24216245082599072
}