{
    "yield_post": 0.2657720180608965,
    "error_post": 0.08629905522936956
}