{
    "yield_linear": 3.4534900784492493,
    "error_linear": 1.1335543080789627,
    "error_log": 0.3282344186110917
}