{
    "start": 0,
    "stop": 30,
    "levels": [
        37.88163616683583,
        37.86689080551349,
        37.85714567725945,
        37.852098577491745,
        37.851560301577564,
        37.8550241905199,
        37.862517984807894,
        37.87374776730159,
        37.888526613353456,
        37.90668316700891,
        37.92806234818876,
        37.95252323664613,
        37.979937470055816,
        38.01018760780947,
        38.0431659560452,
        38.07877281661467,
        38.11691547669332,
        38.15750711643099,
        38.200465846341956,
        38.24571397320683,
        38.29317738692324,
        38.34278508964355,
        38.39446883712545,
        38.448162201130174,
        38.50380234562538,
        38.56132749330236,
        38.62067816054437,
        38.68179679289035,
        38.74462771643642,
        38.809117091540905,
        38.875212879071434,
        38.94286480783467,
        39.01202434195032,
        39.08264464576085,
        39.15468054221351,
        39.22808790894669,
        39.30282567819084,
        39.378853021725426,
        39.45613099047691,
        39.53462243688747,
        39.614290605211686,
        39.69510105212376,
        39.77702034243134,
        39.860016300499545,
        39.94405796219367,
        40.02911552772315,
        40.11516031562896,
        40.202164718017045,
        40.29010215708109,
        40.378947042943686,
        40.46867473284517,
        40.559261491708604,
        40.65068445410414,
        40.742921587627386,
        40.83595165769539,
        40.929754193753226,
        41.02430945687432,
        41.11959840872954,
        41.215602681893195,
        41.31230429275929,
        41.409686658407125,
        41.50773298991838,
        41.606427331923946,
        41.70575427015714,
        41.80569890891364,
        41.90624684954652,
        42.007384169952196,
        42.10909740500297,
        42.21137352788359,
        42.314199932290244,
        42.417564415451544,
        42.521455161932906,
        42.625860728186716,
        42.73077002781247,
        42.83617231749244,
        42.94205718357003,
        43.04841452923925,
        43.15523456231539,
        43.262507783558256,
        43.370224975520756,
        43.478377191896996,
        43.58695574734507,
        43.69595220776146,
        43.80535838098439,
        43.915166307905565,
        44.02536825396972,
        44.13595670104348,
        44.24692433963514,
        44.358264061448516,
        44.46996895225456,
        44.582032285065395,
        44.69444751359621,
        44.80720826600125,
        44.920308338870726,
        45.033741691476294,
        45.14750244025331,
        45.26158485359555,
        45.375983346525516,
        45.49069247606363,
        45.60570693647978,
        45.72102155479955,
        45.83663128649212,
        45.95253121132757,
        46.06871652939653,
        46.1851825572843,
        46.30192472439279,
        46.41893856940352,
        46.53621973687551,
        46.653763973971934,
        46.771567127310135,
        46.88962513992924,
        47.00793404837053,
        47.12648997986565,
        47.2452891496279,
        47.36432785824226,
        47.483602489150016,
        47.60310950622385,
        47.722845451429734,
        47.8428069425718,
        47.962990671117076,
        48.083393400096284,
        48.204011962078134,
        48.32484325721362,
        48.44588425134781,
        48.5671319741963,
        48.68858351758356,
        48.81023603374104,
        48.93208673366236,
        49.05413288551351,
        49.17637181309581,
        49.29880089435952,
        49.42141755996646,
        49.54421929189917,
        49.66720362211538,
        49.79036813124583,
        49.91371044733366,
        50.03722824461405,
        50.16091924233251,
        50.28478120360023,
        50.40881193428544,
        50.53300928193905,
        50.65737113475366,
        50.78189542055456,
        50.90658010582147,
        51.03142319474015,
        51.156422728282635,
        51.28157678331511,
        51.406883471732385,
        51.53234093961825,
        51.65794736643041,
        51.783700964209686,
        51.90959994757413,
        52.03564264948864,
        52.161827346422626,
        52.28815237328982,
        52.414616093963375,
        52.54121690061222,
        52.667953213056194,
        52.794823478139314,
        52.921826169120635,
        53.04895978508199,
        53.17622285035216,
        53.30361391394695,
        53.43113154902449,
        53.558774352355584,
        53.6865409438082,
        53.81442996584593,
        53.94244008304011,
        54.070569981594616,
        54.198818368883565,
        54.32718397300112,
        54.455665542323146,
        54.58426184508031,
        54.71297166894238,
        54.84179382061315,
        54.970727125435985,
        55.09977042700926,
        55.228922586811905,
        55.358182483838085,
        55.48754901424151,
        55.61702109098836,
        55.746597643519124,
        55.876277617418694,
        56.00605997409477,
        56.1359436904641,
        56.2659277586465,
        56.396011185666296,
        56.52619299316103,
        56.65647221709722,
        56.786847907493026,
        56.91731912814751,
        57.04788495637629,
        57.178544482753665,
        57.30929681086061,
        57.440141057038915,
        57.57107635015093,
        57.70210183134498,
        57.833216653826256,
        57.96441998263289,
        58.0957109944173,
        58.227088877232575
    ]
}