{
    "start": 0,
    "stop": 8,
    "levels": [
        135.23061555473015,
        134.83194280861454,
        134.4197485260702,
        133.99197057075526,
        133.5459057954996,
        133.0778747345004,
        132.5826009747501,
        132.0519393333073,
        131.47176916827743,
        130.81193124066243,
        130.03086791402586,
        129.47399340745608,
        129.24735123083138,
        129.25972733565328,
        129.41260567668388,
        129.64141554319085,
        129.91119311725396,
        130.2036117217025,
        130.50875442230094,
        130.82098794416441,
        131.13695882454775,
        131.45459269504818,
        131.77256731009842,
        132.09001589086955,
        132.4063671636237,
        132.72123788322642,
        133.03437733080244,
        133.3456217785252,
        133.65486926098308,
        133.96205903477437,
        134.26716179818737,
        134.57016985663927,
        134.8710882743327,
        135.16993636019856,
        135.46673910733347,
        135.76152766734594,
        136.05433713922267,
        136.34520433569273,
        136.6341678181485,
        136.92126687351936,
        137.20654250993945,
        137.49003288037463,
        137.77177767278002,
        138.05181607979017,
        138.33018526090927,
        138.60692745615353,
        138.89095190352808,
        139.19034088521724,
        139.50506067037085,
        139.83507623934446,
        140.18034974416346
    ]
}