{
    "nbins": 50,
    "range_": [
        0.0,
        8.0
    ],
    "nburnin": 100,
    "nsamples": 100000,
    "nrepeats": 100,
    "seed": 0,
    "step_size": 0.2,
    "prob_eye": 0.1,
    "yields": [
        1322,
        1963,
        3169,
        5199,
        8355,
        14066,
        25234,
        48160,
        100744,
        240840,
        543611,
        983784,
        1359327,
        1490229,
        1367346,
        1097425,
        817110,
        581327,
        404076,
        277651,
        190992,
        131029,
        89854,
        63096,
        44061,
        31225,
        21944,
        15732,
        10816,
        8034,
        5544,
        4079,
        2778,
        2052,
        1567,
        1013,
        701,
        507,
        382,
        267,
        164,
        143,
        91,
        58,
        39,
        39,
        15,
        24,
        18,
        2
    ],
    "errors": [
        62.20257229407801,
        76.11379638409848,
        85.54174419545114,
        121.04127395231757,
        154.3656373679065,
        204.57868901720923,
        280.80676630024425,
        431.52751940055913,
        691.549448701971,
        1230.8094897261724,
        2006.7460701344353,
        2602.4998443803997,
        3159.5660635599957,
        2598.3849964930146,
        2501.5640787315447,
        2063.005271442611,
        1866.551633360299,
        1515.1989011347653,
        1546.547199409058,
        1222.8879711568022,
        1051.780091083683,
        806.2298617640009,
        717.9991922001025,
        653.3741960010357,
        539.425425800453,
        423.70125088321373,
        352.2792074477289,
        262.70850766581583,
        216.2254379114539,
        204.8083006130366,
        149.2134042236152,
        128.43126566377828,
        94.23990662134594,
        86.55033217729442,
        82.43852254862406,
        59.52570873160604,
        52.25887484437453,
        50.995195852158474,
        35.422591661254835,
        30.88867106238144,
        21.378493866500516,
        20.940630363004832,
        13.497777594848724,
        12.898061869908979,
        10.089103032480152,
        12.32030843769747,
        6.224949798994369,
        8.499411744350313,
        10.618851161966615,
        1.3999999999999986
    ]
}