{
    "nbins": 50,
    "range_": [
        0.0,
        8.0
    ],
    "nburnin": 100,
    "nsamples": 100000,
    "nrepeats": 100,
    "seed": 0,
    "step_size": 0.2,
    "prob_eye": 0.1,
    "yields": [
        1256,
        1989,
        3239,
        5211,
        8229,
        14111,
        25335,
        47950,
        100325,
        239855,
        543746,
        984486,
        1360692,
        1493043,
        1366208,
        1098099,
        817223,
        581465,
        403293,
        276986,
        190158,
        131095,
        89431,
        62897,
        44019,
        31022,
        21821,
        15541,
        10973,
        8060,
        5611,
        4013,
        2811,
        2049,
        1483,
        1007,
        666,
        518,
        395,
        273,
        161,
        144,
        86,
        55,
        49,
        34,
        14,
        15,
        14,
        2
    ],
    "errors": [
        57.15452737972732,
        72.56576327718187,
        84.96934741422932,
        135.1583885668958,
        161.78562976976664,
        194.82245763771698,
        275.5771216919141,
        465.56309991235344,
        641.7684551300414,
        1185.4959932450215,
        1988.4423149792406,
        2657.4570626822924,
        3092.4775439766736,
        2651.884709032428,
        2426.127647095264,
        2143.6825767822997,
        1828.6606328129883,
        1584.9292570963532,
        1529.8870906050552,
        1187.1630216613048,
        1072.2146986494824,
        762.624907801994,
        736.7709209788343,
        652.3135059156754,
        537.8860381158819,
        439.6466308298063,
        330.47933369576987,
        241.21399213146816,
        231.18760779938012,
        205.80087463370995,
        150.591467221752,
        138.3376665987973,
        104.84173787189906,
        90.94498336906769,
        69.19617041426496,
        55.73607449399357,
        44.6815398123207,
        50.465433714573386,
        37.85168424258029,
        30.161399171789096,
        21.766717713059087,
        21.78623418583396,
        16.91271710873211,
        11.346805717910211,
        11.17989266495881,
        10.509043724335722,
        5.834380858325931,
        5.894913061275803,
        9.488940931421157,
        1.3999999999999986
    ]
}