{
    "start": 0,
    "stop": 12,
    "levels": [
        130.53661486476423,
        130.54778954431742,
        130.5814337295503,
        130.63368758115465,
        130.70157749943587,
        130.78277076073041,
        130.87541216739766,
        130.97797860169038,
        131.08925551085522,
        131.208200261718,
        131.33398161776432,
        131.4658605666888,
        131.6032302052118,
        131.74556898570924,
        131.89242281062374,
        132.043398109269,
        132.19814703708062,
        132.3563437483604,
        132.51776224235337,
        132.68210851348962,
        132.84920307470026,
        133.0188708765444,
        133.19088861630698,
        133.3651720591526,
        133.54149779337288,
        133.7198112585933,
        133.89994630645245,
        134.0818477255857,
        134.26533837296975,
        134.45040603442442,
        134.63692592425048,
        134.8248383976661,
        135.01407438795889,
        135.2045694399476,
        135.39624797033227,
        135.58906890275716,
        135.78299368628942,
        135.9779244531569,
        136.17386689164636,
        136.37074708183997,
        136.56853123429747,
        136.7671939855132,
        136.9666962679729,
        137.1669818877004,
        137.36806543069133,
        137.56988952918047,
        137.77241543782617,
        137.9756249956011,
        138.1795082070497,
        138.38402505614778,
        138.5891675690008
    ]
}