{
    "yield_pre": 4.2589455646508245,
    "error_pre": 0.5922873820454638
}