{
    "start": 0,
    "stop": 8,
    "levels": [
        252.99457827245942,
        238.83792798474744,
        225.3732483848758,
        210.91597899546178,
        197.90891171867315,
        187.4882639428305,
        178.87024750152244,
        171.70245947682344,
        165.10061948949223,
        159.47893389565024,
        154.7808020533627,
        150.87049277576384,
        147.61698101087006,
        144.90872939246736,
        142.65432199845816,
        140.77882733322878,
        139.22046132544693,
        137.92874791012503,
        136.8625639563633,
        135.98836228923602,
        135.27866250055195,
        134.71114334251178,
        134.2725594285845,
        133.9475325182862,
        133.71488532775044,
        133.5561454848675,
        133.46639799568794,
        133.45615190928132,
        133.53297669729545,
        133.6942323979912,
        133.93142647954903,
        134.23397765944685,
        134.5925553708114,
        135.00004368369235,
        135.4511556848519,
        135.94151770147693,
        136.46595935387253,
        137.01584842453747,
        137.56739177328706,
        138.0876831830564,
        138.5802654276083,
        139.05169650886813,
        139.50618445319762,
        139.94653429729453,
        140.37473451948387,
        140.7922595758979,
        141.2002305202345,
        141.59951364612226,
        141.99089075813754,
        142.37505184950243,
        142.752579561851
    ]
}