{
    "nbins": 50,
    "range_": [
        0.0,
        10.0
    ],
    "nburnin": 100,
    "nsamples": 100000,
    "nrepeats": 100,
    "seed": 0,
    "step_size": 0.2,
    "prob_eye": 0.1,
    "yields": [
        9,
        19,
        48,
        67,
        146,
        224,
        482,
        1032,
        2452,
        6229,
        18130,
        55526,
        150052,
        333111,
        597879,
        884336,
        1096542,
        1182859,
        1140697,
        1010889,
        840108,
        668709,
        514262,
        388435,
        288366,
        214564,
        158200,
        116321,
        85330,
        63515,
        46527,
        34406,
        25600,
        18775,
        13815,
        10351,
        7902,
        5755,
        4424,
        3387,
        2433,
        1978,
        1450,
        1115,
        823,
        669,
        426,
        363,
        304,
        232
    ],
    "errors": [
        3.1921779399024786,
        6.114736298484179,
        10.342146779078325,
        13.270644294833625,
        22.06445104687628,
        23.113632341109867,
        30.963849889831213,
        57.129326969604676,
        72.02055262215087,
        137.1808660127206,
        232.68648435179895,
        503.45331461814817,
        835.2023467399981,
        1440.0749251341053,
        1982.0874324812212,
        2046.726908993968,
        2081.1920526467525,
        2029.536939796859,
        1792.920776275405,
        1849.060785912675,
        1489.396307233236,
        1654.4389351076088,
        1401.6488718648473,
        1201.2688083855332,
        1124.7872865568845,
        1005.3163880092676,
        870.3424613334685,
        689.4161225268813,
        576.0789876397159,
        481.6562570962823,
        462.0170018516633,
        392.774286327402,
        319.98437461851165,
        309.44264412003724,
        257.93555396648986,
        188.59212602863352,
        194.3552417610598,
        158.31850807786185,
        145.23856237239477,
        108.75343672730536,
        96.96447803190607,
        81.14899876153741,
        62.12084996198942,
        57.98922313671739,
        48.82325265690519,
        41.992737467328794,
        32.14405077148803,
        29.484063491995123,
        30.460466181593482,
        27.418242102658578
    ]
}