{
    "nbins": 50,
    "range_": [
        0.0,
        10.0
    ],
    "nburnin": 100,
    "nsamples": 100000,
    "nrepeats": 100,
    "seed": 0,
    "step_size": 0.2,
    "prob_eye": 0.1,
    "yields": [
        12,
        21,
        38,
        68,
        153,
        225,
        454,
        1069,
        2411,
        6253,
        18082,
        55583,
        149986,
        333366,
        598348,
        883641,
        1097246,
        1182899,
        1141180,
        1011859,
        840698,
        668923,
        514399,
        387670,
        288093,
        214624,
        158007,
        116004,
        85004,
        62846,
        46326,
        34385,
        25543,
        18952,
        13772,
        10377,
        7781,
        5785,
        4407,
        3223,
        2427,
        1946,
        1413,
        1109,
        765,
        643,
        441,
        356,
        288,
        236
    ],
    "errors": [
        4.069397989875162,
        7.911384202527394,
        8.34026378479722,
        14.133647795243805,
        22.514661889533226,
        22.107690969434145,
        30.965141691908975,
        58.7995748283948,
        74.12010523467976,
        140.11748641764882,
        255.3953014446429,
        461.66449939322825,
        811.9495304512465,
        1500.5700383520925,
        2077.905426144318,
        2115.3619524800006,
        2007.925008559832,
        1995.3894331683728,
        1773.2191065968132,
        1741.1025788275656,
        1528.7125171202072,
        1729.6414975364112,
        1470.0588389584957,
        1162.4899999569889,
        993.7064506180889,
        1020.7106543972195,
        829.13720818692,
        687.8908634369261,
        567.0536482556126,
        514.5064042361379,
        458.1017790840807,
        386.2288829178885,
        320.4036672698988,
        277.95496038027454,
        251.78594083069845,
        181.99370868247064,
        165.23132269639436,
        156.78887077850897,
        143.45211744690283,
        100.44754850169315,
        88.31596684631835,
        83.1795647980921,
        64.50821653091953,
        56.60556509743543,
        44.908239778463816,
        39.62966060919524,
        38.4992207713351,
        28.541899025818157,
        28.74995652170626,
        25.55464732685623
    ]
}