{
    "start": 0,
    "stop": 20,
    "levels": [
        136.1981842193948,
        136.1796086989803,
        136.16407530994172,
        136.15145412383606,
        136.14162113152204,
        136.13445839162117,
        136.12985373586594,
        136.12770080919424,
        136.12789837536042,
        136.13035044579755,
        136.13496657758975,
        136.14166050497442,
        136.15035029754898,
        136.16095908863986,
        136.17341197744878,
        136.18764059165898,
        136.20357827212823,
        136.22116216857845,
        136.24033256897138,
        136.2610327512867,
        136.28320886336843,
        136.30680938221855,
        136.33178555713943,
        136.3580907624999,
        136.3856807838595,
        136.4145131826214,
        136.44454803935648,
        136.4757467305472,
        136.50807232120883,
        136.5414898193514,
        136.57596582205292,
        136.61146818112792,
        136.64796620910204,
        136.68543047388695,
        136.7238329302197,
        136.7631465616001,
        136.80334614919062,
        136.84440527530447,
        136.88630143228593,
        136.92901141292327,
        136.97251327436197,
        137.0167859126931,
        137.06180903376026,
        137.1075631146091,
        137.15402936628715,
        137.20118968971366,
        137.24902666340748,
        137.29752349870225,
        137.34666401146103,
        137.3964325933648,
        137.44681418524465,
        137.4977942538135,
        137.54935876777745,
        137.60149417461534,
        137.65418737969344,
        137.70742572636917,
        137.76119697701446,
        137.81548929501605,
        137.870291229067,
        137.9255917578247,
        137.98137974434164,
        138.0376454129298,
        138.09437883597474,
        138.1515692163915,
        138.20920796450028,
        138.26728557553108,
        138.32579297691038,
        138.38472238074758,
        138.444064342466,
        138.50381133165416,
        138.56395531931253,
        138.6244886265491,
        138.68540379785125,
        138.74669358766698,
        138.8083509524522,
        138.8703690435018,
        138.93274119984108,
        138.99546094155724,
        139.0585219632316,
        139.121918127965,
        139.18564346134423,
        139.24969214584283,
        139.31405851550488,
        139.37873705071064,
        139.44372237315923,
        139.50900924129468,
        139.57459254559436,
        139.64046730431986,
        139.70662865923805,
        139.77307187166198,
        139.83979231860937,
        139.9067854890066,
        139.97404698023897,
        140.04157249469245,
        140.1093578363607,
        140.17739890788667,
        140.24569170739633,
        140.3142323255771,
        140.38301694287748,
        140.45204182680806,
        140.52130332934843,
        140.59079788457197,
        140.66052200571477,
        140.73047228342287,
        140.80064538319442,
        140.87103804342226,
        140.941647073079,
        141.01246934981506,
        141.08350181805594,
        141.15474148701344,
        141.22618542898533,
        141.29783077753427,
        141.36967472584166,
        141.44171452499654,
        141.51394748254967,
        141.58637096089143,
        141.65898237577164,
        141.73177919492886,
        141.80475893674938,
        141.87791916873473,
        141.95125750653514,
        142.02477161238946,
        142.09845919413058,
        142.17231800386506,
        142.2463458370061,
        142.32054053101706,
        142.39489996444627,
        142.46942205587635,
        142.5441047629116,
        142.6189460812135,
        142.6939440436439,
        142.76909671920768,
        142.84440221229906,
        142.91985866179883,
        142.9954642401994,
        143.07121715293283,
        143.14711563745934,
        143.2231579625851,
        143.2993424276624,
        143.37566736197755,
        143.45213112394808,
        143.5287321005057,
        143.60546870644848,
        143.682339383771,
        143.75934260112737,
        143.8364768530864,
        143.9137406596988,
        143.9911325658104,
        144.068651140661,
        144.1462949771431,
        144.22406269144983,
        144.30195292247402,
        144.37996433140873,
        144.45809560113787,
        144.53634543586438,
        144.6147125606576,
        144.69319572095284,
        144.77179368212163,
        144.8505052291197,
        144.92932916600543,
        145.00826431563834,
        145.0873095191144,
        145.16646363559272,
        145.24572554181987,
        145.3250941317005,
        145.40456831617539,
        145.48414702256972,
        145.5638291945799,
        145.64361379165828,
        145.72349978894715,
        145.80348617679942,
        145.88357196051953,
        145.96375616011588,
        146.04403781002642,
        146.1244159586637,
        146.20488966841123,
        146.28545801515853,
        146.36612008810508,
        146.44687498950606,
        146.5277218344215,
        146.60865975050706,
        146.68968787772084,
        146.7708053680717,
        146.85201138553725,
        146.93330510569874,
        147.0146857155734,
        147.09615241343474,
        147.17770440852254,
        147.25934092102653,
        147.34106118154628,
        147.42286443130408,
        147.5047499216528,
        147.58671691405152,
        147.66876467990002,
        147.7508925002193,
        147.83309966558852,
        147.91538547596747,
        147.99774924051442,
        148.08019027743023,
        148.16270791383738,
        148.24530148557224
    ]
}