{
    "start": 0,
    "stop": 20,
    "levels": [
        136.19818998401317,
        136.14162535506037,
        136.1279080939393,
        136.15035570641325,
        136.2035820898977,
        136.2832207930965,
        136.38568819558574,
        136.50808301181183,
        136.6479782384143,
        136.8033568250287,
        136.9725271916238,
        137.15404987962367,
        137.34667362369285,
        137.5493735737961,
        137.76120627998137,
        137.9813913103199,
        138.20922756777483,
        138.44409197935246,
        138.6854264146544,
        138.9327479492645,
        139.18568199901344,
        139.4437511353997,
        139.7066308195721,
        139.97409358425,
        140.2457121000216,
        140.52130764961015,
        140.80065231980504,
        141.08351091596305,
        141.36974394857864,
        141.659031373821,
        141.95126811355968,
        142.2463586989874,
        142.54413244043707,
        142.84446945299166,
        143.14711940411237,
        143.452139761757,
        143.75938567799776,
        144.06866899160386,
        144.37996733021185,
        144.69326884488873,
        145.00827021756814,
        145.3251400274556,
        145.6436179673637,
        145.96376440613514,
        146.28551870841724,
        146.60872457232603,
        146.93335204221353,
        147.25937414491324,
        147.5868106479778,
        147.91539137668573,
        148.24530592753075
    ]
}