{
    "yield_pre": 1.2475207943331095,
    "error_pre": 0.2220068499092662
}