{
    "yield_pre": 1.2475207945069613,
    "error_pre": 0.22200676541594414
}