{
    "start": 0,
    "stop": 20,
    "anchors": [],
    "levels": [
        57.048616727315256,
        54.503882871420956,
        51.94431566496283,
        49.61252360562943,
        47.820533529271074,
        46.61818154569026,
        45.903576776016806,
        45.546030072291586,
        45.39837385858755,
        45.4269232740764,
        45.5235650256918,
        45.65183485973924,
        45.80772702381289,
        45.99167106818989,
        46.20462703254542,
        46.44637950437881,
        46.71450253521587,
        47.00378971671084,
        47.31004395961164,
        47.63066514396816,
        47.96313480525128,
        48.305565466332645,
        48.6566909683487,
        49.01542923058878,
        49.380842847134986,
        49.752106753594106,
        50.12849357325787,
        50.50935616652133,
        50.89411790608487,
        51.28226348090368,
        51.67333313897011,
        52.066913699317944,
        52.46263592131936,
        52.86016893205165,
        53.25921509533646,
        53.65950845286821,
        54.06080942812794,
        54.462902443664476,
        54.86559115652951,
        55.26868675015318,
        55.672011198947885,
        56.07539343946697,
        56.478663856144564,
        56.88165604887798,
        57.28425194933141,
        57.6863561491323,
        58.08788392482101,
        58.48875662564659,
        58.88890447358064,
        59.28826418257271,
        59.68677843138812
    ]
}