{
    "nbins": 50,
    "range_": [
        0.0,
        3.0
    ],
    "nburnin": 100,
    "nsamples": 100000,
    "nrepeats": 100,
    "seed": 0,
    "step_size": 0.2,
    "prob_eye": 0.1,
    "yields": [
        0,
        0,
        0,
        0,
        0,
        0,
        0,
        0,
        0,
        65,
        977,
        5844,
        26070,
        80908,
        197491,
        387133,
        635668,
        887500,
        1090533,
        1191071,
        1177882,
        1073698,
        907577,
        715682,
        533457,
        381194,
        260045,
        172339,
        109468,
        67755,
        40972,
        23989,
        14036,
        8157,
        4515,
        2529,
        1574,
        879,
        420,
        278,
        147,
        75,
        28,
        21,
        6,
        9,
        3,
        0,
        2,
        2
    ],
    "errors": [
        0.0,
        0.0,
        0.0,
        0.0,
        0.0,
        0.0,
        0.0,
        0.0,
        0.0,
        10.136567466356647,
        55.51315159491487,
        134.91715976850386,
        313.52671337543154,
        619.8107453085981,
        1094.8763354826883,
        1605.1480025218857,
        2214.6358075313424,
        2252.073711049441,
        2225.9151174292338,
        2087.5087041734696,
        2109.37970977252,
        1621.0299071886368,
        2044.2768183394344,
        2035.3615796707963,
        1876.1813638345307,
        1488.9404420593862,
        1354.1856408927097,
        1018.5773362882175,
        820.6300993748647,
        591.6373466913662,
        443.4886244313376,
        358.2677629929882,
        258.03302114264363,
        188.86638133876556,
        144.7437390701235,
        90.20304872896482,
        77.93099511747558,
        52.579368577418265,
        34.84250278036872,
        28.551006987495203,
        18.517829246431663,
        11.521718621802911,
        7.626270385975051,
        9.412226091632096,
        2.7640549922170465,
        4.710626285325544,
        2.2158519806160353,
        0.0,
        1.9899748742132397,
        1.9899748742132397
    ]
}