{
    "nbins": 50,
    "range_": [
        0.0,
        3.0
    ],
    "nburnin": 100,
    "nsamples": 100000,
    "nrepeats": 100,
    "seed": 0,
    "step_size": 0.2,
    "prob_eye": 0.1,
    "yields": [
        0,
        0,
        0,
        0,
        0,
        0,
        0,
        0,
        0,
        70,
        974,
        5989,
        26035,
        81013,
        197255,
        387798,
        635710,
        885869,
        1090430,
        1190818,
        1178595,
        1074160,
        907129,
        715036,
        535235,
        380786,
        260215,
        171503,
        109560,
        67850,
        40989,
        24082,
        14057,
        8134,
        4613,
        2591,
        1508,
        957,
        459,
        270,
        146,
        78,
        39,
        24,
        7,
        7,
        4,
        2,
        2,
        0
    ],
    "errors": [
        0.0,
        0.0,
        0.0,
        0.0,
        0.0,
        0.0,
        0.0,
        0.0,
        0.0,
        10.246950765959596,
        56.18932282916389,
        134.2154611063867,
        305.83451407583146,
        611.6104233905762,
        1122.1402541572065,
        1587.4079374880298,
        2155.4046023890733,
        2146.106565387656,
        2164.9099288423063,
        1976.7773673330032,
        2069.9064592391605,
        1647.5557653688084,
        1907.291951957015,
        2011.3425963768582,
        1916.9952399523584,
        1521.5005882351802,
        1350.996946702693,
        993.5265019112472,
        726.2905754586108,
        560.8181523453035,
        442.2508224978219,
        385.36315340208654,
        260.08558206867224,
        185.63523372463536,
        152.673868097982,
        91.18218027663082,
        82.03267641616968,
        64.34679479197081,
        38.264735723639845,
        26.627053911388693,
        19.30906522853967,
        15.721323099535855,
        8.590110593001704,
        9.499473669630312,
        2.91719042916296,
        4.528796749689695,
        2.416609194718912,
        1.9899748742132397,
        1.9899748742132397,
        0.0
    ]
}