{
    "yield_linear": 1.0841717567708724,
    "error_linear": 0.18142062658317093,
    "error_log": 0.16733568777286656
}