{
    "start": 0,
    "stop": 20,
    "levels": [
        131.14925016032706,
        131.2492501603259,
        131.34925016029703,
        131.44925016031237,
        131.5492501603265,
        131.64925016032706,
        131.7492501603259,
        131.8492501603267,
        131.94925016031237,
        132.0492501603265,
        132.14925016032706,
        132.2492501603114,
        132.3492501603267,
        132.44925016031237,
        132.5492501603265,
        132.64925016032706,
        132.7492501603114,
        132.8492501603267,
        132.94925016031237,
        133.0492501603265,
        133.14925016032706,
        133.2492501603114,
        133.3492501603267,
        133.44925016031237,
        133.5492501603265,
        133.64925016032706,
        133.7492501603114,
        133.8492501603267,
        133.94925016031237,
        134.0492501603265,
        134.14925016032706,
        134.2492501603114,
        134.3492501603267,
        134.44925016031237,
        134.5492501603265,
        134.64925016032706,
        134.7492501603114,
        134.8492501603267,
        134.94925016031237,
        135.0492501603265,
        135.14925016032706,
        135.2492501603259,
        135.3492501603267,
        135.44925016031237,
        135.5492501603265,
        135.64925016032706,
        135.7492501603259,
        135.8492501603267,
        135.94925016031237,
        136.0492501603265,
        136.14925016032706,
        136.2492501603259,
        136.3492501603267,
        136.44925016031237,
        136.5492501603265,
        136.64925016032706,
        136.7492501603259,
        136.8492501603267,
        136.94925016031237,
        137.0492501603265,
        137.14925016032706,
        137.2492501603259,
        137.3492501603267,
        137.44925016031237,
        137.5492501603265,
        137.64925016032706,
        137.7492501603259,
        137.8492501603267,
        137.94925016031237,
        138.0492501603265,
        138.1492501603267,
        138.2492501603114,
        138.3492501603267,
        138.44925016031237,
        138.54925016032442,
        138.6492501603267,
        138.7492501603114,
        138.8492501603267,
        138.94925016031237,
        139.04925016032442,
        139.1492501603267,
        139.2492501603114,
        139.3492501603267,
        139.44925016031237,
        139.54925016032442,
        139.6492501603267,
        139.7492501603114,
        139.8492501603267,
        139.94925016031237,
        140.04925016032442,
        140.1492501603267,
        140.2492501603114,
        140.3492501603267,
        140.44925016031237,
        140.54925016032442,
        140.6492501603267,
        140.74925016032657,
        140.8492501603267,
        140.94925016031237,
        141.04925016032442,
        141.1492501603267,
        141.24925016032657,
        141.3492501603267,
        141.44925016031237,
        141.54925016032442,
        141.6492501603267,
        141.74925016032657,
        141.8492501603267,
        141.94925016031237,
        142.04925016032442,
        142.1492501603267,
        142.24925016032657,
        142.3492501603267,
        142.44925016031237,
        142.54925016032442,
        142.6492501603267,
        142.74925016032657,
        142.8492501603267,
        142.94925016031237,
        143.04925016032442,
        143.1492501603267,
        143.24925016032657,
        143.3492501603267,
        143.44925016031237,
        143.54925016032442,
        143.6492501603267,
        143.74925016032657,
        143.8492501603267,
        143.94925016031237,
        144.04925016032442,
        144.1492501603267,
        144.24925016032657,
        144.3492501603267,
        144.44925016031237,
        144.54925016032442,
        144.6492501603267,
        144.74925016032657,
        144.8492501603267,
        144.94925016031237,
        145.04925016032442,
        145.1492501603267,
        145.24925016032657,
        145.3492501603267,
        145.44925016031237,
        145.54925016032442,
        145.6492501603267,
        145.74925016032657,
        145.8492501603267,
        145.94925016031237,
        146.04925016032442,
        146.1492501603267,
        146.2492501602978,
        146.3492501603267,
        146.4492501603126,
        146.5492501603244,
        146.6492501603267,
        146.7492501602978,
        146.8492501603267,
        146.9492501603126,
        147.0492501603244,
        147.1492501603267,
        147.2492501602978,
        147.3492501603121,
        147.4492501603126,
        147.54925016030998,
        147.6492501603267,
        147.7492501602978,
        147.8492501603121,
        147.9492501603126,
        148.04925016030998,
        148.1492501603267,
        148.2492501602978,
        148.3492501603121,
        148.4492501603126,
        148.54925016030998,
        148.6492501603267,
        148.7492501602978,
        148.8492501603121,
        148.9492501603126,
        149.04925016030998,
        149.1492501603267,
        149.2492501602978,
        149.3492501603121,
        149.4492501603126,
        149.54925016030998,
        149.6492501603267,
        149.7492501602978,
        149.8492501603121,
        149.9492501603126,
        150.04925016030998,
        150.1492501603267,
        150.2492501602978,
        150.34925016031133,
        150.4492501603126,
        150.54925016030998,
        150.6492501603267,
        150.7492501602978,
        150.84925016031133,
        150.9492501603126,
        151.04925016030998,
        151.1492501603267
    ]
}