{
    "start": 0,
    "stop": 30,
    "levels": [
        117.1922836120421,
        115.32148824320186,
        113.45076828714747,
        111.61788546151321,
        109.82118238317923,
        107.96289021961707,
        106.05160171329416,
        104.1327518769136,
        102.2915696235387,
        100.6244660718474,
        99.20981255380826,
        98.08373459441312,
        97.2416013635083,
        96.6548757757075,
        96.28672970183744,
        96.10077391231786,
        96.06125903241227,
        96.1372800311411,
        96.30640057152603,
        96.55263897422758,
        96.86325243929046,
        97.22685224316075,
        97.63245185696758,
        98.06843527042822,
        98.52010692711096,
        98.96681497704843,
        99.39837238466745,
        99.81077377246066,
        100.1963216455087,
        100.55237751950219,
        100.88069420280104,
        101.18467730452815,
        101.46774894744937,
        101.7328396737648,
        101.98235696477836,
        102.21825981625703,
        102.44215262492072,
        102.65536152742116,
        102.8589947811299,
        103.05398813328195,
        103.24113932017264,
        103.42113476072548,
        103.59456928750377,
        103.76196309764379,
        103.92377336474141,
        104.08040420248588,
        104.23221553096762,
        104.37952944397037,
        104.52263414351052,
        104.66179089145452,
        104.79723506665059
    ]
}