{
    "start": 0,
    "stop": 30,
    "levels": [
        117.17486042744277,
        115.30385176442846,
        113.43335942356681,
        111.60142201107911,
        109.8044367335799,
        107.94555561403355,
        106.03416482814461,
        104.11624671294297,
        102.27725492044813,
        100.61328798535371,
        99.2020079425628,
        98.07886939389626,
        97.23892989923169,
        96.65363817421095,
        96.28630492842811,
        96.10070722246307,
        96.06125483494624,
        96.137171082088,
        96.30609376278811,
        96.55208280950954,
        96.86242543812929,
        97.22575977442902,
        97.63112529813307,
        98.06693666040346,
        98.51855174234761,
        98.96534553062267,
        99.39699740415695,
        99.80954980558866,
        100.19527417726444,
        100.55149713419543,
        100.87995183408913,
        101.18404527936418,
        101.46720448297167,
        101.73236613202387,
        101.98194106211898,
        102.21789188529613,
        102.44182461778955,
        102.65506745029406,
        102.85872962585438,
        103.05374771384984,
        103.24092054716242,
        103.42093481259431,
        103.59438633310423,
        103.76179481737081,
        103.92361780604277,
        104.08026074881523,
        104.23208270485904,
        104.37940608183554,
        104.52251934817312,
        104.66168368363559,
        104.79713490420473
    ]
}