{
    "nbins": 50,
    "range_": [
        0.0,
        30.0
    ],
    "nburnin": 100,
    "nsamples": 100000,
    "nrepeats": 100,
    "seed": 0,
    "step_size": 0.5,
    "prob_eye": 0.1,
    "yields": [
        0,
        0,
        0,
        0,
        15,
        124,
        980,
        6235,
        31547,
        118440,
        328720,
        681107,
        1082662,
        1378659,
        1463433,
        1344094,
        1101181,
        826457,
        576815,
        385787,
        249817,
        157773,
        99207,
        60561,
        38076,
        23282,
        15070,
        9611,
        6276,
        4059,
        2756,
        1825,
        1303,
        983,
        709,
        497,
        442,
        294,
        197,
        201,
        135,
        137,
        88,
        81,
        50,
        62,
        36,
        32,
        23,
        20
    ],
    "errors": [
        0.0,
        0.0,
        0.0,
        0.0,
        5.3619026473818066,
        15.81897594662815,
        47.56048780237645,
        126.01091222588616,
        299.16034162301673,
        611.939539497163,
        1102.548865130249,
        1579.8058456658528,
        1804.7857379755642,
        1872.3071836640486,
        2104.231002052769,
        1737.9763059374545,
        1739.2278142900082,
        1523.721926730727,
        1288.587889901189,
        1066.2454267193839,
        934.9054016316303,
        629.059385113997,
        548.3981309231461,
        374.79566432924486,
        296.9280047418902,
        231.79033629554098,
        190.9162119884008,
        137.58557337162932,
        124.78878154706054,
        100.00094999548752,
        73.97729381371016,
        58.53844890326357,
        45.33111514180959,
        43.54434521266797,
        34.95983409571619,
        28.194148329041617,
        28.885290374167948,
        24.52835094334717,
        18.080652643087863,
        19.312949023906217,
        17.109938632268673,
        16.891121928397773,
        14.161920773680386,
        14.049555153100048,
        9.327379053088814,
        11.469960767151733,
        7.2828565824132525,
        7.054076835419365,
        7.328710664230103,
        5.656854249492377
    ]
}