{
    "start": 0,
    "stop": 40,
    "levels": [
        98.1481345094379,
        98.14097389091827,
        98.18141761553751,
        98.26592323119677,
        98.39088952816614,
        98.55269216422471,
        98.74842928123635,
        98.9749125294228,
        99.22959044988227,
        99.51020826985244,
        99.81451870021985,
        100.14069869534643,
        100.48702920296856,
        100.85191998959422,
        101.23424829931756,
        101.63216576407241,
        102.0452565182836,
        102.47201101400992,
        102.91181210316434,
        103.36372323790852,
        103.82692698525535,
        104.30087543240194,
        104.78468496836273,
        105.27789355801639,
        105.7801830915895,
        106.29072054428474,
        106.8093447703097,
        107.33550202606148,
        107.86878118444304,
        108.40890529512565,
        108.95563506290235,
        109.5083969767664,
        110.06698967269385,
        110.63125196046353,
        111.20064374948774,
        111.775421930341,
        112.3550698794987,
        112.93925629335178,
        113.52845170947357,
        114.12117694238313,
        114.71890451999522,
        115.31967726111974,
        115.9247742127654,
        116.53352373760136,
        117.14593390583062,
        117.76162967074188,
        118.38135555538236,
        119.0029950257339,
        119.62845145474688,
        120.25680021206084,
        120.88780946692546
    ]
}