{
    "start": 0,
    "stop": 20,
    "levels": [
        98.1481345094379,
        98.13821279579072,
        98.14097389091827,
        98.15522820651299,
        98.18141761553751,
        98.21830571317716,
        98.26592323119677,
        98.32379092345788,
        98.39088952816614,
        98.46785819443002,
        98.55269216422471,
        98.64656818123073,
        98.74842928123635,
        98.85793489131467,
        98.9749125294228,
        99.09903306808013,
        99.22959044988227,
        99.3668423492537,
        99.51020826985244,
        99.66001263326832,
        99.81451870021985,
        99.97509646948177,
        100.14069869534643,
        100.311461135716,
        100.48702920296856,
        100.66719238941316,
        100.85191998959422,
        101.04091409244273,
        101.23424829931756,
        101.431876752404,
        101.63216576407241,
        101.83687059470508,
        102.0452565182836,
        102.25696353596003,
        102.47201101400992,
        102.69045594137064,
        102.91181210316434,
        103.13621866780557,
        103.36372323790852,
        103.59383960442997,
        103.82692698525535,
        104.06244290712995,
        104.30087543240194,
        104.54157112022247,
        104.78468496836273,
        105.03010542332798,
        105.27789355801639,
        105.52789200409522,
        105.7801830915895,
        106.03444934986712,
        106.29072054428474
    ]
}