{
    "yield_linear": 159.9466505488361,
    "error_linear": 17.666476221677357,
    "error_log": 0.11045230494703795
}