{
    "start": 0,
    "stop": 150,
    "levels": [
        104.98620927594868,
        104.98973112912263,
        104.99439988646805,
        105.00021698230282,
        105.00718427865553,
        105.01530291020543,
        105.02457512284704,
        105.03500330067202,
        105.04658952011965,
        105.05933658169542,
        105.07324761025959,
        105.08832635556644,
        105.10457593113817,
        105.12199894861139,
        105.1406024904094,
        105.16039048160643,
        105.18136798026093,
        105.20354103266007,
        105.22691536519021,
        105.25149775405623,
        105.2772953136948,
        105.30431487776744,
        105.33256427094227,
        105.36205170493284,
        105.39278505479406,
        105.42477304480441,
        105.4580243654982,
        105.49254784490223,
        105.52835271185393,
        105.56544798840072,
        105.60384329412372,
        105.64354696705917,
        105.68456909516968,
        105.72691882616152,
        105.77060476507023,
        105.81563662571396,
        105.86202300731608,
        105.90977277278054,
        105.9588939271963,
        106.00939526451013,
        106.06128486846589,
        106.11457018183275,
        106.1692587959546,
        106.22535814703855,
        106.28287477328234,
        106.3418154770026,
        106.40218639532833,
        106.4639931466157,
        106.52724153647694,
        106.59193624750418,
        106.65808221472042,
        106.7256836396474,
        106.79474437672987,
        106.86526778520401,
        106.93725640836385,
        107.01071302190124,
        107.08563980706332,
        107.16203748453216,
        107.23990715971956,
        107.31924879531016,
        107.40006155512687,
        107.48234549283585,
        107.56610264637675,
        107.65133564816688,
        107.73804721889306,
        107.82623956605727,
        107.91591523864372,
        108.00707543112728,
        108.0997228702477,
        108.19385948162983,
        108.28948671543746,
        108.38660611467955,
        108.4852194341392,
        108.58532792746988,
        108.68693281665341,
        108.79003531751502,
        108.8946364533128,
        109.00073711039916,
        109.10833808090098,
        109.21743991148112,
        109.32804354479794,
        109.4401490389032,
        109.55375715306484,
        109.66886782471369,
        109.78548141553846,
        109.90359796837454,
        110.02321722197411,
        110.1443394621491,
        110.26696384197876,
        110.39109036045325,
        110.5167188895735,
        110.64384802278028,
        110.77247797677326,
        110.90260767639438,
        111.03423615775588,
        111.16736289873091,
        111.30198677206572,
        111.43810623870027,
        111.57572103595035,
        111.71482882889175,
        111.85542930627494,
        111.99752006477662,
        112.14110048740234,
        112.28616852115826,
        112.43272257432054,
        112.58076049381172,
        112.73028112777116,
        112.8812823497563,
        113.03376183830048,
        113.18771832820273,
        113.34314837492006,
        113.50005080047274,
        113.6584232831391,
        113.81826259834519,
        113.97956730771354,
        114.14233438017125,
        114.30656147896858,
        114.47224556852346,
        114.63938438155769,
        114.80797488962978,
        114.97801482885248,
        115.14949994413377,
        115.32242820565574,
        115.49679680972349,
        115.67260221984215,
        115.84984113508406,
        116.02851042047993,
        116.20860730483389,
        116.39012794569558,
        116.57306954848019,
        116.7574281408463,
        116.9431998946642,
        117.13038175862624,
        117.31897061934687,
        117.5089620621586,
        117.70035311161118,
        117.8931392797806,
        118.08731799340856,
        118.28288440846069,
        118.47983472721748,
        118.67816571476936,
        118.87787322991903,
        119.07895321633802,
        119.28140256131388,
        119.48521588874324,
        119.69039076875576,
        119.89692165041794,
        120.10480581889206,
        120.31403869876925,
        120.5246168909389,
        120.73653496510093,
        120.94979017169567,
        121.16437803345447,
        121.38029442369444,
        121.59753557390312,
        121.81609713677292,
        122.03597545505446,
        122.25716626209746,
        122.47966555768251,
        122.70346971611937,
        122.92857444119569,
        123.15497584061733,
        123.38266989866673,
        123.61165272802697,
        123.84192065165747,
        124.07346914225266,
        124.30629478584046,
        124.54039356951688,
        124.7757614154205,
        125.01239454279373,
        125.25028894612133,
        125.48944118265743,
        125.72984653744751,
        125.97150214215935,
        126.214403460957,
        126.45854656678176,
        126.7039282929264,
        126.95054396008481,
        127.19839031152532,
        127.44746326034308,
        127.69775906144193,
        127.94927383510392,
        128.20200382329847,
        128.45594545973933,
        128.71109362602868,
        128.9674454783813,
        129.22499646375616,
        129.48374197383043,
        129.7436783022662,
        130.0048014439036,
        130.26710738210994,
        130.53059093020482,
        130.79524928682775,
        131.06107758942773,
        131.3280721998097,
        131.59622878055058,
        131.8655433452244,
        132.1360114828147,
        132.4076295234217,
        132.6803929410127,
        132.95429846218875
    ]
}