{
    "start": 0,
    "stop": 150,
    "levels": [
        104.98901057343622,
        104.99271699768624,
        104.99762064241341,
        105.00372198405782,
        105.01102174973784,
        105.01952044072544,
        105.02921919988479,
        105.0401191791651,
        105.05222248389515,
        105.06553029871164,
        105.08004572557434,
        105.09577126195794,
        105.11271019689384,
        105.13086689033051,
        105.15024379763204,
        105.17084676841887,
        105.19268121689673,
        105.21575225012987,
        105.24006632343259,
        105.26563018168322,
        105.292450841457,
        105.32053509485101,
        105.3498918606883,
        105.38052880107932,
        105.41245459325543,
        105.4456779950338,
        105.48020617064478,
        105.51605152370622,
        105.55322199195942,
        105.59172652081688,
        105.63157500542425,
        105.67277688894181,
        105.71534191337963,
        105.75927844400739,
        105.80459595624096,
        105.85130374597013,
        105.89941054835141,
        105.94892483202192,
        105.99985472124376,
        106.05220818606126,
        106.10599328025094,
        106.16121701731547,
        106.21788630329212,
        106.2760080482781,
        106.33558844287347,
        106.39663284573625,
        106.45914714573871,
        106.52313588291494,
        106.58860341573208,
        106.65555426605913,
        106.72399148709957,
        106.79391820050385,
        106.86533670025318,
        106.93824878293077,
        107.01265559490218,
        107.08855754011049,
        107.16595461148535,
        107.24484513593737,
        107.32522792610375,
        107.40710443361928,
        107.49047779783794,
        107.57534967103292,
        107.6617220828359,
        107.74959788639566,
        107.83897863333974,
        107.92986623660778,
        108.02226236160236,
        108.11616883944038,
        108.21158662449372,
        108.30851727825763,
        108.40696213735411,
        108.50692226410897,
        108.60839861592733,
        108.71139206617472,
        108.81590337773153,
        108.9219334941761,
        109.0294818817271,
        109.13855007832544,
        109.24913821978285,
        109.36124624677535,
        109.47487340612508,
        109.59002118105525,
        109.70668882472668,
        109.8248759908254,
        109.94458216669886,
        110.06580739494258,
        110.18855098112566,
        110.31281261727855,
        110.43859058156173,
        110.56588497208418,
        110.69469472658616,
        110.82501837836739,
        110.95685591181804,
        111.09020444890632,
        111.22506430122127,
        111.3614336365428,
        111.49931042945605,
        111.63869387131382,
        111.7795820292791,
        111.92197315464969,
        112.06586570581919,
        112.21125797828462,
        112.3581474265719,
        112.50653224360396,
        112.6564104986185,
        112.80778001835279,
        112.96063819643192,
        113.11498343783887,
        113.27081233215914,
        113.42812320913093,
        113.5869136041195,
        113.747179703787,
        113.90892002669682,
        114.07213125649442,
        114.23681080876324,
        114.40295622699196,
        114.57056315402157,
        114.73962928628838,
        114.91015196180216,
        115.08212673345871,
        115.25555196173835,
        115.43042352796945,
        115.60673839193149,
        115.78449282824863,
        115.96368320529457,
        116.14430644618646,
        116.32635909312195,
        116.50983630971031,
        116.6947361372564,
        116.88105382313331,
        117.06878582165564,
        117.25792830203592,
        117.44847743900036,
        117.64042934753375,
        117.83377999617645,
        118.02852580959706,
        118.22466230490966,
        118.4221855797316,
        118.62109224701528,
        118.82137705291576,
        119.02303676129696,
        119.22606695723144,
        119.43046337948583,
        119.63622232171397,
        119.8433396008944,
        120.05181071947283,
        120.2616317792496,
        120.47279869463374,
        120.68530735260717,
        120.89915318726442,
        121.11433302253991,
        121.33084249797002,
        121.54867776384702,
        121.76783337894075,
        121.98830631786217,
        122.21009298863511,
        122.43318849883255,
        122.65758949002401,
        122.88329109757086,
        123.11029024734324,
        123.33858228556784,
        123.56816349734285,
        123.7990300451395,
        124.03117756804582,
        124.26460227942977,
        124.49930048560537,
        124.73526815242616,
        124.97250093826773,
        125.21099558664129,
        125.45074774763178,
        125.69175339431509,
        125.93400903674117,
        126.17751048196993,
        126.4222542790518,
        126.66823592395312,
        126.91545234684179,
        127.16389844095697,
        127.41357162979143,
        127.66446672970156,
        127.91658032859615,
        128.16990817577354,
        128.42444533986134,
        128.6801881347715,
        128.93713222607795,
        129.19527347013275,
        129.4546075919041,
        129.7151302873655,
        129.97683787891063,
        130.23972612285155,
        130.50378934233885,
        130.76902536388053,
        131.03542937557353,
        131.30299680759862,
        131.5717238835257,
        131.8416065558835,
        132.11264013972635,
        132.38482135198882,
        132.65814495573966,
        132.93260809752272,
        133.2082058948937,
        133.4849346074303
    ]
}