{
    "yield_post": 52.725405414578574,
    "error_post": 5.433853745682145
}