{
    "start": 0,
    "stop": 100,
    "anchors": [],
    "levels": [
        70.78699846360192,
        70.62374816260593,
        70.46178196607912,
        70.30111239722788,
        70.14175277862239,
        69.98371620003414,
        69.82701498688917,
        69.67166178938689,
        69.5176690035116,
        69.36504899912161,
        69.21381368478492,
        69.06397538334033,
        68.91554564685764,
        68.76853625028092,
        68.62295877007143,
        68.47882461256859,
        68.33614529643938,
        68.19493179980725,
        68.0551955915046,
        67.91694775827489,
        67.78019906024429,
        67.64496064007999,
        67.5112434260779,
        67.3790583367853,
        67.24841616712692,
        67.11932767510172,
        66.99180398136858,
        66.86585579519087,
        66.74149379228719,
        66.61872879859513,
        66.49757153880607,
        66.37803268565085,
        66.2601228434728,
        66.14385249570549,
        66.02923211687236,
        65.91627192475795,
        65.80498201366382,
        65.69537228893032,
        65.5874524438395,
        65.48123197735713,
        65.37672002662833,
        65.27392555189356,
        65.17285724295225,
        65.0735235277883,
        64.97593255723177,
        64.88009236398395,
        64.78601085025997,
        64.69369571755189,
        64.60315435749196,
        64.51439447132537,
        64.42742334139791,
        64.34224932945216,
        64.25888035917076,
        64.17732451773199,
        64.0975904254641,
        64.01968686449831,
        63.94362311403735,
        63.8694085173654,
        63.79705257123271,
        63.72656472984608,
        63.65795433614987,
        63.59123048739515,
        63.52640164238835,
        63.46347578368679,
        63.40246015073929,
        63.343361199583484,
        63.28618446818024,
        63.23093494329706,
        63.17761637793682,
        63.1262318166153,
        63.076783469917345,
        63.02927266150631,
        62.983743108232304,
        62.940485615280224,
        62.89972340653182,
        62.86150338828547,
        62.82576021819415,
        62.792365822503655,
        62.76116040908562,
        62.73197869472496,
        62.704657989692116,
        62.679047705849875,
        62.655012817703934,
        62.632434516602046,
        62.611212272399456,
        62.59126295308638,
        62.57252130786132,
        62.55494135203526,
        62.53849767973742,
        62.52318933520348,
        62.50904577656978,
        62.496137763789264,
        62.48459231494674,
        62.47462361689527,
        62.466573000781416,
        62.460949935486994,
        62.45841024432047,
        62.4595243545168,
        62.46440717138844,
        62.47266565664673,
        62.483721964669215,
        62.497077364384936,
        62.512381192212786,
        62.529410559645115,
        62.5480346918642,
        62.56818730919784,
        62.589847200705705,
        62.613025738653576,
        62.63775773389102,
        62.66409494868374,
        62.69210044633388,
        62.721843530328684,
        62.753394283960745,
        62.7868185960817,
        62.822173087647286,
        62.85950047891207,
        62.89882763134702,
        62.94016271220576,
        62.98349568675841,
        63.028800784337626,
        63.076038378011376,
        63.12515835263884,
        63.17610236181773,
        63.228804819003855,
        63.28319065802302,
        63.339170066631425,
        63.39663731904533,
        63.45554333158472,
        63.51587253633553,
        63.577611643678836,
        63.64074992515643,
        63.705278122638006,
        63.77118892629409,
        63.8384760411852,
        63.90713399470938,
        63.97715805003111,
        64.04854424365723,
        64.12128852384978,
        64.19538716897885,
        64.27083657058884,
        64.34763298310367,
        64.42577223567773,
        64.50525007152713,
        64.58606169175967,
        64.66820201005577,
        64.75166411748829,
        64.83644122354971,
        64.92252531742298,
        65.0099067781724,
        65.098575393145,
        65.18852114413897,
        65.27973410557831,
        65.3722069984718,
        65.4659326523036,
        65.56090623478931,
        65.65712353280917,
        65.754581355231,
        65.85327656704442,
        65.95320709664476,
        66.05437077893274,
        66.15676572634736,
        66.26039040489417,
        66.36524290236893,
        66.47132175996708,
        66.57862505985995,
        66.68715172972642,
        66.79689985530112,
        66.9078681869178,
        67.02005463456678,
        67.13345790542363,
        67.25490831077187,
        67.36390724470796,
        67.48094990396939,
        67.59920185963259,
        67.71866177415643,
        67.83932753518005,
        67.96119678241146,
        68.08426813776285,
        68.20853914210696,
        68.34198030920054,
        68.4687390682301,
        68.64897774579246,
        68.77944699270267,
        68.91101780400281,
        69.04371397644913,
        69.17754284494887,
        69.31250835394806,
        69.44861141702354,
        69.58585180278365,
        69.72422841761767,
        69.86374029871783,
        70.00438497459824,
        70.14616071549358,
        70.28906429874948,
        70.43309364493581,
        70.5782451325406,
        70.72451542300749,
        70.87190098497507,
        71.02039816218709,
        71.17000251558395,
        71.32071048945951
    ]
}