{
    "yield_linear": 48.1047310939204,
    "error_linear": 8.139696645095215,
    "error_log": 0.1692078192725607
}