{
    "yield_post": 2.691923262095176,
    "error_post": 1.2694336985265882
}