{
    "yield_post": 145.86191123878336,
    "error_post": 8.524718619175468
}