{
    "yield_post": 464.6539054920877,
    "error_post": 18.167784215738983
}