{
    "yield_pre": 447.7506340925024,
    "error_pre": 31.820234871848523
}