{
    "yield_pre": 447.7189258740801,
    "error_pre": 32.27640566882853
}