{
    "start": 300,
    "stop": 650,
    "anchors": [],
    "levels": [
        123.16368476118595,
        122.87430133378247,
        122.58803271230204,
        122.30491859341338,
        122.02499650896677,
        121.74829762682239,
        121.47485047894955,
        121.2046863810773,
        120.93783782045222,
        120.67434046915653,
        120.41422759258145,
        120.15752617233551,
        119.90425719121208,
        119.65443956065064,
        119.40809187041323,
        119.16523234807882,
        118.92587860346445,
        118.69004789545735,
        118.45774984675901,
        118.22898758927445,
        118.00377041638635,
        117.7821011524067,
        117.56398531247882,
        117.34942883315152,
        117.13843788088892,
        116.93101858516451,
        116.72717724683501,
        116.5269199420859,
        116.33025251751931,
        116.13718007041675,
        115.9477082546459,
        115.76183983673377,
        115.57957930111762,
        115.40092941352651,
        115.22589227596644,
        115.05446929981754,
        114.88666100816496,
        114.7224565528588,
        114.56183071283687,
        114.404759963636,
        114.25122584390216,
        114.10121457393798,
        113.95471965122522,
        113.8117406171399,
        113.67228336395272,
        113.53636101212933,
        113.40399794112038,
        113.27522250931827,
        113.15006268586188,
        113.02854556165302,
        112.91069622424752,
        112.79653689454402,
        112.68608600206241,
        112.57935727848663,
        112.476359440033,
        112.37709560429056,
        112.28156293430686,
        112.18975328459963,
        112.10165283652374,
        112.017242871568,
        111.93650001367716,
        111.8593968771249,
        111.78590296085552,
        111.71598386961426,
        111.64960420093519,
        111.58672634429448,
        111.5273115101525,
        111.4713204325174,
        111.41871404718898,
        111.36945335761605,
        111.32350037745809,
        111.280819098802,
        111.24137397035355,
        111.20513251055263,
        111.17206247173861,
        111.14213536043306,
        111.11532362305694,
        111.09160129604187,
        111.07094472761122,
        111.05333113048997,
        111.03873887956823,
        111.02714719608377,
        111.01853557370882,
        111.01288376482225,
        111.01017113289603,
        111.0103765007957,
        111.01347778466734,
        111.01945165867787,
        111.02827354805717,
        111.03991683786818,
        111.05435334528057,
        111.071552323604,
        111.0914817813433,
        111.11410599271878,
        111.13938828493116,
        111.16728892160901,
        111.19776626037414,
        111.23077656044082,
        111.26627472050184,
        111.30421423447119,
        111.34454796815987,
        111.38722820209,
        111.43220775053705,
        111.47943973819083,
        111.52887809891159,
        111.58047770320265,
        111.63419449135645,
        111.68998516566214,
        111.74780750103979,
        111.80761979522498,
        111.8693809846442,
        111.93305024693657,
        111.99858734960112,
        112.06595234801796,
        112.1351049799409,
        112.20600577366501,
        112.27861605118042,
        112.35289690587629,
        112.4288103699207,
        112.50631873678955,
        112.58538433695006,
        112.66596879024372,
        112.74803266974034,
        112.83153708728051,
        112.91644758341204,
        113.00273748470421,
        113.09038844625992,
        113.17938728100094,
        113.26971494857509,
        113.36135051352571,
        113.45427411158104,
        113.54846630541402,
        113.64390802482653,
        113.74058025182275,
        113.83846407026901,
        113.9375404127854,
        114.03779030244908,
        114.13919466799996,
        114.24173445528103,
        114.3453906449516,
        114.45014429316434,
        114.55597657362091,
        114.66286881749983,
        114.77080254868761,
        114.87975951252196,
        114.98972169728981,
        115.10067134854654,
        115.21259097706529,
        115.3254633613374,
        115.43927154632138,
        115.55399883961772,
        115.66962880660431,
        115.78614526559218,
        115.90353228402236,
        116.02177417611679,
        116.14085550248726,
        116.26076107153432,
        116.3814759425535,
        116.50298543007095,
        116.62527510891564,
        116.7483308193992,
        116.87213867203764,
        116.99668505111221,
        117.12195661665749,
        117.24794030320834,
        117.37462276028279,
        117.50198935749123,
        117.6300252651683,
        117.75871567476477,
        117.88804580155428,
        118.01800088795082,
        118.14856620742489,
        118.27972706876655,
        118.4114688208231,
        118.54377685743381,
        118.67663662268194,
        118.81003361631387,
        118.94395339929285,
        119.07838159951089,
        119.2133039175265,
        119.34870613237749,
        119.48457410743073,
        119.62089379615965,
        119.75765124801373,
        119.89483261413338,
        120.03242415305596,
        120.1704122363717,
        120.3087833542274,
        120.44752412077648,
        120.58662127951224,
        120.7260617084109,
        120.86583242505404,
        121.0059205914687,
        121.1463135189153,
        121.28699867243496,
        121.42796367527565,
        121.56919631320118,
        121.71068453936309,
        121.85241647735816,
        121.99438042425692,
        122.13656485404456
    ]
}