{
    "start": 300,
    "stop": 650,
    "anchors": [],
    "levels": [
        123.40746669580895,
        123.11325065045692,
        122.82218995246302,
        122.53432564586839,
        122.24969504829221,
        121.96833211180169,
        121.69026775413349,
        121.41552421407047,
        121.14412935201165,
        120.87611198492758,
        120.61150408042165,
        120.35033911409295,
        120.09264536983673,
        119.83844276796657,
        119.58774963238963,
        119.34058325679767,
        119.09696074837802,
        118.85689861981493,
        118.62041231775936,
        118.38751282069883,
        118.15820453228336,
        117.93249105251807,
        117.71037612457306,
        117.49186472508266,
        117.27696195142019,
        117.06567340486559,
        116.85800426407587,
        116.65396040011896,
        116.45354746641974,
        116.25677089455513,
        116.06363576147422,
        115.87414678805402,
        115.6883081960853,
        115.50612313863957,
        115.32759446733888,
        115.15272468736146,
        114.98151534931736,
        114.81396709615363,
        114.65007024936455,
        114.4897985877025,
        114.33312779341838,
        114.18003832023379,
        114.03051671444783,
        113.88455645413173,
        113.74215799192058,
        113.60332850927884,
        113.46808207347775,
        113.33644441707423,
        113.2084471964695,
        113.08412163608718,
        112.96349773900921,
        112.84660275708622,
        112.73346125298326,
        112.62409293615846,
        112.51851268234512,
        112.41672950511796,
        112.31874648426806,
        112.22456007126112,
        112.13416111806647,
        112.04753444193315,
        111.96465949822561,
        111.88551171892368,
        111.81006048528056,
        111.73827419989067,
        111.6701167836549,
        111.60555048450323,
        111.54453613556751,
        111.48703361982045,
        111.43300242362388,
        111.38240276694538,
        111.33519587745634,
        111.29134280362875,
        111.25080856634501,
        111.21355815923613,
        111.17955997046353,
        111.14878395453805,
        111.12120235390071,
        111.09678918432233,
        111.07552086735774,
        111.05737519468886,
        111.0423303450714,
        111.03036689777514,
        111.02146488268203,
        111.01560473973637,
        111.01276626042312,
        111.01292945704174,
        111.01607224434692,
        111.02217187470593,
        111.03120373516478,
        111.04314117423314,
        111.05795517719392,
        111.07561469506514,
        111.09608567666515,
        111.1193317116897,
        111.14531359744107,
        111.17398945779892,
        111.2053151043223,
        111.23924417705149,
        111.27572854890155,
        111.31471895770154,
        111.3561653559325,
        111.4000176356794,
        111.4462260462012,
        111.49474152674526,
        111.54551612305818,
        111.59850294220138,
        111.65365613362584,
        111.71093097705345,
        111.77028351707375,
        111.8316704575336,
        111.89504916556507,
        111.96037701236605,
        112.02761221480137,
        112.09671288374471,
        112.16763742577405,
        112.24034491078355,
        112.31479457490546,
        112.39094614601237,
        112.46875955098903,
        112.54819431905149,
        112.62920865283034,
        112.71175918601418,
        112.79580348226752,
        112.88130504056527,
        112.968236696145,
        113.05658041856927,
        113.14632383554711,
        113.23744847788973,
        113.32993320372586,
        113.42375772876817,
        113.5189022062561,
        113.61534697478747,
        113.7130724161272,
        113.81205888145466,
        113.91228666300412,
        114.01373599716675,
        114.11638708972413,
        114.2202201981901,
        114.32521546989884,
        114.43135341838723,
        114.53861453376322,
        114.64697957281815,
        114.7564295162733,
        114.8669456135057,
        114.97850938932541,
        115.09110266260423,
        115.20470753515374,
        115.31930639230416,
        115.43488189347283,
        115.55141696253656,
        115.66889477848429,
        115.78729876758909,
        115.90661259798036,
        116.02682017698405,
        116.14790565133782,
        116.26985341004476,
        116.39264808926325,
        116.51627457873596,
        116.64071802881318,
        116.76596385739866,
        116.89199775593396,
        117.0188056937864,
        117.14637392040561,
        117.2746886989825,
        117.40373493011207,
        117.53349697374009,
        117.66395918654996,
        117.79510592615088,
        117.92692155529846,
        118.05939044664252,
        118.19249698805206,
        118.3262255883133,
        118.46056068318732,
        118.59548674183274,
        118.73098827329886,
        118.8670498334038,
        119.00365603156338,
        119.14079153783067,
        119.27844108996085,
        119.41658950054844,
        119.55522166412547,
        119.69432256427241,
        119.83387728071679,
        119.97387099632792,
        120.11428900409912,
        120.2551167139647,
        120.3963396595819,
        120.53794350501654,
        120.67991405295385,
        120.82223725117751,
        120.96489919622834,
        121.107886139279,
        121.25118449202608,
        121.39478083232925,
        121.53866190970629,
        121.68281465053526,
        121.82722616308602,
        121.971883742231,
        122.1167748739646,
        122.26188723961525,
        122.40720871977771
    ]
}