{
    "yield_linear": 447.75276997293633,
    "error_linear": 32.44794690965427,
    "error_log": 0.07246844483310629
}