{
    "start": 0,
    "stop": 250,
    "levels": [
        115.19707113361507,
        115.17821985294754,
        115.16033156977127,
        115.14341166785978,
        115.12746483819167,
        115.11249510602096,
        115.09850662135221,
        115.08550385923127,
        115.07349071799398,
        115.06247065060016,
        115.05244727355898,
        115.04342402654774,
        115.0354038238407,
        115.02838989940547,
        115.02238542687688,
        115.01739212438204,
        115.01341364820786,
        115.01045215741036,
        115.0085099529591,
        115.00758976065353,
        115.00769267521716,
        115.00882184278939,
        115.01097907625275,
        115.0141661623507,
        115.01838529607552,
        115.02363785042468,
        115.02992626355757,
        115.03725181153743,
        115.0456167953925,
        115.05502282247997,
        115.06547136229001,
        115.07696510724654,
        115.08950448679545,
        115.10309262568273,
        115.11773089744315,
        115.13342140465397,
        115.15016638510033,
        115.16796727584787,
        115.18682652052182,
        115.20674599156412,
        115.22772847627144,
        115.24977642097677,
        115.27289108803426,
        115.29707614481632,
        115.32233365120851,
        115.34866623166135,
        115.3760766822059,
        115.40456766534085,
        115.43414212376257,
        115.46480241633182,
        115.49655204804651,
        115.52939394310997,
        115.5633310846566,
        115.59836582190698,
        115.63450219603895,
        115.67174282649134,
        115.71009052142578,
        115.7495489275695,
        115.790120605487,
        115.83180877668299,
        115.87461642777129,
        115.9185463513439,
        115.96360167076304,
        116.00978507149577,
        116.05709944692337,
        116.10554725470857,
        116.1551312577378,
        116.20585342749689,
        116.25771679612055,
        116.31072340568673,
        116.36487491488438,
        116.42017365819271,
        116.47662152135464,
        116.5342201077849,
        116.59297084510955,
        116.65287506448546,
        116.71393408651859,
        116.77614899636454,
        116.83952031884559,
        116.90404892180467,
        116.9697349169594,
        117.03657867450175,
        117.10458045134983,
        117.17374026172892,
        117.24405708424514,
        117.3155310653334,
        117.38816058558908,
        117.46194533596199,
        117.53688403350198,
        117.61297565933609,
        117.69021761159965,
        117.76860890703794,
        117.84814772933379,
        117.92883132396744,
        118.01065774357188,
        118.09362482965447,
        118.17773027598915,
        118.26297010618865,
        118.34934270902073,
        118.43684512483705,
        118.52547410550994,
        118.6152265575175,
        118.70609970595775,
        118.7980901401482,
        118.89119492319327,
        118.98541084764824,
        119.08073493567218,
        119.17716374628901,
        119.27469410526692,
        119.37332323057062,
        119.47304892823172,
        119.57387005927784,
        119.67578403334467,
        119.77879017011183,
        119.88288755953728,
        119.9880746396921,
        120.09435098151387,
        120.20171640727717,
        120.31017011427045,
        120.41971292599885,
        120.530344492876,
        120.64206536097285,
        120.75487612339074,
        120.86877770972838,
        120.98377121039869,
        121.0998569218192,
        121.21703660352276,
        121.3353113841462,
        121.45468267729878,
        121.5751501762901,
        121.69671400569209,
        121.81937238795557,
        121.94312509341437,
        122.06797101067156,
        122.19390856029544,
        122.32093774146787,
        122.44905677590768,
        122.57826539568353,
        122.70856265226509,
        122.8399447997381,
        122.97241409236426,
        123.10596803029205,
        123.24060557491086,
        123.37632495712961,
        123.51312619828525,
        123.65100773185381,
        123.78996729178884,
        123.93000499862082,
        124.07111897405268,
        124.21330794502609,
        124.35657074087462,
        124.50090604055767,
        124.64631236370977,
        124.79278866407472,
        124.94033361259076,
        125.08894579796974,
        125.23862407538044,
        125.38936689315176,
        125.5411731614149,
        125.69404126080171,
        125.84797015475351,
        126.00295857065709,
        126.15900477464177,
        126.316108331386,
        126.4742672949404,
        126.63348062975618,
        126.79374713749837,
        126.95506572406481,
        127.11743509028382,
        127.28085357798633,
        127.44531910175868,
        127.61083312755389,
        127.77739321068383,
        127.94499835121323,
        128.11364656363276,
        128.2833370008937,
        128.45406624155433,
        128.625833879607,
        128.79863704813096,
        128.9724736149539,
        129.14734205635853,
        129.32323994404024,
        129.50016499943186,
        129.67811583455645,
        129.8570891391452,
        130.03708375735408,
        130.21809665675096,
        130.40012575630251,
        130.58316947143777,
        130.76722585553586,
        130.9522926685512,
        131.13836639922664,
        131.32544569504807,
        131.5135249601639,
        131.70260192948552,
        131.8926755252833,
        132.08374136556984,
        132.2757952406712,
        132.4688291290517,
        132.66284840345625,
        132.85784671522902
    ]
}