{
    "start": 0,
    "stop": 250,
    "levels": [
        115.20309880571722,
        115.18387513635952,
        115.16563542077841,
        115.14838535664097,
        115.1321288088635,
        115.11687062970591,
        115.10261559775608,
        115.08936685042826,
        115.07712921017236,
        115.06590589547503,
        115.05570057613195,
        115.0465166320119,
        115.03835664648659,
        115.03122423119115,
        115.02512180124684,
        115.02005186561061,
        115.01601734913017,
        115.01302044644183,
        115.01106360326503,
        115.01014826941994,
        115.01027716890079,
        115.01145189433332,
        115.01367451236314,
        115.01694736081447,
        115.02127048925223,
        115.0266473369411,
        115.03307875391988,
        115.04056683877515,
        115.0491126062127,
        115.05871844382318,
        115.0693852681117,
        115.08111485659731,
        115.09390912381329,
        115.10777021196205,
        115.1226987821079,
        115.13869717605368,
        115.1557675648717,
        115.1739116785224,
        115.19313126283625,
        115.21342863953677,
        115.2348062373384,
        115.25726561899845,
        115.28080942862714,
        115.3054403773593,
        115.33115996255592,
        115.35797193439606,
        115.38587832616938,
        115.41488195869204,
        115.44498549033949,
        115.47619205348548,
        115.50850409105352,
        115.54192507609767,
        115.57645743874112,
        115.61210463387519,
        115.64886950378147,
        115.68675518788044,
        115.72576452604908,
        115.76590089625276,
        115.80716686312651,
        115.84956588561474,
        115.89310075454111,
        115.93777413564935,
        115.98358892339965,
        116.03054811143593,
        116.07865413105056,
        116.12790998526432,
        116.17831734940938,
        116.22987925101572,
        116.28259757792055,
        116.33647462542451,
        116.39151247169568,
        116.44771240580135,
        116.5050766052159,
        116.56360641756773,
        116.62330312345489,
        116.68416800014727,
        116.74620251772402,
        116.80940534281953,
        116.87377915605029,
        116.9393237666467,
        117.00603904033807,
        117.07392476444635,
        117.14298130858691,
        117.21320792745136,
        117.28460386441645,
        117.35716818168035,
        117.43089963922185,
        117.50579739517586,
        117.58185907180538,
        117.65908377505171,
        117.73746880189611,
        117.81701267240578,
        117.89771255085842,
        117.97956646589557,
        118.06257141961763,
        118.14672441671942,
        118.23202296020752,
        118.31846416940165,
        118.40604470064629,
        118.49476102709808,
        118.58461036790965,
        118.67558928510006,
        118.76769465533138,
        118.8609221336521,
        118.95526920738708,
        119.05073257723863,
        119.14730772395538,
        119.24499263751144,
        119.34378444788243,
        119.44368141549245,
        119.54468174453136,
        119.64678360419987,
        119.74998571948402,
        119.85428720274564,
        119.95968690130013,
        120.066184423646,
        120.1737792008754,
        120.28247124793805,
        120.39226092136335,
        120.50314798305497,
        120.61513311534944,
        120.72821741412294,
        120.84240126619115,
        120.9576857444735,
        121.07407246311043,
        121.191562221667,
        121.31015709164404,
        121.42985570750736,
        121.55066002660075,
        121.67256825522034,
        121.79557927436483,
        121.91969248352127,
        122.04490669301714,
        122.17122096566308,
        122.29863388394112,
        122.42714527788402,
        122.55675316993185,
        122.68745665628813,
        122.81925506222467,
        122.95214751951488,
        123.08613129966236,
        123.22120703118073,
        123.35737288690993,
        123.49462747241792,
        123.63296972625434,
        123.77239781728014,
        123.91291159740953,
        124.05450911080912,
        124.19718936902551,
        124.34095102225336,
        124.48579292677766,
        124.63171379113129,
        124.77871150087503,
        124.92678599572181,
        125.07593555886838,
        125.22615850570024,
        125.37745387086323,
        125.5298204962543,
        125.68325708212139,
        125.83776225365902,
        125.99333460209016,
        126.14997287742526,
        126.30767653991191,
        126.46644342401586,
        126.62627288742,
        126.78716385094855,
        126.94911477606081,
        127.1121237574593,
        127.2761918839319,
        127.44131557815852,
        127.60749527500266,
        127.77472945791075,
        127.94301767255622,
        128.1123569264283,
        128.28274616535847,
        128.45418400501444,
        128.6266678065661,
        128.80019592368882,
        128.97476602508203,
        129.15037685458896,
        129.32702506674428,
        129.50470997321025,
        129.68342848085172,
        129.86317936028306,
        130.04396041278105,
        130.2257689384626,
        130.40860357676056,
        130.5924613923015,
        130.77734160155393,
        130.9632414149778,
        131.15015663573757,
        131.3380849403759,
        131.52702521890853,
        131.71697346007684,
        131.90792553082582,
        132.09987515545438,
        132.29282565231293,
        132.48677072396117,
        132.681708508887,
        132.87763607022094,
        133.07454994014154
    ]
}