{
    "yield_post": 319.3743971496395,
    "error_post": 13.163549472721206
}