{
    "start": 250,
    "stop": 450,
    "anchors": [],
    "levels": [
        52.04228988697193,
        51.76493112972174,
        51.493212186974986,
        51.22706715123267,
        50.96643093009844,
        50.711239846625716,
        50.46143206213838,
        50.21694625705228,
        49.9777227265367,
        49.74370269763242,
        49.514828581550134,
        49.29104425974753,
        49.07229302294884,
        48.85852059715148,
        48.64967287027157,
        48.44569668966784,
        48.24653951716433,
        48.05214900299135,
        47.86247418781436,
        47.67746403720169,
        47.49706845626329,
        47.32123838021568,
        47.149924730416146,
        46.98307960436708,
        46.82065609642838,
        46.66260798398075,
        46.50888964675306,
        46.35944898992767,
        46.214228596397994,
        46.073177107796205,
        45.93623293393854,
        45.8033254148606,
        45.67439391621254,
        45.549389067739135,
        45.42827228012505,
        45.31101522538805,
        45.197597660041865,
        45.088005445514185,
        44.98222935734867,
        44.880262368150134,
        44.78209840879662,
        44.687731127617724,
        44.597152892354075,
        44.510354114617016,
        44.427322761177486,
        44.348043966485065,
        44.272500099035156,
        44.20067053863568,
        44.13253173714865,
        44.068057262247535,
        44.007217873062324,
        43.94998163522031,
        43.896314081341735,
        43.846178080742845,
        43.79953444373572,
        43.75634149519764,
        43.71655550335751,
        43.68013066593211,
        43.64701913926921,
        43.61717136770842,
        43.590535947213475,
        43.56705986073341,
        43.546688879727036,
        43.529366201840396,
        43.5150357772328,
        43.50363904040675,
        43.49511700769186,
        43.489410359080566,
        43.48645929047734,
        43.48620399520732,
        43.48858490781703,
        43.49354316800865,
        43.50102064999378,
        43.51096071581076,
        43.523307900473306,
        43.53800907875062,
        43.55501301093469,
        43.57427095227534,
        43.59573682044928,
        43.61936731622144,
        43.64512217527117,
        43.67296405585643,
        43.70285875367561,
        43.73477505698004,
        43.76868465827745,
        43.80456211608744,
        43.842384638354154,
        43.882131899559056,
        43.92378582975818,
        43.96733038891337,
        44.01275132379536,
        44.06003592477968,
        44.10917274466324,
        44.16015137769064,
        44.21296219670978,
        44.267596100866754,
        44.32404427928874,
        44.382297962461756,
        44.44234817338018,
        44.50418547130289,
        44.567799761239755,
        44.63317998111951,
        44.70031386327723,
        44.76918759036766,
        44.839785522856424,
        44.91208999805646,
        44.98608066646649,
        45.06173420383812,
        45.13902369264766,
        45.217917938826815,
        45.29838291768846,
        45.38039319237285,
        45.46392605832239,
        45.54895711861531,
        45.635462639853266,
        45.72342385341067,
        45.81282299983245,
        45.903642521045036,
        45.99586513454494,
        46.08947384497605,
        46.18445166947925,
        46.280782022261576,
        46.378448550448084,
        46.47743512270532,
        46.577725815508266,
        46.67930498126795,
        46.78215706467444,
        46.88626685019944,
        46.991619317947226,
        47.098199184795625,
        47.20599072461089,
        47.31497824870906,
        47.4251461462005,
        47.53647888084739,
        47.64896098253499,
        47.76257704450158,
        47.87731171831757,
        47.99314969538914,
        48.1100757293777,
        48.2280746344641,
        48.3471312853125,
        48.46723044156052,
        48.588357042894444,
        48.71049596408442,
        48.833632181204834,
        48.957750589721805,
        49.08283613281556,
        49.20887368279476,
        49.335848172963225,
        49.46374449158447,
        49.59254751976408,
        49.72224207926535,
        49.85281293994046,
        49.9842448373697,
        50.116522446738166,
        50.24963037701829,
        50.38355316210035,
        50.51827525593026,
        50.65378102756921,
        50.790054727672754,
        50.92708059554201,
        51.06484239237735,
        51.20332420737069,
        51.34250980666336,
        51.48238285333191,
        51.622926724138225,
        51.764123952517174,
        51.90595862170888,
        52.04841323081099,
        52.19147060603885,
        52.33511292837255,
        52.47932248149152,
        52.62408124374854,
        52.76937093203314,
        52.91517300158897,
        53.06146865493993,
        53.20823873848825,
        53.35546381010447,
        53.50312426065563,
        53.65120010990766,
        53.79967109308037,
        53.94851634548526,
        54.09771523766306,
        54.24724637123485,
        54.3970882438952,
        54.54721897655419,
        54.697616368434026,
        54.84825830237591,
        54.99912195340236,
        55.150184417437586,
        55.301422616342094,
        55.45281330992355,
        55.60433305504858,
        55.755958382027075,
        55.907665628698126,
        56.05943139176394,
        56.21123201865949,
        56.363044117998676,
        56.514844352256155,
        56.66660967641391,
        56.818317248022886
    ]
}