{
    "yield_linear": 318.5955879282406,
    "error_linear": 19.388329546962762,
    "error_log": 0.060855612198024926
}