{
    "yield_post": 0.884432617290233,
    "error_post": 0.20927853634490173
}