{
    "start": 0,
    "stop": 8,
    "anchors": [],
    "levels": [
        154.23089638834335,
        153.08665191905033,
        151.99822630506847,
        150.10676101254865,
        147.25161186240564,
        144.60440349840502,
        142.41550019354503,
        140.6302960281411,
        139.0458205193325,
        137.5000257008991,
        136.0091915215025,
        134.59743709061394,
        133.29674808438853,
        132.1405356943752,
        131.15270803337313,
        130.34008764007928,
        129.69353594830324,
        129.19517884136897,
        128.8243292386265,
        128.56145267021375,
        128.39130715981207,
        128.30318840984216,
        128.28134037875364,
        128.2958034161408,
        128.32479851185775,
        128.36093908826922,
        128.40174086533304,
        128.44613116164248,
        128.49353073651923,
        128.54355426264505,
        128.595904743647,
        128.65032137385904,
        128.70656070431187,
        128.7643882736127,
        128.8235749609688,
        128.8838940702161,
        128.9451199453636,
        129.00702421529158,
        129.0693709082043,
        129.1319084147837,
        129.1944399904706,
        129.25690355640864,
        129.3192580940959,
        129.38146961219482,
        129.44351496882047,
        129.50537237379805,
        129.56702593464854,
        129.62846275741984,
        129.6896728768028,
        129.75065010782004,
        129.81138414733502,
        129.87187492000464,
        129.93211912386602,
        129.99211279161875,
        130.05185639295865,
        130.11134950409038,
        130.1705917247117,
        130.22958425492996,
        130.28832845619294,
        130.34682522634046,
        130.40507682039697,
        130.46308484200932,
        130.5208519357175,
        130.57838012951134,
        130.6356722463242,
        130.69272984263384,
        130.74955651629057,
        130.80615493415667,
        130.86252734615698,
        130.91867675202545,
        130.9746056830921,
        131.03031727332927,
        131.0858139285993,
        131.14109817465894,
        131.19617332830788,
        131.25104203378564,
        131.3057057403763,
        131.36016877221851,
        131.4144329633916,
        131.4685004349154,
        131.5223750056074,
        131.5760580579813,
        131.62955230223747,
        131.68286043920912,
        131.735984877813,
        131.7889271603633,
        131.841690579586,
        131.894276900745,
        131.94668849548657,
        131.998927894365,
        132.05099648213817,
        132.10289648450708,
        132.15463115473693,
        132.20620132041125,
        132.25760905082132,
        132.3088567908071,
        132.35994634191206,
        132.41087955145906,
        132.4616577837532,
        132.51228340917567,
        132.56275838648017,
        132.61308450284685,
        132.66326249846804,
        132.71329543077485,
        132.76318326604934,
        132.8129299037705,
        132.8625348862976,
        132.9120010956898,
        132.9613291335931,
        133.01052113105675,
        133.05957826105367,
        133.10850240846779,
        133.15729467403685,
        133.20595593670765,
        133.25448926876447,
        133.30289446123842,
        133.35117328946515,
        133.3993270533568,
        133.4473574045203,
        133.49526501435554,
        133.54305138230197,
        133.59071747975744,
        133.63826538528477,
        133.68569583225363,
        133.7330092886263,
        133.78020761027983,
        133.82729187390908,
        133.87426336605517,
        133.92112285221754,
        133.96787117602366,
        134.01450991374713,
        134.06103978001363,
        134.10746191579534,
        134.15377765909642,
        134.19998721109442,
        134.2460914078081,
        134.29209287936095,
        134.33799099158432,
        134.38378734030456,
        134.4294824539616,
        134.47507766090877,
        134.52057356706126,
        134.56597054436133,
        134.61127058810717,
        134.6564735791192,
        134.7015812754913,
        134.74659348202218,
        134.79151136447393,
        134.83633623515237,
        134.88106829976277,
        134.9257084060523,
        134.97025759928073,
        135.01471673025924,
        135.0590859931176,
        135.1033659696584,
        135.14755827948332,
        135.19166313306658,
        135.23568125016885,
        135.27961328697936,
        135.32346055023766,
        135.36722221292786,
        135.41090007810618,
        135.45449493684563,
        135.49800648815324,
        135.5414364585268,
        135.58478483196745,
        135.62805282780846,
        135.6712394616082,
        135.71434736200857,
        135.75737642461814,
        135.80032650667118,
        135.84319891494707,
        135.88599428240263,
        135.92871251033108,
        135.97135463663852,
        136.01392191767687,
        136.05641325851923,
        136.09882979711378,
        136.14117313290234,
        136.18344297307277,
        136.22563972184417,
        136.26776402535728,
        136.30981647931938,
        136.35179731617959,
        136.39370687644043,
        136.43554670622177,
        136.4773166832053,
        136.51901658076173,
        136.56064766038594,
        136.60221016819906,
        136.64370488688533,
        136.68513143200747,
        136.72649160724856,
        136.76778418800615,
        136.80901104703509,
        136.85017136840546,
        136.89126619649483,
        136.93229711555796,
        136.9732618473306,
        137.01416331134033,
        137.0550006422936
    ]
}