{
    "start": 0,
    "stop": 12,
    "levels": [
        129.28896813788603,
        129.28320368567006,
        129.28130549331306,
        129.28287107577788,
        129.28755342460266,
        129.2950506488007,
        129.30509937771143,
        129.3174711043328,
        129.33196467530783,
        129.34840334753815,
        129.36663094668197,
        129.38650894744504,
        129.40791399751834,
        129.4307355679316,
        129.45487495303442,
        129.4802429548605,
        129.5067590898251,
        129.53435043557445,
        129.56295072492264,
        129.59249957332355,
        129.62294180708895,
        129.65422688250922,
        129.68630840877347,
        129.7191436914069,
        129.75269332715663,
        129.7869209346934,
        129.82179281450178,
        129.85727770522837,
        129.89334655462088,
        129.929972317153,
        129.9671297660325,
        130.00479534997737,
        130.04294707064128,
        130.08156430505642,
        130.12062762353438,
        130.16011892671813,
        130.20002110519277,
        130.24031807064327,
        130.28099465848973,
        130.322036558728,
        130.36343025318618,
        130.40516294741315,
        130.44722257019473,
        130.4895976294163,
        130.53227725658292,
        130.57525112425643,
        130.61850943363342,
        130.66204284154307,
        130.70584248775586,
        130.74989991689364,
        130.7942070887903,
        130.83875621759373,
        130.88354007082023,
        130.92855161625627,
        130.97378414803507,
        131.01923127506356,
        131.0648867510146,
        131.11074481008717,
        131.1567998062959,
        131.20304632436208,
        131.2494792210075,
        131.29609344134232,
        131.34288424829018,
        131.38984704953285,
        131.43697742941038,
        131.48427113991258,
        131.531724092266,
        131.57933234906716,
        131.62709211681818,
        131.67499966511414,
        131.72305160509572,
        131.77124447227976,
        131.81957498435835,
        131.86803997222836,
        131.91663637486064,
        131.9653612344751,
        132.0142116919548,
        132.06318498247467,
        132.11227843139136,
        132.16148945055068,
        132.2108155342812,
        132.2602542562182,
        132.30980326580823,
        132.35946028529597,
        132.40922310671692,
        132.45908958902118,
        132.5090576555169,
        132.55912529118456,
        132.6092905404035,
        132.65955150446655,
        132.70990633957712,
        132.76035325466603,
        132.81089050934344,
        132.8615164121191,
        132.9122293185501,
        132.96302762943478,
        133.01390978928876,
        133.06487428471084,
        133.1159196428471,
        133.1670444300511,
        133.21824725038616,
        133.26952674437823,
        133.32088158781664,
        133.37231049042262,
        133.42381219476516,
        133.4753854751437,
        133.52702913658658,
        133.57874201373568,
        133.63052296996005,
        133.68237089636537,
        133.7342847109032,
        133.78626335756465,
        133.83830580548613,
        133.89041104816837,
        133.94257810277023,
        133.99480600936303,
        134.04709383010075,
        134.0994406487411,
        134.15184556980446,
        134.20430771809674,
        134.25682623805466,
        134.30940029310722,
        134.36202906516516,
        134.4147117540889,
        134.46744751421832,
        134.52023570526723,
        134.57307551526253,
        134.62596621083532,
        134.67890707407096,
        134.73189740214394,
        134.78493650690737,
        134.8380237144353,
        134.89115836473601,
        134.94433981124573,
        134.99756742053083,
        135.0508405719341,
        135.10415865726074,
        135.1575210803694,
        135.21092725687333,
        135.26437661396258,
        135.31786858993823,
        135.37140263395784,
        135.42497820583537,
        135.47859477565427,
        135.532251823693,
        135.58594883993464,
        135.63968532399474,
        135.69346078480677,
        135.74727474039665,
        135.8011267177069,
        135.85501625232246,
        135.90894288830435,
        135.9629061778868,
        136.01690568147575,
        136.07094096726706,
        136.12501161113997,
        136.17911719646125,
        136.23325731394007,
        136.287431561423,
        136.341639543719,
        136.39588087249402,
        136.45015516607558,
        136.50446204925245,
        136.5588011532639,
        136.61317211549994,
        136.66757457948094,
        136.72200819467412,
        136.77647261629573,
        136.83096750537723,
        136.8854925284001,
        136.94004735735038,
        136.99463166953953,
        137.0492451474317,
        137.10388747867526,
        137.1585583558452,
        137.2132574764329,
        137.26798454269684,
        137.32273926161398,
        137.3775213446896,
        137.43233050797394,
        137.48716647185958,
        137.54202896108768,
        137.5969177045878,
        137.65183243547088,
        137.7067728908457,
        137.76173881181026,
        137.81672994333204,
        137.8717460342085,
        137.9267868369955,
        137.98185210786903,
        138.0369416066144,
        138.0920550965162,
        138.14719234432843,
        138.20235312022754,
        138.257537197644,
        138.31274435324528,
        138.36797436701053,
        138.4232270219474,
        138.47850210414026,
        138.53379940277526,
        138.58911870989985
    ]
}