{
    "start": 0,
    "stop": 20,
    "levels": [
        129.28896813788603,
        129.28153438144003,
        129.28410148421918,
        129.29505064880178,
        129.3131020478456,
        129.3372362158851,
        129.36663094668194,
        129.4006163154457,
        129.4386402219653,
        129.48024295486013,
        129.52503807090196,
        129.5726977716071,
        129.62294180708884,
        129.67552878861636,
        129.73024938447705,
        129.78692093467768,
        129.84538313250368,
        129.90549454426815,
        129.9671297660307,
        130.030177117835,
        130.09453676925716,
        130.16011892671813,
        130.22684283789778,
        130.29463538492553,
        130.36343025318695,
        130.43316710010942,
        130.5037908449773,
        130.57525112424116,
        130.64750169273282,
        130.72050005922438,
        130.7942070887903,
        130.86858650315236,
        130.94360488921623,
        131.01923127507706,
        131.09543663721223,
        131.17219429349228,
        131.24947922099415,
        131.32726797911076,
        131.4055387694551,
        131.48427113989933,
        131.56344591114592,
        131.64304500593076,
        131.72305160509572,
        131.80344971768346,
        131.88422431960436,
        131.9653612344751,
        132.04684707109013,
        132.12866916649244,
        132.21081553428021,
        132.29327481715893,
        132.3760362437516,
        132.45908958902257,
        132.5424251379553,
        132.62603365225456,
        132.70990633959173,
        132.79403482544785,
        132.87841112709353,
        132.96302762943478,
        133.04787706292345,
        133.13295248283492,
        133.21824725038522,
        133.3037550148588,
        133.38946969728187,
        133.47538547512957,
        133.561496768137,
        133.64779822494737,
        133.734284710905,
        133.82095129644304,
        133.90779324625655,
        133.99480600937727,
        134.08198520957805,
        134.1693266366261,
        134.2568262380689,
        134.34448011122817,
        134.43228449615475,
        134.52023570526723,
        134.60833036966855,
        134.69656505493964,
        134.78493650689273,
        134.87344158342148,
        134.96207724938472,
        135.0508405719341,
        135.1397287159017,
        135.22873893937074,
        135.31786858993823,
        135.40711510057855,
        135.49647598615482,
        135.58594883992032,
        135.67553133039738,
        135.7652211979715,
        135.85501625232246,
        135.94491436937741,
        136.03491348870645,
        136.12501161114122,
        136.21520679618828,
        136.3054971598514,
        136.39588087249234,
        136.48635615668664,
        136.57692128526713,
        136.66757457948094,
        136.7583144071969,
        136.84913918114944,
        136.9400473573795,
        137.0310374335407,
        137.12210794766236,
        137.21325747643323,
        137.30448463403286,
        137.39578807078001,
        137.48716647186023,
        137.57861855618077,
        137.67014307519844,
        137.76173881181154,
        137.85340457934382,
        137.94513922055154,
        138.03694160660135,
        138.12881063622703,
        138.220745234741,
        138.3127443532457,
        138.40480696786966,
        138.4969320788661,
        138.58911870989985,
        138.68136590738445,
        138.77367273966132,
        138.86603829645176,
        138.958461688194,
        139.05094204527714,
        139.1434785176457,
        139.23607027408028,
        139.32871650174258,
        139.4214164055218,
        139.5141692076365,
        139.60697414707099,
        139.6998304790987,
        139.79273747485925,
        139.8856944208639,
        139.97870061862756,
        140.0717553841545,
        140.16485804764687,
        140.25800795302797,
        140.3512044576626,
        140.4444469318689,
        140.53773475868906,
        140.6310673334606,
        140.72444406362894,
        140.81786436817475,
        140.91132767763168,
        141.00483343349794,
        141.09838108813693,
        141.191970104446,
        141.28559995556841,
        141.37927012465644,
        141.4729801046098,
        141.56672939783118,
        141.66051751598053,
        141.7543439797917,
        141.8482083187845,
        141.94211007113154,
        142.03604878333897,
        142.13002401017968,
        142.224035314327,
        142.3180822663457,
        142.41216444436287,
        142.50628143403875,
        142.6004328282274,
        142.69461822686162,
        142.78883723686914,
        142.8830894719253,
        142.97737455237268,
        143.0716921049324,
        143.16604176274907,
        143.26042316507477,
        143.35483595726961,
        143.4492797905573,
        143.5437543219125,
        143.63825921408198,
        143.73279413523386,
        143.82735875898115,
        143.92195276421276,
        144.01657583502188,
        144.11122766057315,
        144.20590793494466,
        144.30061635712957,
        144.3953526308011,
        144.49011646435633,
        144.58490757073736,
        144.67972566730083,
        144.77457047581902,
        144.86944172233098,
        144.96433913706574,
        145.0592624543913,
        145.15421141259915,
        145.2491857540552,
        145.34418522491325,
        145.43920957512344,
        145.53425855838512,
        145.62933193198725,
        145.72442945682158,
        145.81955089727404,
        145.91469602116868,
        146.00986459964165,
        146.10505640720885
    ]
}