{
    "yield_pre": 6.647914108002127,
    "error_pre": 1.1259158707343753
}