{
    "yield_linear": 6.647895445895501,
    "error_linear": 1.134628658119056,
    "error_log": 0.17067486505366009
}