{
    "start": 0,
    "stop": 30,
    "levels": [
        139.7543160127953,
        120.03774089548463,
        108.75903822923881,
        106.77548161236962,
        103.17711185869518,
        100.89377917284807,
        99.42514342586217,
        98.46820025691342,
        97.84186279920993,
        97.43964694304877,
        97.1980127504585,
        97.07671208124844,
        97.04725793354204,
        97.08578219703324,
        97.1695772785186,
        97.28054487557544,
        97.40913122844731,
        97.55140116869828,
        97.70553794293352,
        97.87027518452076,
        98.0443274420625,
        98.226187073024,
        98.4139859964238,
        98.60549518134498,
        98.79937221340185,
        98.994785043447,
        99.19105904993667,
        99.38764802817077,
        99.58411099555626,
        99.78009341718057,
        99.97531186125396,
        100.16954136402163,
        100.36260498005025,
        100.5543651303059,
        100.74471644824617,
        100.93357947656304,
        101.12089059375364,
        101.30660003731488,
        101.49067312576061,
        101.67308769078313,
        101.85383181932417,
        102.03290194692642,
        102.21030125450518,
        102.38603832547511,
        102.56012601134525,
        102.73257879149232,
        102.90341057459229,
        103.07263725328237,
        103.24027662167937,
        103.40634797414769,
        103.5708717320705
    ]
}