{
    "yield_linear": 7.120915127642123,
    "error_linear": 2.2537658153185034,
    "error_log": 0.3164994631897501
}