{
    "start": 0,
    "stop": 25,
    "levels": [
        99.61240952344036,
        99.5134074601345,
        99.42417174606732,
        99.34643020358948,
        99.28153563113602,
        99.2312489250893,
        99.1961403685073,
        99.17659369439454,
        99.17275936445468,
        99.18452137144189,
        99.21119072679126,
        99.25282797606411,
        99.3083285742446,
        99.37766247793189,
        99.46014578301359,
        99.55585908650738,
        99.66247538639655,
        99.78115264681742,
        99.91128499967719,
        100.05116341745331,
        100.20140007816198,
        100.36141566228184,
        100.53042809538705,
        100.70814284257317,
        100.89421162343695,
        101.08849151380001,
        101.29014254018082,
        101.49921894288582,
        101.71519613064805,
        101.93786076173323,
        102.16709619839983,
        102.40213195784162,
        102.64324494855414,
        102.89001043727426,
        103.14210254748062,
        103.39964016432123,
        103.66184772689579,
        103.92904028294447,
        104.2008541920638,
        104.47713259236072,
        104.75777115866448,
        105.04235209885934,
        105.33122364689481,
        105.623891327868,
        105.92007810967092,
        106.21991929119764,
        106.52333417018194,
        106.82989403027146,
        107.13978501320794,
        107.45302591224518,
        107.7690400918523
    ]
}