{
    "start": 0,
    "stop": 40,
    "levels": [
        99.61240952344036,
        99.45854710559597,
        99.33217582392041,
        99.24008180108416,
        99.18640662157478,
        99.17275936445468,
        99.19882750031542,
        99.26262958876976,
        99.36275915937291,
        99.49673929914505,
        99.66247538639655,
        99.85783796071314,
        100.08042298791145,
        100.32871915114225,
        100.60055594755502,
        100.89421162343695,
        101.20855203336626,
        101.54176748542861,
        101.89277564450362,
        102.26027304741224,
        102.64324494855414,
        103.04062740391575,
        103.45179115229257,
        103.87521518618297,
        104.31132259905918,
        104.75777115866448,
        105.21515717298924,
        105.68257658538752,
        106.15987451654264,
        106.64543851520781,
        107.13978501320794,
        107.64254987079417,
        108.15236932126804,
        108.6696939238758,
        109.19403535301407,
        109.72490227304544,
        110.26247344237467,
        110.80541961178771,
        111.35440691475603,
        111.90886512434538,
        112.46874000094517,
        113.0337347112117,
        113.60328489064472,
        114.17769265295016,
        114.75678879118189,
        115.3396319626071,
        115.92694913449404,
        116.51819316760024,
        117.11337146855664,
        117.71251534769742,
        118.31479816706883
    ]
}