{
    "yield_post": 22.159255053781106,
    "error_post": 3.2518202108046617
}