{
    "yield_pre": 3.174214600081812,
    "error_pre": 0.3382853126051459
}