{
    "start": 0,
    "stop": 6,
    "anchors": [],
    "levels": [
        239.0899849120627,
        237.74695537752197,
        236.39767041602374,
        235.0421181945494,
        233.6802929767175,
        232.31221269607877,
        230.93789353366674,
        233.84118713576885,
        231.1320771625401,
        227.990750628167,
        224.71550429387008,
        221.34986583866922,
        217.95104063775912,
        214.57332963062555,
        211.26820795366692,
        208.03893626171418,
        204.90142063066378,
        201.83541932461827,
        198.8977671381857,
        196.09232248979953,
        193.42964324683126,
        190.87160910869778,
        187.89332750412206,
        184.9125846676527,
        182.02515007322103,
        179.25151460427253,
        176.60194286662613,
        174.0807542052455,
        171.6883100010486,
        169.42238078928642,
        167.27915344276408,
        165.2539527258487,
        163.34160134366928,
        161.53665967433335,
        159.83363867644266,
        158.2271515596682,
        156.7119818284681,
        155.28313605868277,
        153.9358654987285,
        152.66567608668998,
        151.4683308699993,
        150.33983742750914,
        149.27644774560846,
        148.27464761512044,
        147.33116389857898,
        146.44310791950846,
        145.60769221643244,
        144.8220437449067,
        144.08333939081226,
        143.3889212512853,
        142.7362665389637,
        142.09656123420612,
        141.45089277067325,
        140.80013615271895,
        140.1453825484741,
        139.4880466173898,
        138.83010660980295,
        138.17432879097726,
        137.52402686516444,
        136.88248147411065,
        136.25252784291717,
        135.63643840111243,
        135.03596769403214,
        134.4523997418697,
        133.88666757958185,
        133.33940767449374,
        132.81102086039886,
        132.30172847594957,
        131.81159557917655,
        131.34057473722754,
        130.88860694240154,
        130.45561511928796,
        130.0413432976075,
        129.64543702646833,
        129.26749012763446,
        128.90706817324082,
        128.56371526891883,
        128.23696453529217,
        127.92640650516805,
        127.63168570362242,
        127.35244232711099,
        127.08828101600744,
        126.83875550003634,
        126.60339640244786,
        126.38172474591828,
        126.17326540284274,
        125.97755981488426,
        125.7941667232042,
        125.62266649414617,
        125.4626659081922,
        125.31379669123368,
        125.17571695275426,
        125.04811097118039,
        124.9306886285979,
        124.8231851828977,
        124.72535935590449,
        124.63699480101187,
        124.55789324655355,
        124.48787775760341,
        124.42678771934727,
        124.37447528766401,
        124.33080755928792,
        124.29565526656536,
        124.26889835101875,
        124.25041340261677,
        124.24008352330856,
        124.23778430029031,
        124.2433866674019,
        124.25675389581514,
        124.2777397895995,
        124.30618715895565,
        124.34192346364983,
        124.38476459549983,
        124.43450812746406,
        124.49093222269826,
        124.5537963178753,
        124.62283617603171,
        124.69775369552619,
        124.77818060893833,
        124.86350104558812,
        124.95249099532177,
        125.04392039255862,
        125.1373883380026,
        125.23283617802798,
        125.33028051177145,
        125.42976051993776,
        125.53131866943278,
        125.63499375109558,
        125.74082007977825,
        125.8488250508839,
        125.95902874444668,
        126.07144460682261,
        126.18607995864737,
        126.30293443097813,
        126.42200196850348,
        126.5406942417391,
        126.66357145550887,
        126.79231540995309,
        126.9157512132379,
        127.04498714956082,
        127.17626057023517,
        127.30951703296134,
        127.44469045004786,
        127.58170052613119,
        127.72044379294147,
        127.860784029429,
        128.00250246837126,
        128.14511612574344,
        128.28750899838076,
        128.4287232370161,
        128.5747902691591,
        128.71083857523263,
        128.8443840479312,
        128.97557302371717,
        129.1045905926201,
        129.23161569799512,
        129.35680841514514,
        129.48030838912874,
        129.6022372402519,
        129.72270157530377,
        129.84179285298933,
        129.95959413420644,
        130.0761768689372,
        130.19160635542306,
        130.30594058804118,
        130.4192324628757,
        130.53152906153224,
        130.642873997646,
        130.75330771317584,
        130.86286645594305,
        130.9715837475176,
        131.07949096305,
        131.18661714808516,
        131.292990176668,
        131.39863391028007,
        131.5035723545314,
        131.6078284335457,
        131.71142246857642,
        131.81437398927073,
        131.91670140207316,
        132.01842316521692,
        132.1195548769505,
        132.22011248409427,
        132.320111196783,
        132.419564760151,
        132.51848744968646,
        132.61689157326168,
        132.71479012384265,
        132.81219424154062,
        132.90911557319737,
        133.00556522216158,
        133.1015536462004,
        133.19709129873138,
        133.29218778285775,
        133.38685182499734,
        133.4810940775506,
        133.57492168515807,
        133.6683461803657,
        133.76137117358442,
        133.85401129325936,
        133.9462701198801
    ]
}