{
    "start": 0,
    "stop": 12,
    "levels": [
        125.78710841442066,
        125.80916147319216,
        125.83190616150067,
        125.85531854600896,
        125.87937542752374,
        125.90405492263831,
        125.92933621928505,
        125.95519951405191,
        125.98162594844976,
        126.00859755100035,
        126.03609734022442,
        126.06410860696033,
        126.09261596863611,
        126.12160447532985,
        126.15105978048213,
        126.18096827009514,
        126.21131692249998,
        126.24209303457124,
        126.27328463045366,
        126.30488091221787,
        126.33686984263954,
        126.36924126440192,
        126.40198494215797,
        126.43509070858272,
        126.46854982927292,
        126.5023529988058,
        126.53649178694253,
        126.57095674668025,
        126.60574128403839,
        126.64083606106863,
        126.67623474877452,
        126.71192970867305,
        126.7479139510651,
        126.7841807288845,
        126.8207235268688,
        126.85753605198111,
        126.89461222059019,
        126.93194615113667,
        126.96953215512367,
        127.0073647289273,
        127.04543854591964,
        127.08374844906726,
        127.12228944372174,
        127.16105669097163,
        127.20004550135978,
        127.23925132874983,
        127.27866976450943,
        127.31829653228696,
        127.35812748245708,
        127.39815858760392,
        127.43838593754478,
        127.47880573497021,
        127.51941429097828,
        127.56020802107874,
        127.60118344134752,
        127.642337164783,
        127.68366589827106,
        127.72516643838075,
        127.76683566884478,
        127.80867055651605,
        127.85066814260782,
        127.89282576160625,
        127.93514015392827,
        127.97760887198802,
        128.02022929890623,
        128.0629987396924,
        128.1059146877745,
        128.1489747390376,
        128.1921764927427,
        128.23551737077983,
        128.27899547186053,
        128.32260839358685,
        128.36635396217983,
        128.4102300541374,
        128.45423459902975,
        128.49836557786261,
        128.54262101268242,
        128.58699897397224,
        128.63149757686804,
        128.67611501015972,
        128.7208494084348,
        128.765699044632,
        128.8106621976596,
        128.85573718470368,
        128.90092236005108,
        128.94621611376496,
        128.99161687102736,
        129.0371230907737,
        129.08273326502245,
        129.128445917725,
        129.174259603992,
        129.22017290924643,
        129.26618444819798,
        129.31229286425508,
        129.3584968286287,
        129.40479503963007,
        129.4511862218947,
        129.4976691256664,
        129.54424252620075,
        129.59090522303424,
        129.63765603936406,
        129.6844938214872,
        129.73141743804146,
        129.77842577964677,
        129.8255177581912,
        129.87269230636952,
        129.91994837711783,
        129.96728494307942,
        130.0147009962144,
        130.06219554722284,
        130.10976762509165,
        130.15741627678543,
        130.20514056656668,
        130.2529395757916,
        130.30081240236976,
        130.3487581270866,
        130.39677594717904,
        130.44486497407624,
        130.49302436824613,
        130.54125330484024,
        130.58955097348453,
        130.63791657777924,
        130.6863493350631,
        130.73484847616143,
        130.78341324495304,
        130.83204289819952,
        130.88073670507762,
        130.9294939471509,
        130.97831391786704,
        131.02719592249025,
        131.07613927763614,
        131.12514331118905,
        131.17420736198437,
        131.22333082325125,
        131.27251297030537,
        131.32175321473878,
        131.37105093678815,
        131.42040552663164,
        131.46981638395596,
        131.51928291779092,
        131.56880453247004,
        131.61838062526786,
        131.66801073354344,
        131.71769424669316,
        131.76743061806724,
        131.8172193096104,
        131.86705979142428,
        131.9169515417227,
        131.9668940468948,
        132.01688680359499,
        132.06692925869459,
        132.1170210627197,
        132.16716159290326,
        132.2173504217907,
        132.26758707723542,
        132.31787109545022,
        132.36820201975544,
        132.4185794000415,
        132.46900287652576,
        132.51947186657708,
        132.56998596711423,
        132.6205447907755,
        132.6711479317018,
        132.7217948481376,
        132.77248544308918,
        132.8232190074895,
        132.87399528012025,
        132.92481382920352,
        132.97567415929444,
        133.02657613063872,
        133.07751925082965,
        133.1285031499914,
        133.17952746862002,
        133.23059183459088,
        133.28169589565792,
        133.33283930867555,
        133.38402172221845,
        133.43524279533645,
        133.48650219092065,
        133.53779957617178,
        133.58913474984902,
        133.64050717051836,
        133.69191656779986,
        133.7433626447534,
        133.7948451138063,
        133.8463636756901,
        133.89791802579342,
        133.94950786115092,
        134.00113275047792,
        134.05279264235614,
        134.10448713462043,
        134.15621594091436,
        134.20797877737098,
        134.25977536512698,
        134.3116054299382,
        134.36346869988375,
        134.41536490645467,
        134.46729378433764,
        134.51925507155008,
        134.5712485090292,
        134.62327384091466
    ]
}