{
    "yield_post": 1.8265044761040339,
    "error_post": 0.33080591465838655
}