{
    "yield_linear": 1.88,
    "error_linear": 0.3440930106817051,
    "error_log": 0.18302819717111976
}