{
    "yield_pre": 30.236200147440375,
    "error_pre": 5.323248197522075
}