{
    "nbins": 50,
    "range_": [
        0.0,
        60.0
    ],
    "nburnin": 100,
    "nsamples": 100000,
    "nrepeats": 100,
    "seed": 0,
    "step_size": 0.5,
    "prob_eye": 0.1,
    "yields": [
        0,
        0,
        0,
        0,
        0,
        0,
        0,
        0,
        0,
        2,
        24,
        205,
        1040,
        4170,
        13041,
        33313,
        73910,
        140591,
        238574,
        362196,
        503580,
        644216,
        764785,
        849249,
        892142,
        887616,
        843314,
        762232,
        664289,
        557729,
        452832,
        357307,
        271492,
        204028,
        147708,
        105479,
        74283,
        50029,
        33832,
        22800,
        15026,
        9778,
        6447,
        4161,
        2665,
        1826,
        1178,
        783,
        474,
        437
    ],
    "errors": [
        0.0,
        0.0,
        0.0,
        0.0,
        0.0,
        0.0,
        0.0,
        0.0,
        0.0,
        1.3999999999999988,
        5.4990908339470135,
        14.448183276799888,
        38.80721582386451,
        80.55432949258531,
        174.8490491824305,
        257.9831583650375,
        346.4981962435014,
        559.3712452387949,
        783.5516830433078,
        848.0895235763734,
        991.007568084119,
        1048.6903451448384,
        1233.5374943632644,
        1271.5978098439773,
        1350.2401119800877,
        1294.902868944231,
        1279.2662115447276,
        1179.2937547532417,
        1092.9171011563503,
        923.2792589460677,
        983.2699324193736,
        959.8044123674366,
        752.4236572570004,
        771.0630065046564,
        524.9965333218878,
        438.96080690649353,
        385.50241244381345,
        306.59515651751576,
        227.55166446325987,
        202.6178669318182,
        185.49188661502149,
        121.64357771785569,
        105.76818992494859,
        79.50968494466571,
        67.75507361076365,
        55.74262283029027,
        41.87075351602835,
        29.834711327579498,
        26.593984282164268,
        24.11037121240566
    ]
}