{
    "yield_pre": 59.561029119812304,
    "error_pre": 4.826921667698451
}