{
    "start": 40,
    "stop": 85,
    "levels": [
        57.40141207054717,
        56.06796675133047,
        54.83538058666666,
        53.69797960066637,
        52.65059805096389,
        51.68855731284061,
        50.807587966315246,
        50.003643349939345,
        49.27272706079242,
        48.61122310070024,
        48.01588170125921,
        47.48335320755695,
        47.0104983947472,
        46.59466913875241,
        46.2334589940253,
        45.92453037589375,
        45.665549111565085,
        45.45417440729017,
        45.28806924341215,
        45.16491289257978,
        45.08241208317543,
        45.03831356044355,
        45.03042114511435,
        45.05661920899408,
        45.114903477950534,
        45.20341494312406,
        45.320470208008096,
        45.46457894748812,
        45.63444194239996,
        45.82892871040025,
        46.047040440431296,
        46.28786542038819,
        46.550534629096596,
        46.83417888651164,
        47.13788438910459,
        47.460640732576465,
        47.80146183757061,
        48.159531094427166,
        48.53408310603072,
        48.92439876804315,
        49.329805824148025,
        49.74966407717294,
        50.18334148827127,
        50.63022757997588,
        51.08973768416365,
        51.56131122350594,
        52.04441097725596,
        52.538522077259344,
        53.04315137713175,
        53.55782780407892,
        54.08210316002971
    ]
}