{
    "start": 0,
    "stop": 40,
    "levels": [
        47.997830991577196,
        47.997352828100475,
        48.00451745756485,
        48.019267838535825,
        48.04150842902492,
        48.07115813429649,
        48.10813958937528,
        48.15237327520553,
        48.20374700592034,
        48.26226961989129,
        48.327728294193285,
        48.400133261941676,
        48.47937757732071,
        48.565372110203725,
        48.65803322991387,
        48.75727432826616,
        48.86301302362309,
        48.97516401005185,
        49.093643412246735,
        49.218368234623426,
        49.34925529120966,
        49.48622199260826,
        49.62918703315681,
        49.77806881326132,
        49.932787041027034,
        50.093262270659245,
        50.25941481432137,
        50.43116800321273,
        50.60844274667217,
        50.7911657744965,
        50.97926016017898,
        51.17264614435667,
        51.37125935539568,
        51.57502338375939,
        51.783866361297186,
        51.99771691678191,
        52.21650592971929,
        52.44016711679244,
        52.66862177853265,
        52.901829634248735,
        53.13970169745614,
        53.38216392040981,
        53.62919409055211,
        53.88069697350895,
        54.13661272566432,
        54.396884675898505,
        54.66145986446834,
        54.930270709552474,
        55.20326241344901,
        55.48034694254443,
        55.761530327162326
    ]
}