{
    "start": 0,
    "stop": 5,
    "levels": [
        97.87083453207413,
        96.6048709017442,
        95.99090708705002,
        92.03481271846344,
        87.79714971977758,
        85.25592137990145,
        83.77490791215519,
        82.8993093028485,
        82.39811556941001,
        82.12827748453729,
        82.00076686185675,
        81.96416870044224,
        81.98821642676418,
        82.0544679089829,
        82.15117716938013,
        82.27052335284205,
        82.40708843021868,
        82.55699219041199,
        82.71738101264519,
        82.88611296273791,
        83.06155523755073,
        83.24244802610164,
        83.42780926973589,
        83.61686593940705,
        83.80900346115995,
        84.0037281095714,
        84.20063892551704,
        84.39940667017565,
        84.59975802052958,
        84.80146363861998,
        85.00432910564537,
        85.20818798579941,
        85.41289645513494,
        85.61832911038687,
        85.82437564673847,
        86.03093819726733,
        86.23792916232715,
        86.44526940674304,
        86.6528867265624,
        86.8607145034377,
        87.06869046926799,
        87.27675551176581,
        87.48485242285702,
        87.69292446348615,
        87.90091353036141,
        88.10875915115251,
        88.31641780518947,
        88.52386260906246,
        88.73106979694431,
        88.93801809129984,
        89.14468843653076
    ]
}