{
    "start": 0,
    "stop": 5,
    "levels": [
        97.87083446545822,
        96.6048710944846,
        95.99090482818889,
        92.03480600063091,
        87.79714990251198,
        85.25592107389232,
        83.77490772397107,
        82.89930562750146,
        82.39811557131169,
        82.1282770234435,
        82.0007668634334,
        81.96416870044224,
        81.98821642684334,
        82.05446790954394,
        82.15117718566334,
        82.27052341834428,
        82.40708843021868,
        82.5569923541454,
        82.71738101279009,
        82.88611304216141,
        83.06155523802641,
        83.24244810843858,
        83.42780949698596,
        83.61686568353167,
        83.80900342484966,
        84.00372797860884,
        84.20063898037861,
        84.3994069384876,
        84.5997582024158,
        84.80146363663243,
        85.00432884910043,
        85.20818787016722,
        85.41289660732124,
        85.61832904902445,
        85.82437554943854,
        86.0309381193098,
        86.23792918358491,
        86.44526908518871,
        86.65288639793684,
        86.86071444653358,
        87.06869027881474,
        87.2767554128003,
        87.48485239358885,
        87.69292435666748,
        87.90091312613598,
        88.10875952700697,
        88.31641769231565,
        88.52386268429724,
        88.73106923778423,
        88.93801812556755,
        89.14468812371459
    ]
}