{
    "yield_linear": 1.1041213537683905,
    "error_linear": 0.41245890679469943,
    "error_log": 0.37356301948782
}