{
    "start": 0,
    "stop": 30,
    "levels": [
        82.9685630117555,
        82.98883912393828,
        83.02277581506429,
        83.06800718898927,
        83.12265953211904,
        83.18526357003412,
        83.25458762827867,
        83.32982531803951,
        83.4101002546193,
        83.49481007720624,
        83.58350141703647,
        83.67557505442967,
        83.77082932128894,
        83.86869416399344,
        83.96959319106811,
        84.07233574985584,
        84.17729033002685,
        84.28374651892887,
        84.39292915184532,
        84.5026810078324,
        84.61502193139879,
        84.72815233746577,
        84.84269045338978,
        84.95785568611993,
        85.07467416158629,
        85.19256515389006,
        85.31209038980788,
        85.43184515208762,
        85.55263386974768,
        85.67360795299517,
        85.795811349497,
        85.91888718754414,
        86.04263453560492,
        86.16708549598981,
        86.29215425971978,
        86.41780258442041,
        86.54405443729796,
        86.6715600879313,
        86.79817985503212,
        86.92599936788224,
        87.05507142436512,
        87.18306657169788,
        87.31227982061854,
        87.442649375278,
        87.57193264593191,
        87.70235678760748,
        87.83315726662939,
        87.96515794851464,
        88.09661190166605,
        88.22767668489982,
        88.35983917434254,
        88.49309723729219,
        88.62590363827863,
        88.75817683508505,
        88.8915333781887,
        89.02515412701875,
        89.15988709843936,
        89.2931895308448,
        89.42756426078732,
        89.56300009316145,
        89.69706465424348,
        89.83217409766955,
        89.967453556874,
        90.10297292839078,
        90.23871677570091,
        90.37466831109376,
        90.51153145350918,
        90.6470773714063,
        90.78355581967543,
        90.92024274632749,
        91.05708597802409,
        91.19410506693714,
        91.33129609489693,
        91.46865496129757,
        91.60709222858819,
        91.7438496080928,
        91.8816238088584,
        92.01958453815188,
        92.15768644359606,
        92.29593198443074,
        92.43431413307344,
        92.57283236591387,
        92.71153721628855,
        92.85022884780352,
        92.98916540630134,
        93.12818495533267,
        93.26727708647172,
        93.40746237214535,
        93.54589306478027,
        93.68538013916763,
        93.82497987651995,
        93.9655668558639,
        94.1044722140834,
        94.24438937454902,
        94.38437051897141,
        94.52450972844368,
        94.66467163421031,
        94.80497876780501,
        94.94534999251024,
        95.08585306214363,
        95.22640960265213,
        95.36707114566568,
        95.50780995296,
        95.64863315766836,
        95.78955654813727,
        95.93053178552842,
        96.0725627092337,
        96.21277124975673,
        96.35399074327225,
        96.49530970567514,
        96.6366844934252,
        96.7791085345592,
        96.91968115120062,
        97.06126066368616,
        97.20293275505281,
        97.34466910164679,
        97.48748164476511,
        97.62836385971994,
        97.77117229919831,
        97.91229928542243,
        98.05436426686282,
        98.19741424394947,
        98.3395843023595,
        98.4809192599699,
        98.62323604600394,
        98.76658261060803,
        98.9080205438755,
        99.05050239902373,
        99.1930408244469,
        99.33655217715899,
        99.47829394797289,
        99.62099622766742,
        99.76374984512593,
        99.9065536525907,
        100.05032369325419,
        100.19231777312515,
        100.33528134651655,
        100.4792765359502,
        100.6223572626109,
        100.76444500844548,
        100.9076000070204,
        101.05080261182415,
        101.19410221518407,
        101.33733220744932,
        101.48073966092215,
        101.62409444517306,
        101.76846437452019,
        101.91095241801939,
        102.05467661224557,
        102.19798656393876,
        102.3415820018489,
        102.48623393728492,
        102.62992095024318,
        102.77260710350748,
        102.91740703976687,
        103.06013216611365,
        103.2039912111448,
        103.34890061972426,
        103.49279499320409,
        103.63567909948176,
        103.77964615242925,
        103.92366110176884,
        104.06773955736872,
        104.21179200640202,
        104.35591100468085,
        104.50006588181569,
        104.64424799723511,
        104.78847847778727,
        104.93272215901119,
        105.07701700112153,
        105.22228163223127,
        105.36568321821572,
        105.5100600737269,
        105.65558146243016,
        105.79903856841065,
        105.94340112355519,
        106.08895408888716,
        106.23243689683716,
        106.37701301317493,
        106.52161045211591,
        106.66622344992045,
        106.81088392733164,
        106.9555923627116,
        107.10136074540274,
        107.24501468877605,
        107.39086097947785,
        107.53456700778071,
        107.67938004648192,
        107.82422793686148,
        107.96909954845984,
        108.1140113364774,
        108.25893537918027,
        108.40387482691806,
        108.54884560096065,
        108.69389516175656,
        108.83989142986142,
        108.98392657096697,
        109.13002899582848,
        109.274103587383,
        109.41923194821183,
        109.56436492892733
    ]
}