{
    "start": 45,
    "stop": 200,
    "anchors": [],
    "levels": [
        108.17760334003233,
        107.69526428984791,
        107.23149439231537,
        106.78593994479598,
        106.35822115951743,
        105.94789942778988,
        105.5544953979776,
        105.1775275683923,
        104.81648937843838,
        104.47086901064553,
        104.14015362773415,
        103.82383203863111,
        103.52139803752965,
        103.23235427980433,
        102.9562135578534,
        102.69250088600458,
        102.44077447863228,
        102.20061241263738,
        101.97160708800993,
        101.75337197571793,
        101.5455465136748,
        101.34780028595,
        101.15983122897131,
        100.98135923935483,
        100.81211630662149,
        100.65184230720526,
        100.50031945617762,
        100.35733727247222,
        100.22265210248801,
        100.09600231991278,
        99.977124497533,
        99.86576717984335,
        99.76169291108968,
        99.66468026337512,
        99.57451947134814,
        99.49100672529318,
        99.41393991855097,
        99.34311762825646,
        99.27834066302002,
        99.21941556608738,
        99.1661574109965,
        99.11839302373953,
        99.075962756837,
        99.0387202417518,
        99.0065337353428,
        98.97928358519621,
        98.95686126859184,
        98.9391673269684,
        98.92611027925945,
        98.91760255268747,
        98.91356105902202,
        98.91390402177808,
        98.91855023667848,
        98.92741741467182,
        98.94042148303276,
        98.95747772759222,
        98.97849661870676,
        99.00338714958002,
        99.03205430188751,
        99.06440004097973,
        99.10032262518526,
        99.13971737642062,
        99.18247553782797,
        99.22848598811746,
        99.277633311372,
        99.32979949401047,
        99.3848617210343,
        99.44269525347184,
        99.50316955277032,
        99.56614974250313,
        99.63149784755123,
        99.69907520510962,
        99.76873992767311,
        99.84034591782944,
        99.91374115189377,
        99.98876578412612,
        100.06524888732395,
        100.14300429818263,
        100.22182457282132,
        100.30147328142465,
        100.38167653594984,
        100.46211509107809,
        100.5424270354583,
        100.62222412364352,
        100.7011319228082,
        100.77884276291672,
        100.85514656073282,
        100.92993265021192,
        101.00316696162162,
        101.07486485524309,
        101.14506966760295,
        101.2138386894016,
        101.28123495094158,
        101.34732200159567,
        101.41216247317867,
        101.47581563820383,
        101.53833776653819,
        101.59978117978326,
        101.6601944385622,
        101.71962353633653,
        101.77811023260655,
        101.8356940895423,
        101.89241180604351,
        101.94829712560447,
        102.00338218184395,
        102.05769659631,
        102.11126825830046,
        102.16412389436402,
        102.21628571237662,
        102.26777957594044,
        102.31862522873637,
        102.36884457014517,
        102.41845644372144,
        102.46747924017983,
        102.51593031495828,
        102.56382626086653,
        102.61118284149305,
        102.65801492511005,
        102.70433683593726,
        102.75016209465512,
        102.79550371739211,
        102.84037405780998,
        102.88478496822025,
        102.9287479571739,
        102.97227388409206,
        103.01537311968627,
        103.05805576982043,
        103.10033144853986,
        103.14220948924545,
        103.18369870012299,
        103.22480779381073,
        103.26554559307247,
        103.30591839645672,
        103.34593550496058,
        103.38560423688244,
        103.42493073042779,
        103.46392294997476,
        103.5025872704511,
        103.54093023279535,
        103.57895784472333,
        103.61667656373564,
        103.65409201185324,
        103.69121013927221,
        103.72803633679615,
        103.76457580071256,
        103.80083383993937,
        103.83681569554446,
        103.87252622254505,
        103.90796997869509,
        103.94315187869344,
        103.9780766016704,
        104.01274715351485,
        104.04716940153506,
        104.0813468715877,
        104.11528370915218,
        104.148983624158,
        104.18245045578436,
        104.21568818643074,
        104.24870024105259,
        104.2814900968438,
        104.31406133307836,
        104.34641724925817,
        104.3785622608455,
        104.41049595013328,
        104.44222513039657,
        104.47375137783638,
        104.50507757514714,
        104.53620584627579,
        104.56713797277189,
        104.59788519910029,
        104.62842249882821,
        104.6587800086767,
        104.6890040059131,
        104.71893898797043,
        104.74874505123177,
        104.77837276015768,
        104.80782436174722,
        104.83710212007306,
        104.86620898752373,
        104.89514587509966,
        104.92391639862856,
        104.95252232586597,
        104.98096581181713,
        105.00924898845965,
        105.0373739307806,
        105.06534268137504,
        105.09315724097834,
        105.1208195246155,
        105.14833150116146,
        105.17569496576823,
        105.20291181652239,
        105.23080293822129,
        105.25691287119548,
        105.2837005911887,
        105.31034859258023,
        105.33685860794733,
        105.36323235056084,
        105.38947138775649,
        105.4155772610959,
        105.44155153156076,
        105.46739572670573
    ]
}