{
    "yield_linear": 84.08500342205814,
    "error_linear": 11.124775401235075,
    "error_log": 0.13230391804107006
}