{
    "start": 0,
    "stop": 100,
    "levels": [
        102.20134697908756,
        102.18604860557235,
        102.17187734605423,
        102.15883763520328,
        102.14693374381409,
        102.13616836499126,
        102.12654601797173,
        102.11806964000537,
        102.11074205428633,
        102.10456595174175,
        102.09954422593245,
        102.09567884108748,
        102.09297248897494,
        102.09142669003735,
        102.09104315944728,
        102.09182426370296,
        102.09377126800383,
        102.09688602393643,
        102.10116948399535,
        102.106623533932,
        102.1132493506612,
        102.12104821177935,
        102.13002168185676,
        102.140170818272,
        102.15149707346777,
        102.16400147457144,
        102.17768584913478,
        102.19255136151455,
        102.2085999552182,
        102.22583300281825,
        102.24425198995645,
        102.26385933521642,
        102.28465607018512,
        102.30664479384595,
        102.32982724319658,
        102.35420547371909,
        102.37978192397527,
        102.4065590909436,
        102.43453943927895,
        102.46372493254307,
        102.49411803102507,
        102.52572191362742,
        102.55853885133558,
        102.5925715655174,
        102.6278222948462,
        102.6642940276446,
        102.70198898693435,
        102.74090974527294,
        102.78105868110049,
        102.82243796283682,
        102.86504995586004,
        102.90889673562579,
        102.95398001589103,
        103.00030200923354,
        103.0478635797356,
        103.09666697492337,
        103.14671316656265,
        103.19800344748694,
        103.25053864696011,
        103.30431931212712,
        103.3593463476437,
        103.41561993036143,
        103.47314052441493,
        103.53190861969622,
        103.59192410442182,
        103.65318670628862,
        103.71569664687895,
        103.77945350063837,
        103.84445685183437,
        103.9107067032153,
        103.97820181673066,
        104.04694258544711,
        104.11692823628087,
        104.18815787020664,
        104.26063116975553,
        104.33434744239534,
        104.40930539433977,
        104.48550482965194,
        104.5629448070181,
        104.64162396414451,
        104.72154101846567,
        104.80269524222659,
        104.8850851338394,
        104.96870938604117,
        105.05356635237584,
        105.13965441171734,
        105.22697153760112,
        105.3155157303649,
        105.40528516875469,
        105.49627704559997,
        105.58848930342715,
        105.68191910590076,
        105.77656357811935,
        105.8724199115211,
        105.96948450954068,
        106.06775426553534,
        106.16722555114923,
        106.26789462033447,
        106.36975929061084,
        106.47281659552874,
        106.57706379297555,
        106.68249746309633,
        106.7891155208736,
        106.89691417562088,
        107.0058913536352,
        107.1160430612508,
        107.227366773611,
        107.33985922400174,
        107.45351689270973,
        107.5683366359802,
        107.68431530493586,
        107.8014491287874,
        107.91973551900648,
        108.03917048781503,
        108.1597512056435,
        108.28147370821662,
        108.40433479387715,
        108.52833049683923,
        108.65345874966096,
        108.77971451046966,
        108.90709542475645,
        109.03559789982341,
        109.16521778771948,
        109.29595242462213,
        109.42779748892943,
        109.56075003907213,
        109.69480671529986,
        109.82996303711238,
        109.96621672630974,
        110.10356313876281,
        110.24199936898253,
        110.38152160018227,
        110.52212645205906,
        110.66380988367806,
        110.80656868975268,
        110.95039930194591,
        111.09529767739468,
        111.24126042855661,
        111.3882838181951,
        111.53636376331781,
        111.68549743314064,
        111.83568039384484,
        111.9869090380842,
        112.13917962535231,
        112.29248851828672,
        112.44683181170386,
        112.60220591860619,
        112.75860686502867,
        112.91603068305221,
        113.07447373568648,
        113.23393211924414,
        113.39440197903528,
        113.55587943838478,
        113.7183606088137,
        113.88184174606525,
        114.04631932701197,
        114.2117885811382,
        114.37824661786053,
        114.54568960120498,
        114.71411279683913,
        114.883513499033,
        115.05388705373241,
        115.22523000565425,
        115.39753860893087,
        115.57080859317418,
        115.74503637771144,
        115.92021856952698,
        116.09634985857112,
        116.27342757085489,
        116.45144795574606,
        116.63040653846022,
        116.8102997126787,
        116.99112404242857,
        117.1728746732964,
        117.35554876998157,
        117.5391418602841,
        117.72365049290383,
        117.90907050662345,
        118.09539842924733,
        118.28262995443404,
        118.47076163145704,
        118.6597894699133,
        118.84970983018286,
        119.04051877548227,
        119.2322124610584,
        119.42478719356855,
        119.61823925608016,
        119.81256503420825,
        120.00776009646074,
        120.20382115280944,
        120.40074442651381,
        120.59852560214142,
        120.79716200989364,
        120.99664940989047,
        121.19698408909005,
        121.39816234726946,
        121.60018049453177,
        121.80303485124412,
        122.00672174884505,
        122.21123752738984,
        122.41657853846536
    ]
}