{
    "start": 0,
    "stop": 50,
    "anchors": [],
    "levels": [
        218.16531709683068,
        139.51724583980973,
        135.23853494215234,
        130.50826328753226,
        124.88116528908067,
        120.61338750609171,
        116.8310739492859,
        113.7599713901482,
        111.24339600852699,
        109.17157961941642,
        107.4621614904982,
        106.05100190606174,
        104.88684401411622,
        103.92810050051646,
        103.14193651362882,
        102.50094013621992,
        101.98209335944054,
        101.5663919140318,
        101.23827099525678,
        100.98505398506458,
        100.79631096615367,
        100.66319003277411,
        100.5778239164949,
        100.53291698829207,
        100.5215636832668,
        100.53731331360623,
        100.57443988952349,
        100.62823974782816,
        100.69512752825896,
        100.77246952046167,
        100.85828565697442,
        100.95096938870147,
        101.0490899681798,
        101.15127477541314,
        101.25616787232244,
        101.36244500189353,
        101.4688606245833,
        101.5743490551424,
        101.67822248007874,
        101.78005650231694,
        101.87959206461687,
        101.97669739105483,
        102.07132878621677,
        102.16350589345708,
        102.25883836138995,
        102.34074043807937,
        102.42596500831566,
        102.50905269505341,
        102.59009854824266,
        102.66919630744432,
        102.74643714477094,
        102.82190759141659,
        102.89568987035108,
        103.17046824067046,
        103.03849608097697,
        103.10766182706257,
        103.1754240441352,
        103.24184290537528,
        103.30697564553671,
        103.37087607166316,
        103.43359402770378,
        103.4951771492441,
        103.55567009488524,
        103.61511467814515,
        103.67355050209038,
        103.73101530907883,
        103.78754350454635,
        103.84317249402032,
        103.89792389723809,
        103.95183739143933,
        104.00493796296435,
        104.0572525468818,
        104.10880645175284,
        104.15962437887418,
        104.20972930314323,
        104.2591432209657,
        104.3078871136584,
        104.35598074453324,
        104.40344362764787,
        104.45029350088397,
        104.49654814995061,
        104.54222416922367,
        104.58733740079717,
        104.63190310375718,
        104.6759358162791,
        104.71944983272701,
        104.7624584974498,
        104.80497498086737,
        104.84701118600645,
        104.88857917224007,
        104.92969066834169,
        104.97035670015109,
        105.01058779573553,
        105.05039404810768,
        105.089785616419,
        105.12877173472279,
        105.16736188582334,
        105.20556573657063,
        105.2433889547099,
        105.28084291759868,
        105.31793381321458,
        105.35467042702865,
        105.39105963182746,
        105.42710883220363,
        105.46282462900824,
        105.49821492739414,
        101.95233414475493,
        101.95789661473621,
        101.96340297767802,
        101.96885461261577,
        101.97425244438816,
        101.97959765685309,
        101.98489152667709,
        101.99013457843682,
        101.99532883425469,
        102.00047384052996,
        102.00557154154419,
        102.01062280706608,
        102.01562862539923,
        102.02058925055523,
        102.02550625165316,
        102.03038030916748,
        102.03521180039104,
        102.04000175326118,
        102.04475095191127,
        102.04946029197119,
        102.05413058482335,
        102.05876223592513,
        102.06335539298149,
        102.0679117660836,
        102.0724317350278,
        102.07691530704841,
        102.08136357628231,
        102.08577714173458,
        102.09015655726196,
        102.09450238076244,
        102.09881524491847,
        102.10309558884609,
        102.10734345496476,
        102.11156044028398,
        102.11574614689246,
        102.11990104914409,
        102.12402626419198,
        102.12812165022783,
        102.13218800859778,
        102.13622566269602,
        102.14023532306594,
        102.14421678744822,
        102.14817094616762,
        102.15209807842675,
        102.15599864628064,
        102.15987305773973,
        102.16372127461901,
        102.16754439019806,
        102.1713420717663,
        102.17511501768645,
        102.17886356036294,
        102.18258811399024,
        102.18628867247317,
        102.18996597492239,
        102.19362023898279,
        102.19725126238237,
        102.20085997884414,
        102.20444674690425,
        102.20801143849815,
        102.21155405879571,
        102.21507563897569,
        102.21857646930229,
        102.22205589481544,
        102.22551495586464,
        102.22895530798175,
        102.23237251922579,
        102.23577126137089,
        102.2391510036497,
        102.24251073077211,
        102.24585173501207,
        102.24917387394967,
        102.25247742293823,
        102.25576252978712,
        102.25902950374794,
        102.2622784389973,
        102.26550969602556,
        102.26872341990438,
        102.27191984923861,
        102.27509886896767,
        102.27826106792244,
        102.28140649688974,
        102.28453537962315,
        102.2876483126951,
        102.29074421271862,
        102.29382448738848,
        102.29688888605848,
        102.29993763804617,
        102.30297089417112,
        102.30598881078889,
        102.30899155919626,
        102.31197929758471,
        102.31495221245308,
        102.3179104184921,
        102.32085409440941,
        102.32378338553826
    ]
}