{
    "yield_linear": 5.970730237162939,
    "error_linear": 1.5000930498326126,
    "error_log": 0.25124113638491885
}