{
    "start": 5,
    "stop": 40,
    "levels": [
        107.99190798510367,
        104.67139308809558,
        101.67009816322222,
        99.12664624268263,
        97.04949380873981,
        95.3983638555604,
        94.11479798723641,
        93.13834689192812,
        92.41769426950276,
        91.90829950568171,
        91.57203681719417,
        91.37698034281063,
        91.29672310605837,
        91.30950854938507,
        91.39735156863443,
        91.54524545218986,
        91.74049238826478,
        91.97215058505724,
        92.23057802413084,
        92.50705787258623,
        92.7935365266237,
        93.08268574046271,
        93.36852319363993,
        93.64714697880065,
        93.91665772875626,
        94.17647318204772,
        94.4267110939542,
        94.6678077778205,
        94.90032150896313,
        95.12483402730278,
        95.34190551035087,
        95.55205717811114,
        95.7557659651321,
        95.95346511815455,
        96.14554676123292,
        96.33236672335966,
        96.51424697142738,
        96.69147988883826,
        96.86433164539616,
        97.03304496943802,
        97.19784211235846,
        97.35892668711956,
        97.51648649364095,
        97.67069463586745,
        97.8217113534462,
        97.96968499421173,
        98.11475334395796,
        98.25704436286544,
        98.39667704607913,
        98.53376229713278,
        98.6684035822596
    ]
}