{
    "start": 5,
    "stop": 40,
    "levels": [
        107.99191246391484,
        104.67139728090062,
        101.67010151999834,
        99.12664599408517,
        97.04949375411418,
        95.39836378696398,
        94.11479794318115,
        93.1383468449659,
        92.41769447953857,
        91.90829950633,
        91.57203701687571,
        91.37698037685344,
        91.29672295542649,
        91.30950853860301,
        91.39735156215859,
        91.54524543579745,
        91.74049238826478,
        91.9721505483473,
        92.23057809055874,
        92.5070576677955,
        92.79353693321025,
        93.08268574046271,
        93.36852319363993,
        93.64714723583165,
        93.91665772875626,
        94.17647349288724,
        94.4267110939542,
        94.66780768642161,
        94.90032150561845,
        95.1248340220735,
        95.34190551035087,
        95.55205717811114,
        95.75576594821949,
        95.95346500542398,
        96.14554676652558,
        96.33236668599025,
        96.51424697142738,
        96.69147988875251,
        96.86433164539616,
        97.03304502037778,
        97.19784205599505,
        97.35892663512777,
        97.51648643774327,
        97.6706946323978,
        97.82171135310078,
        97.96968498969655,
        98.11475331598675,
        98.25704436106038,
        98.39667708971666,
        98.5337623114606,
        98.66840358223092
    ]
}