{
    "yield_linear": 13.638541497661837,
    "error_linear": 2.3835417380241624,
    "error_log": 0.17476514907644572
}