{
    "start": 0,
    "stop": 35,
    "levels": [
        95.13370463464994,
        94.9112319190462,
        94.70737635357082,
        94.522990166125,
        94.35858182052723,
        94.21440288051451,
        94.09055649281261,
        93.98683221783803,
        93.90307504324338,
        93.83894809387894,
        93.79403174158327,
        93.7678487350295,
        93.75987668498138,
        93.76960035063553,
        93.79643693786369,
        93.8398222351677,
        93.89919249085062,
        93.97398567174265,
        94.06364174964358,
        94.16762855802732,
        94.28531114644733,
        94.41636057572575,
        94.56019106230264,
        94.71633326037161,
        94.88433938397155,
        95.0638437248794,
        95.25419129738609,
        95.4552120750171,
        95.66645038434027,
        95.88757366546594,
        96.11811117427348,
        96.35785542936473,
        96.60642777162379,
        96.86354597814193,
        97.12894622821284,
        97.40217513814943,
        97.68318632520004,
        97.9716444700147,
        98.26725790384359,
        98.56986023270517,
        98.87919723965325,
        99.19507513458522,
        99.51725425324298,
        99.84557954005504,
        100.17984329407975,
        100.5198804770213,
        100.8655112435818,
        101.21655006370574,
        101.57285701232448,
        101.9343058148476,
        102.30074138476726
    ]
}