{
    "start": 0,
    "stop": 35,
    "levels": [
        95.1336905959928,
        95.07637499369082,
        95.02017541460512,
        94.96511082546314,
        94.9111982707629,
        94.85845352540056,
        94.80689117233518,
        94.75652391002734,
        94.70736353389935,
        94.65942145784237,
        94.61270563666884,
        94.5672257071954,
        94.52298856704424,
        94.48000069822879,
        94.43826698586543,
        94.39779232888426,
        94.35857989730968,
        94.32063308701666,
        94.28395313558374,
        94.2485419057272,
        94.21439974657001,
        94.18152648700166,
        94.14992135216923,
        94.1195831534204,
        94.09050973012639,
        94.06269877655309,
        94.03614741521979,
        94.01085154003297,
        93.98680812328568,
        93.96401235063288,
        93.94245965718255,
        93.92214497455986,
        93.9030630559065,
        93.88520709173133,
        93.86857214381922,
        93.85315151671182,
        93.83893842723691,
        93.82592609460755,
        93.81410779073259,
        93.80347523080839,
        93.79402146839843,
        93.78573893978745,
        93.77861960948381,
        93.77265578453333,
        93.7678388902986,
        93.76416084563954,
        93.76161347012368,
        93.76018797732743,
        93.75987612738047,
        93.76066908905554,
        93.76255855210837,
        93.76553496999622,
        93.76959028193734,
        93.77471548294533,
        93.78090169162809,
        93.78814003401487,
        93.79642164994887,
        93.80573752785727,
        93.81607890130482,
        93.82743681691585,
        93.83980250282028,
        93.85316699143641,
        93.8675211140927,
        93.88285656478264,
        93.8991643060044,
        93.91643564516835,
        93.93466184861394,
        93.9538340484153,
        93.9739438903694,
        93.99498247038291,
        94.01694146084475,
        94.03981232631472,
        94.06358661567471,
        94.08825589260209,
        94.11381184941517,
        94.1402462045287,
        94.16755078015218,
        94.19571756047617,
        94.22473808316352,
        94.25460465906659,
        94.28530929908388,
        94.31684399681748,
        94.34920105178182,
        94.38237270630397,
        94.41635112256446,
        94.45112931991792,
        94.48669868120128,
        94.5230524193808,
        94.5601835231206,
        94.59808379156847,
        94.6367465482605,
        94.67616458693573,
        94.71633057922345,
        94.7572376501914,
        94.79887871076744,
        94.84124727926593,
        94.88433604182354,
        94.92813840629118,
        94.97264788357413,
        95.01785776223885,
        95.06376151523881,
        95.11035266792754,
        95.15762496738517,
        95.20557198459116,
        95.25418710506135,
        95.30346471937887,
        95.35339859243904,
        95.40398249879351,
        95.45521061722378,
        95.50707698111695,
        95.55957585064513,
        95.61270158765494,
        95.66644748031986,
        95.72080906845274,
        95.77578035360204,
        95.83135580749467,
        95.88752997596454,
        95.9442977557245,
        96.00165313135724,
        96.0595912586383,
        96.11810682487061,
        96.17719489543691,
        96.23685013314554,
        96.29706768923933,
        96.35784238405614,
        96.41916970623994,
        96.48104394611835,
        96.54346106722053,
        96.60641610211653,
        96.66990432875723,
        96.73392110414966,
        96.79846203756584,
        96.86352203117355,
        96.92909711360781,
        96.9951826465301,
        97.06177429426558,
        97.12886770239986,
        97.19645858983887,
        97.26454271797067,
        97.33311590248468,
        97.40217399673989,
        97.47171290738461,
        97.54172858645146,
        97.61221703188588,
        97.68317428696082,
        97.75459643996122,
        97.82647962310412,
        97.89882001189383,
        97.97161382530234,
        98.04485732485557,
        98.11854681409858,
        98.19267863793235,
        98.26724918224096,
        98.34225487330531,
        98.4176921773451,
        98.49355759996592,
        98.56984768562828,
        98.64655901716934,
        98.72368821531067,
        98.80123193815407,
        98.87918688069098,
        98.95754977435715,
        99.03631738652355,
        99.11548651979366,
        99.19505401233839,
        99.2750167366561,
        99.35537159931359,
        99.43611554057995,
        99.51724553399231,
        99.59875858589564,
        99.68065173502596,
        99.76292205208239,
        99.84556663970184,
        99.92858263353779,
        100.01196719638219,
        100.09571752121306,
        100.17983083142593,
        100.26430437978097,
        100.34913544970897,
        100.43432135433795,
        100.51985943560098,
        100.60574706337718,
        100.69198163504797,
        100.7785606681261,
        100.86548143842504,
        100.95274137402464,
        101.04033822326706,
        101.12826937111632,
        101.21653239021168,
        101.30512489129606,
        101.39404487900764,
        101.48328911447067,
        101.57285572972879,
        101.66274233681233,
        101.75294668418658,
        101.84346650758886,
        101.93429954828717,
        102.02544357362368,
        102.11689637674684,
        102.20865577644045,
        102.30071961368135
    ]
}