{
    "start": 0,
    "stop": 200,
    "levels": [
        107.80143525939937,
        107.78924023089654,
        107.77801381593733,
        107.76775922744781,
        107.75848027683149,
        107.75017871584335,
        107.74285860078334,
        107.73652199297896,
        107.73117141259179,
        107.72680908096504,
        107.72343803687207,
        107.72105998866795,
        107.71967762643239,
        107.71929235246726,
        107.71990692699936,
        107.7215227296085,
        107.72414206478904,
        107.72776672926669,
        107.7323992691057,
        107.73804012368915,
        107.74469267259136,
        107.75235836083452,
        107.76103934896007,
        107.77073748399792,
        107.781455024342,
        107.79319452063874,
        107.80595747290869,
        107.81974740947021,
        107.83456572514423,
        107.85041618579103,
        107.86730053039832,
        107.88522259212307,
        107.90418519187249,
        107.92419162315278,
        107.94524518149694,
        107.96734945679289,
        107.99050830612056,
        108.01472556762644,
        108.0400052769096,
        108.06635164552347,
        108.09376900677223,
        108.12226185336924,
        108.15183487694236,
        108.18249256741119,
        108.21423984041579,
        108.24708180663661,
        108.28102330112458,
        108.31606946222624,
        108.35222555697337,
        108.38949614141865,
        108.42788714186119,
        108.46740368566567,
        108.50805026297567,
        108.54983292186127,
        108.5927563682195,
        108.6368258003738,
        108.68204652449643,
        108.72842296932625,
        108.77596040638016,
        108.82466364094383,
        108.87453773682452,
        108.92558648177237,
        108.97781543980417,
        109.03122796063977,
        109.08582893540816,
        109.1416220068481,
        109.19861156206935,
        109.2568012828816,
        109.31619450578235,
        109.37679503817895,
        109.43860612498736,
        109.50163081411665,
        109.5658722461769,
        109.63133302225522,
        109.69801537048468,
        109.7659224804014,
        109.83505572024029,
        109.90541766033428,
        109.97701004959349,
        110.04983388835888,
        110.12389118428013,
        110.19918291296547,
        110.27570956726423,
        110.35347266854255,
        110.43247190357786,
        110.51270753126441,
        110.59417962352012,
        110.67688799450478,
        110.76083197964967,
        110.84601047445413,
        110.93242242794051,
        111.02006641308441,
        111.1089438119134,
        111.1990539078178,
        111.29039765416518,
        111.38297446417587,
        111.47678485175915,
        111.57182873775076,
        111.66810577398104,
        111.76561575075685,
        111.86435816953164,
        111.96433267918205,
        112.06553895705454,
        112.16797600122636,
        112.27164288080641,
        112.3765394933793,
        112.4826646862346,
        112.59001757722419,
        112.69859717408013,
        112.80840239491238,
        112.91943207625526,
        113.03168548612976,
        113.14516092209436,
        113.25985697008169,
        113.37577276634403,
        113.49290694698999,
        113.61125809090174,
        113.73082512002529,
        113.85160596912458,
        113.97359977151034,
        114.0968050078176,
        114.22122055840522,
        114.34684446711704,
        114.47367624951463,
        114.60171437542618,
        114.73095779125566,
        114.8614052824766,
        114.99305574291024,
        115.12590833466203,
        115.25996180772013,
        115.39521622949998,
        115.53167041923908,
        115.66932365760543,
        115.80817571334532,
        115.94822612671521,
        116.08947459519382,
        116.2319206432828,
        116.37556442856923,
        116.52040575021564,
        116.66644404208496,
        116.81367973235585,
        116.96211278355871,
        117.11174317758915,
        117.2625708420762,
        117.41459586806285,
        117.5678181282501,
        117.72223666981753,
        117.87785006013303,
        118.03465734872908,
        118.19265682667839,
        118.3518475074261,
        118.51222794444675,
        118.6737966718778,
        118.83655239684396,
        119.00049355639945,
        119.16561899064727,
        119.33192682286936,
        119.49941552942099,
        119.66808403286056,
        119.83793080605517,
        120.0089538617303,
        120.18115291396515,
        120.35452384943187,
        120.52906739058432,
        120.7047813297177,
        120.8816635802791,
        121.05971343788909,
        121.2389282278606,
        121.41930663830783,
        121.60084734364786,
        121.78354835999066,
        121.96740824857197,
        122.15242501536923,
        122.33859739027986,
        122.52592355032557,
        122.71440112470674,
        122.90402943082533,
        123.09480589848287,
        123.28672962582135,
        123.47979837227442,
        123.67401055125501,
        123.86936444488441,
        124.0658583122191,
        124.26349039441021,
        124.46225907315056,
        124.66216310139788,
        124.86320023716611,
        125.06536925698893,
        125.26866737371903,
        125.47309444767255,
        125.67864816867626,
        125.88532627802768,
        126.09312817938692,
        126.30205216087136,
        126.51209585393522,
        126.72325787320526,
        126.93553631814895,
        127.14893067470031,
        127.36343918065424,
        127.57905856233648,
        127.79578800241578
    ]
}