{
    "yield_pre": 1.8356065395374013,
    "error_pre": 0.311165249024402
}