{
    "yield_post": 1.8441538252612562,
    "error_post": 0.30514233557495407
}