{
    "yield_post": 1.8442333124555828,
    "error_post": 0.30513627553156447
}