{
    "yield_linear": 1.835547417902004,
    "error_linear": 0.30823965381706653,
    "error_log": 0.167927916658987
}