{
    "yield_pre": 1.8837980136696912,
    "error_pre": 0.21593771083988952
}