{
    "yield_pre": 0.6422760238124765,
    "error_pre": 0.18364394801702413
}