{
    "yield_post": 0.6690980871333461,
    "error_post": 0.21503015061648736
}