{
    "yield_post": 0.668373686485106,
    "error_post": 0.2149541205960629
}