{
    "start": 0,
    "stop": 8,
    "anchors": [],
    "levels": [
        156.58154398148014,
        152.55605546871902,
        148.40004941374923,
        144.91334243156194,
        142.18420886288342,
        140.09854602941016,
        138.44678078093827,
        136.8589355356653,
        135.3252455242031,
        133.8745237885352,
        132.55210769649705,
        131.41702989919008,
        130.5187026449221,
        129.8726126454094,
        129.46404200477284,
        129.2637174161979,
        129.21722380048715,
        129.23102002821915,
        129.26074245993763,
        129.29755786575407,
        129.33896590731962,
        129.3839234615836,
        129.431863731041,
        129.48240543616106,
        129.53524984277908,
        129.59013115555865,
        129.64679767294754,
        129.70501017169246,
        129.7645338406885,
        129.82513731499236,
        129.88659010949416,
        129.9486587865777,
        130.01110073829295,
        130.07366268420535,
        130.1361930687308,
        130.19864301830924,
        130.26097335715423,
        130.32315432139245,
        130.38516188866697,
        130.44697700298906,
        130.50858418270158,
        130.56997203398458,
        130.63113108390766,
        130.69205387501103,
        130.75273573453478,
        130.81317257465366,
        130.87336152714806,
        130.93330096718728,
        130.99298972433905,
        131.05242890905052,
        131.11161725327912,
        131.17055617268392,
        131.2292476939805,
        131.28769266002018,
        131.34589293072852,
        131.40385070731776,
        131.4615681365317,
        131.51904762961607,
        131.57629185171493,
        131.63330321388568,
        131.69008413467557,
        131.74663738762612,
        131.80296589792664,
        131.8590720508885,
        131.91495876576062,
        131.97062897692405,
        132.02608516029915,
        132.08132999443316,
        132.1363663936539,
        132.19119710773015,
        132.24582414696627,
        132.30025080116198,
        132.35447951610084,
        132.4085128096251,
        132.4623529661934,
        132.51600295114406,
        132.56946472417053,
        132.6227411010891,
        132.6758346227581,
        132.72874632121025,
        132.78148005419757,
        132.8340375938336,
        132.88642073838074,
        132.93863223322438,
        132.99067375543882,
        133.04254771875307,
        133.0942559260929,
        133.1458003848079,
        133.19718363011532,
        133.24840683645283,
        133.29947238214825,
        133.35038223933464,
        133.4011380882331,
        133.45174130220096,
        133.50219447000353,
        133.5524987219901,
        133.60265668143163,
        133.65266834336234,
        133.70253691333318,
        133.7522632597532,
        133.80184922009067,
        133.85129680576404,
        133.90060689423433,
        133.9497805926601,
        133.99882018089798,
        134.0477271740715,
        134.09650248630828,
        134.14514782247306,
        134.1936649817185,
        134.2420536447771,
        134.29031706344747,
        134.33845585595327,
        134.38647122938488,
        134.43436424053675,
        134.4821364746579,
        134.52978941299816,
        134.57732364914176,
        134.62473991787198,
        134.67204056472542,
        134.7192263014514,
        134.7662981482956,
        134.8132580436696,
        134.86010455336606,
        134.90684152302077,
        134.95346852687365,
        134.99998720460005,
        135.0463983883729,
        135.09270300362994,
        135.13890210769097,
        135.18499698281715,
        135.23098733529696,
        135.27687606204665,
        135.3226624988637,
        135.36834816608962,
        135.41393375587126,
        135.4594208218023,
        135.50480983836934,
        135.55010033620633,
        135.5952952111508,
        135.64039414876197,
        135.6853985029925,
        135.73030915055776,
        135.77512569747245,
        135.8198501795011,
        135.8644831521969,
        135.9090253655181,
        135.95347684019004,
        135.99783941408566,
        136.04211283677503,
        136.08629849122838,
        136.1303968688187,
        136.1744086519493,
        136.21833459467925,
        136.26217529973647,
        136.3059311108777,
        136.34960380869498,
        136.3931930238132,
        136.43669962986633,
        136.48012416356812,
        136.52346766655984,
        136.56672985203494,
        136.60991270960932,
        136.6530157296711,
        136.69603918132688,
        136.73898512114135,
        136.78185325947942,
        136.82464455339988,
        136.8673581389819,
        136.90999670514876,
        136.95255952376226,
        136.99504717670436,
        137.03746065994008,
        137.07980004173444,
        137.12206664759887,
        137.1642600183601,
        137.20638079417398,
        137.24842972993312,
        137.29040750097602,
        137.33231453667412,
        137.37415044185008,
        137.41591796863418,
        137.4576152902878,
        137.4992438225187,
        137.54080445293292,
        137.58229578294967,
        137.62373995675387,
        137.66507703491544,
        137.70636814117157,
        137.74759255230256,
        137.78875121725054,
        137.82984452424608,
        137.87087415945263,
        137.91183667169594,
        137.95273602638667,
        137.99357227417283,
        138.03434466489864,
        138.0750545030134,
        138.11570149907368,
        138.1562865773122,
        138.19681042455485,
        138.23727204642563
    ]
}