{
    "yield_linear": 0.6421852328236544,
    "error_linear": 0.18447324254480463,
    "error_log": 0.2872586180994626
}