{
    "start": 0,
    "stop": 120,
    "anchors": [],
    "levels": [
        70.78699846360192,
        70.01521710989937,
        69.27414079349305,
        68.56513120890646,
        67.88947772412868,
        67.24841616712692,
        66.64315352114042,
        66.07488161721687,
        65.5447598265362,
        65.053865660512,
        64.60315435749196,
        64.19349022411049,
        63.8257713126036,
        63.501002518710465,
        63.220116644194476,
        62.983743108232304,
        62.79886428490556,
        62.66444630171395,
        62.56535184398072,
        62.493714106382974,
        62.45841024432047,
        62.49424123272764,
        62.58100228904552,
        62.70378521551673,
        62.86720540742951,
        63.076038378011376,
        63.327851826983384,
        63.61532733553793,
        63.93497994636912,
        64.2860882143103,
        64.66820201005577,
        65.08073919456912,
        65.5227674231939,
        65.99352470024068,
        66.49268450486413,
        67.02005463456678,
        67.57545479075236,
        68.15868678978408,
        68.8319409436973,
        69.47596841547207,
        70.14616071549358,
        70.84233484440473,
        71.56412638871886,
        72.31105170675741,
        72.99675595894728,
        73.79053563597066,
        74.60798216532976,
        75.44840585407606,
        76.3111009507557,
        77.20019397609708,
        78.10427805594276
    ]
}