{
    "yield_post": 0.6476854247065548,
    "error_post": 0.2565402326434931
}