{
    "yield_pre": 0.5230513069203785,
    "error_pre": 0.1884823198757024
}