{
    "yield_pre": 3.5210865628563703,
    "error_pre": 2.0450911889029486,
    "yield_post": 2.230377135846252,
    "error_post": 0.9529848209722656
}