{
    "yield_pre": 3.5210865628563703,
    "error_pre": 2.0450911889029486
}