{
    "start": 0,
    "stop": 35,
    "levels": [
        85.49325851942537,
        84.24289852754367,
        82.26229961128568,
        81.47614649578848,
        81.18660092115203,
        81.11220386600448,
        81.15822001385959,
        81.27875611909622,
        81.44879472038286,
        81.65345391996846,
        81.88325410097755,
        82.13182931056382,
        82.39472261776307,
        82.66870982249098,
        82.95139402081477,
        83.24095377193754,
        83.53597911420856,
        83.83536068724098,
        84.13821453340066,
        84.44382695444895,
        84.751617834626,
        85.06110861148578,
        85.37190465727669,
        85.6836754036731,
        85.99614482199965,
        86.30907913655243,
        86.62228045194614,
        86.93558165137989,
        87.24883936444338,
        87.5619312584219,
        87.87475291229299,
        88.18721425829887,
        88.49923777495258,
        88.8107574846143,
        89.12171573347885,
        89.43206370015184,
        89.74175895319961,
        90.05076502199724,
        90.35905077685975,
        90.66658973395765,
        90.97335937206313,
        91.27934078239596,
        91.58451740727462,
        91.88887539522088,
        92.19240453350555,
        92.49509519423792,
        92.79694020037657,
        93.0979345379759,
        93.39807336089207,
        93.69735387886877,
        93.99577431518561
    ]
}