{
    "start": 0,
    "stop": 35,
    "levels": [
        85.49325853445147,
        84.24289856016578,
        82.26229961128568,
        81.47614713479575,
        81.18660090923576,
        81.11220386494522,
        81.1582200427471,
        81.27875619204008,
        81.44879471777847,
        81.65345392070427,
        81.88325427106079,
        82.13182937757654,
        82.39472273246777,
        82.66870983715656,
        82.95139401280949,
        83.24095386143571,
        83.5359791894724,
        83.83536083285439,
        84.13821456173369,
        84.44382722490084,
        84.75161781877964,
        85.06110881372764,
        85.37190468549846,
        85.68367560032544,
        85.99614485543238,
        86.3090790911155,
        86.62228064470749,
        86.93558172874309,
        87.24883937314038,
        87.56193134646657,
        87.8747529142114,
        88.18721417232243,
        88.4992378494642,
        88.81075747534099,
        89.12171585263765,
        89.43206377254992,
        89.74175893180558,
        90.05076500983941,
        90.35905089005188,
        90.66658998776576,
        90.97335967752903,
        91.27934079840955,
        91.58451722741121,
        91.88887550959801,
        92.19240453687068,
        92.4950952684643,
        92.7969404861047,
        93.0979345807311,
        93.39807336474198,
        93.69735390681672,
        93.99577438739988
    ]
}