{
    "start": 0.0,
    "stop": 23.77842186698969,
    "levels": [
        85.49325851942537,
        83.49079954217434,
        81.62427626779635,
        81.17502311966693,
        81.12080292763193,
        81.24922559048802,
        81.47807003276986,
        81.76828148674645,
        82.0986589212436,
        82.4565576686997,
        82.8339084919193,
        83.22529442819126,
        83.62693425393468,
        84.0361066028683,
        84.45080339246498,
        84.86951254317005,
        85.29107616643668,
        85.71459502868677,
        86.13936284391261,
        86.56481875514453,
        86.99051486322102,
        87.41609129963035,
        87.84125749446655,
        88.26577610504016,
        88.6894556085066,
        89.11213937639448
    ]
}