{
    "nbins": 25,
    "range_": [
        0.0,
        23.77842186698969
    ],
    "nburnin": 100,
    "nsamples": 100000,
    "nrepeats": 16,
    "seed": 0,
    "step_size": 0.5,
    "yields": [
        15152,
        137049,
        285184,
        304589,
        254727,
        192260,
        137734,
        93373,
        62465,
        40688,
        26584,
        17094,
        11389,
        7042,
        4510,
        2801,
        1784,
        1115,
        767,
        515,
        321,
        191,
        134,
        87,
        35
    ],
    "errors": [
        312.4003841226832,
        717.1568430266841,
        976.365710172167,
        896.4376372620685,
        727.4929123366082,
        666.5455723354555,
        624.6549047274023,
        371.8742226882632,
        456.7657359084633,
        339.1695741071124,
        238.10501884672655,
        210.9780794300678,
        142.41642285916325,
        140.0205342083796,
        134.95832690130683,
        127.47916496431878,
        85.25256594378845,
        88.79998592342231,
        60.38987911893847,
        36.19996546959679,
        33.688833461549244,
        27.801753541818186,
        19.589538024159733,
        15.295015527942429,
        4.943429983321297
    ]
}