{
    "nbins": 10,
    "range_": [
        0.0,
        25.0
    ],
    "nburnin": 100,
    "nsamples": 10000,
    "nrepeats": 8,
    "seed": 1,
    "step_size": 0.5,
    "yields": [
        16555,
        36480,
        17596,
        6509,
        1968,
        558,
        150,
        62,
        21,
        6
    ],
    "errors": [
        284.6223374930366,
        289.88963417135153,
        300.18993987140874,
        134.0443023779825,
        86.04649905719582,
        62.108775547421644,
        32.39598740585013,
        9.772410142846033,
        14.417870855296215,
        4.636809247747852
    ]
}