{
    "yield_linear": 3.5235467632162014,
    "error_linear": 2.0653055871345,
    "error_log": 0.5861439412966221
}