{
    "yield_linear": 3.5235415438600377,
    "error_linear": 2.0653169435407586,
    "error_log": 0.5861480325497184
}