{
    "start": 0,
    "stop": 10,
    "levels": [
        82.82722460965392,
        82.9396494809164,
        83.0585949641706,
        83.18268214159805,
        83.31153908567676,
        83.44445664022545,
        83.58129867119423,
        83.721482336359,
        83.86484617418324,
        84.01100089636994,
        84.15977063141617,
        84.3109087901366,
        84.46418659160307,
        84.62001336564346,
        84.77661091663879,
        84.93548175066121,
        85.09577852342753,
        85.25771940295454,
        85.42103128682373,
        85.5853079371189,
        85.75100338977892,
        85.91787202147266,
        86.08566454329457,
        86.25444262779055,
        86.4241365390286,
        86.59473199474976,
        86.76625989096325,
        86.93857599520427,
        87.11142868003658,
        87.28500547829849,
        87.45945575413197,
        87.63439097009316,
        87.80984301670146,
        87.98598846773524,
        88.16270760542696,
        88.3398903599709,
        88.51761898887652,
        88.69582723627276,
        88.87446629547114,
        89.05359581006059,
        89.23311994393089,
        89.41308473273916,
        89.59335407628082,
        89.77425941026544,
        89.95514808756408,
        90.13658523275052,
        90.31837738993248,
        90.50040407227513,
        90.68277419972904,
        90.86546148802279,
        91.04856274999109
    ]
}