{
    "start": 0,
    "stop": 30,
    "levels": [
        82.82643987967636,
        82.91075241699345,
        82.99838823297289,
        83.0890981676582,
        83.18264939550063,
        83.27882738363192,
        83.37743458230541,
        83.47828882124503,
        83.58122538141022,
        83.68609356319227,
        83.792756144581,
        83.90108820708366,
        84.01097600925328,
        84.12231594711233,
        84.23501299116546,
        84.34898160324073,
        84.46414269908,
        84.58042332985481,
        84.6977578504803,
        84.81608509582546,
        84.93534875706027,
        85.05549767136597,
        85.17648351864116,
        85.29826273794095,
        85.42079432637644,
        85.54404040178257,
        85.66796577763846,
        85.79253772806837,
        85.9177257686651,
        86.04350145725495,
        86.16983822161075,
        86.29671122551562,
        86.4240971981444,
        86.55197431795152,
        86.68032209774245,
        86.80912128054595,
        86.93835374523285,
        87.06800242072516,
        87.19805120803237,
        87.32848490918119,
        87.45928916240193,
        87.59045038295862,
        87.72195570897122,
        87.85379295183068,
        87.9859505507296,
        88.11841753086286,
        88.25118346504003,
        88.3842384383085,
        88.5175730153904,
        88.6511782105892,
        88.78504546004696,
        88.91916659606876,
        89.05353382341276,
        89.18813969746415,
        89.32297710414986,
        89.4580392414958,
        89.59331960183991,
        89.72881195186008,
        89.86451030930948,
        90.00040892793272,
        90.13650230574214,
        90.27278515355724,
        90.40925239332441,
        90.54589926183334,
        90.68272111086473,
        90.81971339181445,
        90.95687179280904,
        91.09419217549659,
        91.23167043409038,
        91.36930271833415,
        91.50708531822602,
        91.64501464693403,
        91.78308724255959,
        91.92129976261286,
        92.0596489789565,
        92.19813177292735,
        92.33674513060305,
        92.47548613831327,
        92.61435197829601,
        92.75333992459448,
        92.892447339167,
        93.03167166813965,
        93.17101043832744,
        93.31046125385632,
        93.45002179300506,
        93.58968980519816,
        93.72946310811818,
        93.86933958500336,
        94.0093171820536,
        94.14939390597452,
        94.2895678216085,
        94.42983704974777,
        94.57019976496504,
        94.7106541936087,
        94.85119861186453,
        94.99183134391265,
        95.13255076017859,
        95.27335527563244,
        95.41424334820277,
        95.5552134772291,
        95.69626420201826,
        95.83739410041562,
        95.97860178747091,
        96.11988591418279,
        96.26124516623251,
        96.4026782628201,
        96.54418395555733,
        96.68576102734559,
        96.82740829138962,
        96.96912459015806,
        97.11090879446614,
        97.25275980253336,
        97.39467653912101,
        97.53665795469126,
        97.67870302458661,
        97.82081074824535,
        97.96298014847578,
        98.1052102707188,
        98.24750018235859,
        98.3898489150342,
        98.53225569227175,
        98.67471958600262,
        98.81723974499664,
        98.95981533686007,
        99.10244554751695,
        99.24512958065625,
        99.3878666572189,
        99.53065601492459,
        99.67349690776763,
        99.81638860557722,
        99.95933039355175,
        100.10232157186621,
        100.2453614552195,
        100.38844937246989,
        100.53158466621814,
        100.67476669246079,
        100.81799482020594,
        100.96126843115002,
        101.10458692024315,
        101.2479496895791,
        101.39135616005761,
        101.534805760779,
        101.67829793193937,
        101.82183212454419,
        101.96540780014463,
        102.10902443055758,
        102.25268149762356,
        102.39637849293743,
        102.54011491760235,
        102.68389028202682,
        102.82770410565725,
        102.97155591677529,
        103.11544525228774,
        103.25937165750798,
        103.40333468597079,
        103.54733389921827,
        103.69136886661981,
        103.83543916520385,
        103.97954437944783,
        104.1236841011604,
        104.2678579292707,
        104.41206546971205,
        104.55630633527113,
        104.70058014169689,
        104.84488650534226,
        104.9892250699561,
        105.13359547371618,
        105.27799736087397,
        105.4224303815967,
        105.56689419185493,
        105.71138845658379,
        105.85591283999199,
        106.00046701417172,
        106.14505065701377,
        106.28966345129267,
        106.4343050855765,
        106.57897525335548,
        106.72367365222892,
        106.8683999849662,
        107.0131539590136,
        107.15793528638183,
        107.30274368355677,
        107.4475788713961,
        107.5924405750624,
        107.73732852391055,
        107.88224245142479,
        108.0271820951202,
        108.17214719646205,
        108.31713750080183,
        108.46215275728062,
        108.60719271877201,
        108.75225714178592,
        108.89734578642809,
        109.04245841630265,
        109.18759479845899,
        109.33275470331697,
        109.47793790461418,
        109.62314417932005,
        109.76837330761131,
        109.91362507276887,
        110.05889926114868
    ]
}