{
    "start": 0,
    "stop": 3,
    "anchors": [],
    "levels": [
        193.70929248631262,
        191.8438389872135,
        164.69508152615788,
        187.81406937831846,
        163.907533565508,
        163.50461462589087,
        163.09518764078388,
        162.67891226207388,
        162.25540761549058,
        161.82424901524138,
        161.384969594655,
        168.9872338900475,
        166.97427877988451,
        165.07901442295793,
        163.22824566486503,
        161.43333933401283,
        159.70834084181843,
        158.06664236490903,
        156.51855774260315,
        155.0699569415927,
        153.72240132591998,
        152.47416670900782,
        151.32142074438318,
        150.2591710464105,
        149.28183307192177,
        148.38335300711566,
        147.5530540445267,
        146.7183687155976,
        145.85716013087975,
        144.9713400638828,
        144.0669235186072,
        143.1572281704847,
        142.25817140125878,
        141.38184360366023,
        140.53573179287903,
        139.7240647871772,
        138.94902953708672,
        138.2115633603885,
        137.51181411927655,
        136.8496210117656,
        136.2245308995484,
        135.63556616820173,
        135.08151189692282,
        134.5610527967202,
        134.072831572444,
        133.61548638948008,
        133.18768567564905,
        132.7881585721762,
        132.4158296184849,
        132.06971256797203,
        131.7487490443732,
        131.4518420942411,
        131.17791046629912,
        130.92590460716727,
        130.69481779559476,
        130.48369304004393,
        130.29162702458086,
        130.11777119090752,
        129.96133564715512,
        129.8215874428272,
        129.69784861978945,
        129.58949213637283,
        129.49593463710477,
        129.41662932757964,
        129.351056358903,
        129.29871472320812,
        129.2591141096749,
        129.23176897242504,
        129.2161890249015,
        129.21187897608633,
        129.21833100598272,
        129.235023008582,
        129.26141350849235,
        129.29693781380232,
        129.34100456502875,
        129.39299480376633,
        129.4522590123322,
        129.51812876408252,
        129.58992939680056,
        129.66699989824366,
        129.74871880252556,
        129.8345176649682,
        129.92389012175855,
        130.01638963516803,
        130.11162401431204,
        130.20924848993957,
        130.3089591199194,
        130.41048729277367,
        130.51359277846586,
        130.61805768603196,
        130.72368096059154,
        130.83026908093706,
        130.93763401529003,
        131.04559047952847,
        131.1539526761593,
        131.2625338363363,
        131.3711477797434,
        131.47959366875088,
        131.5876717494839,
        131.69513631335428,
        131.8016776335955,
        131.90717264990514,
        132.01163406214744,
        132.11509516636733,
        132.21759135059494,
        132.31916118032723,
        132.41984260491853,
        132.519671611771,
        132.61868305816785,
        132.71690756287154,
        132.81437508966815,
        132.91111291667542,
        133.00714554944068,
        133.10249619997143,
        133.19718580746365,
        133.2912337309188,
        133.3846578366564,
        133.47747432312536,
        133.56969755205688,
        133.6613413536948,
        133.75241625581575,
        133.84293188570228,
        133.93290254155352,
        134.0223425425776,
        134.111266919704,
        134.1996895971601,
        134.28762341692646,
        134.37508035797953,
        134.46207285358156,
        134.54861141148095,
        134.63470783565197,
        134.72037159513403,
        134.805612696265,
        134.89044044242067,
        134.97486376633321,
        135.05889193890698,
        135.14253210614714,
        135.22579280736326,
        135.30868220435215,
        135.39120646062926,
        135.47337374693433,
        135.55519019139524,
        135.63666279795035,
        135.7177979901811,
        135.79860120654462,
        135.87907902591212,
        135.959237274479,
        136.03908069897807,
        136.11861555028116,
        136.19784633305576,
        136.2767786016397,
        136.35541725374935,
        136.4337667871805,
        136.51183171117088,
        136.5896161425193,
        136.66712522127403,
        136.74436296621283,
        136.8213333361523,
        136.8980400546532,
        136.97448759734053,
        137.050679145919,
        137.12661830855802,
        137.20230919442827,
        137.27775500399272,
        137.3529591326601,
        137.42792489252824,
        137.5026558785923,
        137.5771542362227,
        137.65142378346883,
        137.72546764135203,
        137.79928828131898,
        137.87288868243235,
        137.9462720967097,
        138.0194406300422,
        138.09239701667596,
        138.1651446961185,
        138.23768492760945,
        138.3100204567917,
        138.3821544349272,
        138.45408937034864,
        138.5258263644169,
        138.59736855486193,
        138.6687183908652,
        138.73987734099342,
        138.81084794955893,
        138.88163290706098,
        138.95223301739404,
        139.02265084013888,
        139.09288845314614,
        139.1629481840755,
        139.23283129226672,
        139.30254009936309,
        139.37207562163618,
        139.44144063964987,
        139.51063634228964,
        139.57966516203015,
        139.6485277592871,
        139.71722603105178,
        139.78576230342517,
        139.854137524647,
        139.92235362663249
    ]
}