{
    "yield_linear": 1.0333859979582418,
    "error_linear": 0.1442130486115305,
    "error_log": 0.13955390231381676
}