{
    "start": 0,
    "stop": 12,
    "levels": [
        130.21235167158028,
        130.21584985115385,
        130.22232106442547,
        130.23147345884612,
        130.24305350879007,
        130.25684358610914,
        130.27265259204057,
        130.2903132378565,
        130.30967802431186,
        130.3306160940587,
        130.3530112787829,
        130.37675934148382,
        130.40176705803353,
        130.42795049445726,
        130.45523352532697,
        130.48354730296012,
        130.5128291881655,
        130.54302210915336,
        130.5740738067065,
        130.6059364079284,
        130.63856594944514,
        130.67192179634347,
        130.70596655970874,
        130.74066566195165,
        130.77598692309004,
        130.81190079109547,
        130.84837949988275,
        130.8853971211511,
        130.9229296434513,
        130.96095456062952,
        130.9994508069509,
        131.0383986368557,
        131.07777951727377,
        131.1175760306053,
        131.1577717870058,
        131.1983513453981,
        131.23930002711637,
        131.28060429872787,
        131.32225105686965,
        131.36422800122617,
        131.40652348139122,
        131.44912645177087,
        131.4920264306378,
        131.53521346238267,
        131.57867808299918,
        131.6224112882052,
        131.66640450425803,
        131.71064956094568,
        131.75513866674086,
        131.79986438559203,
        131.84481961593033,
        131.8899975707233,
        131.9353917592839,
        131.98099597023503,
        132.0268042558363,
        132.07281091708356,
        132.1190104902159,
        132.16539773387962,
        132.21196761718932,
        132.2587153084353,
        132.30563608293028,
        132.35272564384408,
        132.3999796149188,
        132.44739386492827,
        132.4949644164138,
        132.54268743789692,
        132.59055932469775,
        132.6385762541253,
        132.6867350554915,
        132.7350323261052,
        132.7834648689872,
        132.83202968908415,
        132.880723611952,
        132.92954384795132,
        132.97848760710568,
        133.02755219157825,
        133.07673499081037,
        133.12603347801124,
        133.17544520893568,
        133.2249678119941,
        133.2745990046118,
        133.3243364920482,
        133.3741782152797,
        133.4241220245346,
        133.47416590036246,
        133.52430787196965,
        133.57454602613444,
        133.62487850510706,
        133.67530350438162,
        133.72581927072187,
        133.77642410022023,
        133.82711633663726,
        133.87789436944965,
        133.9287566321195,
        133.97970160059694,
        134.0307277918878,
        134.08183368226483,
        134.1330180256579,
        134.18427937399247,
        134.23561639412375,
        134.2870277875558,
        134.33851242384387,
        134.390068783943,
        134.44169580829677,
        134.49339235069684,
        134.54515724793154,
        134.59698938881988,
        134.6488877178949,
        134.7008509701754,
        134.75287850357265,
        134.8049689470169,
        134.8571215919704,
        134.90933519320993,
        134.9616087782991,
        135.01394186024757,
        135.06633302614082,
        135.1187816549013,
        135.1712871272649,
        135.22384804021823,
        135.27646396217943,
        135.3291340127203,
        135.3818573820954,
        135.4346333035278,
        135.48746102358177,
        135.5403398049378,
        135.59326892625324,
        135.64624768079696,
        135.69927537670176,
        135.75235133654502,
        135.80547489688453,
        135.85864540785732,
        135.9118622328492,
        135.96512474808154,
        136.01843234228926,
        136.07178441641045,
        136.12518038325015,
        136.17861966716035,
        136.2321017036754,
        136.2856259393933,
        136.33919183149547,
        136.39279884763388,
        136.44644646554613,
        136.50013417290322,
        136.55386146696725,
        136.60762785441196,
        136.66143285105846,
        136.71527598170613,
        136.76915677984465,
        136.823074787477,
        136.87702954638323,
        136.93102063178122,
        136.98504760166333,
        137.0391100298777,
        137.09320749808924,
        137.14733959538725,
        137.20150591787387,
        137.2557060686764,
        137.30993965778188,
        137.3642063019414,
        137.41850562438194,
        137.47283725473758,
        137.5272008290153,
        137.58159598916788,
        137.63602238327354,
        137.69047966519014,
        137.7449674944832,
        137.7994855363786,
        137.8540334615451,
        137.90861094593762,
        137.9632176709011,
        138.0178533227319,
        138.07251759288897,
        138.12721017768735,
        138.18193077820155,
        138.23667910030522,
        138.29145485440537,
        138.34625775549318,
        138.4010875228945,
        138.4559438803056,
        138.51082655569385,
        138.5657352811186,
        138.62066979277387,
        138.67562983078963,
        138.73061513920953,
        138.7856254659449,
        138.84066056262375,
        138.8957201845794,
        138.95080409070664,
        139.00591204347117,
        139.06104380884472,
        139.11619915611664,
        139.17137785796655,
        139.22657969031974,
        139.28180443236306,
        139.33705186635115,
        139.3923217776766,
        139.44761395475493,
        139.50292818897069,
        139.5582642746412,
        139.6136220089043,
        139.66900119174116
    ]
}