{
    "yield_pre": 21.665318189301352,
    "error_pre": 3.512496003604755
}