{
    "start": 0,
    "stop": 50,
    "levels": [
        64.95121979443044,
        64.9497776435067,
        64.95013765757187,
        64.95233480554104,
        64.95639415879347,
        64.96233476313935,
        64.97016851212085,
        64.97990219471393,
        64.99153721307255,
        65.00507181147336,
        65.02050171714524,
        65.03781747769008,
        65.05701015076974,
        65.07806744025467,
        65.10097587884658,
        65.12572055807316,
        65.15228579447478,
        65.18065477555734,
        65.2108102900809,
        65.24273368386011,
        65.27640748969006,
        65.31181186246602,
        65.3489286753134,
        65.38773849812131,
        65.42822144632414,
        65.47035863805203,
        65.51413040404677,
        65.55951727119195,
        65.6064998245682,
        65.65505871998982,
        65.70517413895135,
        65.75682796105214,
        65.81000075473278,
        65.86467369958454,
        65.92082814650485,
        65.97844563453444,
        66.03750789310101,
        66.09799685765623,
        66.15989467525188,
        66.22318371030373,
        66.28784661705953,
        66.35386600591369,
        66.42122531805404,
        66.48990715970123,
        66.55989564306391,
        66.63117430339045,
        66.70372711661709,
        66.77753829349847,
        66.85259227392963,
        66.92887372324869,
        67.00636756638241,
        67.08505894378843,
        67.16493322350269,
        67.24597599681579,
        67.32817308190764,
        67.41151051842347,
        67.49597456479685,
        67.58155169551057,
        67.66822859756617,
        67.75599229927151,
        67.84482963598586,
        67.93472804898363,
        68.02567504520619,
        68.11765832764952,
        68.21066581747161,
        68.30468556060816,
        68.3997058509716,
        68.49571514683663,
        68.59270208684384,
        68.6906554867266,
        68.78956433602448,
        68.88941779466664,
        68.99020518940178,
        69.09191601020214,
        69.19453990709971,
        69.29806668796367,
        69.40248632283812,
        69.50778867689112,
        69.61396455183132,
        69.72100410851722,
        69.82889793352251,
        69.93763623723274,
        70.0472106262146,
        70.15761159108888,
        70.26883041322832,
        70.38085827604095,
        70.49368657139905,
        70.60730678077232,
        70.72171051256318,
        70.83688898688543,
        70.95283494178342,
        71.0695399568499,
        71.18699611703406,
        71.30519561993682,
        71.42413075174622,
        71.54379391046777,
        71.66417769392487,
        71.78527469764731,
        71.90707765460684,
        72.02957939911946,
        72.15277287086136,
        72.27665111188408,
        72.4012069897648,
        72.52643423293006,
        72.65232591466163,
        72.77887544592063,
        72.90607632789917,
        73.03392215051994,
        73.16240659095261,
        73.29152341216249,
        73.42126646149882,
        73.55162966929423,
        73.68260704750443,
        73.81419268836983,
        73.94638076310552,
        74.07916552060675,
        74.21254128617008,
        74.3465024602003,
        74.48104351688465,
        74.61615900277519,
        74.7518435781292,
        74.8880918809287,
        75.02489881350954,
        75.16225891343582,
        75.30016702843132,
        75.43861848441662,
        75.57760816714841,
        75.71713114651816,
        75.85718257402024,
        75.99775766326744,
        76.13885168689387,
        76.28045997479886,
        76.42257791942106,
        76.56520096903239,
        76.70832463256406,
        76.85194447358447,
        76.9960561125167,
        77.14065522520049,
        77.28573754151847,
        77.43129884443879,
        77.57733496910562,
        77.72384180198684,
        77.87081528004241,
        78.01825116911661,
        78.16614595616257,
        78.31449549387955,
        78.46329591299376,
        78.61254339104535,
        78.76223415167979,
        78.91236446395067,
        79.06293064163481,
        79.21392904257232,
        79.36535606798921,
        79.51720816126274,
        79.6694818089378,
        79.82217353869507,
        79.97528011267949,
        80.1287977522712,
        80.2827232996636,
        80.43705344231995,
        80.59178490621925,
        80.74691445528404,
        80.90243889083743,
        81.05835482229244,
        81.21465958148869,
        81.37134985009932,
        81.52842257364365,
        81.6858747323991,
        81.84370334088975,
        82.00190544739888,
        82.16047813348565,
        82.31941851350112,
        82.47872373414233,
        82.63839097397393,
        82.79841744298832,
        82.95880038216517,
        83.11953706303615,
        83.28062478725755,
        83.44206079956068,
        83.60384263301924,
        83.76596759194516,
        83.9284330943621,
        84.09123659501854,
        84.25437554891225,
        84.41784746695512,
        84.58164987713398,
        84.74578033398045,
        84.91023641822319,
        85.07501573641933,
        85.24011592060629,
        85.40553462793847,
        85.57126954034828,
        85.73731836420305,
        85.90367882996227,
        86.07034869184466,
        86.23732572535107,
        86.4046077334641,
        86.57219253990249,
        86.74007799098129,
        86.90826195524582,
        87.0767423231859
    ]
}