{
    "yield_post": 42.88236689574667,
    "error_post": 4.628861016082893
}