{
    "yield_pre": 47.86833429375724,
    "error_pre": 6.866524506976683
}