{
    "yield_pre": 47.88523662845943,
    "error_pre": 6.865428281431463
}