{
    "start": 0,
    "stop": 20,
    "levels": [
        130.29585951514898,
        130.25522501644662,
        130.23047202398828,
        130.21882687323,
        130.21799091955012,
        130.22614961678238,
        130.24188021725197,
        130.26405731761017,
        130.29178235357358,
        130.32432758429684,
        130.36109779042408,
        130.40159968975354,
        130.44542071947012,
        130.49221328489227,
        130.54168011083135,
        130.5935668489002,
        130.64765341670838,
        130.7037481634533,
        130.76168350228704,
        130.82131181309896,
        130.88250250439435,
        130.94513902181276,
        131.0091186052295,
        131.07434790355248,
        131.14074329027886,
        131.20822924428538,
        131.27673733581588,
        131.3462053674521,
        131.41657664124352,
        131.4877993300899,
        131.5598259325825,
        131.6326127963025,
        131.70611977696163,
        131.7803097744226,
        131.8551484931012,
        131.93060415578674,
        132.00664726185457,
        132.083250375189,
        132.16038793557476,
        132.2380360952921,
        132.3161725697172,
        132.3947764610584,
        132.47382825699725,
        132.55330958801787,
        132.63320320533597,
        132.71349294019558,
        132.79416331345774,
        132.87520009308707,
        132.9565895775857,
        133.03831891288502,
        133.120375910681,
        133.2027490311268,
        133.28542733341118,
        133.36840043483872,
        133.4516584734584,
        133.5351920736828,
        133.61899231513155,
        133.70305070352012,
        133.7873591438519,
        133.8719099158865,
        133.95669565140224,
        134.04170929782825,
        134.12694415784588,
        134.21239378509014,
        134.29805202337266,
        134.38391297734796,
        134.46997099801018,
        134.556220669146,
        134.64265679476404,
        134.7292743873099,
        134.8160686565906,
        134.90303499963957,
        134.99016899096023,
        135.07746637357806,
        135.1649230505772,
        135.2525350772089,
        135.34029865345076,
        135.4282101168851,
        135.51626593636934,
        135.60446270567436,
        135.69279713762393,
        135.78126605878276,
        135.86986640410518,
        135.95859521220086,
        136.04744962054474,
        136.13642686126343,
        136.22552425701946,
        136.31473921692617,
        136.40406923309445,
        136.4935118773497,
        136.58306479705334,
        136.67272571266486,
        136.76249241460033,
        136.8523627603842,
        136.9423346719516,
        137.03240612602903,
        137.12257518139418,
        137.2128399241238,
        137.30319851871513,
        137.39364916732586,
        137.4841901927276,
        137.5748197884379,
        137.66553629351017,
        137.7563382405729,
        137.84722403196182,
        137.93819211408692,
        138.02924103611178,
        138.12036936603442,
        138.211575711561,
        138.30285861089934,
        138.39421688625075,
        138.48564920636625,
        138.57715430022995,
        138.66873094211127,
        138.7603779347412,
        138.85209420845928,
        138.94387837352613,
        139.03572970299425,
        139.12764663264755,
        139.21962843180097,
        139.31167402218776,
        139.40378239419812,
        139.49595257614124,
        139.58818356920182,
        139.68047445136145,
        139.7728242908199,
        139.86523221084965,
        139.95769732702334,
        140.0502187920256,
        140.14279578217642,
        140.23542746397862,
        140.32811303544773,
        140.4208517210783,
        140.5136427508961,
        140.60648537650283,
        140.69937874721995,
        140.79232235950084,
        140.88531539153115,
        140.97835718939893,
        141.07144706717804,
        141.1645843642735,
        141.25776843399777,
        141.35099864297823,
        141.4442743706758,
        141.53759500921774,
        141.6309599630019,
        141.72436864811706,
        141.81782051511442,
        141.91131494249876,
        142.00485141689757,
        142.09842940816677,
        142.19204837859206,
        142.28570781222848,
        142.37940717365177,
        142.47314599250066,
        142.56692376761978,
        142.66074001741612,
        142.75459426926903,
        142.8484860586085,
        142.9424149296312,
        143.0363804348813,
        143.13038213490188,
        143.22441959814262,
        143.31849240069988,
        143.41260012612702,
        143.5067423653107,
        143.60091871637644,
        143.69512878427727,
        143.789372180878,
        143.88364852473453,
        143.97795744081316,
        144.0722985605638,
        144.16667152155568,
        144.2610759674801,
        144.35551154801075,
        144.4499779185728,
        144.5444747403418,
        144.63900167999458,
        144.7335584096947,
        144.82814460691657,
        144.922759954329,
        145.01740413973798,
        145.11207685588573,
        145.20677780047092,
        145.30150667585343,
        145.39626318923368,
        145.4910470522198,
        145.58585798105722,
        145.6806956963231,
        145.77555992285738,
        145.87045038979264,
        145.96536683039704,
        146.06030898186884,
        146.15527658547774,
        146.2502693864139,
        146.34528713355672,
        146.44032957958262,
        146.53539648085484,
        146.63048759724933,
        146.72560269226318,
        146.82074153272862
    ]
}