{
    "yield_post": 99.84986323685062,
    "error_post": 8.236099516510823
}