{
    "start": 40,
    "stop": 160,
    "levels": [
        103.38316454897989,
        101.85407686933102,
        100.43654820125337,
        99.13304220763534,
        97.94345105421174,
        96.8658285893233,
        95.89678560714891,
        95.03176014668729,
        94.26525958861693,
        93.59123700494472,
        93.0034210446132,
        92.49557035474535,
        92.06165261220958,
        91.69595921851416,
        91.39316413419384,
        91.1483468789676,
        90.95698567066873,
        90.81493472064919,
        90.7183918963483,
        90.66386312539981,
        90.64812713696692,
        90.66820285314792,
        90.72132038655579,
        90.80489597033849,
        90.91651069102471,
        91.05389240400103,
        91.21490070788956,
        91.39751398289629,
        91.59981856238463,
        91.8199998600167,
        92.05633452774406,
        92.30718445898535,
        92.57099227703007,
        92.84627777625892,
        93.13163698072826,
        93.42574153494719,
        93.72734038761237,
        94.0352624265279,
        94.34842007377095,
        94.66581319158084,
        94.98653254651808,
        95.30976199422562,
        95.63477756154901,
        95.96092035311067,
        96.28758525355475,
        96.61422016888504,
        96.94032686681838,
        97.26547038628559,
        97.58927092448846,
        97.91138247162506,
        98.23149838580753
    ]
}