{
    "start": 40,
    "stop": 160,
    "levels": [
        103.3371480504844,
        101.81360156195109,
        100.40141281352305,
        99.10291334224223,
        97.91794513381257,
        96.8445242842426,
        95.87923833258121,
        95.01751184053153,
        94.25385945620077,
        93.58225881846134,
        92.99647391492019,
        92.49030405013683,
        92.05775888719842,
        91.69316915810172,
        91.39124584266474,
        91.14710084849783,
        90.95624099696225,
        90.8145452421589,
        90.7182328916401,
        90.66382846586114,
        90.64812692347634,
        90.66816143212802,
        90.72117472230431,
        90.80459429866103,
        90.91601132825075,
        91.05316279933963,
        91.21391647167405,
        91.39625816339863,
        91.59828099958544,
        91.81817635064853,
        92.0542262963269,
        92.30479754451252,
        92.5683368040083,
        92.84336764899449,
        93.12848891672648,
        93.42237464577686,
        93.72377548515703,
        94.03152138059868,
        94.34452517186877,
        94.66178653166908,
        94.98239549155414,
        95.30553471936624,
        95.63047889040512,
        95.95656856519184,
        96.28319743795605,
        96.60981246883804,
        96.93591387662566,
        97.26106507965565,
        97.58488499629422,
        97.90702667695913,
        98.227182363704
    ]
}