{
    "yield_linear": 87.82274197613096,
    "error_linear": 12.661439706592427,
    "error_log": 0.1441703984832725
}