{
    "start": 0,
    "stop": 80,
    "levels": [
        94.4816657351689,
        94.38684486924254,
        94.29983643985696,
        94.22084950640767,
        94.15007378778724,
        94.08770628825506,
        94.03393865148043,
        93.98894709136017,
        93.95291031996382,
        93.92597755553491,
        93.90832901754621,
        93.90010026006506,
        93.9014511994225,
        93.91265632104148,
        93.93355772846074,
        93.96440731884965,
        94.00537614328951,
        94.05654020298331,
        94.1179012445963,
        94.1896835825271,
        94.27200080923477,
        94.36491076672112,
        94.46837171410374,
        94.58255693732585,
        94.70749925180141,
        94.84322351778926,
        94.98978693022897,
        95.147219870737,
        95.31554823137999,
        95.49479018083798,
        95.68496327442504,
        95.88605699048628,
        96.09808480866405,
        96.32101741488354,
        96.55489525866358,
        96.79961513592835,
        97.05518383549511,
        97.32160496212148,
        97.59874341173577,
        97.8866722982182,
        98.1853212841201,
        98.49454337574133,
        98.81435622510446,
        99.14474544109625,
        99.48549314531755,
        99.83671061808174,
        100.19813422299995,
        100.56994436214971,
        100.95170248037125,
        101.34363581212185,
        101.74559026040076
    ]
}