{
    "ndata": 5.1966657638549805,
    "start": 0,
    "stop": 20,
    "rtol": 0.001,
    "integrals": [
        [
            0.7189105178173695,
            0.7192301607694086
        ],
        [
            0.7081357051980594,
            0.70843672595612
        ],
        [
            0.6967721475884888,
            0.6970565667422386
        ],
        [
            0.6848509648478581,
            0.685153664796929
        ],
        [
            0.6724367758343625,
            0.672758357480987
        ],
        [
            0.6596072454878693,
            0.6598829045519913
        ],
        [
            0.646342601932172,
            0.6466365221390051
        ],
        [
            0.632733683112384,
            0.6330299284667178
        ],
        [
            0.6188045842609445,
            0.6191187174256876
        ],
        [
            0.6046420609720529,
            0.6049095753644365
        ],
        [
            0.5902221346075214,
            0.5905053602916871
        ],
        [
            0.575635206363509,
            0.5759049716209714
        ],
        [
            0.5609071505982364,
            0.5611630910227119
        ],
        [
            0.546061753284244,
            0.5463317360153721
        ],
        [
            0.5311623579024793,
            0.5314202715564761
        ],
        [
            0.5162339448439829,
            0.5164789827579591
        ],
        [
            0.5013079947917248,
            0.5015403915623923
        ],
        [
            0.48640414419510003,
            0.4866489700157433
        ],
        [
            0.4715758734705347,
            0.4718113864986574
        ],
        [
            0.4568303543201571,
            0.4570787531058996
        ],
        [
            0.44221508445695384,
            0.44245493799082214
        ],
        [
            0.4277501703880078,
            0.42797040821072
        ],
        [
            0.413456098961233,
            0.4136477832457024
        ],
        [
            0.3993397408100582,
            0.3995211132861427
        ],
        [
            0.3854296979216498,
            0.3856015945510534
        ],
        [
            0.37173384627217854,
            0.37191405206652467
        ],
        [
            0.35827755418577495,
            0.3584663705585879
        ],
        [
            0.3450753786669749,
            0.3452712507807063
        ],
        [
            0.332146787791821,
            0.33233373110457104
        ],
        [
            0.3195006450259995,
            0.3196655391935021
        ],
        [
            0.3071332243081186,
            0.3072905800469068
        ],
        [
            0.2950587724444363,
            0.2952090855815785
        ],
        [
            0.283278192211533,
            0.2834336489266
        ],
        [
            0.271812819148125,
            0.2719550373773074
        ],
        [
            0.260647371917841,
            0.2607941977552349
        ],
        [
            0.24980007627824144,
            0.24994025960695854
        ],
        [
            0.23926604012907998,
            0.239400452595379
        ],
        [
            0.22905257392854075,
            0.2291708341096854
        ],
        [
            0.21914478692320524,
            0.21926607225363015
        ],
        [
            0.20955610417237433,
            0.20967034294155848
        ],
        [
            0.20027990466059767,
            0.2003872671316503
        ],
        [
            0.1913133045372376,
            0.19141536195993114
        ],
        [
            0.18265316331164222,
            0.18275115910053102
        ],
        [
            0.17430358232063248,
            0.17438354993285501
        ],
        [
            0.16623960743034355,
            0.1663301069704824
        ],
        [
            0.15847829833331561,
            0.1585629829208292
        ],
        [
            0.15100648053842483,
            0.15108576835963664
        ],
        [
            0.14381588983328727,
            0.14389568603276032
        ],
        [
            0.13690134040168334,
            0.1369866286209772
        ],
        [
            0.13026912674280725,
            0.13033981664998334
        ],
        [
            0.12389790994443266,
            0.12396386839562296
        ],
        [
            0.11778444981843197,
            0.11784958013481275
        ],
        [
            0.11192576230646985,
            0.1119858276074352
        ],
        [
            0.10631203401878796,
            0.10636896136298574
        ],
        [
            0.10093683565621718,
            0.1009920915879782
        ],
        [
            0.09579823299800937,
            0.09584223680133477
        ],
        [
            0.09087964670916776,
            0.09092230500251595
        ],
        [
            0.08617704086758107,
            0.08622214740631852
        ],
        [
            0.08168551232594942,
            0.08173249795039948
        ],
        [
            0.07739958222347589,
            0.07744495016578572
        ],
        [
            0.07331173179178117,
            0.07335243638952536
        ],
        [
            0.06941455305912417,
            0.06944974876719154
        ],
        [
            0.06569700945349932,
            0.06573319037867309
        ],
        [
            0.062156347731228564,
            0.06219240077389725
        ],
        [
            0.05878667323203303,
            0.05882067663340191
        ],
        [
            0.05558004720861079,
            0.05560996393394845
        ],
        [
            0.05252938460552298,
            0.05255650102778484
        ],
        [
            0.049629202767699485,
            0.049653365060697126
        ],
        [
            0.04687170078849691,
            0.04689643934575929
        ],
        [
            0.04425386189093279,
            0.04427689745620549
        ],
        [
            0.04176768519112094,
            0.04179069168809726
        ],
        [
            0.03940789744341374,
            0.03943182338021829
        ],
        [
            0.03717282902601467,
            0.03719091307253901
        ],
        [
            0.035050489017076476,
            0.03506925807050098
        ],
        [
            0.03303982207614705,
            0.03305770465890513
        ],
        [
            0.031134240100629124,
            0.031152567234605362
        ],
        [
            0.029330301725435767,
            0.02934774111502572
        ],
        [
            0.027624336219499734,
            0.027637660458782798
        ],
        [
            0.026008095370517324,
            0.026021718456931464
        ],
        [
            0.02447981212340225,
            0.024492732642299644
        ],
        [
            0.023034086172609942,
            0.02304714894195431
        ],
        [
            0.021668932733534846,
            0.021680222196174843
        ],
        [
            0.020378677350846697,
            0.02038820518778287
        ],
        [
            0.019159139088334776,
            0.019168740027851378
        ],
        [
            0.018007858857288516,
            0.01801727864000947
        ],
        [
            0.016921178588609524,
            0.01693075461773234
        ],
        [
            0.015896003709001922,
            0.01590544485093155
        ],
        [
            0.014929564522370986,
            0.014937894609367177
        ],
        [
            0.014018584106709144,
            0.014025298556737294
        ],
        [
            0.01315897736914654,
            0.013166045887219905
        ],
        [
            0.012349051304536613,
            0.012356204727874591
        ],
        [
            0.011586781398744582,
            0.011592741238392011
        ],
        [
            0.01086890637065577,
