{
    "start": 0,
    "stop": 3,
    "levels": [
        150.94307411986517,
        149.55315793886433,
        148.08852274782666,
        146.53619841273178,
        144.87853318709446,
        143.09036643673875,
        141.1338916241276,
        138.95714365783607,
        136.6092254021138,
        134.47685134473892,
        132.84834018743553,
        131.66999270194148,
        130.85831688064314,
        130.35093014721525,
        130.09312401799923,
        130.02999347424526,
        130.11033819302054,
        130.28953096345816,
        130.53568706854833,
        130.8322560257194,
        131.1704233745436,
        131.54296117953493,
        131.9427309524285,
        132.3641453154259,
        132.8041281316348,
        133.2606417665795,
        133.73116332242057,
        134.2133602517384,
        134.70536971864036,
        135.2051108779925,
        135.71090001855538,
        136.22139483743146,
        136.73531025115454,
        137.25132578146986,
        137.7678001051783,
        138.28325589632848,
        138.79651083028904,
        139.3060406559453,
        139.81065625744893,
        140.30927666199014,
        140.80119207694014,
        141.28613184189658,
        141.7639285142029,
        142.23456028849324,
        142.6980600464302,
        143.1545339306379,
        143.6041231210895,
        144.0469788470075,
        144.4832881799334,
        144.91324088598037,
        145.33702623727655
    ]
}