{
    "start": 0,
    "stop": 3,
    "levels": [
        150.94307411986517,
        149.55315793886433,
        148.08852274782666,
        146.53619841273178,
        144.87853318709446,
        143.09036643673875,
        141.1338916241276,
        138.95714365783607,
        136.6091921633695,
        134.47685134473892,
        132.8483391953617,
        131.66999270194148,
        130.85831688064314,
        130.35093004217538,
        130.09312401799923,
        130.02999345167754,
        130.11033813990673,
        130.28953096003275,
        130.5356868406615,
        130.8322560257194,
        131.1704231995172,
        131.54296117953493,
        131.9427257284048,
        132.3641384486357,
        132.80412812894758,
        133.26063414017682,
        133.73116300027053,
        134.21335977748566,
        134.70536971864036,
        135.2051108779925,
        135.71089985127057,
        136.22139428469703,
        136.73530218923275,
        137.251325589688,
        137.76779974593137,
        138.28325589632848,
        138.79651083028904,
        139.30603780779802,
        139.81065625744893,
        140.30927649023633,
        140.80119207694014,
        141.28613184189658,
        141.7639285142029,
        142.23456028849324,
        142.6980600464302,
        143.1545339306379,
        143.60412291965073,
        144.04697786017056,
        144.48328725835844,
        144.91324024784575,
        145.33702623727655
    ]
}