{
    "nbins": 50,
    "range_": [
        0.0,
        3.0
    ],
    "nburnin": 100,
    "nsamples": 100000,
    "nrepeats": 100,
    "seed": 0,
    "step_size": 0.2,
    "prob_eye": 0.1,
    "yields": [
        0,
        0,
        0,
        0,
        0,
        1,
        1,
        28,
        477,
        4417,
        24606,
        90142,
        240169,
        485374,
        782828,
        1057052,
        1223990,
        1255770,
        1169105,
        996717,
        796401,
        600244,
        432594,
        299539,
        200391,
        129753,
        82125,
        50722,
        31015,
        18781,
        11199,
        6791,
        4009,
        2430,
        1443,
        797,
        481,
        270,
        133,
        95,
        65,
        14,
        11,
        9,
        5,
        3,
        2,
        1,
        0,
        0
    ],
    "errors": [
        0.0,
        0.0,
        0.0,
        0.0,
        0.0,
        0.9949874371066199,
        0.9949874371066199,
        9.064215354899732,
        36.18991572247716,
        137.1426629462911,
        341.6718308552813,
        784.3024671642951,
        1273.254644601778,
        1853.0950434340925,
        1934.8876349803882,
        2218.2459196401114,
        2032.355037880931,
        1841.1971648902786,
        2010.5458835848535,
        1759.1526681900007,
        1682.0728254151186,
        1576.62444481874,
        1703.3929787339148,
        1179.732931641734,
        945.1741585549195,
        853.2437576683463,
        639.6411103110869,
        459.1330526111141,
        345.04311324818514,
        279.5914698269602,
        195.13838679255292,
        157.14385129555657,
        106.87464619824479,
        87.25250712730264,
        64.082056770987,
        48.56861126283106,
        35.005570985201786,
        27.294688127912362,
        15.624019969265282,
        14.097872179871686,
        13.369741957120947,
        6.1676575780437055,
        4.877499359302883,
        4.493328387732188,
        2.5980762113533213,
        2.21585198061603,
        1.3999999999999986,
        0.9949874371066196,
        0.0,
        0.0
    ]
}