{
    "yield_linear": 447.75276997293633,
    "error_linear": 32.447946909654206,
    "error_log": 0.07246844483310615
}