{
    "yield_post": 3.617612203205502,
    "error_post": 0.4611172712323641
}