{
    "nbins": 50,
    "range_": [
        0.0,
        7.0
    ],
    "nburnin": 100,
    "nsamples": 100000,
    "nrepeats": 100,
    "seed": 0,
    "step_size": 0.2,
    "prob_eye": 0.1,
    "yields": [
        0,
        0,
        0,
        0,
        0,
        0,
        0,
        0,
        0,
        0,
        0,
        0,
        2,
        0,
        11,
        38,
        354,
        1518,
        5614,
        18980,
        51356,
        118733,
        237400,
        418824,
        641844,
        879945,
        1081579,
        1200723,
        1206122,
        1104691,
        930382,
        722591,
        520590,
        353051,
        222033,
        131094,
        74168,
        39548,
        20334,
        9793,
        4714,
        2323,
        916,
        453,
        171,
        74,
        22,
        7,
        2,
        0
    ],
    "errors": [
        0.0,
        0.0,
        0.0,
        0.0,
        0.0,
        0.0,
        0.0,
        0.0,
        0.0,
        0.0,
        0.0,
        0.0,
        1.9899748742132393,
        0.0,
        5.07838557023785,
        9.463614531456786,
        33.299249240786196,
        76.11018328712656,
        146.87423191288525,
        279.70698954441593,
        531.9423277010394,
        887.2091692492813,
        1218.4785595159235,
        1777.0954504471615,
        2243.2219328457,
        2248.670885211973,
        2440.8819287298593,
        2052.6284880611006,
        2069.760169681502,
        2129.2083481895334,
        2143.0470736780376,
        2159.882448190179,
        1770.2539365865002,
        1625.7524381036617,
        1128.4627198095645,
        825.0040242326095,
        632.2956270606337,
        399.76863308668925,
        315.31006961402295,
        214.79411072001025,
        155.8526226920805,
        94.33827431111935,
        60.1617818885046,
        36.42677586611255,
        21.36796667912041,
        17.86728854639112,
        8.072174428244232,
        4.3023249528597844,
        1.3999999999999986,
        0.0
    ]
}