{
    "yield_pre": 3.197119582157032,
    "error_pre": 0.7136122750625521
}