{
    "yield_post": 95.84803812868111,
    "error_post": 7.9780644961475735
}