{
    "yield_pre": 1.1933535064114524,
    "error_pre": 0.30718034984731685
}