{
    "yield_pre": 1.192923922536758,
    "error_pre": 0.3068886756530296
}