{
    "start": 0,
    "stop": 5,
    "anchors": [],
    "levels": [
        99.13475509260384,
        98.75387569321182,
        98.37921298850608,
        98.01114846898933,
        97.65001593261046,
        97.29607419254832,
        96.94925096312082,
        96.60863803564638,
        96.27351935021844,
        95.94586802384272,
        95.62639480581464,
        95.31538592477627,
        95.013008734252,
        94.7193739657677,
        94.43456111855245,
        94.15862681821513,
        93.89161145814724,
        93.63354351697656,
        93.38444163578835,
        93.1443161752249,
        92.9131725196839,
        92.69100784236024,
        92.47781403548224,
        92.27357857376529,
        92.07828245894049,
        91.89190156465443,
        91.7144043745322,
        91.54575565847146,
        91.3859121003121,
        91.23482663123923,
        91.09244481153245,
        90.95870719328275,
        90.83354904846495,
        90.71689962269723,
        90.60868280448804,
        90.50881752276685,
        90.4172162111417,
        90.33378899259013,
        90.25843538733005,
        90.19105221749106,
        90.1315295173427,
        90.07974997683948,
        90.0355893839279,
        89.99891520907804,
        89.96958646343354,
        89.94745230445174,
        89.93235141161799,
        89.92411133156503,
        89.92254782802038,
        89.9274641500234,
        89.93865478297778,
        89.95590409712254,
        89.97899341849094,
        90.00770521240126,
        90.04183254890795,
        90.08118356477212,
        90.12559065615777,
        90.17491266430848,
        90.22903687681381,
        90.28787648875934,
        90.35136876895507,
        90.41946755803454,
        90.49213802046391,
        90.56935399209141,
        90.65109175524,
        90.73732730832943,
        90.82803381741802,
        90.92317977219406,
        91.02272733001566,
        91.12663258554075,
        91.23484303739866,
        91.34730081440372,
        91.463940817736,
        91.58469116310468,
        91.70947339830053,
        91.83820342139151,
        91.97079097126128,
        92.10713894972577,
        92.24714187660487,
        92.39068233236088,
        92.53763020804814,
        92.68788869221886,
        92.84138502430766,
        92.99804875463454,
        93.15781148331848,
        93.32060681125039,
        93.48637023762117,
        93.65503909943038,
        93.82655254265208,
        94.00085150501378,
        94.177879159648,
        94.3575789382758,
        94.5398988509491,
        94.72478541478071,
        94.91218463707496,
        95.10204319394087,
        95.2943083265754,
        95.48892790490889,
        95.6858503928945,
        95.88502484707139,
        96.08640091177858,
        96.28992909005305,
        96.49555976688471,
        96.70324458679202,
        96.91293553503702,
        97.12458550925453,
        97.33814769449984,
        97.55357481382505,
        97.77081614879813,
        97.98984571165016,
        98.2105990719173,
        98.43303921705078,
        98.65711425172016,
        98.88280756206215,
        99.11004388962573,
        99.33880620219092,
        99.56905011845895,
        99.8007185883548,
        100.03379048634832,
        100.26821717088085,
        100.5039749575408,
        100.74100621367081,
        100.97927357110561,
        101.21876203590573,
        101.45941522554658,
        101.70120732113415,
        101.94410289893587,
        102.18806473835882,
        102.4330619236406,
        102.67905535979304,
        102.92602827658241,
        103.17391692638387,
        103.42271642084229,
        103.67238657597117,
        103.92289637471198,
        104.17421373437261,
        104.42630639713076,
        104.67914358181586,
        104.93269465179071,
        105.18692459470063,
        105.44181425286853,
        105.69732452621015,
        105.95344266459641,
        106.21014226687038,
        106.46740131289239,
        106.72518623516044,
        106.98349701048052,
        107.24228678158352,
        107.50153434004724,
        107.76123970675951,
        108.02136848813284,
        108.28190342385692,
        108.54283478326998,
        108.80411368854378,
        109.065748590197,
        109.32771668635827,
        109.58999736503375,
        109.85255643847694,
        110.11539864493254,
        110.37850242763027,
        110.64184419481724,
        110.90541231418351,
        111.16918929970484,
        111.43315978104552,
        111.6973107313048,
        111.96162002505132,
        112.22607839360131,
        112.49067148085734,
        112.75538190490443,
        113.02019873944491,
        113.28510586989886,
        113.55009221247937,
        113.81514298051731,
        114.0802465352107,
        114.34540038264457,
        114.6105624023768,
        114.87574922822569,
        115.14094080846253,
        115.40612689641216,
        115.67129411282451,
        115.93643846921445,
        116.20153729682562,
        116.46659197476691,
        116.73159591570273,
        116.99652466912092,
        117.26136909058292,
        117.52613753214847,
        117.79080994700651,
        118.05538194686179,
        118.31984518842451,
        118.58419113004253,
        118.8484133713416,
        119.11250306348022,
        119.3764541526626,
        119.64025870011695,
        119.9039212944566,
        120.16740704756967,
        120.43073840139299,
        120.69390345865959,
        120.95687641016347,
        121.21967534454079
    ]
}