{
    "start": 0,
    "stop": 20,
    "levels": [
        92.28022549456013,
        92.16080572949092,
        92.05428961720331,
        91.9594541027299,
        91.8752097468189,
        91.80058863606791,
        91.7347320438582,
        91.67687780352277,
        91.62634901156864,
        91.58254337759597,
        91.54492405711711,
        91.51301148378077,
        91.48637621096363,
        91.46463270963235,
        91.44743399461476,
        91.43446726055564,
        91.42544830324258,
        91.42012158204675,
        91.4182522387871,
        91.41962821578608,
        91.42405523638315,
        91.4313547570023,
        91.44136427398274,
        91.45393283132152,
        91.46892230047287,
        91.48620565995024,
        91.50566455454678,
        91.52718969183432,
        91.55067978457427,
        91.57604022392464,
        91.60318329114506,
        91.63202721571092,
        91.66249559181419,
        91.6945169683574,
        91.7280244368072,
        91.76295525431075,
        91.79925050485994,
        91.83685483571674,
        91.87571612877625,
        91.91578529487869,
        91.95701603519258,
        91.99936463397943,
        92.04278977245076,
        92.0872523586242,
        92.13271537174724,
        92.17914371996814,
        92.22650410994159,
        92.27476492715056,
        92.32389612680853,
        92.37386913137703,
        92.42465673587745,
        92.47623302425843,
        92.52857328913211,
        92.58165395827474,
        92.63545252664062,
        92.68994749331026,
        92.74511830304462,
        92.80094529193346,
        92.85740963695709,
        92.91449330895585,
        92.97217902889058,
        93.03045022700155,
        93.08929100476401,
        93.14868609926054,
        93.20862084994857,
        93.26908116750987,
        93.33005350472216,
        93.39152482910792,
        93.45348259730353,
        93.51591473102374,
        93.57880959440429,
        93.64215597278748,
        93.70594305269087,
        93.7701604029849,
        93.83479795715773,
        93.89984599655094,
        93.96529513461981,
        94.03113630197765,
        94.09736073236253,
        94.1639599492862,
        94.23092575347269,
        94.29825021092374,
        94.36592564164788,
        94.43394460895318,
        94.50229990931196,
        94.57098456275862,
        94.63999180375069,
        94.70931507247867,
        94.77894800668106,
        94.84888443377208,
        94.91911836339892,
        94.9896439803859,
        95.06045563796378,
        95.1315478513526,
        95.20291529164024,
        95.27455277994231,
        95.34645528184014,
        95.41861790207716,
        95.49103587947056,
        95.56370458209597,
        95.63661950262872,
        95.70977625395635,
        95.7831705649223,
        95.85679827631931,
        95.9306553369733,
        96.00473780008377,
        96.07904181965513,
        96.15356364708882,
        96.22829962795652,
        96.30324619887199,
        96.37839988447197,
        96.45375729456738,
        96.52931512139483,
        96.60507013694608,
        96.68101919044996,
        96.75715920593238,
        96.83348717985021,
        96.91000017885945,
        96.98669533764885,
        97.06356985682672,
        97.14062100095985,
        97.2178460966152,
        97.29524253050282,
        97.37280774770183,
        97.45053924993819,
        97.52843459390371,
        97.60649138967088,
        97.68470729916984,
        97.7630800346584,
        97.84160735733565,
        97.92028707592617,
        97.99911704535668,
        98.07809516547154,
        98.15721937978519,
        98.2364876742745,
        98.31589807623686,
        98.39544865314758,
        98.47513751159535,
        98.55496279622439,
        98.63492268873344,
        98.71501540688261,
        98.79523920355035,
        98.87559236582496,
        98.95607321412213,
        99.03668010131656,
        99.11741141190397,
        99.19826556122678,
        99.2792409946549,
        99.36033618687232,
        99.44154964112397,
        99.52287988850425,
        99.60432548728899,
        99.68588502225182,
        99.76755710401551,
        99.84934036846631,
        99.93123347608912,
        100.01323511142208,
        100.0953439824676,
        100.1775588201449,
        100.25987837774461,
        100.34230143041043,
        100.42482677463485,
        100.50745322775592,
        100.59017962748962,
        100.67300483146475,
        100.75592771676439,
        100.83894717948613,
        100.92206213433059,
        101.00527151416816,
        101.08857426963927,
        101.17196936876952,
        101.25545579658824,
        101.33903255475018,
        101.42269866117799,
        101.50645314970755,
        101.59029506976054,
        101.67422348598996,
        101.75823747796699,
        101.842336139877,
        101.92651858018998,
        102.01078392138044,
        102.09513129961735,
        102.17955986451,
        102.26406877878749,
        102.34865721808796,
        102.43332437063019,
        102.51806943701287,
        102.60289162992824,
        102.68779017394846,
        102.77276430525946,
        102.85781327146569,
        102.94293633131049,
        103.02813275451796,
        103.11340182153451,
        103.19874282333815,
        103.28415506123017,
        103.36963784663595,
        103.45519050091075,
        103.54081235514924,
        103.62650274999704,
        103.71226103548008
    ]
}