{
    "start": 0,
    "stop": 10,
    "levels": [
        95.04951719913022,
        94.87536797824181,
        94.83245308214299,
        94.95966240281446,
        95.16116447814463,
        95.38524988470618,
        95.61543559452689,
        95.84579077156211,
        96.07393106545575,
        96.29886475051309,
        96.52020945711399,
        96.7378681752304,
        96.95188213714594,
        97.16235939040781,
        97.36943846421514,
        97.57326933749724,
        97.77400335171757,
        97.97178791217382,
        98.16676381887225,
        98.35906406587812,
        98.54881346046433,
        98.73612869980359,
        98.92111869267174,
        99.10388500076064,
        99.28452233623727,
        99.46311906573708,
        99.6397577030751,
        99.81451537548764,
        99.98746426071159,
        100.15867198784748,
        100.32820200606403,
        100.49611392295381,
        100.66246380786006,
        100.82730447348438,
        100.99068572760724,
        101.15265460393866,
        101.3132555693645,
        101.47253071702332,
        101.63051993615602,
        101.78726107211084,
        101.94279006917986,
        102.09714110174966,
        102.25034669606784,
        102.40243783791536,
        102.55344407479754,
        102.7033936089555,
        102.85231338102017,
        103.00022915006278,
        103.1471655655704,
        103.2931462326965,
        103.43819377676641
    ]
}