{
    "start": 0.0,
    "stop": 9.163026600790433,
    "levels": [
        95.04951717600214,
        94.82601144352483,
        95.08976541105541,
        95.49957252342017,
        95.92148498868323,
        96.3351997036111,
        96.73692547695694,
        97.1264530218687,
        97.50449296994533,
        97.87195977922909,
        98.22975164924988,
        98.57869225106478,
        98.91951221878661,
        99.25285740481073,
        99.5792938754218,
        99.8993229000683,
        100.21338750088708,
        100.52188068884466,
        100.82515437579123,
        101.12352193655482,
        101.41726832003165,
        101.70664791787891,
        101.99189443521068,
        102.27321899755201,
        102.5508153332169,
        102.8248597100723
    ]
}