{
    "start": 0,
    "stop": 10,
    "levels": [
        95.13671159207709,
        94.87987931579121,
        94.83255453695716,
        94.9898376176334,
        95.34163824667591,
        95.87423645645177,
        96.57215920390446,
        97.41999517223933,
        98.40355831447776,
        99.5101151105727,
        100.728190387921,
        102.04740998730925,
        103.45844450565801,
        104.95302464489545,
        106.5238373222209,
        108.16445812851781,
        109.86920495076804,
        111.63290593473157,
        113.45664700905401,
        115.42574980065113,
        117.5309854614101,
        119.71659549373418,
        121.93900345519262,
        124.16561711763461,
        126.37438906144305,
        128.55175107007693,
        130.68887040995418,
        132.7805768312761,
        134.82429122003202,
        136.8191581754106,
        138.76542597053347,
        140.66402744013155,
        142.51631135027176,
        144.32385933683275,
        146.0883861616209,
        147.8116319800746,
        149.49533376511562,
        151.14119982909128,
        152.74967069350944,
        154.31058788248768,
        155.82504975738863,
        157.2971376174631,
        158.7303018289661,
        160.12749390002602,
        161.4912684243232,
        162.8238532579495,
        164.12722359609535,
        165.4031184767292,
        166.6531069897899,
        167.878596534748,
        169.0808623646357
    ]
}