{
    "nbins": 50,
    "range_": [
        0.0,
        10.0
    ],
    "nburnin": 100,
    "nsamples": 100000,
    "nrepeats": 100,
    "seed": 0,
    "step_size": 0.5,
    "prob_eye": 0.1,
    "yields": [
        1080401,
        1486479,
        1307483,
        908524,
        626808,
        446050,
        323675,
        238851,
        180256,
        136851,
        104821,
        81470,
        63098,
        49831,
        38915,
        30851,
        24405,
        19455,
        15914,
        12940,
        10276,
        8455,
        6827,
        5660,
        4542,
        3731,
        3095,
        2342,
        2203,
        1774,
        1449,
        1243,
        1083,
        760,
        673,
        586,
        460,
        455,
        318,
        302,
        231,
        212,
        176,
        177,
        109,
        87,
        92,
        79,
        79,
        57
    ],
    "errors": [
        2074.9455390443386,
        2528.806159040269,
        2192.245449305347,
        1656.2959397402387,
        1684.448681319796,
        1103.4686221184543,
        1018.674015571223,
        939.7749677449385,
        802.7880417644498,
        648.520616480309,
        538.3480194075205,
        499.59283421602436,
        410.25596887796775,
        408.236928755839,
        335.13691232092003,
        324.380933471744,
        292.1450838196665,
        254.7876566868968,
        211.6979924326161,
        186.5100533483383,
        172.32597018441535,
        175.56409086142875,
        136.69568391138034,
        154.4797721386201,
        112.43824971956829,
        119.437808084375,
        104.874925506529,
        82.85143330081864,
        78.37671848195737,
        76.85857141529497,
        65.65812973272999,
        69.55939907733533,
        51.96258269177928,
        44.113490000225546,
        42.09168563980303,
        39.0901522125458,
        38.884444190447155,
        38.19358584893541,
        28.049242414011818,
        27.67598236738852,
        24.31851146760424,
        24.547097588106016,
        23.328951969602066,
        23.274664336999574,
        15.10595908904827,
        15.076803374721052,
        18.583863968507746,
        12.271511724314978,
        16.570757375569766,
        14.089357685856376
    ]
}