{
    "nbins": 50,
    "range_": [
        0.0,
        4.0
    ],
    "nburnin": 100,
    "nsamples": 100000,
    "nrepeats": 100,
    "seed": 0,
    "step_size": 0.5,
    "prob_eye": 0.1,
    "yields": [
        562223,
        633606,
        692521,
        723674,
        728737,
        715200,
        676011,
        618640,
        546862,
        469301,
        389661,
        313585,
        247256,
        187059,
        139095,
        100301,
        71061,
        48818,
        32941,
        21824,
        14141,
        9012,
        5463,
        3319,
        1960,
        1234,
        700,
        450,
        223,
        118,
        76,
        21,
        18,
        8,
        7,
        0,
        2,
        1,
        1,
        0,
        0,
        0,
        0,
        0,
        0,
        0,
        0,
        0,
        0,
        0
    ],
    "errors": [
        1246.4227653569235,
        1390.3523438323111,
        1462.860413710071,
        1479.2306243449666,
        1442.8115989275939,
        1335.870502706007,
        1348.3581831249442,
        1348.585184554539,
        1188.1471121035477,
        1197.7708420227968,
        962.8207465566994,
        988.6529977701981,
        824.4311008204386,
        721.5179762140372,
        683.5662001591361,
        606.0338191883355,
        500.05578688782316,
        353.83719420094883,
        285.2861545886866,
        234.3336083450259,
        179.53882588454232,
        142.85853142182302,
        114.92306121923485,
        91.35310613219453,
        66.46803743153545,
        53.12664115112114,
        36.932370625238775,
        26.92582403567252,
        19.537400031734013,
        13.883803513446889,
        12.257242756835641,
        5.530822723609933,
        7.124605252222759,
        3.0594117081556704,
        3.241913015489462,
        0.0,
        1.3999999999999986,
        0.9949874371066196,
        0.9949874371066196,
        0.0,
        0.0,
        0.0,
        0.0,
        0.0,
        0.0,
        0.0,
        0.0,
        0.0,
        0.0,
        0.0
    ]
}