{
    "nbins": 25,
    "range_": [
        0.0,
        9.163026600790433
    ],
    "nburnin": 100,
    "nsamples": 100000,
    "nrepeats": 16,
    "seed": 0,
    "step_size": 0.5,
    "yields": [
        369204,
        353175,
        181623,
        98145,
        56850,
        34683,
        21468,
        13406,
        8982,
        5868,
        4168,
        2722,
        1906,
        1308,
        885,
        660,
        414,
        353,
        204,
        162,
        97,
        83,
        40,
        35,
        37
    ],
    "errors": [
        1191.8745739380465,
        1089.8761110786859,
        577.8615210411574,
        585.987147896607,
        496.4048247146677,
        294.0806649543625,
        260.2133739837367,
        279.2306394362911,
        189.6885605406926,
        149.34188963582858,
        90.62008607367353,
        83.22109107672165,
        68.07165342490221,
        52.905576265645195,
        53.11720531052062,
        40.779897008207364,
        34.49275286201436,
        40.4590842704083,
        22.38302928559939,
        18.75499933351105,
        11.871710070583767,
        10.021851126413722,
        9.899494936611665,
        5.695392874947259,
        8.685476383020104
    ]
}