{
    "start": 0,
    "stop": 20,
    "levels": [
        97.07489650621584,
        96.96213365293413,
        96.85302145553874,
        96.74914516545333,
        96.65126683144504,
        96.56145237880155,
        96.48065890441737,
        96.40931886315956,
        96.3474395325006,
        96.29527567662309,
        96.25082351751595,
        96.21445782697523,
        96.18558396303432,
        96.16349221651996,
        96.14761760346182,
        96.13741733457265,
        96.13240437211569,
        96.13218269103339,
        96.13634541892172,
        96.14457173018914,
        96.15653691833009,
        96.17197891336768,
        96.19064317902784,
        96.21237591580982,
        96.23675878592974,
        96.26382801554658,
        96.29337009655701,
        96.3251830126595,
        96.35914945407285,
        96.39515268968876,
        96.4330046234092,
        96.47279458970242,
        96.51403858225984,
        96.55724284354898,
        96.60165115127239,
        96.64779856591244,
        96.6945604389802,
        96.7439078042762,
        96.79304452902005,
        96.84420907011715,
        96.89721912492773,
        96.95061975248736,
        97.00496454876549,
        97.0592571305237,
        97.11551823593096,
        97.17269859048366,
        97.23076124085956,
        97.2896480806451,
        97.3493748324333,
        97.40986854589866,
        97.47110087105902,
        97.53303703839468,
        97.5957271191781,
        97.65902641359074,
        97.72299113004924,
        97.78759512794262,
        97.85282867484636,
        97.91858672744816,
        97.9849412142414,
        98.05183021123695,
        98.11925508443768,
        98.18719815106478,
        98.25564754410891,
        98.32456851854158,
        98.39396226068837,
        98.46380166853326,
        98.534079721113,
        98.60486397573479,
        98.67614022955134,
        98.74753657005277,
        98.8194045777813,
        98.89172213947788,
        98.96441194788837,
        99.03744763025011,
        99.11084597686335,
        99.1846105468062,
        99.26283346669558,
        99.33314961990406,
        99.40783400247761,
        99.48287762615399,
        99.55829139020132,
        99.63386404839203,
        99.70981255029432,
        99.78601097637097,
        99.86250698842335,
        99.93932757249253,
        100.01634582072217,
        100.09370604184669,
        100.1711243062444,
        100.2488948800238,
        100.32695876344978,
        100.40521110722584,
        100.48370019208784,
        100.56240716359459,
        100.64135250456249,
        100.72056402495178,
        100.79986777608914,
        100.87946597913331,
        100.95925955069868,
        101.03924320745432,
        101.11943525705767,
        101.19983499713244,
        101.28036930418511,
        101.36111801868364,
        101.44205631259632,
        101.52317620963183,
        101.60452776096932,
        101.68591440205392,
        101.76754180762615,
        101.849348964285,
        101.9313203522586,
        102.01347156134652,
        102.09572117473178,
        102.17816179159323,
        102.26073852810406,
        102.34343227771072,
        102.42630981210327,
        102.50933273228587,
        102.59249939817929,
        102.67580414751022,
        102.75931946682317,
        102.84284698824784,
        102.92657925533167,
        103.01039257607515,
        103.09434279275996,
        103.17842965730519,
        103.26266658380113,
        103.34698973077003,
        103.43148536499123,
        103.51606073989572,
        103.60074903110934,
        103.68560761076512,
        103.77050720539759,
        103.85552290462262,
        103.94069653495544,
        104.0259579509761,
        104.11133758792164,
        104.19681220082725,
        104.28244368343053,
        104.36810483308541,
        104.45383641992265,
        104.53972194179853,
        104.62570147357653,
        104.71193601537365,
        104.79802841366676,
        104.88426301260517,
        104.97076110375943,
        105.05708669177307,
        105.14355654029796,
        105.23020260715275,
        105.31693178054539,
        105.4038771743865,
        105.49063675195274,
        105.5775912311172,
        105.66474656079558,
        105.75206258717783,
        105.83912540615447,
        105.9263576566212,
        106.01383418139798,
        106.1012414126648,
        106.1887589176865,
        106.27637833196724,
        106.36409071568414,
        106.45184432394028,
        106.53977214969692,
        106.62761489346475,
        106.71562923848334,
        106.80368251363979,
        106.89181625310647,
        106.98002430079697,
        107.06830662230422,
        107.1566312766552,
        107.24514685095609,
        107.33349997800423,
        107.42212548467239,
        107.51063005477522,
        107.59936637617264,
        107.68805166970348,
        107.77688466613348,
        107.86587020924613,
        107.95465105564607,
        108.04360585684225,
        108.13262541228524,
        108.22175891155514,
        108.31094819212035,
        108.40014930259736,
        108.4894444196936,
        108.5787928151396,
        108.66814917644759,
        108.75757238752377,
        108.84708924276003,
        108.93663049566361,
        109.02625742709131,
        109.11589872875693,
        109.2057729750827,
        109.29538186770414,
        109.38521441324541,
        109.47507282551742,
        109.56499236020677,
        109.65506099089197,
        109.74496266606968
    ]
}