{
    "start": 0,
    "stop": 20,
    "levels": [
        97.24822970121075,
        96.67722550570184,
        96.34964576809898,
        96.1856178980559,
        96.13240840093391,
        96.15654433309864,
        96.23682280812659,
        96.35929624906673,
        96.51445175537108,
        96.69554346768041,
        96.89779881688071,
        97.11752606536326,
        97.35185878131504,
        97.59872687689821,
        97.85636704754917,
        98.12336382390716,
        98.39860075766353,
        98.68109174656857,
        98.9700507059971,
        99.26481446980591,
        99.56484511540764,
        99.8695701746737,
        100.17861376929166,
        100.49160819257852,
        100.80820609389583,
        101.12813854283922,
        101.45113615195308,
        101.77699633392847,
        102.105437470651,
        102.43645529274863,
        102.76960127609385,
        103.10507951833323,
        103.44251800407397,
        103.78181046345645,
        104.1228894676079,
        104.46567774065574,
        104.81008921716229,
        105.15588266659125,
        105.50314881411867,
        105.85193435317238,
        106.20183965871745,
        106.5529533978285,
        106.90525776291015,
        107.25862176726974,
        107.61320451857651,
        107.9686615607852,
        108.32512387293498,
        108.68249929287381,
        109.04077106123769,
        109.399936900794,
        109.75989367042175
    ]
}