{
    "start": 0,
    "stop": 20,
    "levels": [
        97.2481954455701,
        97.07733058180604,
        96.92629389970382,
        96.793455610324,
        96.6772234849543,
        96.57608007261229,
        96.48860582094002,
        96.41349269030228,
        96.3495499543146,
        96.29570330070652,
        96.25098885548216,
        96.21454673953919,
        96.18561137879348,
        96.16350158564572,
        96.14761237715098,
        96.13740557046644,
        96.13240228326403,
        96.13217538243444,
        96.13634378505213,
        96.1445661149602,
        96.15653687805944,
        96.17198092402744,
        96.19064987819942,
        96.21232093012965,
        96.2367912242922,
        96.26387709782634,
        96.29341145563384,
        96.32524207615289,
        96.35922977504397,
        96.3952473031533,
        96.4331778833993,
        96.47291458114837,
        96.51435771851365,
        96.55741658972882,
        96.60200690466834,
        96.64805061747592,
        96.69547534751256,
        96.74421386219726,
        96.79420358860229,
        96.84538620372975,
        96.89770731100195,
        96.95111609848573,
        97.0055649920969,
        97.06100941381274,
        97.11740753995868,
        97.17472008295582,
        97.2329100938803,
        97.29194278350104,
        97.35178535894975,
        97.41240687847625,
        97.47377811522358,
        97.53587143417208,
        97.5986606806678,
        97.66212107792028,
        97.72622913310612,
        97.79096255125141,
        97.85630015608103,
        97.92222181729944,
        97.98870838352686,
        98.05574162053108,
        98.1233041541761,
        98.19137917949382,
        98.2599513541664,
        98.32900535533253,
        98.39852675982688,
        98.4685017508426,
        98.53891718463449,
        98.60976040506641,
        98.68101931212094,
        98.75268230809442,
        98.82473827037873,
        98.89717652610229,
        98.96998682847473,
        99.04315933485344,
        99.11668458637007,
        99.19055358325934,
        99.26475738775241,
        99.33928766883973,
        99.41413626300796,
        99.48929535693618,
        99.56475759134052,
        99.64051562490192,
        99.71656231384698,
        99.79289097549176,
        99.86949510243502,
        99.94636827229246,
        100.02350460881306,
        100.100898118441,
        100.17854310618577,
        100.25643406357926,
        100.3345656606374,
        100.4129327381709,
        100.49153030051875,
        100.57035350870107,
        100.64939767394934,
        100.72865825155037,
        100.80813083503622,
        100.88781115063459,
        100.96769505203535,
        101.04777851537354,
        101.12805763447814,
        101.20852861634168,
        101.28918777679986,
        101.37003153643717,
        101.45105657593342,
        101.53225919928418,
        101.61363627376265,
        101.69518460144494,
        101.77690107128338,
        101.85878265597437,
        101.94082618417025,
        102.02302923200166,
        102.10538878627503,
        102.18790212626152,
        102.27056660135047,
        102.35337962870442,
        102.4363386909302,
        102.51944133393285,
        102.60268516479354,
        102.68606784976127,
        102.76958711232602,
        102.85324073137433,
        102.93702653940605,
        103.02094242080254,
        103.10498631021906,
        103.18915619100059,
        103.2734500936647,
        103.35786609444547,
        103.4424023138959,
        103.52705691552941,
        103.61182810453394,
        103.6967141265159,
        103.78171326630886,
        103.86682384680874,
        103.95204422783611,
        104.03737280512257,
        104.1228080092025,
        104.20834830444939,
        104.29399218812688,
        104.37973818941538,
        104.46558486900915,
        104.55153081705222,
        104.63757465318906,
        104.72371502571596,
        104.809950610686,
        104.89628011115224,
        104.98270225644791,
        105.06921580147134,
        105.15581952601401,
        105.24251223410614,
        105.32929275335161,
        105.41615993436383,
        105.50311265011882,
        105.59014979540513,
        105.67727028626864,
        105.76447305945828,
        105.8517570719029,
        105.9391213002255,
        106.02656474022396,
        106.11408640641233,
        106.20168533155267,
        106.28936056620401,
        106.37711117831408,
        106.46493625275454,
        106.55283489095338,
        106.64080621048385,
        106.72884934466933,
        106.81696344222884,
        106.90514766691399,
        106.99340119713645,
        107.08172322565842,
        107.17011295923241,
        107.25856961830756,
        107.34709243668055,
        107.43568066124617,
        107.52433355163568,
        107.61305037999594,
        107.70183043065092,
        107.79067299988209,
        107.87957739563085,
        107.96854293725362,
        108.05756895527973,
        108.14665479114907,
        108.23579979700355,
        108.3250033354334,
        108.41426477925911,
        108.50358351133065,
        108.59295892428356,
        108.6823904203741,
        108.77187741123215,
        108.86141931770419,
        108.95101556964774,
        109.04066560573173,
        109.13036887328411,
        109.22012482808731,
        109.3099329342316,
        109.39979266392339,
        109.4897033709818,
        109.57966479585065,
        109.66967630813717,
        109.75973741097431
    ]
}