{
    "nbins": 50,
    "range_": [
        0.0,
        10.0
    ],
    "nburnin": 100,
    "nsamples": 100000,
    "nrepeats": 100,
    "seed": 0,
    "step_size": 0.2,
    "prob_eye": 0.1,
    "yields": [
        25386,
        255703,
        903098,
        1538688,
        1725685,
        1527419,
        1180922,
        847463,
        584235,
        401455,
        276313,
        191205,
        134896,
        98205,
        70743,
        52340,
        39896,
        29574,
        22755,
        17858,
        13948,
        11360,
        8934,
        7057,
        5731,
        4651,
        3820,
        3069,
        2630,
        2162,
        1742,
        1480,
        1312,
        1085,
        895,
        782,
        696,
        655,
        541,
        442,
        398,
        339,
        252,
        224,
        222,
        190,
        123,
        150,
        138,
        123
    ],
    "errors": [
        340.2146969194599,
        1341.375007222067,
        2795.6634203709145,
        3031.0814175802007,
        2518.112537199241,
        2015.3941028989839,
        1772.4494802391407,
        1736.4830289985557,
        1651.4232498060574,
        1210.8198668670748,
        1032.9769164894246,
        791.3006697836165,
        660.4694088298108,
        527.8169663813394,
        428.14075956395465,
        373.3175591905637,
        325.5270188478983,
        256.6539304199334,
        245.15046400119257,
        197.0389809149449,
        161.0371385736843,
        159.38632312717425,
        138.66665064102472,
        129.0213548215953,
        113.05480971634955,
        107.06535387323015,
        96.28083921528727,
        77.13228895864557,
        80.54191455385201,
        63.131291765652946,
        58.53511766452683,
        52.70673581241776,
        51.11320768646789,
        48.194916744403656,
        48.792929815701775,
        45.46163217483507,
        41.15628749049165,
        37.904485222727935,
        38.73228627385686,
        29.738190933545358,
        24.697368280851308,
        24.5314084389788,
        23.47253714450144,
        17.613631085043192,
        19.05675733171833,
        19.0,
        13.845938032506137,
        15.459624833740307,
        14.33736377441823,
        16.361845861637978
    ]
}