{
    "start": 0,
    "stop": 10,
    "levels": [
        47.943136308460154,
        48.14313630846016,
        48.34313630846015,
        48.543136308460156,
        48.74313630846015,
        48.943136308460154,
        49.14313630846016,
        49.34313630846015,
        49.543136308460156,
        49.74313630846015,
        49.943136308460154,
        50.14313630846016,
        50.34313630846015,
        50.543136308460156,
        50.74313630846015,
        50.943136308460154,
        51.14313630846016,
        51.34313630846015,
        51.543136308460156,
        51.74313630846015,
        51.943136308460154,
        52.14313630846016,
        52.34313630846015,
        52.543136308460156,
        52.74313630846015,
        52.943136308460154,
        53.14313630846016,
        53.34313630846015,
        53.543136308460156,
        53.74313630846015,
        53.943136308460154,
        54.14313630846016,
        54.34313630846015,
        54.543136308460156,
        54.74313630846015,
        54.943136308460154,
        55.14313630846016,
        55.34313630846015,
        55.543136308460156,
        55.74313630846015,
        55.943136308460154,
        56.14313630846016,
        56.34313630846015,
        56.543136308460156,
        56.74313630846015,
        56.943136308460154,
        57.14313630846016,
        57.34313630846015,
        57.543136308460156,
        57.74313630846015,
        57.943136308460154
    ]
}