{
    "yield_post": 144.06732312187432,
    "error_post": 9.1782408725457
}