{
    "start": 100,
    "stop": 300,
    "anchors": [],
    "levels": [
        52.838931206405036,
        52.405084150410325,
        51.98456222019372,
        51.577045991355305,
        51.182224350397604,
        50.79979532075115,
        50.42946520501943,
        50.070948463745445,
        49.72396738650045,
        49.3882523586545,
        49.06354095628896,
        48.74957758171627,
        48.44611472014186,
        48.152910644608035,
        47.86973075759143,
        47.596346759598305,
        47.332536461289905,
        47.07808410529675,
        46.832779204194566,
        46.596417106620244,
        46.36879852649255,
        46.14972942374007,
        45.93902108727788,
        45.736489046976374,
        45.541953795975935,
        45.35524059556118,
        45.17617854287038,
        45.00460107839506,
        44.84034551391362,
        44.683253172154366,
        44.53316872543493,
        44.389940568123734,
        44.25342040161347,
        44.12346293646501,
        43.9999264074321,
        43.88267163795604,
        43.77156438227418,
        43.666533550154355,
        43.56754047916056,
        43.47449080493419,
        43.38725100121983,
        43.30566310934216,
        43.22955497433058,
        43.15874745066777,
        43.09306045852757,
        43.03231788926344,
        42.97635199850586,
        42.9250067650716,
        42.87814094576254,
        42.835629819312764,
        42.7973666797482,
        42.76326315996304,
        42.73324876407074,
        42.70726956696748,
        42.68528620677294,
        42.66727118339523,
        42.65320581515343,
        42.64307687155537,
        42.63687314512781,
        42.634582090480215,
        42.636186628478725,
        42.641662152814924,
        42.65097370609599,
        42.66407329719943,
        42.68089716346935,
        42.70136303067957,
        42.72536758649896,
        42.75278455849025,
        42.78346489854866,
        42.81724067039731,
        42.853934112728766,
        42.893370000494386,
        42.93538771690563,
        42.97984748213903,
        43.026629684781575,
        43.07562917457975,
        43.12674854495252,
        43.17989426182548,
        43.23497787738239,
        43.291920199913484,
        43.350654922510984,
        43.4111283002526,
        43.47329685384213,
        43.53712356418009,
        43.602574999331765,
        43.66961892177946,
        43.7382228092936,
        43.80835315231948,
        43.87997529734757,
        43.953053911987915,
        44.02755353985273,
        44.103439863327715,
        44.18068037948683,
        44.25924605860265,
        44.33911050184938,
        44.42025154904559,
        44.50265107650609,
        44.586294818926106,
        44.671172374592885,
        44.75727697103197,
        44.844604775335746,
        44.93315016272798,
        45.022898808305186,
        45.11383522899728,
        45.2059441454428,
        45.29921056937112,
        45.393619621279434,
        45.489156491677825,
        45.585806376502106,
        45.6835544120033,
        45.78238546423947,
        45.882284411623004,
        45.98323584357617,
        46.08522375803763,
        46.18823171441486,
        46.29224257414835,
        46.397238264592616,
        46.503199917874795,
        46.61010611996644,
        46.717930643249794,
        46.826648355547746,
        46.93623102599528,
        47.046663696118856,
        47.15793313802551,
        47.270026348685406,
        47.38293030130045,
        47.49663224581273,
        47.61111955537202,
        47.726379755752944,
        47.84240057592848,
        47.9591698805698,
        48.076675666111704,
        48.19490612695792,
        48.31384960155062,
        48.43349462564045,
        48.553829724849926,
        48.674843954691745,
        48.79652606780873,
        48.91886516359486,
        49.04185089428801,
        49.16547103680878,
        49.289717352329056,
        49.4145752321071,
        49.54003759355293,
        49.66609246884569,
        49.79272907621103,
        49.91993674152159,
        50.047703399075004,
        50.1760182457238,
        50.30486915648094,
        50.434243126782256,
        50.564125630404604,
        50.69450282121238,
        50.825364300437215,
        50.956701551498966,
        51.08850610179303,
        51.22076951020306,
        51.35348335272853,
        51.48663952495629,
        51.62022881907636,
        51.754243279709385,
        51.88867432951703,
        52.02351333620873,
        52.15875216841825,
        52.29438418234729,
        52.430402258398814,
        52.56679951314679,
        52.70356912358193,
        52.84070431911256,
        52.97819833418404,
        53.11604457139349,
        53.25423625560188,
        53.392766835344865,
        53.53162964291575,
        53.67081806706989,
        53.8103254503805,
        53.95014535193621,
        54.09027038332152,
        54.23069434809814,
        54.371409999636214,
        54.51241011713974,
        54.65368725412746,
        54.79523352444848,
        54.93704037685834,
        55.07909972766163,
        55.22140481685777,
        55.3639516049933,
        55.506734727530926,
        55.64974924501815,
        55.792990279580536,
        55.936453017094266,
        56.08013281004441,
        56.2240248074691,
        56.36812445007142,
        56.51242717418829,
        56.65692847543059,
        56.80162390793088,
        56.94650909465111,
        57.091579703067005,
        57.23683143620043,
        57.382260065204036
    ]
}