{
    "yield_post": 7.113360468527197,
    "error_post": 1.123791438628987
}