{
    "start": 0,
    "stop": 5,
    "levels": [
        131.84259910969692,
        130.93242555127262,
        130.05332779454304,
        129.21572113999787,
        128.42882889992603,
        127.71101665813444,
        127.08525305241096,
        126.54849337713851,
        126.0871550007075,
        125.6870687264072,
        125.33624655831694,
        125.02526911522179,
        124.74701986137873,
        124.4965261870715,
        124.28203765021328,
        124.1470010135302,
        124.11161593731302,
        124.16787684606201,
        124.29469799121385,
        124.47002787721782,
        124.67973789102314,
        124.91623707245628,
        125.17389219973367,
        125.44655745832034,
        125.72535152307863,
        126.0013310225448,
        126.27201854093012,
        126.53683977869,
        126.795871199609,
        127.04942385533596,
        127.29786303244198,
        127.54156075075294,
        127.78085915276804,
        128.01607074863563,
        128.24747446484798,
        128.47532030166076,
        128.69983180178488,
        128.92121008284343,
        129.13963579690085,
        129.3552716972195,
        129.56826731308945,
        129.77875513978415,
        129.98685818107012,
        130.1926900870748,
        130.3963526884893,
        130.59794157519903,
        130.79754496035483,
        130.99524352233846,
        131.19111281494406,
        131.38522440939767,
        131.57764184893176
    ]
}