{
    "nbins": 50,
    "range_": [
        0.0,
        5.0
    ],
    "nburnin": 100,
    "nsamples": 100000,
    "nrepeats": 100,
    "seed": 0,
    "step_size": 0.2,
    "prob_eye": 0.1,
    "yields": [
        5461,
        13001,
        29169,
        61875,
        120378,
        219162,
        355678,
        527692,
        708467,
        866614,
        969575,
        997468,
        955324,
        859859,
        735949,
        600426,
        477196,
        367826,
        279766,
        211191,
        157138,
        117237,
        87019,
        64692,
        49171,
        36832,
        27571,
        20900,
        15956,
        12559,
        9518,
        7542,
        5692,
        4552,
        3620,
        2791,
        2319,
        1782,
        1519,
        1118,
        888,
        736,
        611,
        506,
        392,
        364,
        260,
        205,
        162,
        142
    ],
    "errors": [
        120.90405286837989,
        193.4502261564974,
        341.76218339658357,
        470.0688779317346,
        688.2290025856219,
        1010.7222961822896,
        1317.3409429604774,
        1338.7842843415815,
        1860.5805841188394,
        1820.0461642496875,
        1772.9249138076887,
        1669.1925473114238,
        1575.3209958608436,
        1699.4323140390147,
        1660.6742576435636,
        1488.0185617121851,
        1268.2562201700412,
        1111.8926387021365,
        980.982385162955,
        937.1436336015947,
        838.7249608781177,
        680.331764656039,
        548.9912476533664,
        449.95261972789984,
        442.94535780387184,
        340.69892867457037,
        271.8539865442477,
        220.35879832672893,
        221.12584652183924,
        198.58043710295334,
        163.0851311432161,
        145.46600977547985,
        117.95490663808776,
        115.40779869662188,
        100.22973610660662,
        92.70485424183565,
        80.69318434663487,
        77.10226974609762,
        71.73137388897553,
        59.72235762258553,
        47.755209139946196,
        42.74388845203488,
        39.06136198342295,
        39.11061237055743,
        31.5176141228996,
        28.054233192158367,
        26.076809620810586,
        20.51219149676601,
        20.138520303140446,
        17.673709288092297
    ]
}