{
    "yield_post": 4.548180739754766,
    "error_post": 1.8278460690596394
}