{
    "start": 0,
    "stop": 50,
    "anchors": [],
    "levels": [
        90.11178010068593,
        90.04400686793551,
        89.9767839083435,
        89.91041623989895,
        89.84532039987283,
        89.78206387571923,
        89.72142282644707,
        89.66444322534667,
        89.61248349013997,
        89.5671689585063,
        89.53015740071321,
        89.50269643978486,
        89.48520888846122,
        89.47723450635362,
        89.47773837345115,
        89.48548226594406,
        89.49927319395458,
        89.51806914795704,
        89.54100145336102,
        89.56736073041579,
        89.5965717210433,
        89.62816810114538,
        89.66177024375833,
        89.69706747161358,
        89.73380387246601,
        89.77176733211967,
        89.81078053353144,
        89.85069497205622,
        89.89138471461636,
        89.93274285471064,
        89.97467813864327,
        90.01711232723684,
        90.05997702026214,
        90.10321418547208,
        90.14677236212371,
        90.1906075063496,
        90.2346803214191,
        90.27895617546882,
        90.3234049605186,
        90.36800008582144,
        90.41271773895203,
        90.45753673728147,
        90.50243848950515,
        90.54740614283031,
        90.5924245445056,
        90.63748057052831,
        90.68256205385482,
        90.72765826010708,
        90.77275944633864,
        90.81785697879583,
        90.86294314462424,
        90.9080099107574,
        90.95305200639163,
        90.99806330130367,
        91.04303820724822,
        91.0879724411347,
        91.13286159697795,
        91.17770181084961,
        91.22248953710246,
        91.26722203273829,
        91.31189582974737,
        91.35650849901783,
        91.40105806060657,
        91.44554224981346,
        91.48995918912325,
        91.53430714466504,
        91.5785847938061,
        91.62279059214728,
        91.66692339755097,
        91.71098213880839,
        91.7549658678374,
        91.7988737004951,
        91.84270508933093,
        91.88645931223914,
        91.93013568256913,
        91.97373344298278,
        92.01725285712347,
        92.06069319346541,
        92.10405428439053,
        92.14733594708088,
        92.19053790856998,
        92.23366013042032,
        92.27670247591219,
        92.31966493774925,
        92.36254765930113,
        92.40535034129313,
        92.44807336226114,
        92.49071674392059,
        92.53328056520854,
        92.57576521669941,
        92.61817028147902,
        92.66049651601583,
        92.70274394833851,
        92.74491272169865,
        92.78700334182496,
        92.82901591419503,
        92.87095067529613,
        92.91280790676652,
        92.95458786704134,
        92.9962910372129,
        93.0379176365765,
        93.0794679533306,
        93.12094237002789,
        93.16234124679282,
        93.20366490521424,
        93.24491364070866,
        93.28608797163098,
        93.32718819015919,
        93.36821461122749,
        93.40916766351857,
        93.45004715351385,
        93.49085440494649,
        93.53158930331935,
        93.57225229972279,
        93.61284377763721,
        93.65336411330127,
        93.69381375952838,
        93.73419287106876,
        93.77450238043902,
        93.81474152193768,
        93.85491180930296,
        93.89501331637477,
        93.93504641695179,
        93.97501105929587,
        94.01490809792838,
        94.05473835175663,
        94.09450075741279,
        94.13419718637563,
        94.17382695832784,
        94.21339134126507,
        94.25288989873904,
        94.2923235308084,
        94.33169245294023,
        94.37099691851351,
        94.41023739835484,
        94.44941434196878,
        94.48852786504501,
        94.52757869598122,
        94.56656668198467,
        94.60549272482565,
        94.6443565905222,
        94.68315919635404,
        94.72190060805133,
        94.7605812193197,
        94.79920137871083,
        94.83776150164182,
        94.87626165977645,
        94.91470232353178,
        94.9530839729305,
        94.99140693136773,
        95.02967126738329,
        95.06787761598105,
        95.10602605307909,
        95.1441170136172,
        95.18215091040624,
        95.22012786846847,
        95.25804834708532,
        95.29591266409882,
        95.33372092132716,
        95.37147384408746,
        95.40917099396621,
        95.44681347252705,
        95.48440115740927,
        95.52193457589743,
        95.55941372553443,
        95.59683946386514,
        95.63421106736325,
        95.67153025747533,
        95.70879573538132,
        95.74600874704936,
        95.7831691666372,
        95.82027807746857,
        95.85733513216246,
        95.89434018835624,
        95.93129390658189,
        95.96819691768458,
        96.00504899046467,
        96.04185093575187,
        96.07860237912911,
        96.11530388823523,
        96.15195583264256,
        96.18855921100293,
        96.22511171575849,
        96.26161615541997,
        96.29807182338504,
        96.33447920404254,
        96.37083859286625,
        96.40714987537905,
        96.44341372889382,
        96.47962933426989,
        96.51579839669203,
        96.55192023117091,
        96.58799556148773,
        96.62402434513366,
        96.66000705283189,
        96.69594340360422,
        96.73183441248851,
        96.76767968062312,
        96.80347895120232,
        96.83923436480697,
        96.87494365704153
    ]
}