{
    "yield_linear": 3.357414031183077,
    "error_linear": 2.8002772805477196,
    "error_log": 0.8340577761751252
}