{
    "yield_linear": 9.513713025360456,
    "error_linear": 2.3681935747818827,
    "error_log": 0.24892421796506267
}