{
    "yield_post": 0.5622823298646167,
    "error_post": 0.24649784027216787
}