{
    "nbins": 50,
    "range_": [
        0.0,
        8.0
    ],
    "nburnin": 100,
    "nsamples": 100000,
    "nrepeats": 100,
    "seed": 0,
    "step_size": 0.2,
    "prob_eye": 0.1,
    "yields": [
        93,
        67779,
        1624518,
        3315453,
        1951636,
        917758,
        557506,
        387464,
        283902,
        207699,
        155841,
        117994,
        90481,
        69033,
        53222,
        41217,
        32350,
        25401,
        20167,
        15602,
        12511,
        10104,
        8190,
        6405,
        5014,
        4161,
        3488,
        2663,
        2183,
        1765,
        1431,
        1130,
        951,
        854,
        678,
        619,
        484,
        405,
        320,
        249,
        254,
        179,
        157,
        109,
        91,
        86,
        77,
        46,
        38,
        53
    ],
    "errors": [
        19.3005181277602,
        704.9699213441663,
        5522.736709277386,
        6577.2377872477755,
        11764.729705352349,
        2188.942749365547,
        1558.9835278154806,
        1278.5284666365467,
        978.8023089470108,
        867.616845156893,
        766.9016820949087,
        692.9817025001455,
        511.16669492446397,
        499.08727693660956,
        415.1302927997426,
        324.53059948177463,
        330.95770122479394,
        276.10684526103296,
        242.268673170924,
        204.99258523175908,
        194.5091000441882,
        196.45314963115248,
        166.03312922426053,
        138.80471893995536,
        115.17829656667095,
        123.9910883894484,
        100.12272469324833,
        84.15051990332563,
        69.58527143009503,
        55.450428312142,
        60.061551761505484,
        47.7179211617606,
        44.37330278444462,
        51.680170278357245,
        35.988331442288334,
        35.71260281749288,
        35.234074416677956,
        30.012497396917844,
        26.495282598983543,
        24.555854699032572,
        24.755605425842443,
        19.763349918472827,
        18.2896145394046,
        15.817395487247579,
        12.497599769555759,
        14.766177569025771,
        13.027279071241228,
        10.432641084595991,
        7.453858061433688,
        11.528659939472588
    ]
}