{
    "yield_linear": 0.4970492248197629,
    "error_linear": 0.18979519031711717,
    "error_log": 0.38184385135283033
}