{
    "start": 0,
    "stop": 20,
    "levels": [
        127.83201492005057,
        127.66678824107764,
        127.6974423757081,
        127.8269069990919,
        128.01381710538467,
        128.23804064236316,
        128.48853035685676,
        128.75846007896658,
        129.04335364239608,
        129.34011332932897,
        129.64653962173446,
        129.96096719670118,
        130.28213225749752,
        130.6090695573886,
        130.94098197883648,
        131.27724007249856,
        131.6172911428216,
        131.96074684682523,
        132.30721917310277,
        132.65643305809695,
        133.00808856983795,
        133.36195448639444,
        133.71788579713612,
        134.07565620316998,
        134.43514216990826,
        134.79621312134748,
        135.15874599812327,
        135.52262103089402,
        135.88775353244586,
        136.25407530320697,
        136.62148394472402,
        136.9899328396979,
        137.35933275107908,
        137.72963105984704,
        138.10080044135304,
        138.4727794330933,
        138.84553284488197,
        139.21898117483386,
        139.5931397214366,
        139.96793561327965,
        140.34335364598135,
        140.71936742656047,
        141.09593233842298,
        141.4730436197706,
        141.85066468986517,
        142.2287746622266,
        142.60735493109297,
        142.986408907635,
        143.36584953908158,
        143.7457390188191,
        144.1259974499092
    ]
}