{
    "start": 0,
    "stop": 12,
    "levels": [
        127.83201492005057,
        127.70097692403733,
        127.66160094238865,
        127.68143360468068,
        127.74041901735998,
        127.82690697428237,
        127.93370523080296,
        128.0560928376023,
        128.19081731306514,
        128.3355429603617,
        128.48853041865448,
        128.64848174470302,
        128.81434674907825,
        128.98533705802907,
        129.1607693637798,
        129.34011156210596,
        129.52291805964848,
        129.7088171764689,
        129.89749785539075,
        130.08869244982776,
        130.28213038499797,
        130.47766667285578,
        130.67507789977142,
        130.87422933274172,
        131.0749864423914,
        131.27724007249856,
        131.48083114572685,
        131.68572823286289,
        131.89179124965636,
        132.0990043681373,
        132.30721818872422,
        132.5164411434024,
        132.7265689036083,
        132.9375595687775,
        133.14937070830564,
        133.36195448639444,
        133.5752795082817,
        133.7893048915709,
        134.0039589262162,
        134.21926098611644,
        134.43517769177316,
        134.65160366039228,
        134.86860962583106,
        135.08612716087933,
        135.3041528424385,
        135.5226210533787,
        135.7415606418983,
        135.96094840835684,
        136.18071675373562,
        136.4008977967189,
        136.62148394472402
    ]
}