{
    "start": 0,
    "stop": 20,
    "levels": [
        127.83201208152185,
        127.76401363767292,
        127.71544487052596,
        127.6839885697645,
        127.6667875869807,
        127.66133612386791,
        127.66562500530135,
        127.67807518252495,
        127.69744087951375,
        127.7227338963913,
        127.75315546717897,
        127.78805734232971,
        127.82690221863608,
        127.86924471837295,
        127.91470957860875,
        127.96297825296031,
        128.0137774638169,
        128.06687391226052,
        128.12206301293412,
        128.17916679274788,
        128.2380289544843,
        128.29851151134378,
        128.3604920467909,
        128.42386146592324,
        128.48852213707414,
        128.55438634531603,
        128.62137499716044,
        128.6894165487892,
        128.7584460118761,
        128.82840426218286,
        128.89923730799197,
        128.97089572441016,
        129.0433341532979,
        129.11651086979953,
        129.1903874049148,
        129.26492821601673,
        129.3401003976222,
        129.415873427262,
        129.4922189410299,
        129.56911053492456,
        129.64652358867596,
        129.72443510862877,
        129.80282358787184,
        129.8816688806459,
        129.96095209018898,
        130.04065546753785,
        130.1207623205068,
        130.20125693203812,
        130.2821244848894,
        130.36335099359488,
        130.44492324523785,
        130.52682874279316,
        130.6090556543479,
        130.6915927667786,
        130.77442944290289,
        130.8575555835547,
        130.94096127808717,
        131.02463802559197,
        131.10857682508424,
        131.19276939937217,
        131.27720785707805,
        131.36188466918537,
        131.4467926470439,
        131.53192492230366,
        131.61727492809047,
        131.70283638168587,
        131.78860326833495,
        131.87456982620452,
        131.960730532444,
        132.04708009014303,
        132.13361341617377,
        132.22032562983082,
        132.30721204226072,
        132.39426814649184,
        132.48148960824446,
        132.56887225708203,
        132.65641207837257,
        132.74410520555654,
        132.83194791300383,
        132.91993660923603,
        133.00806783051422,
        133.09633823495906,
        133.1847445968199,
        133.27328380112215,
        133.36195283877757,
        133.45074880171455,
        133.53966887854818,
        133.62871035047758,
        133.71787058547181,
        133.80714748220547,
        133.89653763763727,
        133.98603911162246,
        134.07564966022397,
        134.1653668791861,
        134.25518895021838,
        134.3451139860608,
        134.43513906579975,
        134.52526228401237,
        134.61548247439777,
        134.705797251724,
        134.79620500490776,
        134.88670386034474,
        134.97729214255386,
        135.0679681668755,
        135.15873031221682,
        135.2495770024512,
        135.3405067041081,
        135.43151792568096,
        135.52260965273297,
        135.6137796037734,
        135.70502682655936,
        135.79634998707678,
        135.8877477773336,
        135.9792189250233,
        136.07076219017213,
        136.1623763636565,
        136.25405982173564,
        136.34581230297647,
        136.43763224185585,
        136.52951854394294,
        136.6214701412365,
        136.713485991352,
        136.8055650765508,
        136.897706403241,
        136.98990900088015,
        137.08217192165637,
        137.17449423937228,
        137.2668750491328,
        137.35931346654203,
        137.45180862706292,
        137.54435968551434,
        137.63696581544903,
        137.729626208603,
        137.82234007438467,
        137.9151066393317,
        138.0079251466728,
        138.10079485580684,
        138.19371504184392,
        138.28668499522277,
        138.37970402119086,
        138.4727714394472,
        138.56588658376418,
        138.65904880156364,
        138.75225745357397,
        138.84551191341325,
        138.93881156731933,
        139.032155813809,
        139.125544063258,
        139.2189757377512,
        139.31245027059387,
        139.4059671061584,
        139.49952569954817,
        139.59312551631794,
        139.68676603220675,
        139.780446732944,
        139.87416711383742,
        139.96792667978022,
        140.06172494475686,
        140.15556143181917,
        140.24943567268542,
        140.34334720777466,
        140.43729558568808,
        140.53128036330415,
        140.6253011053288,
        140.7193573843184,
        140.813448780386,
        140.9075748810046,
        141.00173528092577,
        141.09592958190225,
        141.19015739261414,
        141.2844183285151,
        141.37871201154493,
        141.4730380701893,
        141.56739613910582,
        141.6617858592044,
        141.75620687733044,
        141.85065884624936,
        141.94514142447184,
        142.03965427608608,
        142.13419707072592,
        142.22876948339817,
        142.32337119433384,
        142.41800188893822,
        142.51266125770414,
        142.6073489959508,
        142.70206480394802,
        142.79680838658243,
        142.89157945341947,
        142.98637771858375,
        143.08120290057593,
        143.17605472230605,
        143.2709329108783,
        143.3658371976187,
        143.46076731793568,
        143.55572301117718,
        143.65070402074252,
        143.74571009372266,
        143.84074098106356,
        143.93579643742626,
        144.03087622104633,
        144.12598009373502
    ]
}