{
    "yield_post": 0.26577201805355655,
    "error_post": 0.08629905311031923
}