{
    "yield_linear": 0.2736443419479932,
    "error_linear": 0.09063104757160378,
    "error_log": 0.3312001517240522
}