{
    "yield_pre": 0.835918739502264,
    "error_pre": 0.19989352404664332
}