{
    "yield_post": 0.8081595267157815,
    "error_post": 0.16223821032776412
}