{
    "start": 0,
    "stop": 8,
    "levels": [
        151.36217866177662,
        147.19915097129052,
        139.72345144100896,
        134.10646335775357,
        130.44633393397027,
        129.25401271214503,
        129.3155218144329,
        129.5000245436417,
        129.72205585306642,
        129.96526934221072,
        130.21512785334485,
        130.46341968828781,
        130.7084768804316,
        130.94970974689818,
        131.18695035940976,
        131.42022601251145,
        131.64965552580753,
        131.87539566024162,
        132.09762136816408,
        132.31650484100308,
        132.53221594600487,
        132.74491495400468,
        132.95475292202667,
        133.16187047532392,
        133.36639943261144,
        133.568461055401,
        133.76816861845282,
        133.96562709696522,
        134.16093422506657,
        134.35418103407613,
        134.54545160277735,
        134.73482535276995,
        134.92237630355993,
        135.1081729947712,
        135.29227998045604,
        135.47475812182333,
        135.6556647548441,
        135.8350535859057,
        136.01297447979556,
        136.18947565209638,
        136.3646022477539,
        136.53839700997622,
        136.71089961653578,
        136.88214915564538,
        137.05218185379567,
        137.22103187411892,
        137.38873270100544,
        137.5553152199402,
        137.72080921566817,
        137.8852432198454,
        138.04864500282685
    ]
}