{
    "nbins": 50,
    "range_": [
        0.0,
        8.0
    ],
    "nburnin": 100,
    "nsamples": 100000,
    "nrepeats": 100,
    "seed": 0,
    "step_size": 0.2,
    "prob_eye": 0.1,
    "yields": [
        0,
        0,
        48,
        14588,
        435759,
        2045098,
        2738171,
        1764477,
        926668,
        552943,
        375735,
        273651,
        202385,
        152578,
        114596,
        87844,
        66810,
        52283,
        40796,
        32056,
        24694,
        19574,
        15587,
        12203,
        9714,
        7691,
        6306,
        5250,
        4122,
        3333,
        2696,
        2187,
        1865,
        1534,
        1131,
        1065,
        838,
        670,
        536,
        421,
        364,
        295,
        313,
        213,
        147,
        150,
        122,
        75,
        82,
        71
    ],
    "errors": [
        0.0,
        0.0,
        11.443775600735979,
        270.70012929439093,
        2249.165665307916,
        4680.3534011867105,
        3690.4385362718076,
        3338.291136195283,
        2102.8646556542817,
        1411.3591003001327,
        1051.4964336601433,
        838.4026419328604,
        883.1900984499316,
        730.3842550329243,
        664.1881058856745,
        563.6813284117188,
        468.13352795970513,
        397.985062533759,
        333.68823773096955,
        323.9361665513747,
        265.96172656982054,
        244.33427921599542,
        207.99834133954047,
        193.72896014793446,
        155.35778062266468,
        158.63855143060277,
        134.9060413769524,
        125.06398362438324,
        115.17447633916119,
        92.80145472997715,
        85.47420663568631,
        81.39600727308435,
        68.99818838201482,
        65.48618174851853,
        48.32587298745881,
        55.863673348608216,
        37.65049800467452,
        37.2155881318568,
        33.8679789771991,
        33.77262204804359,
        28.231896854444614,
        27.472713735632315,
        25.638057648737743,
        19.78155706712695,
        19.154894935759888,
        16.217274740226856,
        16.945795938816218,
        11.863810517704671,
        12.520383380711635,
        12.27151172431497
    ]
}