{
    "nbins": 50,
    "range_": [
        0.0,
        8.0
    ],
    "nburnin": 100,
    "nsamples": 100000,
    "nrepeats": 100,
    "seed": 0,
    "step_size": 0.2,
    "prob_eye": 0.1,
    "yields": [
        0,
        0,
        48,
        14588,
        435763,
        2045159,
        2738175,
        1764456,
        926660,
        552937,
        375727,
        273643,
        202380,
        152580,
        114585,
        87854,
        66798,
        52282,
        40800,
        32065,
        24695,
        19573,
        15586,
        12203,
        9712,
        7691,
        6305,
        5250,
        4121,
        3331,
        2696,
        2187,
        1865,
        1533,
        1131,
        1061,
        836,
        670,
        536,
        421,
        364,
        295,
        313,
        213,
        147,
        150,
        122,
        75,
        82,
        71
    ],
    "errors": [
        0.0,
        0.0,
        11.443775600735979,
        270.70012929439093,
        2249.047200482907,
        4677.473056042119,
        3691.9302200881316,
        3334.3621039113314,
        2104.9394290572827,
        1412.256814463998,
        1052.6650511914982,
        839.0747940440111,
        883.0073612377192,
        730.2643357031754,
        664.9922931884248,
        562.5574104035959,
        469.7594703675489,
        398.0888845471574,
        333.1696264667594,
        323.8220962195138,
        265.8660376956786,
        244.39253261914527,
        208.01451872405443,
        193.72896014793446,
        155.3980694860782,
        158.63855143060277,
        134.86567391297166,
        125.06398362438324,
        115.3108407739706,
        92.93755968390823,
        85.47420663568631,
        81.39600727308435,
        68.99818838201482,
        65.52945902416714,
        48.32587298745881,
        55.54988748863492,
        37.51053185440058,
        37.2155881318568,
        33.8679789771991,
        33.77262204804359,
        28.231896854444614,
        27.472713735632315,
        25.638057648737743,
        19.78155706712695,
        19.154894935759888,
        16.217274740226856,
        16.945795938816218,
        11.863810517704671,
        12.520383380711635,
        12.27151172431497
    ]
}