{
    "yield_linear": 0.8357330703300458,
    "error_linear": 0.20045373620510024,
    "error_log": 0.23985378025777712
}