{
    "start": 0,
    "stop": 20,
    "levels": [
        130.05233605166612,
        130.1523360516547,
        130.25233605165383,
        130.35233605165251,
        130.45233605165336,
        130.55233605166612,
        130.6523360516547,
        130.75233605165383,
        130.85233605165251,
        130.95233605165336,
        131.05233605166612,
        131.1523360516547,
        131.25233605165286,
        131.35233605165251,
        131.45233605165336,
        131.55233605166612,
        131.6523360516547,
        131.75233605165286,
        131.85233605165251,
        131.95233605165336,
        132.05233605166612,
        132.1523360516547,
        132.25233605165286,
        132.35233605165251,
        132.45233605165402,
        132.55233605166612,
        132.6523360516547,
        132.75233605165286,
        132.85233605165251,
        132.95233605165402,
        133.05233605166612,
        133.1523360516547,
        133.25233605165286,
        133.35233605165251,
        133.4523360516545,
        133.55233605166612,
        133.6523360516547,
        133.75233605165286,
        133.85233605165251,
        133.9523360516545,
        134.05233605166612,
        134.1523360516547,
        134.25233605165286,
        134.35233605165251,
        134.4523360516545,
        134.55233605166612,
        134.6523360516547,
        134.75233605165286,
        134.85233605165251,
        134.9523360516545,
        135.05233605166612,
        135.1523360516547,
        135.25233605165286,
        135.35233605165251,
        135.4523360516545,
        135.55233605166612,
        135.6523360516547,
        135.75233605165286,
        135.85233605165251,
        135.9523360516545,
        136.05233605166612,
        136.1523360516547,
        136.25233605165286,
        136.35233605165251,
        136.4523360516545,
        136.55233605166612,
        136.6523360516547,
        136.75233605165286,
        136.85233605165251,
        136.9523360516545,
        137.05233605166612,
        137.1523360516547,
        137.25233605165263,
        137.35233605165251,
        137.4523360516545,
        137.55233605166617,
        137.6523360516534,
        137.75233605165263,
        137.85233605165251,
        137.9523360516545,
        138.05233605166617,
        138.15233605165392,
        138.25233605165263,
        138.35233605165251,
        138.4523360516545,
        138.55233605166617,
        138.65233605165392,
        138.75233605165263,
        138.85233605165251,
        138.9523360516545,
        139.05233605166617,
        139.15233605165392,
        139.25233605165263,
        139.35233605165251,
        139.4523360516545,
        139.55233605166617,
        139.6523360516394,
        139.75233605165263,
        139.85233605165251,
        139.9523360516545,
        140.05233605166617,
        140.1523360516394,
        140.25233605165263,
        140.35233605165251,
        140.4523360516545,
        140.55233605166617,
        140.6523360516394,
        140.75233605165263,
        140.85233605165251,
        140.9523360516545,
        141.05233605166617,
        141.1523360516394,
        141.25233605165263,
        141.35233605165251,
        141.4523360516545,
        141.55233605166617,
        141.6523360516394,
        141.75233605165263,
        141.85233605165251,
        141.9523360516545,
        142.05233605166617,
        142.1523360516394,
        142.25233605165263,
        142.35233605165251,
        142.4523360516545,
        142.55233605166617,
        142.6523360516394,
        142.75233605165263,
        142.85233605165251,
        142.9523360516545,
        143.05233605166617,
        143.1523360516394,
        143.25233605165263,
        143.35233605165251,
        143.4523360516545,
        143.55233605166617,
        143.6523360516394,
        143.75233605165263,
        143.85233605165251,
        143.9523360516545,
        144.05233605166617,
        144.1523360516394,
        144.25233605165263,
        144.35233605165251,
        144.4523360516545,
        144.55233605166617,
        144.6523360516394,
        144.75233605165263,
        144.85233605165251,
        144.9523360516545,
        145.05233605166617,
        145.1523360516394,
        145.25233605165263,
        145.35233605165251,
        145.45233605163776,
        145.552336051667,
        145.6523360516529,
        145.75233605165263,
        145.85233605165251,
        145.95233605163776,
        146.052336051667,
        146.1523360516529,
        146.25233605165263,
        146.35233605165251,
        146.45233605165353,
        146.552336051667,
        146.6523360516529,
        146.75233605165263,
        146.85233605165251,
        146.95233605165353,
        147.052336051667,
        147.1523360516529,
        147.25233605165263,
        147.35233605165251,
        147.45233605165353,
        147.552336051667,
        147.6523360516529,
        147.75233605165263,
        147.85233605165251,
        147.95233605165353,
        148.052336051667,
        148.1523360516529,
        148.25233605165263,
        148.35233605165251,
        148.45233605165353,
        148.552336051667,
        148.6523360516529,
        148.75233605165263,
        148.85233605165251,
        148.95233605165353,
        149.052336051667,
        149.1523360516529,
        149.25233605165374,
        149.35233605165251,
        149.45233605165353,
        149.552336051667,
        149.6523360516529,
        149.75233605165374,
        149.85233605165251,
        149.95233605165353,
        150.052336051667
    ]
}