{
    "yield_post": 191.67771828171385,
    "error_post": 8.818691521301607
}