{
    "yield_linear": 184.4486526072627,
    "error_linear": 11.457657155691383,
    "error_log": 0.06211841069984719
}