{
    "start": 0,
    "stop": 10,
    "anchors": [
        2.8
    ],
    "levels": [
        120.9377735536329,
        120.5510595721582,
        120.55611591361418,
        120.59426596771428,
        120.64263559106809,
        120.6973363217724,
        120.75692429222867,
        120.82059855523849,
        120.88776908223701,
        120.95792217457935,
        121.03057586022379,
        121.10526479624275,
        121.18153280121177,
        121.25892394452038,
        121.336967568508,
        121.41518204605896,
        121.49332116444688,
        121.57129769254925,
        121.64904904023504,
        121.72652726322602,
        121.80369667618002,
        121.88053044809163,
        121.95700938613041,
        122.03311903565604,
        122.10884966052029,
        122.18419478101593,
        122.25915054394179,
        122.33371480175448,
        122.40788840386676,
        122.48167198302201,
        122.55506767055331,
        122.62807845764316,
        122.7007081415758,
        122.77296096495384,
        122.84484123965024,
        122.91635390088973,
        122.98750396395818,
        123.05829615365633,
        123.12873700366279,
        123.19883065047557,
        123.26858266234795,
        123.33799854655072,
        123.40708356841807,
        123.47584293062013,
        123.54428207065126,
        123.61240506946447,
        123.680219751887,
        123.74772812617279,
        123.81493681542779,
        123.88184952586366,
        123.94847179966774,
        124.01480801243173,
        124.08086276712348,
        124.1466402827646,
        124.2121456407628,
        124.27738206209523,
        124.34235428720336,
        124.4070663378505,
        124.4715220182049,
        124.535725394365,
        124.59968000610806,
        124.66339042146383,
        124.72685893228568,
        124.79008997001559,
        124.85308678566771,
        124.91585265556253,
        124.97839114389424,
        125.04070528350853,
        125.10279881874901,
        125.16467310152123,
        125.22633377260192,
        125.28778051964876,
        125.34901899421045,
        125.41005143758045,
        125.47087957093468,
        125.5315068137888,
        125.59193594853483,
        125.65320487087226,
        125.71220972388554,
        125.7720588043547,
        125.83172003273376,
        125.89119491391617,
        125.95048627470564,
        126.00959642481138,
        126.0685273245119,
        126.11276433670548,
        126.1431611614863,
        126.17328693884158,
        126.20314841563851,
        126.23274924010163,
        126.26209542764934,
        126.29119197283475,
        126.32004330248395,
        126.34865392491918,
        126.37702887136761,
        126.40517246465335,
        126.43308824962845,
        126.4607812994683,
        126.48825522907603,
        126.51551408495517,
        126.54256112704815,
        126.56939980574026,
        126.59603497289342,
        126.62246923583612,
        126.64870705130849,
        126.67474963751685,
        126.70060185644563,
        126.72626593239032,
        126.75174580271013,
        126.77704417018782,
        126.80216401329704,
        126.82710735803867,
        126.8518773549977,
        126.87647752443078,
        126.90090961298905,
        126.92517633005903,
        126.9492798882791,
        126.9732237547511,
        126.99700909653669,
        127.02063917071315,
        127.04411507943547,
        127.06744040330575,
        127.09061717951943,
        127.11364636564159,
        127.13653071096479,
        127.1592726684234,
        127.1818734708734,
        127.20433538285434,
        127.22666100482442,
        127.24885103397804,
        127.27090791205424,
        127.2928328505852,
        127.31462891626941,
        127.3362960098031,
        127.35783716833016,
        127.37925416711772,
        127.40054697559611,
        127.42171864731186,
        127.44277060290547,
        127.46370379018722,
        127.48451985578194,
        127.50522067402255,
        127.5258073313717,
        127.54628110969294,
        127.5666435198132,
        127.5868961137418,
        127.60703931037108,
        127.62707597935773,
        127.64700594259051,
        127.66683123465624,
        127.68655353368297,
        127.70617226886813,
        127.72568971345066,
        127.7451072825013,
        127.7644264887757,
        127.78364752237349,
        127.80277130133821,
        127.82179936618675,
        127.84073362345008,
        127.85957435771319,
        127.8783213593942,
        127.89697802671337,
        127.91554315382281,
        127.93401916927209,
        127.95240640892273,
        127.97070610744406,
        127.98891948984823,
        128.0070462988973,
        128.02508816203505,
        128.04304651309332,
        128.06092127619576,
        128.07871373238717,
        128.09642474124402,
        128.11405489947003,
        128.13160560313463,
        128.14907696761918,
        128.16647004513953,
        128.18378533339336,
        128.20102420339654,
        128.2181870652752,
        128.23527498235103,
        128.2522879579791,
        128.26922721667992,
        128.28609336342325,
        128.30288693158514,
        128.31960947153237,
        128.33625998127076,
        128.3528408112399,
        128.36935183438675,
        128.38579361714739,
        128.4021671148976,
        128.41847289664847,
        128.43471152574725,
        128.45088341283764,
        128.46698973391966,
        128.48303041296117,
        128.49900608377422,
        128.51491786106345,
        128.53076562605253,
        128.54655053560697,
        128.56227324468009
    ]
}