{
    "start": 0,
    "stop": 10,
    "anchors": [
        2.8
    ],
    "levels": [
        120.9377735536329,
        120.55105957215586,
        120.55611545653815,
        120.59426596771469,
        120.64263463549734,
        120.6973363217724,
        120.75692429223213,
        120.82059855523849,
        120.88776908223701,
        120.95792217459469,
        121.03057586020441,
        121.10526479624275,
        121.18153280121177,
        121.25892394452089,
        121.336967568508,
        121.4151820460575,
        121.49332116444717,
        121.57129769255066,
        121.64904904022103,
        121.72652726322616,
        121.80369667618022,
        121.88053044809146,
        121.9570093860612,
        122.03311903564436,
        122.10884966052029,
        122.18419478135365,
        122.25915054392678,
        122.33371480175424,
        122.40788840386675,
        122.48167198302203,
        122.55506767057034,
        122.62807845764316,
        122.70070814157233,
        122.77296096496859,
        122.84484123965015,
        122.91635390088976,
        122.9875039639436,
        123.05829615365556,
        123.12873700367759,
        123.19883065047591,
        123.26858266236272,
        123.3379985465654,
        123.40708356875767,
        123.47584293063447,
        123.54428207065371,
        123.61240506946532,
        123.68021975187253,
        123.7477281261734,
        123.81493681542759,
        123.88184952586366,
        123.94847179966868,
        124.01480801243193,
        124.08086276712343,
        124.14664028277858,
        124.21214569972842,
        124.27738206209517,
        124.34235428720356,
        124.40706633784181,
        124.47152201822027,
        124.53572539436637,
        124.59968000610799,
        124.66339033073142,
        124.72685893227106,
        124.7900899700154,
        124.85308678565374,
        124.9158526555626,
        124.97839114389316,
        125.04070528349342,
        125.1027988187479,
        125.16467310152075,
        125.22633377258708,
        125.28778056781515,
        125.34901899420991,
        125.41005143758133,
        125.47087957093525,
        125.53150680354568,
        125.59193594853494,
        125.65216915451515,
        125.71220972390023,
        125.77205880435457,
        125.83172003274846,
        125.89119491390264,
        125.95048627471927,
        126.00959642481217,
        126.06852732451162,
        126.11276433763612,
        126.14316059878472,
        126.17328693885597,
        126.20314841565317,
        126.23274924011426,
        126.26209542764863,
        126.29119197282022,
        126.32004330246946,
        126.3486539249333,
        126.37702887136734,
        126.40517243239812,
        126.4330882496141,
        126.46078129948253,
        126.48825522908994,
        126.51551408498477,
        126.54256112703246,
        126.56939980572625,
        126.59603497290797,
        126.62246923583648,
        126.64870705130136,
        126.6747496364299,
        126.70060185646119,
        126.72626593240335,
        126.75174580269581,
        126.77704417018793,
        126.80216401330433,
        126.82710735803822,
        126.85187735498245,
        126.87647752441663,
        126.90090961298034,
        126.92517629699248,
        126.94927993972634,
        126.97322363490028,
        126.99700924298782,
        127.02063917070215,
        127.04411508030276,
        127.06744040330527,
        127.09061708847372,
        127.11364636564164,
        127.13653071097514,
        127.15927265070255,
        127.18187347085004,
        127.20433538285639,
        127.22666100481501,
        127.24885103396508,
        127.27090791203952,
        127.29283285058763,
        127.31462891628459,
        127.33629600980187,
        127.35783716831524,
        127.37925416713236,
        127.4005474792877,
        127.42171864731193,
        127.44277060290548,
        127.46370378929925,
        127.48451985578173,
        127.50522067402308,
        127.52580732969024,
        127.54628110970248,
        127.56664351981235,
        127.58689611697685,
        127.6070393103684,
        127.62707597937217,
        127.64700594259038,
        127.66683123465847,
        127.68655353368321,
        127.70617227169005,
        127.72568971346426,
        127.74510728250198,
        127.7644264888326,
        127.7836475223733,
        127.80277130120339,
        127.82179936620174,
        127.8407336234245,
        127.85957435768752,
        127.87832135938733,
        127.89697775542017,
        127.91554315380901,
        127.93401915131284,
        127.95240640892295,
        127.97070610718472,
        127.98891949359728,
        128.00704629704984,
        128.02508816204988,
        128.04304612304193,
        128.0609212780358,
        128.07871373356562,
        128.09642474126508,
        128.11405489952142,
        128.13160573183706,
        128.1490769676206,
        128.1664700451256,
        128.1837855134814,
        128.20102420338236,
        128.21818706527327,
        128.23527449571424,
        128.2522879579812,
        128.26922721666142,
        128.28609323341146,
        128.3028869315994,
        128.3196094715313,
        128.33625998128542,
        128.35284081124038,
        128.36935183438925,
        128.38579361714753,
        128.40216711489762,
        128.41847289666367,
        128.4347115257485,
        128.4508835633511,
        128.4669893190187,
        128.4830303464696,
        128.49900608377445,
        128.5149178610626,
        128.5307656260379,
        128.54655053560816,
        128.56227324466624
    ]
}