{
    "yield_post": 243.08326655317387,
    "error_post": 12.611876684085594
}