{
    "yield_pre": 243.26768576804267,
    "error_pre": 21.782587100208872
}