{
    "nbins": 50,
    "range_": [
        150.0,
        400.0
    ],
    "nburnin": 100,
    "nsamples": 100000,
    "nrepeats": 100,
    "seed": 0,
    "step_size": 0.05,
    "num_leapfrog_steps": 10,
    "yields": [
        41,
        108,
        295,
        845,
        2349,
        5501,
        12337,
        24968,
        46625,
        82182,
        134095,
        205474,
        294367,
        399523,
        508982,
        615219,
        707307,
        772957,
        806256,
        806817,
        775435,
        716183,
        638438,
        549761,
        457093,
        369100,
        289783,
        221923,
        165253,
        120683,
        87062,
        60491,
        41526,
        28096,
        18725,
        12536,
        7986,
        5126,
        3232,
        2054,
        1260,
        807,
        451,
        300,
        175,
        123,
        54,
        40,
        19,
        12
    ],
    "errors": [
        7.495998932764064,
        13.905394636614956,
        23.29699551444349,
        35.22428139792209,
        62.79323211939325,
        90.9449833690677,
        165.17660245930716,
        245.56009447790984,
        337.86794757715626,
        524.342216496059,
        627.8222280231881,
        657.8063848884412,
        909.9044510276889,
        1161.4145297868456,
        1197.1636312551432,
        1246.3809168949915,
        1271.190980930875,
        1235.70324511996,
        1085.9284690991392,
        1141.237972554366,
        1217.0327645548414,
        1192.4169195377933,
        1113.731367969853,
        1024.36311433007,
        983.7339630204907,
        952.745506418162,
        824.009775427452,
        761.4852001188204,
        641.8044172487441,
        535.1972626985307,
        440.39477744405644,
        369.4403740794988,
        316.59001879402325,
        260.7869628643272,
        189.32709790201716,
        302.39219566648876,
        111.22068153001041,
        92.93675268697525,
        64.82098425664331,
        64.87557321519402,
        43.77213725647857,
        34.7636304203114,
        26.05743655849516,
        19.8997487421324,
        13.592277219068187,
        12.71652468247516,
        8.175573374387877,
        6.782329983125269,
        4.624932431938871,
        3.2496153618543837
    ]
}