{
    "yield_linear": 243.2612389412099,
    "error_linear": 22.65160195809748,
    "error_log": 0.09311636353036827
}