{
    "yield_pre": 5.526459708223166,
    "error_pre": 1.4951762494375924
}