{
    "start": 0,
    "stop": 20,
    "levels": [
        693.776013281214,
        50.48016909358866,
        47.59875783283315,
        47.51989369892553,
        47.43207700323006,
        47.323379890572696,
        47.17645735628706,
        46.93807093054588,
        46.52065772826985,
        46.16156806634855,
        45.81857412065473,
        45.53747110434494,
        45.345308313634646,
        45.241708423208024,
        45.21742268426833,
        45.26255981314235,
        45.3679465559797,
        45.525197287568766,
        45.72665268940706,
        45.96536173781229,
        46.235086630631734,
        46.530303753206624,
        46.84618379958792,
        47.178568248994495,
        47.52392264773998,
        47.87929299226705,
        48.242248612364726,
        48.610825122005316,
        48.98346163765969,
        49.35893947908836,
        49.73632351985447,
        50.114901999459846,
        50.49409589479768,
        50.87340504017902,
        51.25240307203065,
        51.63073493768665,
        52.008086237297164,
        52.38418636285357,
        52.75880225645455,
        53.131735469063074,
        53.5028201787461,
        53.871916756316416,
        54.23890754498831,
        54.603694713937564,
        54.96619681941526,
        55.32634652898764,
        55.684089585136505,
        56.039380692650454,
        56.392184507118934,
        56.74247464330038,
        57.090229224248894
    ]
}