{
    "start": 0,
    "stop": 20,
    "anchors": [],
    "levels": [
        958.487481730177,
        50.48016909358866,
        47.59875783283315,
        47.51989370438226,
        47.43207700323006,
        47.32338017303519,
        47.17645739400751,
        46.93807093054588,
        46.52065772826985,
        46.16156807285108,
        45.818574477751355,
        45.53747110434494,
        45.345308313634646,
        45.241708767345884,
        45.217422701342876,
        45.26255981314235,
        45.3679465559797,
        45.525197287568766,
        45.72665268940706,
        45.96536173781229,
        46.235086630631734,
        46.530303753206624,
        46.846184503269185,
        47.17856848425397,
        47.52392269466963,
        47.87929355909135,
        48.242248667075685,
        48.610825228939476,
        48.98346163765969,
        49.35893947908836,
        49.73632351985447,
        50.114902240875935,
        50.49409601976792,
        50.87340504017902,
        51.25240307203065,
        51.63073493768665,
        52.00808634544387,
        52.38418636285357,
        52.75880225645455,
        53.131735469063074,
        53.5028201787461,
        53.871916756316416,
        54.23890754498831,
        54.603694713937564,
        54.96619681941526,
        55.32634652898764,
        55.684089585136505,
        56.03938089731597,
        56.392184507118934,
        56.74247464330038,
        57.090229224248894
    ]
}