{
    "nbins": 50,
    "range_": [
        0.0,
        20.0
    ],
    "nburnin": 100,
    "nsamples": 100000,
    "nrepeats": 100,
    "seed": 0,
    "step_size": 0.2,
    "prob_eye": 0.1,
    "yields": [
        0,
        0,
        59,
        1099,
        3230,
        18020,
        59249,
        173902,
        376572,
        651970,
        936336,
        1144537,
        1232840,
        1192164,
        1056155,
        871033,
        678022,
        504674,
        360119,
        249554,
        168848,
        112783,
        74447,
        48200,
        31147,
        19988,
        12705,
        8008,
        5098,
        3235,
        2102,
        1365,
        865,
        516,
        359,
        262,
        197,
        107,
        88,
        52,
        23,
        21,
        14,
        12,
        10,
        2,
        4,
        1,
        6,
        0
    ],
    "errors": [
        0.0,
        0.0,
        51.28537803311983,
        615.7978483236187,
        704.107236150858,
        1665.1912803038579,
        1191.350070298399,
        2226.6535338934073,
        1523.6233655336216,
        1542.017833878714,
        1709.1316625702073,
        1688.4096985032988,
        1778.1720951583961,
        1665.2624537891916,
        1422.2386403132214,
        1585.5201386295917,
        1321.934627733157,
        1050.3443435369184,
        975.2986158095376,
        874.1823837163502,
        622.8731492045551,
        558.8220736513547,
        406.2128875355876,
        384.0416644063506,
        316.3335423251856,
        196.05754257360257,
        161.0551147899377,
        126.84384100144557,
        105.6028408708781,
        78.22243923581009,
        64.8996147908445,
        50.12733785071775,
        41.79413834498803,
        31.865969308966587,
        26.574235642817644,
        21.20282999979012,
        21.884012429168468,
        13.134306224540385,
        11.513470371699404,
        8.65794432876534,
        5.070502933634891,
        6.526101439603893,
        4.247352116319062,
        4.95580467734554,
        3.6055512754639873,
        1.9899748742132397,
        1.9595917942265408,
        0.9949874371066199,
        5.063595560468861,
        0.0
    ]
}