{
    "start": 0,
    "stop": 20,
    "levels": [
        47.058694034370184,
        47.04536924893253,
        47.0516289406262,
        47.076310145427804,
        47.11826262018487,
        47.176376880697234,
        47.24958405218966,
        47.336880916938334,
        47.437324034850754,
        47.55003692475296,
        47.67420196490468,
        47.809062586918415,
        47.95392367979474,
        48.10814048346944,
        48.27112329318934,
        48.44232756461481,
        48.62124890306653,
        48.80742726886289,
        49.000436995374656,
        49.19988405400565,
        49.405405096650256,
        49.61666701737401,
        49.83335506828782,
        50.055187322576025,
        50.28189350250889,
        50.51322722968922,
        50.74895902689039,
        50.988873429385784,
        51.232772832877004,
        51.48046809890691,
        51.7317869288817,
        51.9865661407127,
        52.24465392044141,
        52.505906638519136,
        52.77018909292053,
        53.03737627679965,
        53.30734930443447,
        53.58000002604888,
        53.8552135090556,
        54.132899282907985,
        54.412962074340435,
        54.695313089377834,
        54.97986269341969,
        55.2665386889642,
        55.55526314715851,
        55.845968207827795,
        56.1385741995657,
        56.433028465201886,
        56.72926605019267,
        57.02723309102393,
        57.32685942597121
    ]
}