{
    "yield_post": 1.3854421026190906,
    "error_post": 0.4814535587963153
}