{
    "yield_pre": 1.2544612656043914,
    "error_pre": 0.5159381346677323
}