{
    "yield_pre": 1.2544576478993046,
    "error_pre": 0.5255735408515952
}