{
    "start": 0,
    "stop": 20,
    "levels": [
        53.59165760526669,
        53.55085154257105,
        53.51737865410614,
        53.49068134994026,
        53.47024102724234,
        53.455578274757166,
        53.44625321550343,
        53.441862932629085,
        53.44203943511832,
        53.44644803882712,
        53.454783556915096,
        53.46676834486857,
        53.48214963904604,
        53.50069766027611,
        53.52220113383552,
        53.54646983953971,
        53.57332823944792,
        53.6026161155383,
        53.6341866355288,
        53.6679050322647,
        53.70364741866155,
        53.74129973047495,
        53.78075678268065,
        53.821921426937784,
        53.86470379878231,
        53.90902064417828,
        53.954794897531485,
        54.001954444673686,
        54.0504326597896,
        54.10016730648915,
        54.15110031133716,
        54.20317740299457,
        54.256347807330556,
        54.310563998756216,
        54.365781745411965,
        54.421958334001495,
        54.47905520627707,
        54.53703504483429,
        54.595862958581534,
        54.65550604009671,
        54.715933219959524,
        54.77711514855534,
        54.839024058320604,
        54.901633660153756,
        54.96491904247049,
        55.028856583265494,
        55.09342385022666,
        55.15859952117601,
        55.22436344582826,
        55.29069603103356,
        55.35757925189316,
        55.42499549170107,
        55.4929280655286,
        55.561361055209474,
        55.63027924869212,
        55.69966811802622,
        55.76951376813189,
        55.839802903877256,
        55.91052279618693,
        55.98166125097581,
        56.05320657988852,
        56.12514757274396,
        56.19747347219967,
        56.270173949870426,
        56.343239084022514,
        56.41665933870434,
        56.4904255442753,
        56.56452887887585,
        56.63896085126671,
        56.71371328463013,
        56.788778301369135,
        56.8641483087609,
        56.93981598553761,
        57.01577426913019,
        57.09201634374454,
        57.16853562905762,
        57.24532576956702,
        57.32238062453098,
        57.39969425844551,
        57.477260931191765,
        57.55507509209906,
        57.63313136963929,
        57.71142456409574,
        57.789949640601186,
        57.86870172226566,
        57.94767608365393,
        58.0268681446492,
        58.106273464552444,
        58.18588773650881,
        58.26570678224971,
        58.34572654700483,
        58.42594309472096,
        58.50635260348167,
        58.58695136119381,
        58.667735761395356,
        58.74870229933457,
        58.82984756816627,
        58.91116825537557,
        58.99266113933732,
        59.07432308604555,
        59.156151045924204,
        59.238142050924665,
        59.32029321155339,
        59.40260171421919,
        59.48506481855641,
        59.56767985491648,
        59.65044422199937,
        59.73335538450337,
        59.81641087097206,
        59.89960827159005,
        59.98294523626621,
        60.066419472573315,
        60.150028743993246,
        60.233770867988255,
        60.31764371442219,
        60.40164520379558,
        60.48577330572512,
        60.570026037354346,
        60.654401461922376,
        60.738897687357955,
        60.82351286492944,
        60.90824518781357,
        60.99309289008839,
        61.078054245242726,
        61.16312756517603,
        61.24831119901775,
        61.3336035320849,
        61.4190029847703,
        61.50450801159028,
        61.590117100165195,
        61.675828770338526,
        61.761641573228104,
        61.84755409036858,
        61.933564932831544,
        62.01967274051809,
        62.10587618123262,
        62.19217395002034,
        62.27856476836659,
        62.365047383565255,
        62.451620568008124,
        62.53828311837077,
        62.625033855263,
        62.7118716223753,
        62.79879528595502,
        62.88580373420335,
        62.97289587668163,
        63.06007064396291,
        63.14732698684681,
        63.23466387594198,
        63.32208030125092,
        63.40957527155673,
        63.49714781407469,
        63.5847969912854,
        63.672521852371176,
        63.760321460810495,
        63.848194916795606,
        63.93614133525837,
        64.02415984526368,
        64.11224958832376,
        64.20040971014711,
        64.28863935760678,
        64.37693788841091,
        64.46530428548675,
        64.5537380382395,
        64.6422380359711,
        64.73080372808688,
        64.81943440772085,
        64.90812921916891,
        64.9968874769881,
        65.0857084815353,
        65.17459153857014,
        65.26353596380602,
        65.35254108348911,
        65.44160623432342,
        65.53073076369049,
        65.61991403063837,
        65.70915540953573,
        65.79845429096638,
        65.88781006648696,
        65.97722212611912,
        66.06668987611813,
        66.15621273442876,
        66.24579012801334,
        66.33542149277032,
        66.42510627324899,
        66.51484392254457,
        66.60463390209787,
        66.69447568151907,
        66.78436873844302,
        66.87431255834703,
        66.96430663441578,
        67.05435046737657,
        67.1444435653311,
        67.23458544365089,
        67.32477562484416,
        67.41501363832029,
        67.50529902037744,
        67.59563131400937,
        67.68601006876386,
        67.77643484066205,
        67.86690519204129
    ]
}