{
    "nbins": 50,
    "range_": [
        0.0,
        4.0
    ],
    "nburnin": 100,
    "nsamples": 100000,
    "nrepeats": 100,
    "seed": 0,
    "step_size": 0.2,
    "prob_eye": 0.1,
    "yields": [
        3555,
        8436,
        21422,
        53733,
        130617,
        275626,
        471844,
        685356,
        861187,
        967436,
        990065,
        946632,
        860341,
        749935,
        633022,
        518825,
        417687,
        330510,
        257246,
        199884,
        152624,
        116073,
        88461,
        65868,
        50164,
        36915,
        28042,
        20518,
        15254,
        10923,
        7930,
        5942,
        4355,
        2988,
        2215,
        1604,
        1218,
        790,
        554,
        406,
        253,
        207,
        140,
        121,
        61,
        39,
        15,
        11,
        16,
        5
    ],
    "errors": [
        127.22715905025939,
        203.32496157629052,
        312.49505596089034,
        553.7130213386713,
        915.2136963573043,
        2997.7693773871265,
        1862.44856036348,
        2049.5976775943127,
        2539.793950303843,
        2230.5983591852655,
        1993.1404240544616,
        1857.926198749563,
        1518.4993216988935,
        1653.310844941144,
        1493.9274279562578,
        1383.5507760830465,
        1199.746352359531,
        1306.4574237226407,
        1113.558637881275,
        1009.1795875858766,
        903.9271209561089,
        694.7774535777626,
        1009.1787700898191,
        526.233560313289,
        496.31344934426266,
        432.70168707782955,
        350.69126022756836,
        299.7144641154311,
        199.72190666023596,
        207.68175172604845,
        169.57299313275092,
        127.22562634941124,
        124.37342963832748,
        97.84968063310173,
        94.08905356097486,
        67.2446280382307,
        60.9980327551635,
        53.82378656319156,
        38.997948664000276,
        36.49164287888393,
        23.935538431378554,
        26.542607257012264,
        23.366642891095847,
        23.12120239087923,
        13.333791658789316,
        11.035850669522505,
        4.7696960070847325,
        5.63826214360418,
        7.310266752998812,
        4.092676385936238
    ]
}