{
    "start": 0,
    "stop": 15,
    "levels": [
        127.25183941343568,
        127.10389118784556,
        126.97284529428792,
        126.85732428089416,
        126.75580621732091,
        126.66679921078068,
        126.58893032057819,
        126.52097343281913,
        126.46185220013574,
        126.41063001571526,
        126.36649384755293,
        126.32873847171521,
        126.29674967426853,
        126.26999341969211,
        126.24800187116485,
        126.23036535999556,
        126.21672038757414,
        126.20674566125582,
        126.20015874971668,
        126.19670583420495,
        126.19616005702848,
        126.1983176489329,
        126.20299549791746,
        126.21002739150572,
        126.21926345797881,
        126.23056707308038,
        126.24381388244957,
        126.2588902254102,
        126.27569115181828,
        126.29412084886482,
        126.31409425024353,
        126.33552822533031,
        126.35834836608329,
        126.38248520649147,
        126.40787440702957,
        126.43445625743222,
        126.46217515812012,
        126.49097927952566,
        126.52082023064958,
        126.55165273645255,
        126.58343444290978,
        126.6161256322098,
        126.64968901904025,
        126.6840895544315,
        126.71929424564635,
        126.75527247326507,
        126.79199380055925,
        126.82943123963801,
        126.86755857445145,
        126.90635098223447,
        126.94578496831609,
        126.98583827025625,
        127.02648976416111,
        127.06771938243911,
        127.10950804722337,
        127.15183760671017,
        127.19469077642107,
        127.23805108484187,
        127.28190282351491,
        127.32623100064471,
        127.37102130389817,
        127.41626004669199,
        127.4619341413754,
        127.50803106463333,
        127.55453882388349,
        127.60144592896286,
        127.64874136419022,
        127.69641456252766,
        127.74445538152055,
        127.79285408093861,
        127.84160130183749,
        127.89068804689721,
        127.94010506630646,
        127.98984520783189,
        128.03989987435733,
        128.09026134262376,
        128.14092217002877,
        128.1918751810019,
        128.24311345452418,
        128.29463031225026,
        128.34641930720642,
        128.39847421339252,
        128.4507890156868,
        128.5033579005582,
        128.55617572556383,
        128.60923611409578,
        128.6625342679108,
        128.71606509574676,
        128.7698236655119,
        128.82380461626278,
        128.87800447614683,
        128.93241819229564,
        128.9870414168476,
        129.0418699331132,
        129.09689965028952,
        129.1521265984586,
        129.20754692393942,
        129.2631568848242,
        129.3189528466902,
        129.37493127834236,
        129.43108874830833,
        129.48742192075753,
        129.54392755219573,
        129.60060248807912,
        129.65744365947234,
        129.7144480816598,
        129.77161285147832,
        129.82893513017078,
        129.88641216494915,
        129.94404127271008,
        130.00181983891005,
        130.05974531577985,
        130.1178152199493,
        130.1760271305466,
        130.23437868678832,
        130.29286758648195,
        130.35149158369572,
        130.41024848717046,
        130.4691361583507,
        130.52815251012692,
        130.58729550462306,
        130.6465631521004,
        130.70595350928437,
        130.7654646779887,
        130.82509480368188,
        130.88484207418907,
        130.94470471844335,
        131.00468100515008,
        131.06476924172063,
        131.1249677730642,
        131.1852749804949,
        131.24568928066103,
        131.30620912459594,
        131.3668329962534,
        131.42755940624878,
        131.48838691470266,
        131.5493140932303,
        131.61033955780823,
        131.67146193499514,
        131.73267989486462,
        131.79399213277966,
        131.85539736935715,
        131.91689434947304,
        131.97848184245336,
        132.04015864241634,
        132.10192356792265,
        132.16377546103305,
        132.22571318669796,
        132.2877356321206,
        132.34984170608226,
        132.41203033860475,
        132.47430050769756,
        132.5366511124048,
        132.5990812088558,
        132.66159010345143,
        132.7241761923845,
        132.78683882563254,
        132.84957706543312,
        132.91238999121583,
        132.97527669923795,
        133.03823630206486,
        133.1012679283869,
        133.1643707224506,
        133.2275438439915,
        133.2907864680275,
        133.35409778447809,
        133.41747699780043,
        133.48092332680878,
        133.54443600595962,
        133.6080142812103,
        133.67165740511,
        133.73536404950954,
        133.79913461417325,
        133.86296785698931,
        133.92686308216744,
        133.9908196058215,
        134.05483675472522,
        134.11891386681128,
        134.18305029105093,
        134.24724538700508,
        134.31149852459265,
        134.37580908436686,
        134.4401764583644,
        134.50460004333854,
        134.56907924832427,
        134.63361349142525,
        134.6982021985383,
        134.7628448074086,
        134.82754076310064,
        134.8922895190545,
        134.95709053706577,
        135.0219432871407,
        135.08684724726186,
        135.15180190328263,
        135.21680674878652,
        135.2818612848784,
        135.34696502001538,
        135.41211746998223,
        135.4773181576637,
        135.54256661289816,
        135.6078623723392
    ]
}