{
    "start": 0,
    "stop": 15,
    "levels": [
        127.2518556599622,
        126.75590156990475,
        126.46189800442416,
        126.29679320615006,
        126.21672840464821,
        126.19617032855517,
        126.2192821302449,
        126.2757070369978,
        126.35837147408562,
        126.46220281922227,
        126.5834726662494,
        126.71933734347203,
        126.86761453922989,
        127.02654346941351,
        127.19473542202586,
        127.37108450093226,
        127.55460276762409,
        127.74450289017085,
        127.94017904159296,
        128.1409897540739,
        128.34649622911715,
        128.55622132778365,
        128.76988084342662,
        128.98712329751908,
        129.20761180384056,
        129.43117357220464,
        129.657523914363,
        129.88646698228726,
        130.1179045982011,
        130.3515785920474,
        130.58738225858292,
        130.82519212617103,
        131.06485482612183,
        131.30627400701857,
        131.54937973465087,
        131.79410317885967,
        132.04026816271934,
        132.28782613571772,
        132.5367540884045,
        132.78693695069109,
        133.03832616904353,
        133.29085744321944,
        133.5445064036573,
        133.79921588153505,
        134.054952319648,
        134.31157090996618,
        134.56917591044672,
        134.82761923679774,
        135.08695973880796,
        135.34700749120213,
        135.60796587923113
    ]
}