{
    "yield_pre": 2.3023534950015287,
    "error_pre": 0.4153739905616537
}