{
    "yield_post": 54.71201223901966,
    "error_post": 4.946087788941273
}