{
    "start": 15,
    "stop": 115,
    "anchors": [],
    "levels": [
        71.99566738154532,
        71.77777558051966,
        71.56180045681867,
        71.34776157851422,
        71.1356776575895,
        70.92556734741187,
        70.71744924971492,
        70.51134105876977,
        70.3072615494398,
        70.10522776209967,
        69.90525757647103,
        69.70736793352448,
        69.51157659511074,
        69.31790042050852,
        69.12635562761601,
        68.93695989451311,
        68.74972918054162,
        68.56468001158014,
        68.38182879810498,
        68.20119178354841,
        68.02278504994052,
        67.8466250956996,
        67.67272770183862,
        67.50110909878822,
        67.33178527559357,
        67.16477261273923,
        67.00008734126675,
        66.83774620701982,
        66.67776566387238,
        66.52016295244053,
        66.36495526440493,
        66.21216081745658,
        66.06179750123026,
        65.91388457543368,
        65.76844149648679,
        65.62548878686707,
        65.48504802306198,
        65.3471408368919,
        65.21179061809801,
        65.07902139550428,
        64.94885816466972,
        64.82132709716697,
        64.69645511278597,
        64.57426984227871,
        64.4547999102296,
        64.33807425261764,
        64.22412247052193,
        64.11297459244066,
        64.00466051073553,
        63.89921067862201,
        63.79665459534658,
        63.6970216677813,
        63.60034055644013,
        63.506638962678466,
        63.41594331575067,
        63.3282785620039,
        63.24366804110446,
        63.16213306693473,
        63.083692927846414,
        63.00836472026113,
        62.93616319106275,
        62.86710073558535,
        62.80118728477463,
        62.738431336227826,
        62.67906883252388,
        62.62364152774528,
        62.57232650247742,
        62.52502356992919,
        62.481489010126054,
        62.44141837055102,
        62.404495122898524,
        62.37041845686316,
        62.33891791192904,
        62.30976023207512,
        62.28275277741066,
        62.257745873153354,
        62.23463633087931,
        62.213374121931125,
        62.193977964135925,
        62.17656178797057,
        62.16138873534868,
        62.14896377181531,
        62.14015915047449,
        62.136215974274094,
        62.13828760062021,
        62.14676224455539,
        62.161212413167505,
        62.18085349664204,
        62.20490989794956,
        62.2327682272792,
        62.26399835279733,
        62.29831591171086,
        62.33554026537829,
        62.375557632041236,
        62.41829465516511,
        62.463701758458726,
        62.51174179029322,
        62.56238430685827,
        62.615602076873174,
        62.671369366070934,
        62.72966104436422,
        62.790452383160186,
        62.85371886696172,
        62.91943586028282,
        62.987579119718035,
        63.05812469666358,
        63.13104914745486,
        63.20632841714561,
        63.28393971080311,
        63.36386095522712,
        63.44606979258482,
        63.530543989986825,
        63.61726098828498,
        63.70619692545659,
        63.79732543169614,
        63.890615371065465,
        63.98602790949815,
        64.083508849493,
        64.18299990500594,
        64.2844861534063,
        64.38795962558764,
        64.49341470820019,
        64.60084585544823,
        64.71024827790492,
        64.82161800238998,
        64.93495139001617,
        65.05024509022442,
        65.16749583118512,
        65.2867003391961,
        65.40785516336844,
        65.53095665268681,
        65.6560002027087,
        65.78298041781376,
        65.91188939130365,
        66.04271483037336,
        66.17543988555462,
        66.31004110104448,
        66.44649941116977,
        66.5847960028573,
        66.7249130731484,
        66.86684216002169,
        67.01058066794516,
        67.15612766469418,
        67.30348097982935,
        67.45264029036596,
        67.60360386574388,
        67.75637060022297,
        67.91093848506605,
        68.06730674348992,
        68.22547324842068,
        68.3854359584512,
        68.5471919301691,
        68.71073902136453,
        68.8760740752025,
        69.0431920627374,
        69.21209044138156,
        69.38276382195014,
        69.55520705613218,
        69.72941408158917,
        69.90537849004674,
        70.08309235233602,
        70.26254672714938,
        70.44373258541742,
        70.62663789282539,
        70.81125057425214,
        70.99756098954894,
        71.18556291412216,
        71.37524728258234,
        71.56660766929924,
        71.75963523864972,
        71.95432161797953,
        72.15065799964833,
        72.34863481958143,
        72.54824246727918,
        72.7494712533516,
        72.95231020831567,
        73.15674787330599,
        73.36277387148581,
        73.57037468316744,
        73.7795377391101,
        73.99024995255412,
        74.20249739602457,
        74.4162686381138,
        74.63154992267229,
        74.84832784048474,
        75.06658747883226,
        75.2863131870004,
        75.50749030916857,
        75.73010591654452,
        75.95414753341323,
        76.1796011524197,
        76.40645305960263,
        76.63469000459199,
        76.86430066864176,
        77.09527504946743,
        77.32760139830606,
        77.56126833671163,
        77.79626416352659,
        78.03257732560705,
        78.27019648186172,
        78.50910905935355
    ]
}