{
    "start": 0,
    "stop": 20,
    "anchors": [],
    "levels": [
        206.81964961525048,
        112.27169708735653,
        86.14171119271259,
        76.15753446498715,
        71.68146550077282,
        69.3761842889623,
        68.04752098057234,
        67.22363435201633,
        66.68570335540079,
        66.32583672829325,
        66.07812765876056,
        65.90483678894657,
        65.78588097854855,
        65.71223756287858,
        65.6823181863755,
        65.6977871639502,
        65.7600230130431,
        65.86853630479453,
        66.02050259231788,
        66.21081956570549,
        66.43268186537021,
        66.67873586261035,
        66.94265933034275,
        67.22058637111053,
        67.51096376072051,
        67.81160655455227,
        68.11998754393798,
        68.4333438956988,
        68.74492702481548,
        69.05365890429795,
        69.36373071893956,
        69.68406802061764,
        70.01663176750066,
        70.36036807817814,
        70.71433030616478,
        71.07766506146837,
        71.44960043766467,
        71.8294379179769,
        72.21654142998113,
        72.61033171384938,
        73.01027974898032,
        73.41590167245424,
        73.82675298694234,
        74.2424253740805,
        74.6625442611615,
        75.08676205598174,
        75.51476011734326,
        75.9462423078501,
        76.38093417089476,
        76.81858266885781,
        77.25895194184668
    ]
}