{
    "yield_linear": 5.666114063755106,
    "error_linear": 1.8694720663240014,
    "error_log": 0.3299390102791269
}