{
    "yield_post": 2.978958124153661,
    "error_post": 0.7951126926081876
}