{
    "start": 0,
    "stop": 30,
    "anchors": [
        15.0
    ],
    "levels": [
        153.55126859507925,
        152.54012962294593,
        151.4092576936566,
        150.19672622944785,
        149.38078896912094,
        149.14893214752618,
        149.3550741889797,
        149.8255179908695,
        150.3968994097208,
        150.7655673850596,
        151.0654873876241,
        151.3257434485089,
        151.55849428805445,
        151.77053331270153,
        151.96616788292155,
        152.14836070777295,
        152.3192497473343,
        152.480442631331,
        152.63318676012724,
        152.77846922013086,
        152.91708860955063,
        153.0496995245477,
        153.1768444119137,
        153.29898684703198,
        153.41653571831665,
        153.52984610894723,
        153.6392399356949,
        153.74501114841473,
        153.8474233854632,
        153.9467113421861,
        154.04308150200174,
        154.13672261491894,
        154.22780253660238,
        154.31647322118584,
        154.4028721845015,
        154.48712517788067,
        154.56934629248687,
        154.6496403069506,
        154.7281029359218,
        154.8048223300818,
        154.8798811632888,
        154.95335610379436,
        155.02531980525242,
        155.0958406166079,
        155.16498178825304,
        155.2328023185069,
        155.2993575766429,
        155.36469897143968,
        155.4288751271795,
        155.4919313778076,
        155.55391051680556
    ]
}