{
    "start": 0,
    "stop": 3,
    "anchors": [],
    "levels": [
        150.94307411986517,
        150.60201060476953,
        150.25677325915342,
        149.9072091787651,
        149.55315793886433,
        149.19444992192072,
        148.83090523738164,
        148.46233425826242,
        148.08852274782666,
        147.7092554573957,
        147.32429154918134,
        146.93336510068775,
        146.53619841273178,
        146.13248260054132,
        145.7218830174668,
        145.30403362155081,
        144.87853318709446,
        144.4449350774114,
        144.00274693014595,
        143.55142429193785,
        143.09036643673875,
        142.61890784902027,
        142.13631792753483,
        141.64176767997407,
        141.1338916241276,
        140.61142938295683,
        140.0741157931003,
        139.52240338229507,
        138.95714365783607,
        138.37962911524727,
        137.79217130049867,
        137.199267046383,
        136.6092254021138,
        136.03409709389763,
        135.48388442534363,
        134.96406899928513,
        134.47685134473892,
        134.02257443080296,
        133.60057026548617,
        133.20962855504024,
        132.84834018743553,
        132.515198731525,
        132.2086670639137,
        131.9273539484929,
        131.66999270194148,
        131.43543245948825,
        131.22260826609306,
        131.03054007897828,
        130.85831688064314,
        130.70507951462693,
        130.56999330089394,
        130.45222549145893,
        130.35093014721525,
        130.26524452936437,
        130.19429617561374,
        130.13721155535896,
        130.09312401799923,
        130.06118138185522,
        130.04055009056634,
        130.03041766134078,
        130.02999347424526,
        130.03850885416,
        130.05521559528876,
        130.07939086132959,
        130.11033819302054,
        130.14740018611707,
        130.18996962673603,
        130.23750316598196,
        130.28953096345816,
        130.34565896881696,
        130.40556269702827,
        130.4689773762437,
        130.53568706854833,
        130.6055132821716,
        130.67830338681367,
        130.75392484792943,
        130.8322560257194,
        130.9131825521695,
        130.99659279372318,
        131.0823772295943,
        131.1704233745436,
        131.2606196058053,
        131.35285088949703,
        131.44700319842696,
        131.54296117953493,
        131.6406132944805,
        131.73985424424424,
        131.8405879609936,
        131.9427309524285,
        132.04621185924384,
        132.15097197995814,
        132.2569632928779,
        132.3641453154259,
        132.4724829664134,
        132.58194577582296,
        132.69250355252387,
        132.8041281316348,
        132.91678878182742,
        133.0304527024916,
        133.14508433285107,
        133.2606417665795,
        133.37707489921004,
        133.4943283971083,
        133.61236760785653,
        133.73116332242057,
        133.8506881697386,
        133.97091486558722,
        134.09181525775008,
        134.2133602517384,
        134.33551985272402,
        134.45826313765596,
        134.581558276305,
        134.70536971864036,
        134.82966070049383,
        134.95439671233703,
        135.07955436175138,
        135.2051108779925,
        135.3310451369054,
        135.45733537826834,
        135.58396046120578,
        135.71090001855538,
        135.83813314023152,
        135.96563991450444,
        136.09340079309686,
        136.22139483743146,
        136.3496021763777,
        136.47800426552465,
        136.6065803676169,
        136.73531025115454,
        136.86417231797034,
        136.99314526336747,
        137.12220554923195,
        137.25132578146986,
        137.38047536226645,
        137.509617922558,
        137.63873195405108,
        137.7678001051783,
        137.8968044966478,
        138.02572908621167,
        138.15455511443673,
        138.28325589632848,
        138.4118302891838,
        138.54024680455592,
        138.6684819207382,
        138.79651083028904,
        138.92429795095916,
        139.05182754074292,
        139.17907551933405,
        139.3060406559453,
        139.4326900583486,
        139.55902319528022,
        139.68502152143338,
        139.81065625744893,
        139.9359139408913,
        140.0607735003231,
        140.1852357083186,
        140.30927666199014,
        140.4328980622077,
        140.55608929553517,
        140.6788550727398,
        140.80119207694014,
        140.9230944520508,
        141.04454194567825,
        141.16556299194727,
        141.28613184189658,
        141.40625480870133,
        141.52592936695595,
        141.6451491171075,
        141.7639285142029,
        141.88226389789125,
        142.00014541505618,
        142.11757096674933,
        142.23456028849324,
        142.35110041649403,
        142.46719786176752,
        142.58285543603702,
        142.6980600464302,
        142.81283344797168,
        142.9271745904348,
        143.0410740974422,
        143.1545339306379,
        143.26757607180005,
        143.38018335656812,
        143.4923647845271,
        143.6041231210895,
        143.71546103270026,
        143.82638037441552,
        143.93688516374303,
        144.0469788470075,
        144.15666171478307,
        144.26594021852648,
        144.37481381705373,
        144.4832881799334,
        144.59136482068362,
        144.69904728187612,
        144.80633875398266,
        144.91324088598037,
        145.01975841461126,
        145.12589279557267,
        145.23164809910125,
        145.33702623727655
    ]
}