{
    "yield_linear": 0.8931301663526624,
    "error_linear": 0.15565187213616286,
    "error_log": 0.17427680533041362
}