{
    "start": 30,
    "stop": 80,
    "anchors": [],
    "levels": [
        52.552156669616245,
        51.85576308079846,
        51.24132224301237,
        50.70273482744427,
        50.2340536415648,
        49.790982052900944,
        49.262007605263456,
        48.61904676146315,
        48.00602576906428,
        47.44285133598965,
        46.9315619383604,
        46.470625236751744,
        46.05811412909406,
        45.6929540331717,
        45.3742594599873,
        45.100217110274635,
        44.86867476248074,
        44.677495984330534,
        44.52464293733843,
        44.40819234413171,
        44.32633501115613,
        44.277368926230416,
        44.25969046524797,
        44.271785666766895,
        44.312221861240864,
        44.37964024478369,
        44.47274964086279,
        44.59031986483708,
        44.73117908001495,
        44.89420798151399,
        45.078338138108954,
        45.28254845718629,
        45.50586468751713,
        45.74735791531144,
        46.006143999885175,
        46.28138375904487,
        46.5722827211875,
        46.87809106735997,
        47.19810346932189,
        47.53165810335392,
        47.878136309515675,
        48.23696078422523,
        48.60759667167732,
        48.98954806872245,
        49.38235562569761,
        49.78557649545007,
        50.1987836626375,
        50.62157440047389,
        51.05356875435218,
        51.49440357279579,
        51.943725125575185
    ]
}