{
    "start": 0,
    "stop": 8,
    "anchors": [],
    "levels": [
        209.66476976096277,
        203.60161476134883,
        197.42284062304913,
        191.95620157658766,
        187.19561230468292,
        183.04597495010876,
        180.25229128384927,
        175.99917066007157,
        172.1971437733919,
        168.79647389553912,
        165.74895352652464,
        163.01243052650497,
        160.5503736946555,
        158.3301394923927,
        156.3236437772136,
        154.5066817287747,
        152.8592930913471,
        151.32810945151235,
        149.82828070680267,
        148.36480606139048,
        146.94758999873005,
        145.5876167828903,
        144.29540753766196,
        143.0793559152067,
        141.9448068693475,
        140.8936916135293,
        139.9250630992708,
        139.03603062247413,
        138.22253213318217,
        137.47992440167354,
        136.80334869530253,
        136.1879807436622,
        135.6291422081594,
        135.12241149215276,
        134.66365199997543,
        134.24904950329716,
        133.8751309120654,
        133.5388244285121,
        133.23814504807999,
        132.97124652696084,
        132.7359378477541,
        132.5299610443402,
        132.35099845794687,
        132.19666403498536,
        132.06457219905295,
        131.95250671243235,
        131.85864496770165,
        131.7817832255672,
        131.72138757972544,
        131.67731782327618,
        131.64928859951678,
        131.63644905371538,
        131.63726253770983,
        131.6496179378147,
        131.67112673141372,
        131.69956225555575,
        131.7331990449062,
        131.77087117117526,
        131.81183067332103,
        131.85559631339333,
        131.90183651372382,
        131.95030746821956,
        132.00081157406038,
        132.0531754962518,
        132.10724238234337,
        132.1628557054627,
        132.21987127466144,
        132.278138992946,
        132.33751626139312,
        132.3978496109267,
        132.45898625580102,
        132.52076340228882,
        132.5830003523111,
        132.6454911596162,
        132.70801958271437,
        132.7704908954492,
        132.8328655619188,
        132.89510218178546,
        132.95717180882951,
        133.01905549926937,
        133.08072970868366,
        133.14218194864947,
        133.2034000600623,
        133.2643762943212,
        133.32510285469934,
        133.3855762384664,
        133.44579313348294,
        133.50575114253184,
        133.56544910145334,
        133.62488711540686,
        133.68406624841745,
        133.74298665897183,
        133.80164989783827,
        133.86005675233034,
        133.91821226635568,
        133.9761171645979,
        134.03377417546875,
        134.09118604143697,
        134.14835683230393,
        134.20528651738357,
        134.26197968605882,
        134.31843923214942,
        134.37466834394368,
        134.43066992455664,
        134.48644717376044,
        134.5420025905383,
        134.59733973907385,
        134.65246147225838,
        134.7073710731985,
        134.76207058374365,
        134.8165630810139,
        134.87085230689297,
        134.92494008756688,
        134.97882948397324,
        135.0325232747946,
        135.08602410342917,
        135.13933474660035,
        135.19245751770987,
        135.24539511929558,
        135.29814962435054,
        135.35072395624204,
        135.40312043402622,
        135.45534063768486,
        135.50738829872842,
        135.5592643526586,
        135.61097114013523,
        135.6625117856586,
        135.71388731945157,
        135.76510080743122,
        135.81615301805556,
        135.86704710118687,
        135.91778448696036,
        135.9683674037036,
        136.0187972070939,
        136.06907644775163,
        136.11920628345294,
        136.1691887559958,
        136.21902518478183,
        136.2687176168477,
        136.3182682919474,
        136.36767778399826,
        136.4169484354137,
        136.46608208023525,
        136.51507921985086,
        136.56394206347161,
        136.61267185106408,
        136.6612701644433,
        136.70973852570583,
        136.7580784999615,
        136.80629088469294,
        136.85437785307835,
        136.9023397069838,
        136.9501786391431,
        136.9978956665725,
        137.04549159446242,
        137.09296824466844,
        137.14032690921,
        137.1875680604404,
        137.23469395741063,
        137.28170447099865,
        137.32860203698004,
        137.37538680356903,
        137.42206037759803,
        137.4686229414871,
        137.51507694102895,
        137.56142270357768,
        137.60766119663379,
        137.65379361017273,
        137.69982090419813,
        137.74574393325494,
        137.79156407477478,
        137.83728148426434,
        137.88289771365694,
        137.92841355156807,
        137.97383001956314,
        138.0191477474849,
        138.06436775397498,
        138.10949089953024,
        138.15451786240857,
        138.1994494274932,
        138.24428686320726,
        138.28903094090487,
        138.3336818260144,
        138.37824119653646,
        138.42270930380363,
        138.46708665040177,
        138.51137438139904,
        138.55557287256715,
        138.59968355492487,
        138.64370667100098,
        138.687643390593,
        138.73149305430525,
        138.7752593219854,
        138.81893820421226,
        138.86253400354025,
        138.90604667561286,
        138.94947639281958,
        138.99282439214505,
        139.03609076928987,
        139.0792759661943,
        139.12238125355753
    ]
}