{
    "nbins": 50,
    "range_": [
        0.0,
        8.0
    ],
    "nburnin": 100,
    "nsamples": 100000,
    "nrepeats": 100,
    "seed": 0,
    "step_size": 0.5,
    "prob_eye": 0.1,
    "yields": [
        0,
        65,
        623,
        3985,
        17436,
        54129,
        125670,
        238007,
        378212,
        521848,
        647526,
        740467,
        789392,
        799978,
        778593,
        728657,
        663012,
        589160,
        512953,
        438600,
        370122,
        308838,
        255341,
        208266,
        170797,
        137300,
        109107,
        87853,
        69994,
        55422,
        43159,
        34255,
        27442,
        21227,
        16639,
        13092,
        10163,
        7789,
        6167,
        4597,
        3680,
        2776,
        2058,
        1373,
        1069,
        837,
        640,
        436,
        306,
        242
    ],
    "errors": [
        0.0,
        23.84848003542365,
        56.104456151004605,
        167.02918906586353,
        339.795585609937,
        650.5079476839617,
        951.3690135799043,
        1183.5736183271406,
        1637.8432647845148,
        1477.1644999796058,
        1792.3144924928774,
        1942.5087155531628,
        1784.5955732322102,
        1777.6273962785342,
        1866.8327482664317,
        1757.379443944875,
        1664.2825961957303,
        1500.525241373833,
        1269.1425885218728,
        1251.9952076585596,
        1224.7535098949506,
        1204.986124401439,
        1114.876760005338,
        982.9712305047389,
        1144.7064732934818,
        807.3004397372765,
        794.8147645835473,
        639.2909431549926,
        629.6202347447228,
        515.9933720504557,
        507.49205905117384,
        396.08174661299404,
        369.4135352149405,
        387.1016791490317,
        290.406249932745,
        238.22124170610812,
        219.09657687878195,
        203.84746748488192,
        182.24738681254112,
        147.12209215478146,
        135.62448156582943,
        111.22158063973016,
        93.90612333602105,
        71.2861136547645,
        73.11217408886156,
        55.832875620014406,
        50.71488933242386,
        38.92351474366107,
        34.951967040497166,
        27.09907747507284
    ]
}