{
    "yield_pre": 1.0841704332694033,
    "error_pre": 0.18691681738353147
}