{
    "yield_post": 427.3420583284333,
    "error_post": 17.896534667456574
}