{
    "start": 250,
    "stop": 550,
    "anchors": [],
    "levels": [
        135.71517782164986,
        134.5900990967332,
        133.54718241186526,
        132.58108886816785,
        131.6869001167228,
        130.86062921323213,
        130.09883792396266,
        129.39815947612828,
        128.7555648470237,
        128.16819819622086,
        127.63395600210858,
        127.15199161303939,
        126.72373489041291,
        126.3497835702735,
        126.02949272300512,
        125.76107726482584,
        125.54212259101503,
        125.37030730934433,
        125.24394059649376,
        125.16211229643307,
        125.1244530037752,
        125.13075730925105,
        125.1807032146569,
        125.27373289025536,
        125.40902166664927,
        125.58549054167793,
        125.80182535930649,
        126.05649298765263,
        126.34775301621677,
        126.67367106909617,
        127.03214897389844,
        127.42099167625416,
        127.83800550820098,
        128.28107501580163,
        128.74808931340814,
        129.2376028058219,
        129.74929600654195,
        130.28250892345244,
        130.83608944453795,
        131.40892504621397,
        131.99995405191763,
        132.60816405929614,
        133.23258973306113,
        133.87231094888438,
        134.52645094580123,
        135.19417454562065,
        135.87468644307836,
        136.5672295684853,
        137.27108352306522,
        137.98556308500864,
        138.7100167833147
    ]
}