{
    "start": 0,
    "stop": 300,
    "levels": [
        131.60182994044885,
        131.5124746699399,
        131.42458260800498,
        131.33816717009208,
        131.2532406426428,
        131.16981556917784,
        131.08790397171822,
        131.00751788779604,
        130.92866803255336,
        130.8513662216558,
        130.77562329253936,
        130.70144942995412,
        130.62885515182703,
        130.55784994138236,
        130.48844361915044,
        130.42064501972388,
        130.35446361510952,
        130.28990823166487,
        130.22698641161594,
        130.16570691733597,
        130.1060772236438,
        130.04810474830057,
        129.99179678701714,
        129.93716038909187,
        129.88420208957024,
        129.83292838269494,
        129.78334537780708,
        129.73545887631428,
        129.68927447427572,
        129.64479778304167,
        129.60203382299082,
        129.56098751025084,
        129.52166346568546,
        129.48406624534846,
        129.44819957287035,
        129.41406799408333,
        129.38167472877672,
        129.3510234966552,
        129.32211760128047,
        129.29495995167923,
        129.26955295196998,
        129.24589983481962,
        129.224002678671,
        129.2038633952335,
        129.18548394194838,
        129.16886612261652,
        129.15401124485805,
        129.14092097829507,
        129.12959541348164,
        129.12003603357942,
        129.1122435119789,
        129.10621797535373,
        129.10196004222664,
        129.09946931572938,
        129.09874608908953,
        129.09978978842014,
        129.1026002159229,
        129.1071764813928,
        129.11351807820694,
        129.12162511492642,
        129.13149547955268,
        129.1431293443298,
        129.1565260038447,
        129.17168361144303,
        129.18860272290607,
        129.20728176665187,
        129.22772136756282,
        129.24991977440763,
        129.27387825812752,
        129.29959697687678,
        129.32707549511184,
        129.35631570494542,
        129.38731875470188,
        129.42008624876217,
        129.45461961972657,
        129.49092255353975,
        129.5289972311408,
        129.56884758260526,
        129.61047768505992,
        129.6538916064522,
        129.69909387995375,
        129.74609014360084,
        129.7948859713942,
        129.84548665312377,
        129.8978983797033,
        129.9521279226308,
        130.00818122593597,
        130.06606488585462,
        130.12578564929854,
        130.1873497705643,
        130.25076388656467,
        130.3160343927717,
        130.3831675336424,
        130.45216917887007,
        130.52304531043734,
        130.59580101353095,
        130.67044080999963,
        130.74697054853738,
        130.82539372761477,
        130.90571424126227,
        130.98793504769648,
        131.07205945456667,
        131.15808927846612,
        131.24602630471816,
        131.33587158711214,
        131.4276253406718,
        131.52128782087888,
        131.6168584980136,
        131.71433607547783,
        131.81371845793552,
        131.91500487259685,
        132.0181917012073,
        132.12327641736272,
        132.23025641763692,
        132.33912828217626,
        132.4498877770755,
        132.56252968632404,
        132.6770499087856,
        132.7934422799339,
        132.91170030068236,
        133.03181749133122,
        133.15377746802585,
        133.2775786715786,
        133.40320692827157,
        133.53065706412525,
        133.65992745150623,
        133.79101737227415,
        133.92392879936932,
        134.0586627372723,
        134.19522147140816,
        134.3336069821651,
        134.47382217758422,
        134.6158700149534,
        134.7597513810514,
        134.9054689999773,
        135.0530254773482,
        135.20242232598895,
        135.35366366457086,
        135.50675314540817,
        135.6616952804273,
        135.81849456096276,
        135.97715531955973,
        136.13768194208018,
        136.3000786656935,
        136.46434981537018,
        136.63050000237263,
        136.79853305094244,
        136.9684520455068,
        137.14026241600382,
        137.3139667921396,
        137.48956860649486,
        137.6670723198063,
        137.84648115667423,
        138.0277980459923,
        138.2110263257008,
        138.39616890528237,
        138.58322907582425,
        138.7722104938032,
        138.96311631629976,
        139.15595045086337,
        139.35071532168973,
        139.5474161330341,
        139.74605507762024,
        139.94663658482554,
        140.14916179345363,
        140.35363390364216,
        140.5600585224206,
        140.76843638693452,
        140.97877138727875,
        141.19106547657304,
        141.4053219841021,
        141.6215421824504,
        141.83973044136982,
        142.05988747643858,
        142.28201730071868,
        142.50612254311588,
        142.73220498951423,
        142.96009126659044,
        143.1900856136045,
        143.42206100498186,
        143.65601760003221,
        143.8919614190438,
        144.12989223105365,
        144.36981395809835,
        144.61172987124667,
        144.85564085539224,
        145.1015513780235,
        145.34946163117675,
        145.59937555494463,
        145.85129443743114,
        146.10522025210093,
        146.36115589040332,
        146.6191028871633,
        146.87906204752528,
        147.1410367256156,
        147.40502713141626,
        147.67103573152963,
        147.93906385831383,
        148.20911310983692,
        148.48118386775815,
        148.75527752802623
    ]
}