{
    "start": 0,
    "stop": 20,
    "anchors": [
        15.0
    ],
    "levels": [
        76.34306240024965,
        73.134007777612,
        72.97602494228504,
        72.82583674486199,
        72.68357554878656,
        72.5493532687384,
        72.4232640045814,
        72.30538409989447,
        72.19577350850862,
        72.09447626201903,
        72.0015205688989,
        71.91691902339736,
        71.84066869372113,
        71.77275165816047,
        71.71313512191331,
        71.6617709722578,
        71.61859870322161,
        71.58354095968954,
        71.55650729714428,
        71.53739197439818,
        71.5260732035013,
        71.52241153607177,
        71.52624751855188,
        71.53739863767906,
        71.55565551683702,
        71.58077635227724,
        71.6124809136013,
        71.65044344330545,
        71.69428581971184,
        71.74357188212802,
        71.79780624364365,
        71.85643826420004,
        71.91887705271455,
        71.9845125648283,
        72.05274504633893,
        72.12301056973169,
        72.19480148419686,
        72.26767708201405,
        72.3412631528953,
        72.41525276902223,
        72.48939108564292,
        72.56347303217878,
        72.63733323281924,
        72.7108374681663,
        72.78387854031845,
        72.8563708170449,
        72.92824503345463,
        72.99944796711857,
        73.06993520771547,
        73.13967349352396,
        73.20863608523085,
        73.27680243718436,
        73.34415694542093,
        73.41068930156909,
        73.47639256255847,
        73.54126480152796,
        73.60530849723312,
        73.66853054474228,
        73.73094291377524,
        73.792562186948,
        73.85340924470458,
        73.9135086021809,
        73.97288759232435,
        74.03157526195378,
        74.08960099170729,
        74.14699465447362,
        74.20378624310685,
        74.26000334416756,
        74.31567173937445,
        74.37080771656395,
        74.42542458203529,
        74.47953361299582,
        74.53314698982588,
        74.58627599305092,
        74.63893155188258,
        74.69112428884925,
        74.74286452893838,
        74.79416187135935,
        74.84502599662703,
        74.8954663015293,
        74.94549133220052,
        74.99510986400131,
        75.0443300949586,
        75.09315999546567,
        75.1416077216521,
        75.18968041832996,
        75.23738547183832,
        75.28473003305712,
        75.33172085083217,
        75.37836458436529,
        75.4246676696527,
        75.47063627631856,
        75.51627666059396,
        75.56159447331409,
        75.60659551821945,
        75.65128535227642,
        75.69566929831777,
        75.73975261151703,
        75.78354037599485,
        75.82703753569184,
        75.87024889966834,
        75.91317914715725,
        75.95583283238267,
        75.99821438915646,
        76.04032833033692,
        76.0821784719134,
        76.12376910435707,
        76.16510424590507,
        76.2061876106933,
        76.24702325567003,
        76.28761499937146,
        76.32796605468766,
        76.36808012743276,
        76.40796065865811,
        76.44761100764268,
        76.48703445473346,
        76.52623420391953,
        76.56521338530203,
        76.60397525600249,
        76.6425224164915,
        76.68085797873607,
        76.71898479968428,
        76.75690564192205,
        76.79462311212714,
        76.83214024526889,
        76.86945927640384,
        76.90658313571168,
        76.94351413810561,
        76.98025473672362,
        77.01680731562853,
        77.05317436872438,
        77.08935786600898,
        77.12536036580256,
        77.16118399082725,
        77.19683090953563,
        77.23230317665383,
        77.2676028873542,
        77.30273234735698,
        77.33769333308139,
        77.37248761225251,
        77.40711765208133,
        77.44158479477436,
        77.47589134858478,
        77.51003867390313,
        77.54402898903655,
        77.5778636975179,
        77.61154488908532,
        77.64507371467681,
        77.67845223157643,
        77.7116821997194,
        77.74476518037834,
        77.77770207193043,
        77.81049542191252,
        77.84314591563793,
        77.87565563027832,
        77.9080257460391,
        77.9402579370423,
        77.97235307625837,
        78.00431319427157,
        78.03613924126657,
        78.06783297576908,
        78.09939516101215,
        78.13082755947755,
        78.16213125365303,
        78.19330747519987,
        78.22435775264529,
        78.2552830503228,
        78.28608452154629,
        78.31676331737253,
        78.3473208483443,
        78.37775829299537,
        78.40807657313934,
        78.43827668790492,
        78.46836002458096,
        78.49832749339856,
        78.52818010220201,
        78.5579193005919,
        78.5875455425502,
        78.61706018541557,
        78.6464641292518,
        78.67575824094142,
        78.70494387209874,
        78.7340214723163,
        78.76299252016926,
        78.79185751764429,
        78.82061751385858,
        78.84927346294445,
        78.87782607534297,
        78.90627653014452,
        78.9346252820509,
        78.96287362460524,
        78.99102218259588,
        79.01907171967125,
        79.04702316190867,
        79.07487723144756,
        79.10263465607588,
        79.13029651325616,
        79.157863224826,
        79.185335792024,
        79.2127149387132,
        79.24000131087534
    ]
}