{
    "yield_post": 3.808850157628883,
    "error_post": 0.47713346449446625
}