{
    "start": 0,
    "stop": 7,
    "levels": [
        263.4773010907256,
        248.27213095549132,
        235.16178760941818,
        223.8225886079297,
        212.89807037535462,
        202.43989398045204,
        191.36596745967032,
        182.45790107146644,
        175.35078189159879,
        169.64514607218166,
        165.0090300789736,
        160.61036097890573,
        156.43595243768573,
        152.70901976321497,
        149.46720217332472,
        146.68433852868463,
        144.32115465525865,
        142.3327888798326,
        140.67318674776214,
        139.2982491266464,
        138.16914050182424,
        137.2530046940771,
        136.52214459498362,
        135.95558877268076,
        135.53934026956858,
        135.2476986408401,
        135.0538720556429,
        134.94761914481217,
        134.93950841277763,
        135.0326786732192,
        135.21527137335954,
        135.4684807192263,
        135.77511848559107,
        136.12737883812767,
        136.52203100668686,
        136.95711771435487,
        137.43094960921258,
        137.9415831440623,
        138.48644941755578,
        139.06225775847003,
        139.66590905758738,
        140.29376717597214,
        140.94223195006597,
        141.6090568979128,
        142.29243123213257,
        142.99049563745305,
        143.70160171290132,
        144.42440442618303,
        145.1576564851958,
        145.9002005554977,
        146.65096716366548
    ]
}