{
    "nbins": 50,
    "range_": [
        0.0,
        7.0
    ],
    "nburnin": 100,
    "nsamples": 100000,
    "nrepeats": 100,
    "seed": 0,
    "step_size": 0.2,
    "prob_eye": 0.1,
    "yields": [
        0,
        0,
        0,
        0,
        0,
        0,
        0,
        0,
        0,
        0,
        0,
        0,
        0,
        0,
        0,
        1,
        9,
        71,
        516,
        2557,
        9722,
        30263,
        76594,
        164881,
        306992,
        499393,
        723472,
        936989,
        1094799,
        1159815,
        1122864,
        1008252,
        841655,
        655075,
        480071,
        335205,
        219575,
        138366,
        83552,
        48605,
        27810,
        15164,
        8328,
        4407,
        2297,
        1281,
        636,
        392,
        188,
        94
    ],
    "errors": [
        0.0,
        0.0,
        0.0,
        0.0,
        0.0,
        0.0,
        0.0,
        0.0,
        0.0,
        0.0,
        0.0,
        0.0,
        0.0,
        0.0,
        0.0,
        0.9949874371066197,
        5.30942558098331,
        12.751078385768002,
        39.28663895015709,
        87.79812070881698,
        182.99497260853914,
        374.93907505086736,
        613.9720189063993,
        1018.1735559323863,
        1504.3833819874508,
        1923.7963795578787,
        1990.1985227609828,
        2100.8607259882797,
        2198.5256400597195,
        2260.4355221947826,
        1949.1257116974266,
        1699.3042576301632,
        2068.457094067943,
        1699.8155046945535,
        1579.8349882187063,
        1321.615204967013,
        1199.9036419646372,
        849.1928167383425,
        634.9416981109368,
        463.64506899135677,
        309.18441099123993,
        238.53100427407756,
        160.32516957733117,
        108.57490501953018,
        87.69783349661496,
        62.6369699139414,
        40.65759461650431,
        35.93549777031062,
        24.342555330120955,
        16.542067585401774
    ]
}