{
    "yield_linear": 3.8610419639825366,
    "error_linear": 0.4340362252521496,
    "error_log": 0.11241427296077756
}