{
    "start": 40,
    "stop": 140,
    "anchors": [],
    "levels": [
        74.91009063808107,
        73.52918556558731,
        72.18272967371325,
        70.91348446508454,
        69.7272002527888,
        68.62995065371913,
        67.62785819426145,
        66.71930273783387,
        65.89847795545467,
        65.15916951133825,
        64.49643120837051,
        63.905210685582105,
        63.38187552513454,
        62.926382550551786,
        62.548582606847496,
        62.26249916744722,
        62.07855038665211,
        61.99451250217764,
        61.98333448957989,
        62.01192213421766,
        62.061904024547786,
        62.12615924128885,
        62.20223438732749,
        62.289503874332425,
        62.38818498594383,
        62.49894918198794,
        62.62271770980117,
        62.76052305730826,
        62.913399808566524,
        63.08225736002236,
        63.26765268765459,
        63.46921704618984,
        63.68612483930062,
        63.918116507668174,
        64.1645940085556,
        64.42543342033622,
        64.70064145681081,
        64.99019089677024,
        65.2940100318309,
        65.6119676842551,
        65.94384955972156,
        66.2893165673915,
        66.64806374381104,
        67.01987530133306,
        67.40451706399874,
        67.8017399818105,
        68.21129053725383,
        68.63292223175493,
        69.06640588887969,
        69.5115359519906,
        69.96813155362929
    ]
}