{
    "start": 0,
    "stop": 80,
    "levels": [
        65.06049212771057,
        65.06199278931732,
        65.06456352390185,
        65.06823511753315,
        65.07303574466849,
        65.07898974264732,
        65.08612058737766,
        65.09444786226656,
        65.10398917663875,
        65.1147600077482,
        65.12677213291171,
        65.1400376011229,
        65.1545655959055,
        65.17036254459676,
        65.18743469887944,
        65.20578663992441,
        65.22542148665833,
        65.24634055899459,
        65.26854497855902,
        65.29203472570399,
        65.31680859860649,
        65.34286480248589,
        65.37020077920869,
        65.39881334054347,
        65.4286989034062,
        65.45985317735428,
        65.49227126638569,
        65.52594844650848,
        65.5608793731214,
        65.59705795344964,
        65.63447827302848,
        65.67313442326353,
        65.71301968440372,
        65.75412691011758,
        65.79645033295914,
        65.83998209617444,
        65.88471616367217,
        65.93064438956739,
        65.97775983315202,
        66.02605533327757,
        66.07552378952815,
        66.12615771166537,
        66.17794961858647,
        66.23089210268249,
        66.2849778795076,
        66.34019924680955,
        66.3965490348937,
        66.45401930446721,
        66.5126033560841,
        66.57229399099475,
        66.63308296063836,
        66.69496363871635,
        66.75792876274873,
        66.82197115012576,
        66.88708313055976,
        66.95325853664606,
        67.02048952925553,
        67.08876888748402,
        67.15809041479324,
        67.22844669537486,
        67.29983125070703,
        67.37223644021401,
        67.44565616180482,
        67.52008300244634,
        67.59551000603842,
        67.67193012293622,
        67.74933627697625,
        67.82772129908888,
        67.90707775442282,
        67.98739838624323,
        68.06867511515016,
        68.15090139695823,
        68.23406904225493,
        68.31817035510181,
        68.40319767949109,
        68.48914272256744,
        68.57599814019265,
        68.66375724200188,
        68.75241302752211,
        68.84195822985714,
        68.9323862946398,
        69.02369055359512,
        69.11586573404931,
        69.20890583946093,
        69.30280555278112,
        69.39755984452609,
        69.49316434410663,
        69.58961372848296,
        69.68690496553626,
        69.78503357391622,
        69.88399577742629,
        69.98378798966421,
        70.08440677867874,
        70.18584883866208,
        70.28811099245803,
        70.39119016209045,
        70.4950833612811,
        70.59978768274505,
        70.70530028684698,
        70.81161782032405,
        70.91873863549154,
        71.02665987605282,
        71.13537824517238,
        71.24489123401057,
        71.35519667201478,
        71.4662918444665,
        71.57817433262424,
        71.6908412469659,
        71.80429092633861,
        71.91851976256784,
        72.03352612600543,
        72.14930735858326,
        72.26586112271346,
        72.38318532475498,
        72.50127652798368,
        72.62013323805155,
        72.73975317955623,
        72.86013310400755,
        72.98127135438989,
        73.10316554773138,
        73.22581322987051,
        73.34921218786474,
        73.47335946968558,
        73.5982535743914,
        73.72389183048458,
        73.85027190394962,
        73.97739152588612,
        74.10524824858362,
        74.23383984905513,
        74.36316381015814,
        74.49321809296258,
        74.62400026956945,
        74.75550801557009,
        74.88773901094581,
        75.02069091911525,
        75.15436155614125,
        75.28874825191053,
        75.4238490864321,
        75.55966142154,
        75.69618315533353,
        75.83341180471842,
        75.97134506465052,
        76.10998059620732,
        76.24931605427024,
        76.38934907192578,
        76.53007724845904,
        76.67149816999046,
        76.81360947317178,
        76.95640881326152,
        77.09989383385522,
        77.2440622186032,
        77.38891147326436,
        77.53443918914822,
        77.68064294873105,
        77.8275203252717,
        77.97506888321442,
        78.12328617860588,
        78.27216975861845,
        78.42171716072751,
        78.5719259093612,
        78.72279343287813,
        78.87431734999197,
        79.02649510648533,
        79.17932416319876,
        79.33280201668312,
        79.48692589415998,
        79.64169334793633,
        79.79710179027366,
        79.95314884134024,
        80.10983223016945,
        80.26714974545301,
        80.4250989976954,
        80.58367837435105,
        80.74288424249113,
        80.902715520478,
        81.06316962497738,
        81.22424379876779,
        81.38593651239108,
        81.54824541868005,
        81.71116776546307,
        81.87470156134219,
        82.03884469419357,
        82.20359482838252,
        82.36894974076324,
        82.53490697822663,
        82.70146457601595,
        82.86861976758449,
        83.03637099214976,
        83.20471581117012,
        83.3736520171615,
        83.54317705777757,
        83.71328915106136,
        83.88398620627008,
        84.05526477535103,
        84.22712402677521,
        84.3995612844921,
        84.57257415993334,
        84.74616117189585,
        84.92031896072497,
        85.09504621755912,
        85.2703405197697
    ]
}