{
    "yield_linear": 0.8357525538216006,
    "error_linear": 0.20048297043732358,
    "error_log": 0.23988316819444452
}