{
    "yield_post": 10.314639623915745,
    "error_post": 2.122093307153313
}