{
    "nbins": 50,
    "range_": [
        0.0,
        40.0
    ],
    "nburnin": 100,
    "nsamples": 100000,
    "nrepeats": 100,
    "seed": 0,
    "step_size": 0.1,
    "num_leapfrog_steps": 5,
    "yields": [
        779,
        1313,
        2340,
        4588,
        10886,
        31931,
        95867,
        233772,
        450107,
        694067,
        900477,
        1018585,
        1036409,
        973445,
        863443,
        734362,
        603918,
        487048,
        388231,
        306736,
        241150,
        189020,
        148197,
        117191,
        92151,
        73186,
        57784,
        46379,
        36892,
        29930,
        23433,
        19249,
        15401,
        12418,
        10206,
        8417,
        6900,
        5629,
        4619,
        3728,
        3162,
        2525,
        2153,
        1786,
        1446,
        1237,
        983,
        827,
        687,
        576
    ],
    "errors": [
        53.22208188336867,
        85.00182350985183,
        113.21660655575224,
        176.82352784626823,
        232.10351139093092,
        372.02068490878304,
        499.6679997758511,
        898.5745155522718,
        1387.4806340990856,
        1909.978562706922,
        2347.0619314368337,
        2317.679604690864,
        2208.148135882192,
        1803.4774049042035,
        1257.8531353063443,
        1158.6680111231171,
        1036.615049090066,
        966.9761941226889,
        980.1425355528654,
        1034.5593458086394,
        1060.923654180639,
        868.4641616094472,
        988.1279826014443,
        846.9770894185981,
        772.9508328477302,
        661.7915381749755,
        611.5238670730686,
        531.6733865824018,
        489.2600126721987,
        413.27109746509007,
        361.8398955339226,
        336.56350069489116,
        266.72268369975586,
        230.15811956131375,
        206.0961911341401,
        185.65050498180713,
        154.68031548972223,
        146.22103131902742,
        127.59855014850287,
        101.47985021668094,
        97.78322964598786,
        91.05355566917746,
        70.88659957989239,
        62.28996708941175,
        52.46751375851537,
        53.97508684569206,
        47.855093772763624,
        35.940367276921364,
        34.399273248137085,
        30.30247514642987
    ]
}