{
    "start": 0,
    "stop": 50,
    "levels": [
        97.89946534253073,
        97.83612703635431,
        97.77613592285559,
        97.71962842259937,
        97.66671533288161,
        97.6174839127865,
        97.5720023879567,
        97.53032080365102,
        97.49247301953352,
        97.45847895745132,
        97.42834647154538,
        97.40207236943756,
        97.37964370999848,
        97.36103867900323,
        97.34622906535256,
        97.33517971996528,
        97.32785023806548,
        97.32419544554762,
        97.32416679901061,
        97.32771186341259,
        97.33477619388788,
        97.34530311539116,
        97.35923393178031,
        97.37650931099061,
        97.39706901126894,
        97.4208512040113,
        97.4477954657495,
        97.47784017836909,
        97.51092434393397,
        97.54698710739783,
        97.58596818325688,
        97.62780783509406,
        97.67244733472339,
        97.719828512065,
        97.76989417807638,
        97.82258810457135,
        97.87785546877882,
        97.9356411922491,
        97.99589272109313,
        98.05855795322834,
        98.12358642306064,
        98.19092765816336,
        98.26053338265346,
        98.33235604749818,
        98.40634921992367,
        98.48246739780527,
        98.56066657644148,
        98.64090350906899,
        98.72313614399259,
        98.80732371021861,
        98.89342523288363,
        98.98140269262387,
        99.07121769483749,
        99.16283314927398,
        99.25621300997281,
        99.35132209770072,
        99.44812623291776,
        99.54659113576793,
        99.64668525802159,
        99.74837633975463,
        99.85163368230829,
        99.95642710480695,
        100.06272710171498,
        100.17050480077111,
        100.27973281254074,
        100.39038356094301,
        100.5024307662488,
        100.61584845472734,
        100.73061144679097,
        100.84669536205291,
        100.96407545064235,
        101.08272924176401,
        101.20263374461528,
        101.32376643082284,
        101.44610578041534,
        101.56963059715027,
        101.69432024995223,
        101.82015473986417,
        101.9471140998478,
        102.07517946473676,
        102.20433170965488,
        102.33455249981468,
        102.4658244458717,
        102.59813000116024,
        102.73145213193129,
        102.86577344355841,
        103.00107861748057,
        103.13735141288568,
        103.27457630471133,
        103.41273811715541,
        103.55182201675277,
        103.69181364255871,
        103.8326985474737,
        103.97446299939145,
        104.11709343835953,
        104.26057660848917,
        104.40489953942277,
        104.55004938639775,
        104.69601402888536,
        104.84278118061837,
        104.99033895342073,
        105.1386757108762,
        105.28778006125236,
        105.43764085125102,
        105.58824756127063,
        105.73958831502179,
        105.89165379275806,
        106.04443337242134,
        106.19791699560666,
        106.35209481686532,
        106.50695718925945,
        106.66249465925488,
        106.81869796179878,
        106.97555801551977,
        107.13306591808767,
        107.29121294170149,
        107.4499905287219,
        107.60939028742331,
        107.76940398788389,
        107.93002355798563,
        108.09124107953443,
        108.25304878449806,
        108.41543905135516,
        108.57840440153788,
        108.74193749599337,
        108.90603113183671,
        109.07067823909334,
        109.2358718775335,
        109.40160523355861,
        109.56787161744819,
        109.7346644602024,
        109.90197731081818,
        110.06980383355447,
        110.23813780527631,
        110.40697311286223,
        110.576303750692,
        110.74612381821063,
        110.9164275175313,
        111.08720915114249,
        111.25846311964928,
        111.43018391957712,
        111.60236614126,
        111.77500446674667,
        111.94809366780046,
        112.12162860392665,
        112.29560422046336,
        112.47001554672059,
        112.64485769416552,
        112.82012585466379,
        112.99581529875681,
        113.17192137398845,
        113.34843950327077,
        113.52536518330479,
        113.7026939830213,
        113.88042154208135,
        114.05854356939913,
        114.23705584171506,
        114.41595420223153,
        114.59523455918949,
        114.7748928845074,
        114.9549252125926,
        115.13532763926226,
        115.31609631983277,
        115.49722746858353,
        115.67871735736918,
        115.8605623900259,
        116.04275879963689,
        116.22530309899102,
        116.40819177908472,
        116.59142138304163,
        116.77498850510136,
        116.9588897896356,
        117.14312193016625,
        117.32768166844917,
        117.51256579352881,
        117.6977711408607,
        117.88329459141588,
        118.06913307083614,
        118.25528354859222,
        118.44174303716551,
        118.62850859124683,
        118.81557730695896,
        119.00294632108663,
        119.19061281034197,
        119.37857399061966,
        119.56682711629637,
        119.75536947952554,
        119.94419840955987,
        120.13331127208471,
        120.32270546856515,
        120.51237843560517,
        120.70232764432856,
        120.89255059976833,
        121.08304484026816,
        121.27380793690017,
        121.46483749289209,
        121.65613114306814,
        121.84768655330225,
        122.03950141998521,
        122.2315734694987,
        122.42390045769935
    ]
}