{
    "yield_pre": 315.1211938752639,
    "error_pre": 25.153710282706914
}