{
    "yield_post": 323.75690331555774,
    "error_post": 14.844999456164413
}