{
    "start": 200,
    "stop": 460,
    "anchors": [],
    "levels": [
        117.90702685228433,
        117.56163880607097,
        117.2203777512682,
        116.88332593907205,
        116.55055637875088,
        116.22213270612578,
        115.89810550357302,
        115.57851714526197,
        115.26340374882611,
        114.95279776457905,
        114.64672628130252,
        114.34521012644157,
        114.04826156766109,
        113.75589073539061,
        113.4681073036736,
        113.18491885106553,
        112.90633189930126,
        112.6323455306879,
        112.36295163210504,
        112.09814312596478,
        111.83791321127799,
        111.58225649679363,
        111.33116767931969,
        111.08464210365348,
        110.84267489927416,
        110.60526117881994,
        110.37239541809393,
        110.1440716718367,
        109.92028265063627,
        109.70102063996447,
        109.48627640666218,
        109.27603965918502,
        109.07029919253522,
        108.86904237215471,
        108.67225151035382,
        108.4798897803562,
        108.29191592602707,
        108.10829240937757,
        107.928986021865,
        107.75397023485571,
        107.5832236373273,
        107.41673020748371,
        107.2544784396679,
        107.09645983263162,
        106.94266716439053,
        106.79309365775713,
        106.64773135993813,
        106.50657073487827,
        106.36959919972043,
        106.23680242771358,
        106.10816225130878,
        105.98365779641163,
        105.86326478264975,
        105.74695577516219,
        105.63470134996251,
        105.52648380636126,
        105.42229013626762,
        105.32209658743474,
        105.22587053308214,
        105.13357183841987,
        105.04515408105001,
        104.96056521969264,
        104.87974904465759,
        104.80264555990439,
        104.72919150421525,
        104.65932184831743,
        104.59296966304827,
        104.53006728867466,
        104.47054626664436,
        104.41433944717458,
        104.36138012622682,
        104.31160309027797,
        104.26494567583696,
        104.22134754607568,
        104.1807519282367,
        104.1431038328677,
        104.10835427515403,
        104.07645643624286,
        104.04736774258842,
        104.02104990818455,
        103.99746593696555,
        103.97658567702621,
        103.95837958612822,
        103.94282152204867,
        103.92988746565157,
        103.9195552456876,
        103.91180408836453,
        103.90661435004654,
        103.9039662426252,
        103.90384094781658,
        103.90621906250996,
        103.91108077903108,
        103.91840516842544,
        103.92817093143142,
        103.9403544796703,
        103.95493208680674,
        103.97187772795894,
        103.99116387182153,
        104.01276139702887,
        104.03663938600724,
        104.06276529404725,
        104.09110470115344,
        104.12162168523166,
        104.1542785965249,
        104.18903645627164,
        104.22585469551362,
        104.2646915446696,
        104.30550405226418,
        104.34824833895752,
        104.3928797652914,
        104.43935303597095,
        104.48762229522418,
        104.53764171249514,
        104.58936524713994,
        104.64274712411019,
        104.69774194182592,
        104.75430504157384,
        104.81239275161218,
        104.87196271223644,
        104.93297429914705,
        104.99538899225492,
        105.05917107541251,
        105.12428802709265,
        105.19071053413636,
        105.25841415090885,
        105.3273783032023,
        105.39758734691753,
        105.4690301329208,
        105.54169970228072,
        105.61558353448424,
        105.69065922388884,
        105.76690422262567,
        105.84429629767403,
        105.92281350258801,
        106.0024341543465,
        106.0831368152671,
        106.16490027965531,
        106.24770356479287,
        106.33152605234012,
        106.41634691839639,
        106.50214587199406,
        106.58890292953174,
        106.67659822230785,
        106.76521213550599,
        106.85472527722996,
        106.94511856174118,
        107.03637319708174,
        107.12847070424061,
        107.22139293722574,
        107.31512210354843,
        107.409640784612,
        107.50493195533062,
        107.6009790024704,
        107.69776574102528,
        107.79527642809084,
        107.89349577359329,
        107.99240894750884,
        108.09200158313327,
        108.19225977620478,
        108.29317007975999,
        108.39471948277043,
        108.49689451547674,
        108.59968053846453,
        108.70306297214154,
        108.80702742953065,
        108.9115597164965,
        109.01664583212289,
        109.12227196900746,
        109.22842451366856,
        109.33509004694807,
        109.44225534442228,
        109.5499073768894,
        109.65803331082554,
        109.76662050886388,
        109.87565653023628,
        109.9851291469771,
        110.09502626531857,
        110.2053360837171,
        110.3160469351249,
        110.42714736575653,
        110.53862611898388,
        110.65047213479386,
        110.7626745489236,
        110.87522269181805,
        110.98810608730216,
        111.10131445096017,
        111.21483768837656,
        111.32866589309276,
        111.44278934448805,
        111.55719850541966,
        111.67188401986957,
        111.78683671042401,
        111.90204757578499,
        112.01750778823013,
        112.1332086910759,
        112.24914179614403,
        112.36529878130057,
        112.48167148797518,
        112.59825191879688,
        112.71503223518019,
        112.83200475505808
    ]
}