{
    "start": 200,
    "stop": 460,
    "anchors": [],
    "levels": [
        118.34707002070272,
        117.99370068226243,
        117.64439629398134,
        117.29925542875698,
        116.95836445582448,
        116.6218009240149,
        116.28963179087177,
        115.96191508997363,
        115.63869614332486,
        115.3200104748915,
        115.00589250162865,
        114.6963700217721,
        114.3914670401096,
        114.09119648034253,
        113.79556926090365,
        113.50459269230412,
        113.21827230148645,
        112.93661369825634,
        112.65961972522085,
        112.38728526900647,
        112.11960073424831,
        111.85655762998036,
        111.59814875829608,
        111.3443681809515,
        111.09520892920906,
        110.85066700993295,
        110.61073682416733,
        110.37541337860411,
        110.14469065747922,
        109.91856290037934,
        109.69702270013181,
        109.48006262974336,
        109.26767323293909,
        109.05984490298175,
        108.85656609880718,
        108.65782482760919,
        108.46359836488278,
        108.27384514253978,
        108.08852373663916,
        107.907598669056,
        107.73103846537583,
        107.55881920072578,
        107.39092330135867,
        107.22733767485016,
        107.06805444894445,
        106.91306771691328,
        106.76237302360943,
        106.61596503227894,
        106.47383661347192,
        106.33597894012888,
        106.20237954331249,
        106.07302336734237,
        105.94789172261659,
        105.82696232007879,
        105.71020943998812,
        105.59760412345577,
        105.48912174108173,
        105.38475307310708,
        105.28448080973783,
        105.18827579303552,
        105.09609963969919,
        105.00790675078373,
        104.92364421221012,
        104.84325440953927,
        104.7666748317647,
        104.69384001162089,
        104.62468064193456,
        104.55912679423315,
        104.49710709923423,
        104.43855000830274,
        104.38338441661847,
        104.33154077573467,
        104.28295135012912,
        104.23755081828678,
        104.19527764408011,
        104.15607296072731,
        104.1198832918814,
        104.0866584820332,
        104.05635219347799,
        104.02892362100742,
        104.00433607378429,
        103.9825561055703,
        103.96355445107767,
        103.94730442616155,
        103.93378282272255,
        103.92296848393522,
        103.91484072708063,
        103.90938217645318,
        103.90657403525745,
        103.90639887044529,
        103.90883860766672,
        103.91387438004074,
        103.92148630961455,
        103.93165328267912,
        103.94435252964459,
        103.95955947021696,
        103.97724759776463,
        103.99738832274849,
        104.0199509026079,
        104.04490242391026,
        104.07220780255525,
        104.10182990391577,
        104.13372925267238,
        104.16786435338955,
        104.20419244867139,
        104.2426686289568,
        104.28324647470075,
        104.32587855353584,
        104.37051623910347,
        104.41711008476845,
        104.46561006919804,
        104.51596603409145,
        104.56812722550806,
        104.6220439451549,
        104.6776665293261,
        104.73494620896247,
        104.79383551980227,
        104.85428851085396,
        104.91626157726768,
        104.97971361308606,
        105.04460684581335,
        105.11090730869748,
        105.17858554588176,
        105.24761714027342,
        105.31798286349762,
        105.3896689763221,
        105.46266710545837,
        105.53696924594215,
        105.6125539785246,
        105.68939701864969,
        105.76747445215892,
        105.84676260582805,
        105.9272381038203,
        106.00887782164158,
        106.09165886904822,
        106.17555857880453,
        106.26055450093175,
        106.34662440186419,
        106.43374626837668,
        106.52189831560273,
        106.61105899902101,
        106.70120702987435,
        106.79232139369381,
        106.88438137144355,
        106.97736656288222,
        107.07125691149838,
        107.16603273049142,
        107.26167472901739,
        107.3581640380695,
        107.45548223506876,
        107.55361136638078,
        107.65253396695175,
        107.75223307619929,
        107.85269229928448,
        107.95389556514786,
        108.0558276247865,
        108.15847354992742,
        108.26181896569793,
        108.36584911288509,
        108.4705478079766,
        108.57589886652661,
        108.68188630887666,
        108.78849436144341,
        108.89570745820919,
        109.00351024233791,
        109.11188756793712,
        109.2208245019973,
        109.33030632643514,
        109.44031854028452,
        109.5508468618832,
        109.66187723107848,
        109.77339581127052,
        109.885388991322,
        109.99784338707542,
        110.11074584248709,
        110.22408343029046,
        110.33784345206993,
        110.45201343779881,
        110.56658114479299,
        110.68153455612544,
        110.79686187856746,
        110.91255154012424,
        111.02859218724304,
        111.14497268184182,
        111.26168209805935,
        111.37870971905387,
        111.49604503367152,
        111.61367773321324,
        111.73159770817088,
        111.84979504513291,
        111.96826002372657,
        112.08698311368778,
        112.20595497289865,
        112.32516644455187,
        112.44460855344235,
        112.5642725033571,
        112.68414967464093,
        112.80423162183746,
        112.92451007133316,
        113.04497691910564,
        113.16562422850866
    ]
}