{
    "yield_linear": 315.1156507093717,
    "error_linear": 25.936863379493857,
    "error_log": 0.08230902946618537
}