{
    "yield_pre": 1.4259575942547396,
    "error_pre": 0.583055272181639
}