{
    "yield_post": 1.5445289131877966,
    "error_post": 0.5655480466461527
}