{
    "start": 0,
    "stop": 60,
    "anchors": [],
    "levels": [
        714.7546420479099,
        86.75438457629559,
        84.78422935463891,
        82.88182641825378,
        81.05712675118863,
        79.32103264098514,
        77.68427837529862,
        76.15623512395669,
        74.74413518503147,
        73.45274077949746,
        72.28433998775564,
        71.23893291946598,
        70.31452366656049,
        69.50747303019772,
        68.81288244512908,
        68.22498726450988,
        67.73755007996094,
        67.3442254940194,
        67.03886664862867,
        66.81572991198703,
        66.66957215203153,
        66.59564451232671,
        66.58962988326991,
        66.64755374131144,
        66.76569600398099,
        66.94051487933264,
        67.16858375404888,
        67.44654248233489,
        67.77104778645159,
        68.13872279331187,
        68.54606790237925,
        68.98927140862908,
        69.46361741084446,
        69.96066165060549,
        70.46304791966303,
        70.96160529787505,
        71.44487032797649,
        71.90686930134316,
        72.34723742980569,
        72.76765609149956,
        73.17013604129168,
        73.55652499053512,
        73.92841825131507,
        74.28717549243281,
        74.63395678680881,
        74.96975800782356,
        75.29544091794854,
        75.61175698965882,
        75.91936697817924,
        76.21885462073536,
        76.51074015985132
    ]
}