{
    "yield_linear": 25.90685855078145,
    "error_linear": 4.688384065914369,
    "error_log": 0.1809707671319705
}