{
    "yield_pre": 37.53414720929224,
    "error_pre": 6.061742978965072
}