{
    "start": 0,
    "stop": 100,
    "anchors": [],
    "levels": [
        204.76549332845087,
        192.9706055932184,
        181.51580479284627,
        170.90619201262606,
        161.24774979730773,
        152.6233699218269,
        145.05435648781815,
        138.35936658933178,
        132.3028779357616,
        126.84697074070098,
        121.87059123473105,
        117.21485704003085,
        112.84889335106809,
        108.69683065178117,
        104.77469342719485,
        101.0896760431342,
        97.62739103404253,
        94.3500806972791,
        91.25369941762818,
        88.33365622260254,
        85.58424137074616,
        82.99832521448234,
        80.56828181708394,
        78.28613453020485,
        76.14385496932769,
        74.13351921344528,
        72.24743094232743,
        70.47822463200438,
        68.81886001150019,
        67.26263271079189,
        65.80319654424837,
        64.43457748133588,
        63.15116773645414,
        61.947715818611194,
        60.8193037110147,
        59.76131658059023,
        58.7694685359462,
        57.839782838095516,
        56.968540028192436,
        56.15226394448851,
        55.38770100916709,
        54.67180338519371,
        54.001723834655444,
        53.37479809943021,
        52.78853899292592,
        52.24062424157803,
        51.728886092773536,
        51.251301746847965,
        50.80597856783365,
        50.39114586601039,
        50.00516880844391,
        49.64662877326587,
        49.31413929741646,
        49.00633217816923,
        48.722013372016505,
        48.460020205282945,
        48.21911395658464,
        47.998055918640084,
        47.79564633753277,
        47.610747581733655,
        47.442296644981184,
        47.28931224363416,
        47.15089785340967,
        47.02624039652316,
        46.91460621122482,
        46.81533414120707,
        46.727825851625155,
        46.65153468190865,
        46.585953709903,
        46.5306035521298,
        46.48502045970239,
        46.44874534248953,
        46.42131380475389,
        46.40224709104046,
        46.39104468171963,
        46.38717857441142,
        46.39009092602447,
        46.39919762824582,
        46.413900231997644,
        46.43360766812834,
        46.457764844652985,
        46.485880423524904,
        46.51754530247753,
        46.55243711958052,
        46.59031313748991,
        46.63099680448494,
        46.6743638091809,
        46.72032900555351,
        46.76883661323604,
        46.81985231041497,
        46.87335723683022,
        46.92934339568271,
        46.987809329480896,
        47.048757382129196,
        47.11219114260051,
        47.178113560508514,
        47.24652549957936,
        47.31742485857418,
        47.39080570705206,
        47.466658663045294,
        47.544970117410955,
        47.625722309026095,
        47.708894232693936,
        47.79446079180331,
        47.88239385715319,
        47.97266235444913,
        48.06523167417072,
        48.16006426033975,
        48.2571195168608,
        48.35635361475914,
        48.457718735936766,
        48.56116281035413,
        48.66662775195239,
        48.774046707897796,
        48.8833403424862,
        48.994441897280495,
        49.10731030386846,
        49.22190517097799,
        49.33818507632981,
        49.45610678420148,
        49.5756239668636,
        49.69668488734358,
        49.81922691807907,
        49.94316985971287,
        50.068436880508074,
        50.19496322643839,
        50.322699462142026,
        50.45160907959147,
        50.581660110988345,
        50.712822085010735,
        50.84506415077707,
        50.978355163889596,
        51.11266312251314,
        51.24795696805505,
        51.38420302691052,
        51.52136705733536,
        51.659412787192906,
        51.79829961382433,
        51.93798061176038,
        52.07838925007323,
        52.219384925485855,
        52.36016336059777,
        52.50109455103182,
        52.64243721361571,
        52.78423361369118,
        52.92649631177247,
        53.0692268223207,
        53.212420777407615,
        53.35607059731289,
        53.50016803913107,
        53.644702055391136,
        53.78966218521371,
        53.935037417669605,
        54.08081633746954,
        54.226987132318925,
        54.37353832436269,
        54.52045812033193,
        54.66773479163034,
        54.815356744928074,
        54.963311006108114,
        55.11158351091847,
        55.26016093365132,
        55.409028931616476,
        55.55817367373338,
        55.707579640415986,
        55.857232208123094,
        56.00711598578403,
        56.157215645503214,
        56.30751553366162,
        56.4579996143212,
        56.60865230593023,
        56.759457407534114,
        56.91039846375939,
        57.061459050628834,
        57.21262226721512,
        57.36387103627468,
        57.515188002689214,
        57.666555480176,
        57.81795490235159,
        57.969368630139456,
        58.12077647151011,
        58.272160172564504,
        58.42349864058322,
        58.57477346222242,
        58.72595960147842,
        58.87703888410518,
        59.02798679936274,
        59.1787812167872,
        59.32939780678092,
        59.47981152266965,
        59.629996936029606,
        59.779926213065835,
        59.92957345869083,
        60.07890887655809,
        60.22790359213897,
        60.37652730493098,
        60.524747969854715,
        60.672535003411895,
        60.81985992741877,
        60.96669443901659,
        61.11300853790871
    ]
}