{
    "start": 0,
    "stop": 100,
    "levels": [
        49.70049308369413,
        49.65620374539813,
        49.61377115407375,
        49.57322419943307,
        49.53460098467938,
        49.49794859648261,
        49.4633239389898,
        49.43079205857833,
        49.40042902240172,
        49.37231695810376,
        49.34654117039812,
        49.323191335604896,
        49.30235405048415,
        49.28411226529242,
        49.2685436593225,
        49.25571703762652,
        49.24569533867367,
        49.23853224263297,
        49.23427317998617,
        49.23295794218896,
        49.23461853485286,
        49.23928124139728,
        49.24696603782776,
        49.25768997620984,
        49.27146457758335,
        49.2882978816383,
        49.308194547400966,
        49.3311563557389,
        49.35718265239473,
        49.38627047404059,
        49.418414327004584,
        49.453607470542586,
        49.4918414214938,
        49.53310637593226,
        49.57739041038669,
        49.624681484663625,
        49.67496649890433,
        49.72823020122816,
        49.784458138403,
        49.8436341287413,
        49.9057415674987,
        49.97076325860736,
        50.038681496436396,
        50.10947769415823,
        50.18313378468206,
        50.25963051383015,
        50.33894851134394,
        50.42106808543522,
        50.50596874665959,
        50.59363122673083,
        50.684034691118185,
        50.777158511408345,
        50.87298199934623,
        50.971484084232586,
        51.07264364366428,
        51.17643954959657,
        51.28285055757861,
        51.391855014867396,
        51.50343143575035,
        51.617559017189706,
        51.73421523713261,
        51.85337958548892,
        51.97502955885338,
        52.09914389205675,
        52.22570050108933,
        52.354678631327445,
        52.48605632579135,
        52.619812030874456,
        52.755924273686176,
        52.89437161919164,
        53.03513269389056,
        53.17818619490794,
        53.32351088299544,
        53.47108564095791,
        53.620889412183985,
        53.77290124971387,
        53.92710031266719,
        54.083465872649924,
        54.24197731760274,
        54.402614164968796,
        54.565356060329854,
        54.73018278428896,
        54.897074257545924,
        55.066010545217345,
        55.236971859869826,
        55.40993856357088,
        55.584891170429,
        55.76180994641216,
        55.94067641133239,
        56.12147124753082,
        56.30417563056829,
        56.488770888883025,
        56.67523855726443,
        56.86356012306814,
        57.05371775155668,
        57.24569325169647,
        57.43946885993708,
        57.635026612945126,
        57.83234960026408,
        58.03142075460116,
        58.232222028710346,
        58.43473648191768,
        58.638948774019525,
        58.84484105261736,
        59.052397275244275,
        59.26160126989935,
        59.47243652524503,
        59.68488805082393,
        59.89893973911803,
        60.114576059931075,
        60.331781673568706,
        60.55054141590371,
        60.770840289484596,
        60.992663467402316,
        61.215996292186844,
        61.440824274649394,
        61.66713301841203,
        61.89490851885657,
        62.12413670661358,
        62.35480375285789,
        62.586895990432765,
        62.82040035137442,
        63.055302598412794,
        63.29158999166728,
        63.52924910441336,
        63.76826784439878,
        64.00863308512348,
        64.25033225214567,
        64.49335292508178,
        64.73768281425092,
        64.98330978554549,
        65.23022191796947,
        65.47840721558231,
        65.72785395805465,
        65.97855089242248,
        66.23048620268862,
        66.48364915429859,
        66.73802785663048,
        66.9936116396945,
        67.25038944827176,
        67.50835062976364,
        67.76748480522582,
        68.02778126703433,
        68.28923012131817,
        68.55182013051473,
        68.81554166203092,
        69.08038471097464,
        69.34633935668705,
        69.6133953410931,
        69.88154467772438,
        70.15077498085432,
        70.42107936109673,
        70.69244758937738,
        70.96487045046814,
        71.23833883130158,
        71.51284373668337,
        71.7883762750096,
        72.06492963810717,
        72.34248950465982,
        72.62105259773892,
        72.90060919009647,
        73.18115023646408,
        73.46266770091607,
        73.74515334803955,
        74.0285991003283,
        74.31299608710711,
        74.59833810595936,
        74.88461651690247,
        75.17182358763526,
        75.45995138967919,
        75.7489929511425,
        76.0389405140353,
        76.32978668188123,
        76.62152414280129,
        76.91414595081852,
        77.20764444268417,
        77.50201283578356,
        77.79724392194805,
        78.09333127086485,
        78.39026779200825,
        78.68804691254167,
        78.98666172672505,
        79.28610566679266,
        79.58637260566155,
        79.88745531034262,
        80.18934827045304,
        80.49204476063056,
        80.79553810156541,
        81.09982295871866,
        81.40489304812169,
        81.7107420914976,
        82.01736449972157,
        82.32475255759509,
        82.63290288674199,
        82.94180894086351,
        83.25146452638566,
        83.56186411754527,
        83.87300264679048,
        84.18487421061249,
        84.49747327303935,
        84.81079453082745
    ]
}