{
    "yield_pre": 1.6662515864505438,
    "error_pre": 0.28250348819089943
}