{
    "yield_pre": 21.263276718946717,
    "error_pre": 2.9009946746919697
}