{
    "nbins": 50,
    "range_": [
        10.0,
        45.0
    ],
    "nburnin": 100,
    "nsamples": 100000,
    "nrepeats": 100,
    "seed": 0,
    "step_size": 0.5,
    "prob_eye": 0.1,
    "yields": [
        6,
        30,
        98,
        553,
        1684,
        5376,
        14335,
        33835,
        71807,
        133680,
        226167,
        346547,
        481734,
        617040,
        729867,
        809875,
        844876,
        834289,
        791303,
        715376,
        628418,
        536248,
        450145,
        371381,
        299222,
        242872,
        192602,
        150923,
        118019,
        91326,
        69062,
        52165,
        38631,
        28610,
        21139,
        15095,
        10811,
        7984,
        5455,
        3734,
        2584,
        1826,
        1159,
        752,
        509,
        318,
        194,
        133,
        92,
        29
    ],
    "errors": [
        3.104834939252006,
        11.704699910719626,
        16.491209779758428,
        38.71575906526954,
        64.66405493007689,
        127.95405425386099,
        216.08968045698066,
        318.4850859930492,
        458.6834529389521,
        734.6141844533089,
        825.3824022839353,
        1203.4030538435575,
        1517.0195911721114,
        1506.1281485982524,
        1518.374166666438,
        1431.0802737792176,
        1473.6370787951828,
        1598.3784877181004,
        1612.6025269730917,
        1646.858293843159,
        1408.267289970196,
        1116.3820851303553,
        1175.6618348828033,
        1096.208643461636,
        953.1868442231041,
        840.0953279241588,
        773.2062855409287,
        715.3360818524396,
        687.6593560768297,
        552.0645252142181,
        460.8378890672946,
        351.5007112368337,
        321.234166925002,
        272.92673009436066,
        242.1441512818346,
        195.84879371596855,
        179.01337938824577,
        146.27863822171716,
        120.30274311087011,
        93.77867561444873,
        86.15938718445017,
        66.46232015209821,
        45.674828954250074,
        41.98761722222399,
        33.82587766784477,
        24.181811346547228,
        18.483506160899243,
        18.113806888669203,
        15.341447128612085,
        7.251896303726354
    ]
}