{
    "yield_linear": 21.273244714885216,
    "error_linear": 2.914539089785709,
    "error_log": 0.13700491527493036
}