{
    "start": 200,
    "stop": 400,
    "anchors": [],
    "levels": [
        209.91473994063955,
        209.48098919833336,
        209.0607588449987,
        208.65389008913257,
        208.26022916862655,
        207.87596945194684,
        207.49590747142264,
        207.12000260972493,
        206.74825020520723,
        206.38064536227841,
        206.0171829497311,
        205.65785757345458,
        205.3026635648872,
        204.95159516247116,
        204.60464624499113,
        204.2618105750381,
        203.92308165606772,
        203.58845279931114,
        203.2579200397212,
        202.9314859077699,
        202.60915375717695,
        202.29092591964854,
        201.97680232335762,
        201.66678127503187,
        201.3608597959235,
        201.0590307141162,
        200.76129197884939,
        200.46763411597976,
        200.1780519688326,
        199.89253657945028,
        199.61107940983294,
        199.3336709767405,
        199.0603017283828,
        198.79096173097616,
        198.5256405852883,
        198.2643272465495,
        198.00701099726703,
        197.75367980969116,
        197.50432251950042,
        197.25892668989798,
        197.0174803602341,
        196.77997077906673,
        196.54638506571862,
        196.31671007890728,
        196.0909325786062,
        195.86903866122682,
        195.65101442100675,
        195.4368455903413,
        195.22651806280328,
        195.02001687725522,
        194.81732684463918,
        194.61843320384185,
        194.42332018186082,
        194.23197184428832,
        194.04437250337782,
        193.8605057931222,
        193.68035538269982,
        193.50390438250773,
        193.33113606661496,
        193.16203310174546,
        192.99657825091455,
        192.8347543908502,
        192.67654357176454,
        192.5219283035729,
        192.370890937043,
        192.2234137283435,
        192.07947914569485,
        191.93906974734813,
        191.80216840292275,
        191.66875814766524,
        191.53882270503186,
        191.4123462507489,
        191.2893135567071,
        191.16971040982955,
        191.05352324242207,
        190.94074001285648,
        190.83134955099072,
        190.72534205769944,
        190.6227091567844,
        190.52344385386237,
        190.42754070397456,
        190.33499565787952,
        190.24580596012214,
        190.15997050075833,
        190.07748920296936,
        189.9983631689734,
        189.92259455147124,
        189.85018608929923,
        189.78114167655093,
        189.71546514892898,
        189.65316107149636,
        189.59423391371013,
        189.5386881712195,
        189.48652815448665,
        189.437757838486,
        189.39238076982429,
        189.350400013063,
        189.3118180037563,
        189.27663657588084,
        189.24485683155027,
        189.21647926186515,
        189.1915036788466,
        189.16992919566698,
        189.1517542877312,
        189.13697679967,
        189.12559409744264,
        189.11760249084188,
        189.11299845158055,
        189.11177750381347,
        189.11393476680922,
        189.11946492787226,
        189.12836214507053,
        189.14062040835267,
        189.15623314982756,
        189.17519352252472,
        189.19749423758682,
        189.22312788149677,
        189.25208663053408,
        189.28436241839012,
        189.31994692331497,
        189.35883157363946,
        189.40100763479532,
        189.44646605947435,
        189.49519766689824,
        189.5471930826296,
        189.60244273246477,
        189.66093690112095,
        189.72266569475045,
        189.78761903996306,
        189.8557868342818,
        189.92715868505883,
        190.00172416580776,
        190.07947270049968,
        190.1603936060121,
        190.2444760630767,
        190.33170919694658,
        190.42208196704638,
        190.5155832417946,
        190.61220188702688,
        190.7119265151182,
        190.81474582363683,
        190.92064828592797,
        191.02962236004842,
        191.14165641825014,
        191.25673873278106,
        191.3748575769585,
        191.49600102774986,
        191.62015714910663,
        191.74731400348819,
        191.87745944236374,
        192.0105814023852,
        192.1466676214355,
        192.28570614085706,
        192.4276837025968,
        192.57258882423955,
        192.72040874456997,
        192.8711308168681,
        193.0247425641524,
        193.1812313170351,
        193.34058425048033,
        193.50278853063998,
        193.66783148739205,
        193.8357000113434,
        194.0063810074824,
        194.17986159072836,
        194.35612845698154,
        194.53516859439367,
        194.71696831100476,
        194.90151454979542,
        195.08879382146446,
        195.2787925308069,
        195.47149685314494,
        195.66689330657618,
        195.86496803035556,
        196.06570713384724,
        196.26909653035926,
        196.47512221755971,
        196.68376989764076,
        196.89502524064653,
        197.10887396954718,
        197.32530152815377,
        197.54429328968496,
        197.765833791035,
        197.98990894424523,
        198.21650321094987,
        198.44560166870218,
        198.67718883299932,
        198.91124942670808,
        199.147767519456,
        199.38672716290725,
        199.62811361228785,
        199.87190965626263,
        200.1181004750771,
        200.36667018726828,
        200.61760236506015,
        200.87088176274278,
        201.12649172835174,
        201.38441670908327,
        201.64464086815298,
        201.90714852154645,
        202.17192464839331
    ]
}