{
    "start": 0,
    "stop": 200,
    "levels": [
        193.4021247746569,
        193.36393774871544,
        193.3273858619583,
        193.29246786730766,
        193.25918140044627,
        193.22752555157072,
        193.19749852848878,
        193.169098732079,
        193.14232418491832,
        193.11717379724038,
        193.09364481094767,
        193.0717363633055,
        193.05144621335748,
        193.03277278698997,
        193.01571446105507,
        193.00026844636545,
        192.98643422063918,
        192.97420820427877,
        192.96358993008656,
        192.95457702260808,
        192.9471666050682,
        192.94135766225884,
        192.93714801155758,
        192.93453519801702,
        192.93351736143717,
        192.93409239283042,
        192.93625807494914,
        192.9400118794997,
        192.9453520090265,
        192.95227619365002,
        192.96078199549535,
        192.97086756998792,
        192.98252960874984,
        192.9957664244414,
        193.01057556265525,
        193.02695491848056,
        193.0449011627539,
        193.0644127274653,
        193.0854864306622,
        193.10812055469822,
        193.13231133631712,
        193.15805708196643,
        193.18535516878146,
        193.21420242619186,
        193.24459675175862,
        193.2765349476639,
        193.3100144905976,
        193.34503289196715,
        193.3815867319917,
        193.41967371918665,
        193.45929082418147,
        193.50043524760204,
        193.54310409582254,
        193.58729434049354,
        193.63300328205128,
        193.6802277978633,
        193.72896475112628,
        193.77921162329008,
        193.8309653699521,
        193.88422271032377,
        193.9389803117006,
        193.99523585221053,
        194.05298633631855,
        194.11222789816048,
        194.1729586291462,
        194.2351747458722,
        194.29887297471086,
        194.36405104719066,
        194.43070570610698,
        194.4988335788355,
        194.5684324193469,
        194.6394989027329,
        194.71202980772543,
        194.78602264617797,
        194.86147441699467,
        194.9383822567069,
        195.01674343299624,
        195.0965550555829,
        195.17781433957435,
        195.26051865439095,
        195.34466541444152,
        195.4302515681666,
        195.51727503049597,
        195.60573358029964,
        195.69562313840208,
        195.78694327025346,
        195.87968972568865,
        195.9738616813186,
        196.0694556312928,
        196.16647046306355,
        196.26490253465153,
        196.36475059270933,
        196.4660123214345,
        196.56868561792788,
        196.67276844218475,
        196.77825863485432,
        196.88515418475325,
        196.99345326767929,
        197.103153952169,
        197.21425416701447,
        197.32675239924228,
        197.44064643782514,
        197.55593504317744,
        197.67261601883632,
        197.7906869438855,
        197.9101473909422,
        198.03099492822042,
        198.15322815153593,
        198.27684506235144,
        198.4018445066699,
        198.52822395898767,
        198.65598259150678,
        198.78511877434852,
        198.9156302597363,
        199.047515472444,
        199.1807730760038,
        199.31540171381954,
        199.45139913114082,
        199.58876419679075,
        199.727494984666,
        199.8675899988231,
        200.0090479867951,
        200.15186596218254,
        200.29604362365012,
        200.44157881254242,
        200.58847015867678,
        200.7367152087384,
        200.8863130054229,
        201.0372616329575,
        201.18955934587635,
        201.34320445806134,
        201.49819508947158,
        201.65452990726277,
        201.81220643500103,
        201.97122365838442,
        202.1315792164258,
        202.29327172175687,
        202.45629933776195,
        202.62065980056852,
        202.78635193959462,
        202.95337326222761,
        203.1217226586462,
        203.2913972887154,
        203.462396568918,
        203.634716912123,
        203.80835782510678,
        203.98331699653193,
        204.15959243714826,
        204.33718209075178,
        204.5160841567445,
        204.69629671509074,
        204.8778176808052,
        205.06064513049756,
        205.24477712338972,
        205.43021155071884,
        205.61694645813932,
        205.80497967946795,
        205.99430961822821,
        206.18493372595972,
        206.37684996208532,
        206.57005655412783,
        206.76455146061625,
        206.96033230928418,
        207.15739751127697,
        207.35574400641357,
        207.55537065082547,
        207.756274899771,
        207.95845489319797,
        208.16190843461342,
        208.3666325671085,
        208.57262623738853,
        208.7798869461564,
        208.98841245298016,
        209.1982006319576,
        209.40924928643648,
        209.62155630057055,
        209.83511931371038,
        210.0499362993259,
        210.2660050101152,
        210.48332323190118,
        210.70188877832575,
        210.92169950791134,
        211.14275277488304,
        211.3650468261655,
        211.58857942207283,
        211.81334792532232,
        212.03935045419524,
        212.26658461355103,
        212.49504822181066,
        212.72473896262872,
        212.95565488544463,
        213.18779284376527,
        213.42115171349286,
        213.65572823933132,
        213.89152061542865,
        214.12852671969424,
        214.36674391718478,
        214.6061702623433,
        214.84680296850843,
        215.0886402513787,
        215.3316794193782
    ]
}