{
    "yield_post": 275.1385931715047,
    "error_post": 9.935845378934658
}