{
    "nbins": 50,
    "range_": [
        200.0,
        350.0
    ],
    "nburnin": 100,
    "nsamples": 100000,
    "nrepeats": 100,
    "seed": 0,
    "step_size": 0.5,
    "prob_eye": 0.1,
    "yields": [
        0,
        1,
        4,
        12,
        48,
        120,
        277,
        739,
        1641,
        3293,
        7022,
        13748,
        25526,
        45564,
        78457,
        124949,
        194246,
        282829,
        391350,
        516616,
        643976,
        764563,
        857049,
        908141,
        913339,
        874505,
        790523,
        677108,
        551842,
        431282,
        314979,
        219896,
        146052,
        92786,
        56593,
        33179,
        18271,
        9840,
        4971,
        2497,
        1154,
        548,
        251,
        123,
        59,
        19,
        6,
        6,
        0,
        0
    ],
    "errors": [
        0.0,
        0.9949874371066196,
        3.9799497484264785,
        4.53431361950185,
        9.217374897442333,
        13.114877048604,
        22.84097195830335,
        39.82197885590318,
        58.03610944920414,
        73.86819342585818,
        112.17468520125207,
        172.90159050743287,
        255.9907029561816,
        362.2748128148022,
        440.5456957002304,
        557.0287155973201,
        642.1906570482008,
        927.7567515248811,
        1065.0460083958815,
        1142.9940682260776,
        1255.6529138261096,
        1367.1405597084743,
        1484.5628952658085,
        1444.920132740907,
        1415.9716769766262,
        1446.5395777509855,
        1514.32681743407,
        1413.5711372265635,
        1060.798925338822,
        1276.8871367509346,
        1042.7111728566067,
        717.4704453843377,
        677.1580022417221,
        537.9944609380286,
        373.54853767616333,
        296.8241735438676,
        221.25232202171347,
        139.3197760549449,
        118.6279478032053,
        69.69153463656829,
        42.974876381439415,
        35.02798880895105,
        20.85641388158568,
        16.90295832095672,
        11.32210227828737,
        5.233545643251811,
        3.104834939252002,
        2.764054992217045,
        0.0,
        0.0
    ]
}