{
    "start": 0,
    "stop": 15,
    "anchors": [],
    "levels": [
        187.01729180863825,
        186.33903502185228,
        185.6581128261874,
        184.94614104107131,
        184.23016202276628,
        183.50015149185123,
        182.75524580914544,
        181.9944816294437,
        181.21677461098412,
        180.42089084267622,
        179.60541408504918,
        178.76870317789525,
        180.44345267338923,
        179.04713403848837,
        177.508956393924,
        175.6310375673052,
        172.9720030940403,
        170.59342982941445,
        168.46055039063032,
        166.53996067825892,
        164.8031160355696,
        163.2287319978615,
        161.79810101658364,
        160.49416248843596,
        159.3026057118529,
        158.20802796880793,
        157.12335389759784,
        156.01356954789702,
        154.8775456668954,
        153.7723162954399,
        152.55492415367834,
        151.35314064973545,
        150.17743599112418,
        149.03635913884924,
        147.9094818490077,
        146.82935640368476,
        145.7966132601622,
        144.8110625554778,
        143.87199046259047,
        142.97835217854225,
        142.12887463825064,
        141.32214580426623,
        140.5566656926946,
        139.8545280892253,
        139.1639465704603,
        138.4922001639351,
        137.87618788988377,
        137.306943122023,
        136.7544292428416,
        136.23268003174405,
        135.7403090191022,
        135.27599303024846,
        134.83845926885397,
        134.42648273750933,
        134.0388792083704,
        133.67450819479512,
        133.334542973605,
        133.01191666432348,
        132.7100920623882,
        132.4281392494957,
        132.16517394310318,
        131.92029524471587,
        131.69246350890427,
        131.4806431275871,
        131.28405029763763,
        131.1021564180483,
        130.93458367763677,
        130.78101452605972,
        130.6411261453365,
        130.51455213835453,
        130.40086832361067,
        130.2995940245005,
        130.21020008077673,
        130.13212123781307,
        130.06476915847543,
        130.00754405425607,
        129.95984601801402,
        129.9210829974337,
        129.8906789365779,
        129.86807842731707,
        129.8527521978033,
        129.84420026410027,
        129.8419537211739,
        129.84557616662843,
        129.85466481055633,
        129.86884872188466,
        129.88779063385692,
        129.91118341849887,
        129.93874933811185,
        129.97023822161924,
        130.00542402725017,
        130.04410554591811,
        130.08610092375812,
        130.13124736912692,
        130.17939859535255,
        130.2304221866883,
        130.28419850920247,
        130.34061921361518,
        130.39958445251384,
        130.46100267019148,
        130.52478774710826,
        130.59086081326097,
        130.65914561410364,
        130.72956931208665,
        130.80206113446653,
        130.87655125416944,
        130.95297128117488,
        131.0312511655003,
        131.11132089333094,
        131.19310656227594,
        131.27653520350032,
        131.36152988758957,
        131.44801073270378,
        131.53589710018704,
        131.62511343786127,
        131.71557612077845,
        131.80723593692576,
        131.9000360312973,
        131.9939296416468,
        132.0888734514917,
        132.18482781650135,
        132.28175664096295,
        132.3796278569699,
        132.47841227237984,
        132.5780833610705,
        132.6786159994294,
        132.7799870969722,
        132.8821745173966,
        132.9851565601877,
        133.08891348978943,
        133.1934242936121,
        133.2986692729605,
        133.40462877469858,
        133.51128335798143,
        133.61861272911838,
        133.72659913873997,
        133.83522196749198,
        133.944462416981,
        134.05430144372636,
        134.16471879186054,
        134.27569684161597,
        134.3872153977182,
        134.4992553525442,
        134.61179814437185,
        134.7248267320988,
        134.83831458330218,
        134.95225007780675,
        135.0666114176414,
        135.18137876838247,
        135.29653310478795,
        135.41205474084134,
        135.52793121739697,
        135.6441163526523,
        135.76061590829704,
        135.87740583343793,
        135.99447015296,
        136.11179359034008,
        136.22936047713114,
        136.34715719757696,
        136.46516911748296,
        136.58338179045714,
        136.7017817708604,
        136.82035580497634,
        136.9390900057894,
        137.05797206196863,
        137.17698934124527,
        137.29612996245328,
        137.41538129315853,
        137.53473168890596,
        137.65417054527,
        137.77368634215753,
        137.89326821558444,
        138.01290553722095,
        138.1325887816943,
        138.2523068717337,
        138.37205122885356,
        138.49181182614828,
        138.61157996353865,
        138.73134664216286,
        138.85110305063458,
        138.97084116358576,
        139.09055283846612,
        139.21023041051666,
        139.3298657164726,
        139.44945213119996,
        139.56898213397875,
        139.68844861624294,
        139.80784568783707,
        139.92716642404588,
        140.04640490080692,
        140.1655550345031,
        140.28461089677035,
        140.40356718388426,
        140.52241858408948,
        140.64115955954117,
        140.75978534394596,
        140.87829128471995,
        140.99667261731605,
        141.11492496463364,
        141.23304429620813,
        141.35102599108774
    ]
}