{
    "start": 0,
    "stop": 4,
    "anchors": [],
    "levels": [
        1001.6949404248575,
        22.818936382183484,
        20.96922459399894,
        19.17510288329339,
        17.445272183233296,
        15.788640833111808,
        14.213983611341273,
        12.729386872775148,
        11.341748841998006,
        10.056342597233854,
        8.876549343722772,
        7.803786381974065,
        6.837656945193408,
        5.976200062447306,
        5.2162337103831256,
        4.5536988774808265,
        3.9839740005938356,
        3.502131000199924,
        3.1031359332459196,
        2.7819930598410254,
        2.5338479904893987,
        2.3540498580163063,
        2.238190837608882,
        2.1821252194678475,
        2.181974547249297,
        2.2341258481687194,
        2.3352204062695634,
        2.4821436039572555,
        2.6720087584401684,
        2.9021426082467405,
        3.170069819831663,
        3.473498575281385,
        3.810304366414175,
        4.178518858318283,
        4.576315939344065,
        5.002000356509405,
        5.453996973123397,
        5.930840911140477,
        6.431168529817105,
        6.953709185166936,
        7.497277677203167,
        8.060767199842694,
        8.643144597559463,
        9.243441321208039,
        9.860751766655724,
        10.49422672994199,
        11.143069462855356,
        11.806531734951445,
        12.483910755353984,
        13.174544035526552,
        13.877808862249365
    ]
}