{
    "start": 0,
    "stop": 10,
    "levels": [
        3.4116552408399174,
        3.4346521742534573,
        3.458337571284635,
        3.4826782127036813,
        3.507643156717693,
        3.53320354180832,
        3.5593324097197563,
        3.586004546377393,
        3.613196338484007,
        3.6408856442022537,
        3.6690516762840537,
        3.6976748962825563,
        3.72673691864581,
        3.7562204236342236,
        3.786109078129199,
        3.816387463509982,
        3.847041009872414,
        3.87805593594555,
        3.909419194136633,
        3.9411184201972653,
        3.973141887061942,
        4.005478462456834,
        4.038117569921821,
        4.071049152927419,
        4.104263641799558,
        4.137751923197255,
        4.171505311913951,
        4.205515524795933,
        4.239774656592177,
        4.2742751575698,
        4.309009812742923,
        4.343971722580275,
        4.3791542850677,
        4.414551179014357,
        4.450156348502134,
        4.485963988385772,
        4.521968530761265,
        4.55816463232636,
        4.594547162563609,
        4.631111192685036,
        4.667851985278186,
        4.704764984603072,
        4.7418458074920515,
        4.7790902348069615,
        4.816494203415175,
        4.854053798646683,
        4.891765247197792,
        4.929624910451911,
        4.967629278186065,
        5.00577496264001,
        5.044058692919972,
        5.082477309717859,
        5.121027760322812,
        5.1597070939066105,
        5.1985124570661885,
        5.237441089604941,
        5.276490320539196,
        5.315657564315218,
        5.354940317222986,
        5.394336153995907,
        5.433842724583853,
        5.473457751089931,
        5.513179024860566,
        5.553004403720724,
        5.592931809344254,
        5.632959224752925,
        5.673084691936149,
        5.713306309584465,
        5.753622230930427,
        5.7940306616905675,
        5.834529858103853,
        5.875118125059557,
        5.915793814311614,
        5.95655532277337,
        5.997401090888914,
        6.0383296010768195,
        6.0793393762431895,
        6.120428978358829,
        6.161597007098608,
        6.2028420985393895,
        6.244162923913571,
        6.285558188414923,
        6.327026630054748,
        6.368567018566015,
        6.410178154352085,
        6.45185886747892,
        6.493608016707934,
        6.535424488568493,
        6.577307196465944,
        6.61925507982725,
        6.66126710327824,
        6.703342255854004,
        6.745479550239964,
        6.787678022041708,
        6.829936729082717,
        6.872254750729146,
        6.914631187239759,
        6.957065159139791,
        6.999555806618554,
        7.042102288949151,
        7.084703783928886,
        7.127359487340568,
        7.170068612432894,
        7.212830389419714,
        7.255644064996398,
        7.298508901874074,
        7.341424178329829,
        7.3843891877723955,
        7.4274032383230795,
        7.47046565241106,
        7.513575766382202,
        7.556732930121519,
        7.599936506688161,
        7.643185871962381,
        7.686480414304503,
        7.729819534224927,
        7.773202644065494,
        7.816629167690158,
        7.860098540186705,
        7.903610207577472,
        7.947163626539629,
        7.990758264133884,
        8.034393597542522,
        8.078069113814518,
        8.121784309619962,
        8.165538691010623,
        8.209331773189334,
        8.253163080285251,
        8.297032145136551,
        8.34093850907952,
        8.384881721744044,
        8.428861340855232,
        8.472876932040748,
        8.516928068643935,
        8.561014331542726,
        8.605135308973068,
        8.649290596358394,
        8.693479796143231,
        8.737702517632046,
        8.781958376832769,
        8.826246996303952,
        8.870568005007495,
        8.914921038164433,
        8.959305737115082,
        9.003721749183462,
        9.048168727544775,
        9.092646331096857,
        9.137154224335573,
        9.181692077232421,
        9.22625956511704,
        9.270856368561137,
        9.31548217326711,
        9.360136669958232,
        9.404819554273065,
        9.449530526661542,
        9.49426929228413,
        9.539035560914218,
        9.583829046841988,
        9.628649468781557,
        9.673496549779983,
        9.718370017129219,
        9.76326960227952,
        9.808195040755429,
        9.853146072074424,
        9.8981224396661,
        9.943123890795187,
        9.988150176485165,
        10.033201051444035,
        10.078276273992412,
        10.123375605992807,
        10.168498812780685,
        10.213645663097832,
        10.258815929026106,
        10.304009385924163,
        10.349225812364418,
        10.394464990072613,
        10.439726703867962,
        10.485010741605109,
        10.530316894117213,
        10.575644955161108,
        10.62099472136201,
        10.666365992161868,
        10.711758569766735,
        10.757172259096642,
        10.802606867736102,
        10.848062205885798,
        10.893538086315814,
        10.939034324318918,
        10.984550737665758,
        11.030087146560945,
        11.075643373599588,
        11.121219243725484,
        11.166814584189654,
        11.212429224509904,
        11.258062996431823,
        11.303715733889721,
        11.349387272969022,
        11.395077451869309,
        11.440786110868213,
        11.486513092285787,
        11.532258240450176
    ]
}