{
    "start": 0,
    "stop": 7,
    "levels": [
        147.67499327209293,
        147.00618863639596,
        146.3621923016426,
        145.74294810271405,
        145.1483869933668,
        144.57842644441007,
        144.0329757014399,
        143.50224325940655,
        142.95209971924888,
        142.37554595017207,
        141.76609754858464,
        143.16074383365245,
        140.8904455766638,
        139.0882269942564,
        137.66623341801636,
        136.5520627958167,
        135.688097286159,
        135.03529844953187,
        134.56081228316236,
        134.23374913118784,
        134.0289477870216,
        133.94442834399229,
        133.99105034255942,
        134.1600395208961,
        134.4266503580839,
        134.76054969017574,
        135.1337825976175,
        135.5260848276729,
        135.9254720911558,
        136.32567969210373,
        136.72359890161613,
        137.11771423651726,
        137.50730084722264,
        137.89204151810645,
        138.27188236772076,
        138.64689721974582,
        139.01722316539343,
        139.38302514235204,
        139.74593575618007,
        140.13573274697745,
        140.5637477355251,
        141.0294945386623,
        141.53252738371353,
        142.07244644628042,
        142.64887847127255,
        143.2614552361722,
        143.90979744097365,
        144.59349619376067,
        145.31210505251585,
        146.06513235892396,
        146.85203068823796
    ]
}