{
    "nbins": 50,
    "range_": [
        0.0,
        7.0
    ],
    "nburnin": 100,
    "nsamples": 100000,
    "nrepeats": 100,
    "seed": 0,
    "step_size": 0.2,
    "prob_eye": 0.1,
    "yields": [
        0,
        1,
        0,
        3,
        3,
        12,
        15,
        29,
        102,
        217,
        606,
        1361,
        4112,
        13330,
        40431,
        112386,
        256074,
        490463,
        789772,
        1083225,
        1286808,
        1329906,
        1228929,
        1023761,
        777877,
        558471,
        373759,
        239618,
        151297,
        93158,
        57342,
        34530,
        21516,
        12800,
        7491,
        4653,
        2647,
        1499,
        798,
        440,
        246,
        161,
        66,
        45,
        25,
        8,
        5,
        0,
        1,
        1
    ],
    "errors": [
        0.0,
        0.9949874371066199,
        0.0,
        2.9849623113198556,
        1.7058722109231972,
        5.344155686354942,
        5.722761571129805,
        7.251896303726355,
        14.351306560728199,
        22.80592028399643,
        39.05944188029316,
        62.19155891276566,
        111.62687848363403,
        372.01209657751724,
        432.3324993566873,
        1537.2182798809022,
        1589.001963497843,
        1857.1067039887612,
        2530.805832141218,
        2764.078282176538,
        2237.6191275549995,
        2373.675554914782,
        2095.4700164879478,
        2365.770865912419,
        1910.5993065004498,
        2387.3576585840674,
        1694.6805569192088,
        1312.5527646536727,
        1065.893479668583,
        777.0806650535066,
        595.4312386833597,
        424.01061307472,
        330.1294291637751,
        270.3072326076385,
        183.57611500410397,
        142.10175931352856,
        91.62374146475352,
        89.48178585611711,
        52.611405607529626,
        38.052595180880886,
        26.959970326393158,
        26.566708490138545,
        17.21743302586073,
        14.026760139105532,
        12.99038105676658,
        3.9191835884530795,
        4.092676385936233,
        0.0,
        0.9949874371066196,
        0.9949874371066196
    ]
}