{
    "nbins": 50,
    "range_": [
        0.0,
        7.0
    ],
    "nburnin": 100,
    "nsamples": 100000,
    "nrepeats": 100,
    "seed": 0,
    "step_size": 0.2,
    "prob_eye": 0.1,
    "yields": [
        0,
        1,
        3,
        0,
        11,
        11,
        19,
        44,
        94,
        225,
        557,
        1393,
        4072,
        13189,
        40431,
        112006,
        255150,
        488477,
        789283,
        1085237,
        1287658,
        1330946,
        1230015,
        1022865,
        777845,
        556382,
        373431,
        240991,
        151694,
        93042,
        57542,
        34946,
        21478,
        12723,
        7442,
        4754,
        2702,
        1502,
        874,
        478,
        230,
        144,
        58,
        28,
        21,
        5,
        1,
        0,
        0,
        0
    ],
    "errors": [
        0.0,
        0.9949874371066199,
        2.9849623113198556,
        0.0,
        6.4645185435575945,
        4.667976006793524,
        6.587108622149786,
        9.830564581955608,
        13.40298474221321,
        24.8746859276655,
        39.401903507318025,
        57.188372944157095,
        122.13173215835434,
        247.56774830336843,
        402.5113538771297,
        1445.2818548643029,
        1485.9835126945386,
        1902.5361258068133,
        2434.5348857636036,
        2875.7644740138226,
        2288.832969004073,
        2291.0610729528794,
        2341.5530636737662,
        2179.5918769347622,
        2022.9154085131686,
        2295.344148488413,
        1612.0060142567706,
        1473.8026292553561,
        1047.232371539383,
        792.9138414733345,
        730.7231760386418,
        482.579361348991,
        345.44631999776755,
        271.2004977871538,
        180.72177511301732,
        159.98387418736925,
        107.01383088180705,
        86.0578874944069,
        57.80346010404565,
        43.16433713147926,
        23.979157616563604,
        23.122283624244385,
        15.045265035884208,
        10.777754868245983,
        12.352732491234459,
        2.179449471770336,
        0.9949874371066199,
        0.0,
        0.0,
        0.0
    ]
}