{
    "nbins": 50,
    "range_": [
        0.0,
        7.0
    ],
    "nburnin": 100,
    "nsamples": 100000,
    "nrepeats": 100,
    "seed": 0,
    "step_size": 0.2,
    "prob_eye": 0.1,
    "yields": [
        0,
        1,
        0,
        3,
        3,
        12,
        15,
        29,
        102,
        217,
        606,
        1360,
        4112,
        13331,
        40429,
        112372,
        256035,
        490463,
        789826,
        1083266,
        1286781,
        1329933,
        1228883,
        1023784,
        777836,
        558478,
        373775,
        239619,
        151295,
        93157,
        57342,
        34534,
        21515,
        12800,
        7491,
        4653,
        2647,
        1499,
        798,
        440,
        246,
        161,
        66,
        45,
        25,
        8,
        5,
        0,
        1,
        1
    ],
    "errors": [
        0.0,
        0.9949874371066199,
        0.0,
        2.9849623113198556,
        1.7058722109231972,
        5.344155686354942,
        5.722761571129805,
        7.251896303726355,
        14.351306560728199,
        22.80592028399643,
        39.05944188029316,
        62.19324722186486,
        111.62687848363403,
        372.0099326630944,
        432.32463496775205,
        1537.1799374178677,
        1590.867294905518,
        1857.1067039887612,
        2524.0759180341624,
        2756.563157266671,
        2239.952095469901,
        2375.111809999689,
        2095.0102887575517,
        2370.828429051753,
        1906.196485150468,
        2387.661860481924,
        1696.5048629461692,
        1312.6025255194352,
        1065.6269281507482,
        777.0254242944692,
        595.4312386833597,
        424.0453277657943,
        330.15867397359114,
        270.3072326076385,
        183.57611500410397,
        142.10175931352856,
        91.62374146475352,
        89.48178585611711,
        52.611405607529626,
        38.052595180880886,
        26.959970326393158,
        26.566708490138545,
        17.21743302586073,
        14.026760139105532,
        12.99038105676658,
        3.9191835884530795,
        4.092676385936233,
        0.0,
        0.9949874371066196,
        0.9949874371066196
    ]
}