{
    "yield_linear": 2.960456793793547,
    "error_linear": 0.3829377356439936,
    "error_log": 0.129350894918245
}