{
    "start": 0,
    "stop": 15,
    "levels": [
        135.43918421120972,
        135.43913065164836,
        135.44082729432498,
        135.44419779615524,
        135.44917072059434,
        135.45567834359903,
        135.46365746242418,
        135.47304838255988,
        135.48379471709396,
        135.49584364512842,
        135.509144929265,
        135.52365119970258,
        135.5393176431868,
        135.55610182830833,
        135.57396354483197,
        135.59286465590623,
        135.61276896194838,
        135.63364207812776,
        135.6554513117686,
        135.67816555262934,
        135.70175519187796,
        135.7261920194205,
        135.7514491348484,
        135.77750087350657,
        135.80432273313733,
        135.83189151252716,
        135.86018442009023,
        135.88918026737724,
        135.91885857016106,
        135.94919971275584,
        135.98018490070507,
        136.01179611686274,
        136.04401580848193,
        136.07682788140156,
        136.11021629480936,
        136.14416558279285,
        136.17866090886582,
        136.21368825000184,
        136.24923436662024,
        136.28528525766865,
        136.32182893941922,
        136.35885335565644,
        136.39634660035813,
        136.43429742444906,
        136.47269483656103,
        136.5115283653999,
        136.55078785993481,
        136.590463694515,
        136.6305459108674,
        136.67102567040743,
        136.7118936764567,
        136.75314212958165,
        136.79476236226583,
        136.83674634953186,
        136.87908632099942,
        136.9217747504566,
        136.9648043567978,
        137.00816837562505,
        137.0518593119263,
        137.09587079105438,
        137.14019658441347,
        137.1848302775004,
        137.22976567273264,
        137.2749970065253,
        137.32051855288353,
        137.36632474905213,
        137.4124101895666,
        137.45876962038304,
        137.50539793343017,
        137.55229016118997,
        137.59944147181852,
        137.64684716400564,
        137.69450266262362,
        137.74240351398842,
        137.79054538192048,
        137.83892404333213,
        137.88753539647348,
        137.93637538259577,
        137.98544036652544,
        138.03472610591726,
        138.08422888648414,
        138.1339454659115,
        138.1838721693817,
        138.23400555322237,
        138.28434229906486,
        138.3348786374453,
        138.3856123327763,
        138.43653928661018,
        138.48765747383644,
        138.53896280775288,
        138.59045298064572,
        138.6421250695422,
        138.69397628135275,
        138.74600390517637,
        138.79820529491795,
        138.85057784712268,
        138.90311902136395,
        138.95582633180453,
        139.00869683886086,
        139.06172910254324,
        139.11492035965188,
        139.16826834759166,
        139.22177082839812,
        139.27542562565554,
        139.32923092470136,
        139.38318388812795,
        139.4372829652508,
        139.49152584875213,
        139.54591129159255,
        139.60043640450561,
        139.6551000198337,
        139.70990030032073,
        139.76483493640785,
        139.81990239658822,
        139.8751009435879,
        139.93042887031018,
        139.98588450274173,
        140.04146619915971,
        140.09717234908817,
        140.15300137271097,
        140.20895171992913,
        140.26502186978064,
        140.32121032954385,
        140.37751563421926,
        140.43393634571586,
        140.49047105229025,
        140.54711836781664,
        140.60387693129252,
        140.6607454060889,
        140.7177224795354,
        140.77480686223123,
        140.83199728749855,
        140.8892925109761,
        140.94669130993768,
        141.0041924829543,
        141.06179484926187,
        141.1194972483621,
        141.17729853958673,
        141.23519760159863,
        141.29319333196852,
        141.35128464672565,
        141.4094704800617,
        141.4677497838418,
        141.52612152716182,
        141.5845846960708,
        141.6431382931966,
        141.7017813373069,
        141.76051286309993,
        141.81933192065833,
        141.87823757536003,
        141.93722890738073,
        141.99630501145384,
        142.05546499651672,
        142.11470798555993,
        142.17403311508127,
        142.23343953502678,
        142.29292640851284,
        142.35249291135887,
        142.4121382319991,
        142.47186157123295,
        142.53166214186317,
        142.59153916856616,
        142.65149188762547,
        142.71151954662923,
        142.77162140432563,
        142.83179673044606,
        142.89204480537822,
        142.9523649199578,
        143.0127563754144,
        143.07321848302922,
        143.13375056401892,
        143.19435194926353,
        143.25502197923183,
        143.3157600037161,
        143.37656538169358,
        143.4374374811827,
        143.49837567894423,
        143.55937936051268,
        143.62044791990027,
        143.6815807594695,
        143.7427772897911,
        143.80403692949747,
        143.86535910517182,
        143.92674325107816,
        143.98818880914922,
        144.0496952288475,
        144.11126196697205,
        144.1728884875105,
        144.23457426158257,
        144.29631876731028,
        144.35812148961236,
        144.4199819201881,
        144.48189955735506,
        144.54387390591933,
        144.6059044770633,
        144.6679907882565,
        144.73013236320065,
        144.79232873155345,
        144.8545794288791,
        144.91688399697298,
        144.9792419830694
    ]
}