{
    "yield_post": 0.6555160790696665,
    "error_post": 0.39712644917902223
}