{
    "start": 0,
    "stop": 10,
    "levels": [
        97.16461769008504,
        96.84113829554478,
        96.93777383699474,
        97.30756732236188,
        97.71301500652439,
        98.11544603424565,
        98.50748568148992,
        98.88790847549326,
        99.25707095882392,
        99.61574843672267,
        99.96478388406379,
        100.30497625062887,
        100.63704845070306,
        100.96164337900109,
        101.27932959110436,
        101.59060975497033,
        101.8959292806422,
        102.1956841940902,
        102.49022800020012,
        102.77987754729415,
        103.06491799047325,
        103.34560698188454,
        103.62217820925223,
        103.89484439075169,
        104.16379981792323,
        104.42922252316461
    ]
}