{
    "start": 0.0,
    "stop": 10.585057229428635,
    "levels": [
        97.16461769014161,
        96.83123966710808,
        96.97536659774848,
        97.37810696312866,
        97.80792191290604,
        98.23131145209892,
        98.64234797487318,
        99.04041621690901,
        99.42620181922912,
        99.80068313330149,
        100.16484122254039,
        100.51957493221718,
        100.86568339608363,
        101.20386875406047,
        101.53474724012278,
        101.85886035349603,
        102.17668678957554,
        102.48865022095872,
        102.79512755040057,
        103.09645663900933,
        103.3929402475357,
        103.68485247428856,
        103.97244049551344,
        104.25592952831528,
        104.53552550552939,
        104.81141607489896
    ]
}