{
    "start": 0,
    "stop": 4,
    "levels": [
        97.3808909172573,
        97.21987250939357,
        97.08539356812582,
        96.9776715391329,
        96.89679438381978,
        96.8427174745546,
        96.81526680747555,
        96.8141471304949,
        96.838952871361,
        96.8891819395187,
        96.96425111390641,
        97.06351303713475,
        97.18626885052552,
        97.3317857561574,
        97.49930819612925,
        97.68807032209145,
        97.89730323454351,
        98.12624440754017,
        98.37414325720718,
        98.64026425245542,
        98.9238925476499,
        99.22433489962859,
        99.54092190803469,
        99.8730103038339,
        100.21998379938998,
        100.58125478992572,
        100.95626204323148,
        101.34448608357235,
        101.74542044979039,
        102.15859995400417,
        102.58358107673178,
        103.0199519222415,
        103.46730909774467,
        103.92527803731778,
        104.39352214768317,
        104.87168762108551,
        105.35945645178421,
        105.85653116772741,
        106.36261943718169,
        106.87744476388048,
        107.40073909653864,
        107.9322558135371,
        108.47173686626151,
        109.01896197839696,
        109.57370851648788,
        110.13576626702475,
        110.70491698780404,
        111.28097072872204,
        111.86373623988452,
        112.45303100909032,
        113.04867791645617
    ]
}