{
    "start": 0,
    "stop": 10,
    "levels": [
        97.38089088093403,
        97.02817912201446,
        96.84271740307874,
        96.82333859311582,
        96.96425111390641,
        97.25622896378565,
        97.68807023626393,
        98.24787047344519,
        98.92389253146085,
        99.70506750740064,
        100.58125478992572,
        101.54339180386206,
        102.58358014841501,
        103.6949915943479,
        104.87168742092472,
        106.10846705342924,
        107.40073909653864,
        108.74440140966487,
        110.13576615454899,
        111.57152604099271,
        113.04867791645617,
        114.56447891658158,
        116.18658653324803,
        117.960838509516,
        119.85677919255878,
        121.84583380982599,
        123.90017563015031,
        125.99009117402065,
        128.0777033757316,
        130.11988051714786,
        132.0777002332302,
        133.01098290728612,
        134.19307917922396,
        135.37160290322743,
        140.6165580740219,
        142.46543289463324,
        144.24354086375683,
        145.95073872955587,
        147.58798879578137,
        149.17276668032153,
        150.66489357737424,
        152.09407953736982,
        153.28685741058624,
        154.23584567798724,
        155.17297554530117,
        156.09895775082387,
        157.01381111541005,
        157.91761046002628,
        158.81047840099578,
        159.69255832233478,
        160.56402236253317
    ]
}