{
    "nbins": 50,
    "range_": [
        0.0,
        10.0
    ],
    "nburnin": 100,
    "nsamples": 100000,
    "nrepeats": 100,
    "seed": 0,
    "step_size": 0.5,
    "prob_eye": 0.1,
    "yields": [
        751818,
        1080527,
        1326398,
        1134475,
        823155,
        591135,
        435339,
        325322,
        247723,
        191804,
        149337,
        118534,
        92928,
        74663,
        58340,
        48150,
        38326,
        31119,
        25692,
        21217,
        17081,
        14181,
        11576,
        9861,
        8121,
        6807,
        5726,
        4898,
        4167,
        3338,
        2728,
        2412,
        2116,
        1763,
        1402,
        1317,
        1058,
        936,
        805,
        660,
        539,
        447,
        448,
        307,
        358,
        335,
        212,
        140,
        135,
        117
    ],
    "errors": [
        1640.7311662792292,
        2110.381887242212,
        2560.973635163001,
        2335.260317395044,
        1560.3566098812157,
        1328.6025553189336,
        1294.3174996885427,
        855.0223154982565,
        783.4486007390659,
        622.8401400038375,
        775.2620911665938,
        685.7407965113348,
        554.6928519460116,
        478.845810256287,
        440.2294856094943,
        394.6048656567732,
        315.1781083768351,
        313.3071815327571,
        317.4859996913251,
        236.34320383713174,
        219.4388069599359,
        212.68142843229163,
        221.76167387535654,
        182.1751629613653,
        180.5064818780755,
        151.1175370365729,
        134.1612462673182,
        120.3077719850218,
        117.3972316539023,
        99.59698790626149,
        93.22102767079969,
        98.66387383434727,
        86.79539158273326,
        74.81517225803869,
        64.03093002604288,
        66.19750750594767,
        55.30244117577452,
        51.293664326113415,
        52.21829181426753,
        42.94182110716778,
        37.78610855856951,
        29.98182782953701,
        39.86176112516856,
        27.685916997636177,
        37.18010220534633,
        32.44610916581524,
        26.39242315514057,
        16.24807680927193,
        16.209565077447326,
        19.902512404216708
    ]
}