{
    "nbins": 25,
    "range_": [
        0.0,
        10.585057229428635
    ],
    "nburnin": 100,
    "nsamples": 100000,
    "nrepeats": 100,
    "seed": 0,
    "step_size": 0.5,
    "yields": [
        1983148,
        2527737,
        1364534,
        717145,
        407235,
        242852,
        149411,
        93747,
        60156,
        39680,
        26165,
        17931,
        12324,
        8552,
        5774,
        4142,
        2939,
        2118,
        1483,
        1044,
        775,
        639,
        290,
        276,
        197
    ],
    "errors": [
        2971.709433979035,
        3406.2324216060183,
        2200.376885899322,
        1481.6358358247146,
        1126.7815893064635,
        991.5880999689339,
        785.0667423856396,
        531.5739929680534,
        512.7734782533121,
        328.6152765773374,
        362.46758475758907,
        277.3614789403893,
        197.4594641945532,
        171.18691538782983,
        153.84810691067992,
        124.71711991543101,
        103.86428645111849,
        79.42770297572503,
        71.55494392423209,
        50.81968122686328,
        45.2852072977479,
        46.08459612495264,
        25.11971337416094,
        29.60135132050562,
        22.51466188953323
    ]
}