{
    "start": 0,
    "stop": 20,
    "levels": [
        97.92457026011117,
        97.87885075098285,
        97.84615685976561,
        97.82495237463785,
        97.81385288236291,
        97.81163258457913,
        97.81722005440125,
        97.82968621081051,
        97.84822984742061,
        97.87216059197614,
        97.90088507463807,
        97.93389066598046,
        97.97073634152015,
        98.01103813402946,
        98.05446347283211,
        98.10072256866437,
        98.14956102693789,
        98.20075533580781,
        98.2541085267894,
        98.30944610104574,
        98.36661297530844,
        98.42547073855953,
        98.48589575793186,
        98.54777683415396,
        98.61101387497445,
        98.67551646017354,
        98.74120267177585,
        98.80799809055974,
        98.87583493131785,
        98.94465129647448,
        99.01439052896659,
        99.08500064964903,
        99.15643386649224,
        99.22864614488758,
        99.30159683117361,
        99.37524832746242,
        99.44956578962088,
        99.52451686579035,
        99.6000714723511,
        99.67620158753688,
        99.75288107191825,
        99.83008550774748,
        99.90779205309443,
        99.98597919010929,
        100.0646270856076,
        100.14371689764468,
        100.22323060586703,
        100.30315166861143,
        100.3834643476886,
        100.4641537916001,
        100.54520597074354,
        100.62660761838579,
        100.7083461768084,
        100.79040974806692,
        100.87278704894072,
        100.95546736960546,
        101.0384405357072,
        101.12169687348035,
        101.20522717767132,
        101.28902268192363,
        101.3730750315033,
        101.4573762580636,
        101.54191875526189,
        101.62669525915591,
        101.71169882801028,
        101.79692282235072,
        101.8823608882703,
        101.968006941347,
        102.05385515171307,
        102.13989993010688,
        102.226135914868,
        102.31255795980643,
        102.39916112284864,
        102.48594065544893,
        102.5728919926291,
        102.66001074369066,
        102.74729268348972,
        102.83473374424827,
        102.92233000784972,
        103.01007769862967,
        103.0979731765737,
        103.18601293090796,
        103.27419357408283,
        103.36251183608823,
        103.45096455909182,
        103.53954869239587,
        103.62826128763187,
        103.71709949428636,
        103.80606055539252,
        103.89514180352043,
        103.98434065693445,
        104.07365461598593,
        104.16308125967184,
        104.25261824236789,
        104.34226329076347,
        104.43201420089933,
        104.52186883540608,
        104.61182512084481,
        104.70188104517763,
        104.79203465540107,
        104.88228405522521,
        104.97262740294632,
        105.06306290933341,
        105.15358883570079,
        105.24420349464917,
        105.3349052412,
        105.42569247679432,
        105.51656364663893,
        105.60751723792261,
        105.69855177835413,
        105.78966583467658,
        105.88085801131457,
        105.97212694907856,
        106.06347150994948,
        106.15489000998738,
        106.2463813999862,
        106.33794445449047,
        106.42957797859336,
        106.52128080697457,
        106.61305180292243,
        106.70488983626956,
        106.79679384843692,
        106.8887627869502,
        106.98079562456724,
        107.07289135811803,
        107.16504900541743,
        107.25726760547077,
        107.34954621702238,
        107.44188392517228,
        107.53427984142178,
        107.62673250750849,
        107.71924210267969,
        107.81180731359255,
        107.90442732104925,
        107.99710132393103,
        108.08982853893669,
        108.18260837457561,
        108.27543973152649,
        108.3683220507913,
        108.46125461374601,
        108.55423671684935,
        108.6472676712212,
        108.7403468022241,
        108.83347344908763,
        108.9266469645317,
        109.0198667143989,
        109.1131320773025,
        109.2064424442791,
        109.29979721847806,
        109.39319581482503,
        109.48663765972155,
        109.58012219075127,
        109.67364885638813,
        109.76721711570664,
        109.86082643813391,
        109.95447630317082,
        110.04816620014248,
        110.14189562793908,
        110.2356640948039,
        110.32947111816003,
        110.42331622427645,
        110.51719894811451,
        110.61111883312836,
        110.70507543104391,
        110.79906830168818,
        110.89309703169559,
        110.98716118996573,
        111.08126037680458,
        111.17539399085348,
        111.26956186325951,
        111.36376335358136,
        111.45799840733076,
        111.55226650862532,
        111.6465672521434,
        111.74090026847705,
        111.83526519447062,
        111.92966167304533,
        112.02408935308529,
        112.11854788929175,
        112.2130369420657,
        112.3075561773836,
        112.40210526666152,
        112.49668388666271,
        112.5912917193575,
        112.68592845182648,
        112.78059377615497,
        112.87528738930213,
        112.97000899303421,
        113.06475829379511,
        113.15953500262327,
        113.2543388350566,
        113.3491695110286,
        113.44402675478914,
        113.53891029481632,
        113.63381986372336,
        113.72875519816799,
        113.82371603881026,
        113.91870213017197,
        114.01371322061689,
        114.10874906222787,
        114.20380941077333
    ]
}