{
    "start": 0,
    "stop": 20,
    "levels": [
        97.92467664183005,
        97.81386094304362,
        97.84823636172092,
        97.97076078413969,
        98.14960702864177,
        98.3666418670861,
        98.61106337473784,
        98.87591427697508,
        99.15645174240441,
        99.44959801391673,
        99.75289813703434,
        100.06464934608343,
        100.38350548736179,
        100.70838601918224,
        101.03846063875302,
        101.37315284950238,
        101.71184020432716,
        102.05388958972239,
        102.39925483252881,
        102.74737381663653,
        103.0980257041675,
        103.45103480609924,
        103.80611449665258,
        104.16319034663078,
        104.52191250200313,
        104.88232386720159,
        105.2442638579688,
        105.6075784219987,
        105.9721812296402,
        106.33799997863937,
        106.70494002898894,
        107.07293450115161,
        107.44192725857158,
        107.81185699229741,
        108.18263503490058,
        108.55425852086233,
        108.92666860697238,
        109.29984129761633,
        109.67369076857413,
        110.04822847994662,
        110.4233625990515,
        110.7991149006515,
        111.17549072639466,
        111.55232326647868,
        111.92974406073282,
        112.3075758989126,
        112.68600366265679,
        113.06484350358096,
        113.44409853570515,
        113.8238099199832,
        114.2038768741504
    ]
}