{
    "yield_pre": 0.8782128419170652,
    "error_pre": 0.20766835539014059
}