{
    "start": 0,
    "stop": 8,
    "levels": [
        154.23089638834335,
        147.25161186240564,
        139.0458205193325,
        133.29674808438853,
        129.69353594830324,
        128.39130715981207,
        128.32479851185775,
        128.49353073651923,
        128.70656070431187,
        128.9451199453636,
        129.1944399904706,
        129.44351496882047,
        129.6896728768028,
        129.93211912386602,
        130.1705917247117,
        130.40507682039697,
        130.6356722463242,
        130.86252734615698,
        131.0858139285993,
        131.3057057403763,
        131.5223750056074,
        131.735984877813,
        131.94668849548657,
        132.15463115473693,
        132.35994634191206,
        132.56275838648017,
        132.76318326604934,
        132.9613291335931,
        133.15729467403685,
        133.35117328946515,
        133.54305138230197,
        133.7330092886263,
        133.92112285221754,
        134.10746191579534,
        134.29209287936095,
        134.47507766090877,
        134.6564735791192,
        134.83633623515237,
        135.01471673025924,
        135.19166313306658,
        135.36722221292786,
        135.5414364585268,
        135.71434736200857,
        135.88599428240263,
        136.05641325851923,
        136.22563972184417,
        136.39370687644043,
        136.56064766038594,
        136.72649160724856,
        136.89126619649483,
        137.0550006422936
    ]
}