{
    "yield_linear": 0.8780896344148662,
    "error_linear": 0.2094013212575786,
    "error_log": 0.23847374237268792
}