{
    "start": 0,
    "stop": 20,
    "levels": [
        129.2889692874035,
        129.31310794585036,
        129.4386423548194,
        129.62294995213134,
        129.845384661742,
        130.0945384639892,
        130.3634394566555,
        130.64751169341818,
        130.94360843304955,
        131.2494816642318,
        131.56345203964236,
        131.8842296468717,
        132.21081711302307,
        132.54243025262906,
        132.8784159536492,
        133.21825288457464,
        133.56150062149558,
        133.907803830747,
        134.25683214960833,
        134.6083328084469,
        134.96208282901884,
        135.31787186808006,
        135.67553626198833,
        136.0349200840978,
        136.3958898556878,
        136.758320710933,
        137.12211082660298,
        137.48717160307635,
        137.85341309345307,
        138.22076187518843,
        138.58912787641486,
        138.95846536538647,
        139.3287177599808,
        139.6998343483949,
        140.07176097872136,
        140.44445151993824,
        140.8178720462645,
        141.19197398979713,
        141.56673211174672,
        141.94211674689436,
        142.3180893942258,
        142.69462669511879,
        143.07169902864118,
        143.44928705519663,
        143.82737651227248,
        144.2059116568981,
        144.58490970058847,
        144.96434228921925,
        145.3441891617683,
        145.7244338506473,
        146.1050615519448
    ]
}