{
    "yield_pre": 18.939237141974328,
    "error_pre": 2.4856425006618172
}