{
    "yield_linear": 18.945593589469905,
    "error_linear": 2.4919137158705023,
    "error_log": 0.13152998897091964
}