{
    "yield_linear": 29.910068093228475,
    "error_linear": 4.2264665350235555,
    "error_log": 0.14130581454545105
}