{
    "yield_linear": 0.27370297167451335,
    "error_linear": 0.090658634580416,
    "error_log": 0.33122999734261904
}