{
    "start": 0,
    "stop": 8,
    "levels": [
        124.68496813820377,
        124.84497706606669,
        125.00497191668941,
        125.16496813820811,
        125.32496813814585,
        125.48497706606669,
        125.64497191667898,
        125.80496813820811,
        125.964968138208,
        126.12497706606669,
        126.28498695168247,
        126.44496813820811,
        126.604968138208,
        126.7649721725202,
        126.92498686042107,
        127.08496813643346,
        127.244968138208,
        127.40497097355977,
        127.56497706606669,
        127.72496813643346,
        127.884968138208,
        128.0449706131754,
        128.20496834554734,
        128.36496837029947,
        128.52498957340978,
        128.68498957344642,
        128.84496847959323,
        129.0049895725393,
        129.16496900894168,
        129.32498637763828,
        129.4849683455628,
        129.6449683702776,
        129.80498957340978,
        129.96498957343005,
        130.12496847959517,
        130.28498957342276,
        130.4449690089449,
        130.60498637763828,
        130.7649683455628,
        130.9249683702776,
        131.08498957340979,
        131.24498957343005,
        131.40498957344641,
        131.56496847959323,
        131.7249895725393,
        131.88496900894168,
        132.04496837027762,
        132.20496834566143,
        132.3649683702776,
        132.52498957340978,
        132.68498957344642
    ]
}