{
    "start": 0,
    "stop": 20,
    "levels": [
        124.68496813820377,
        125.08496813643346,
        125.48497706606669,
        125.884968138208,
        126.28498695168247,
        126.68496813820377,
        127.08496813643346,
        127.48497706606669,
        127.884968138208,
        128.28498957342276,
        128.68498957344642,
        129.08498957340979,
        129.48496834554734,
        129.88496900894168,
        130.28498957342276,
        130.68498957344642,
        131.08498957340979,
        131.48496834554734,
        131.88496900894168,
        132.28498957342276,
        132.68498957344642,
        133.0849683702776,
        133.48496847924284,
        133.88498637763828,
        134.28498957342276,
        134.68498957344642,
        135.0849683702776,
        135.48496847924284,
        135.88498637763828,
        136.28498957342276,
        136.68498957344642,
        137.0849683702776,
        137.48497097059885,
        137.88498637763828,
        138.28498957342276,
        138.68498957344642,
        139.0849683702776,
        139.48497097059885,
        139.88498637763828,
        140.28498957342276,
        140.68498957344642,
        141.08498957340979,
        141.48497097059885,
        141.8849690089449,
        142.28498957342276,
        142.68498957344642,
        143.08498957340979,
        143.48497097059885,
        143.88498637763828,
        144.28498957342276,
        144.68498957344642
    ]
}