{
    "start": 0,
    "stop": 12,
    "anchors": [
        10.0
    ],
    "levels": [
        145.49883381688667,
        145.1983594215608,
        144.90076402159812,
        144.60604651034143,
        144.31420778685782,
        144.02524707013458,
        143.73916436744886,
        143.45595979301584,
        143.17563285489757,
        142.89818308218744,
        142.62361022393998,
        142.3519130631033,
        142.08309151432684,
        141.81714458008994,
        141.55407183194393,
        141.29387246990802,
        141.0365450899441,
        140.78208893925336,
        140.53050317743595,
        140.28178626278742,
        140.03593724781012,
        139.7929553365443,
        139.55283882567676,
        139.31558644897262,
        139.08119661914657,
        138.8496683918291,
        138.6210002372656,
        138.39519047084914,
        138.17223748620754,
        137.95214000528568,
        137.7348967116415,
        137.52050478699175,
        137.30896350926542,
        137.1002712424426,
        136.89442630292973,
        136.69142744546457,
        136.4912748961331,
        136.29396647441618,
        136.0995010402622,
        135.90787923545864,
        135.71909795704806,
        135.53315585493965,
        135.35005210382673,
        135.16978466819478,
        134.99235107198197,
        134.817750179992,
        134.64597926934184,
        134.47703695052044,
        134.31092066373247,
        134.14762866685703,
        133.98715747774088,
        133.82950646911706,
        133.6746723075251,
        133.52265301490533,
        133.37344712369506,
        133.2270548340631,
        133.0834753335011,
        132.9427067022699,
        132.804748227028,
        132.6695981168839,
        132.5372576382723,
        132.40773510604245,
        132.2810344428737,
        132.15715855080538,
        132.03610878603462,
        131.9178817094271,
        131.8024775089653,
        131.68988932449037,
        131.58011482978367,
        131.4731471905136,
        131.36898066386473,
        131.2676084441931,
        131.1690231462412,
        131.0732177618772,
        130.98018454122686,
        130.88993858276885,
        130.80256610437124,
        130.71815281485547,
        130.63672756661816,
        130.5582962523775,
        130.48284674989645,
        130.41035945091295,
        130.3408033934221,
        130.2739605540466,
        130.11996848578315,
        129.9528235137036,
        129.80059038917767,
        129.66287851887353,
        129.53933032230952,
        129.42961623513122,
        129.33342565928203,
        129.2504605274001,
        129.1804247267161,
        129.12301017215557,
        129.07788326029075,
        129.04466335335889,
        129.02289935176276,
        129.01203492928835,
        129.01136338918928,
        129.01996770388345,
        129.03665825992792,
        129.0599574913846,
        129.08820887436656,
        129.1198287552369,
        129.15354411855316,
        129.18846692613533,
        129.22402783370774,
        129.25987487867823,
        129.29579193109333,
        129.33164600247767,
        129.36735437378542,
        129.40286672032508,
        129.43815205000922,
        129.4731914690863,
        129.5079759458228,
        129.54250035187957,
        129.57676462952173,
        129.61268212050197,
        129.65273210576248,
        129.69691313167044,
        129.745204239792,
        129.79757574304887,
        129.85398717054312,
        129.91438801144102,
        129.9787149595518,
        130.04688881532053,
        130.11881147060922,
        130.194359095899,
        130.27337789889896,
        130.35568169248762,
        130.4410507772542,
        130.52923835230024,
        130.61999063684567,
        130.71309255434298,
        130.80840031797965,
        130.90583236516483,
        131.0053528148141,
        131.10695072256675,
        131.21063022231698,
        131.31640364295853,
        131.4242877154193,
        131.53430105605327,
        131.64646233068004,
        131.7607901416174,
        131.87730323125066,
        131.99601655397396,
        132.11694554242894,
        132.2401032770946,
        132.36550187588026,
        132.49315127526756,
        132.62306102998403,
        132.7552385880707,
        132.88968998396604,
        133.02642028279303,
        133.16543419821178,
        133.30673465585022,
        133.4503238130069,
        133.5962040447667,
        133.74437476210636,
        133.89483657139283,
        134.04758793387936,
        134.20262703710483,
        134.35995066502585,
        134.51955334914297,
        134.6814282523774,
        134.84556725553495,
        135.0119559719226,
        135.18057486790502,
        135.35139558638576,
        135.52438093080744,
        135.69948080469783,
        135.876621135263,
        136.05569876221904,
        136.23664921393055,
        136.41941755141573,
        136.60393199306122,
        136.7900920590542,
        136.97777733545993,
        137.1668855221534,
        137.35733804652796,
        137.54908933396337,
        137.74209429686348,
        137.93630838622323,
        138.13168562276726,
        138.32818058482962,
        138.5257474894108,
        138.7243403975791,
        138.92391304721664,
        139.1244191381411,
        139.32581216738032,
        139.52804538768828,
        139.73107215092156,
        139.934845219412,
        140.13931729219968,
        140.34444073612295,
        140.5501673341529,
        140.7564487857967,
        140.96323561244682,
        141.17048140081855,
        141.3781406429381,
        141.58616850116312
    ]
}