{
    "yield_linear": 5.853863747900449,
    "error_linear": 0.6084090475783763,
    "error_log": 0.10393290205918933
}