{
    "start": 0,
    "stop": 25,
    "levels": [
        133.23264179798713,
        133.14716237247504,
        133.06470840264075,
        132.98520918212398,
        132.90859440933434,
        132.83479715168545,
        132.76316779011836,
        132.69035414122385,
        132.61612172996362,
        132.54133306437933,
        132.4671098438377,
        132.39431545130134,
        132.32345627510435,
        132.25480622901281,
        132.18850650321565,
        132.12462544858047,
        132.06318870840175,
        132.0041946183097,
        131.9476252715037,
        131.89345216479663,
        131.8416401248724,
        131.79214932606942,
        131.7449373656432,
        131.69996032221212,
        131.65717305552684,
        131.616530667354,
        131.57798833236208,
        131.54149997526898,
        131.50702325116865,
        131.47451316827366,
        131.44392872638545,
        131.41522680843048,
        131.38836715883133,
        131.36331000436098,
        131.3400167310256,
        131.31844936791515,
        131.2985711091016,
        131.280346134707,
        131.26373953486123,
        131.24871742403062,
        131.23524723156834,
        131.22329593871282,
        131.21283222375544,
        131.2038268537025,
        131.19624952989196,
        131.1900719077755,
        131.18526567142428,
        131.18180394543046,
        131.17966342072734,
        131.17880920161892,
        131.17922584657828,
        131.18088394711884,
        131.18376204444047,
        131.18783695009793,
        131.1930853984007,
        131.1994859756956,
        131.207017159488,
        131.2156587124885,
        131.22539016971146,
        131.2361920160779,
        131.24804500512744,
        131.2609302351355,
        131.27483035312042,
        131.28972691822295,
        131.30560282222456,
        131.32244149341113,
        131.3402261815545,
        131.3589408907204,
        131.3785703104965,
        131.39909878393195,
        131.42051188793556,
        131.44279468719657,
        131.46593320917464,
        131.48991351048696,
        131.51472220687134,
        131.5403456776865,
        131.5667716650409,
        131.59398759656693,
        131.62198016964433,
        131.65073833750907,
        131.68025021843093,
        131.71050380933713,
        131.74148812213747,
        131.77319277633262,
        131.8056055346865,
        131.8387172358725,
        131.8725171363982,
        131.90699528327178,
        131.94214146853022,
        131.9779464040999,
        132.0144005260823,
        132.05149459179268,
        132.08921954986198,
        132.12756653971707,
        132.16652687762044,
        132.2060924848483,
        132.24625410732034,
        132.2870038238932,
        132.32833423651488,
        132.3702371668134,
        132.41270493479868,
        132.45573000245696,
        132.49930530201075,
        132.54342265609407,
        132.58807589903242,
        132.633257758967,
        132.67896140377522,
        132.72518012883023,
        132.77190736779883,
        132.81913666659105,
        132.8668621409197,
        132.915076321924,
        132.96377446658988,
        133.012949892626,
        133.0625968757316,
        133.11270947839392,
        133.1632825274987,
        133.2143096944357,
        133.26578632448144,
        133.3177064581085,
        133.37006531139673,
        133.4228572743992,
        133.47607715842057,
        133.5297206474915,
        133.58378210312225,
        133.63825708931967,
        133.69314076720988,
        133.74842867351384,
        133.8041155971517,
        133.86019762751542,
        133.9166701306755,
        133.97352874400343,
        134.0307691760995,
        134.08838720566786,
        134.1463786804363,
        134.20473951536417,
        134.26346569201485,
        134.3225532566653,
        134.38199831897325,
        134.44179743714056,
        134.5019459804932,
        134.56244073902766,
        134.62327806011166,
        134.6844543478683,
        134.74596606200564,
        134.80780972521015,
        134.86998188341207,
        134.93247915901762,
        134.99529823189366,
        135.05843583529662,
        135.1218887456988,
        135.18565378069374,
        135.24972780942412,
        135.31410774670266,
        135.37879056643575,
        135.44377324860056,
        135.50905288762112,
        135.57462654689704,
        135.64049135977015,
        135.70664449168686,
        135.77308321804313,
        135.83980473895718,
        135.90680633546097,
        135.97408529261088,
        136.04163962908376,
        136.1094653422218,
        136.1775612675388,
        136.24592423838627,
        136.31455186330894,
        136.38344172993558,
        136.45259136759907,
        136.52199845079406,
        136.59166073001302,
        136.66157567654156,
        136.73174112575774,
        136.80215476058112,
        136.87281438477166,
        136.9437178308122,
        137.01486286345755,
        137.0862474126823,
        137.15786938548052,
        137.2297264395581,
        137.30181693012213,
        137.3741386565408,
        137.446689724885,
        137.51946776633386,
        137.59247117467348,
        137.66569794804343,
        137.73914618030147,
        137.81281398673931,
        137.88669950752654,
        137.96080086411294,
        138.03511645759644,
        138.10964417973608,
        138.1843825248853,
        138.25932964549386,
        138.33448378532702,
        138.40984325208626,
        138.48540640324444,
        138.5611716172261,
        138.63713751401173
    ]
}