{
    "yield_pre": 15.452535095745937,
    "error_pre": 1.297732729333967
}