{
    "yield_post": 16.143831374247508,
    "error_post": 1.3638718146025302
}