{
    "start": 10,
    "stop": 25,
    "levels": [
        128.39079657435258,
        127.79058791839327,
        127.16781036487319,
        126.5178088726799,
        125.83383002770586,
        125.10585670344275,
        124.3285781302599,
        123.53738915414128,
        122.79312287103036,
        122.12253928118912,
        121.53057774445625,
        121.01517167642157,
        120.57702633987108,
        120.21378631976197,
        119.9221319242385,
        119.69894609141315,
        119.54115341208544,
        119.44548349641178,
        119.4082484583675,
        119.42521193841499,
        119.49159268234003,
        119.60218679155179,
        119.7515552489539,
        119.93422828034954,
        120.14489105669645,
        120.37853386501212,
        120.6306083349344,
        120.89722328118005,
        121.17528489846343,
        121.46243553883605,
        121.75668307744179,
        122.05662795281334,
        122.3612733498017,
        122.66970292267925,
        122.9811127654987,
        123.29480811110244,
        123.61019595702251,
        123.92677364847881,
        124.24412030627016,
        124.56188460944496,
        124.8797742983377,
        125.19754802405583,
        125.51500718703954,
        125.83198822093948,
        126.14835566130095,
        126.46399998316977,
        126.77883336140408,
        127.09278270232946,
        127.40578956781917,
        127.71780797890354,
        128.0288009021677
    ]
}