{
    "nbins": 50,
    "range_": [
        10.0,
        25.0
    ],
    "nburnin": 100,
    "nsamples": 100000,
    "nrepeats": 100,
    "seed": 0,
    "step_size": 0.2,
    "prob_eye": 0.1,
    "yields": [
        61,
        92,
        195,
        375,
        778,
        1759,
        4030,
        9006,
        18436,
        35623,
        64880,
        111741,
        177953,
        267196,
        374025,
        487789,
        603411,
        702233,
        777153,
        811828,
        815270,
        781100,
        718458,
        639644,
        550712,
        459888,
        374902,
        299014,
        232439,
        178792,
        133690,
        100246,
        74053,
        54085,
        39085,
        28519,
        20398,
        14565,
        10366,
        7477,
        5354,
        3780,
        2750,
        1962,
        1456,
        1025,
        712,
        490,
        355,
        245
    ],
    "errors": [
        14.063783274780643,
        14.190137420053407,
        22.599778759979042,
        29.30443652418521,
        41.53504544357691,
        71.37359455709093,
        108.2635672791175,
        189.45616907348253,
        282.59695681305556,
        387.1326775150866,
        527.698777713195,
        798.8192473895454,
        1064.6120936754382,
        1199.5240055955528,
        1288.9510269983107,
        1519.8466337101254,
        1738.3353502704824,
        1510.4820786755465,
        1646.3204153505478,
        1681.3554531984007,
        1269.9728343551287,
        1325.4282326855723,
        1248.2332955020868,
        1400.4951410126346,
        1461.9085333905127,
        1251.1285145819354,
        1237.2105560493737,
        1207.9942218404856,
        1018.7432404683723,
        932.6582225016837,
        843.9437185026026,
        688.6659858015349,
        638.3783439309326,
        472.8707540121296,
        351.86751768243676,
        303.14582299612835,
        269.6552613986977,
        227.47032773528946,
        179.64531722257607,
        151.97930780208202,
        110.01290833352238,
        123.17467272130257,
        85.21150157109075,
        81.66737414659542,
        69.76130732719965,
        53.95136698916906,
        46.803418678553825,
        34.0440890610984,
        31.316928329579202,
        24.428467000612212
    ]
}