{
    "start": 0,
    "stop": 30,
    "levels": [
        122.96059335039715,
        122.90689376072424,
        122.85478346681585,
        122.80424362891362,
        122.75525570429464,
        122.70780112784612,
        122.66186150825257,
        122.61741862329825,
        122.57445438516092,
        122.53295088889973,
        122.49289039675767,
        122.45425535670574,
        122.41702837645073,
        122.3811922916811,
        122.34673010539905,
        122.31362502498567,
        122.28186045751063,
        122.25142001169633,
        122.22228749985231,
        122.1944469390821,
        122.16788255311502,
        122.14257884070585,
        122.11852031424647,
        122.09569187443566,
        122.07407857067949,
        122.05366565756117,
        122.03443859411817,
        122.01638302913973,
        121.99948483847659,
        121.98373008920586,
        121.96910504565705,
        121.9555961694533,
        121.94318964960752,
        121.93187322578964,
        121.92163351815638,
        121.9124577592539,
        121.90433336913529,
        121.89724795387518,
        121.89118930187009,
        121.88614576113065,
        121.88210456564181,
        121.87905463355938,
        121.8769844112271,
        121.87588262298144,
        121.87573827277099,
        121.87653986939966,
        121.87827705769703,
        121.88093855033293,
        121.88451456750758,
        121.88899447118007,
        121.89436808797399,
        121.90062512595674,
        121.90775598103887,
        121.91575066169143,
        121.92459936663045,
        121.93429330544913,
        121.94482280062215,
        121.95617866948342,
        121.96835186261708,
        121.98133346436904,
        121.9951146904148,
        122.00968688570038,
        122.02504152228227,
        122.04117019721755,
        122.05806463045542,
        122.07571666274916,
        122.0941182538138,
        122.1132615773028,
        122.13313863223823,
        122.15374181825271,
        122.1750635507778,
        122.19709635425654,
        122.2198328606193,
        122.24326580714126,
        122.26738803491469,
        122.29219248711922,
        122.31767220715312,
        122.34382033696573,
        122.37063011541058,
        122.39809501004248,
        122.42620817757626,
        122.45496327619597,
        122.48435391622537,
        122.51437379697656,
        122.54501670984136,
        122.57627652439706,
        122.60814719632017,
        122.64062276614902,
        122.67369735613866,
        122.70736516896977,
        122.7416204863116,
        122.77645766758305,
        122.8118711487086,
        122.84785544067168,
        122.88440512858261,
        122.92151487010767,
        122.95917939454418,
        122.99739350157137,
        123.03615206000659,
        123.07545000667659,
        123.11528234536681,
        123.15564414565245,
        123.19653054179321,
        123.23793673164707,
        123.2798579757051,
        123.32228959601217,
        123.36522697521615,
        123.40866555988946,
        123.452600853543,
        123.49702841618482,
        123.54194387860879,
        123.587342658777,
        123.63322088793774,
        123.67957419592463,
        123.72639840220282,
        123.77368934276967,
        123.8214430002522,
        123.86965533555076,
        123.91832245010553,
        123.967440070306,
        124.01700539702061,
        124.06701338831644,
        124.11746076926687,
        124.16834380493201,
        124.21965881263552,
        124.27140215798948,
        124.32357025107648,
        124.37615954545846,
        124.42916605376894,
        124.48258727062388,
        124.53641930309371,
        124.59065877193515,
        124.64530233806505,
        124.70034670201227,
        124.75578860314266,
        124.81162481921812,
        124.86785216585481,
        124.92446749576027,
        124.98146769844118,
        125.03884969940437,
        125.09661045984845,
        125.15474697589738,
        125.21325627832152,
        125.27213543184637,
        125.3313815347528,
        125.39099171834476,
        125.45096314648691,
        125.51129301514294,
        125.57197855185484,
        125.63301701530646,
        125.69440569494658,
        125.75614191045612,
        125.8182230112973,
        125.88064637639678,
        125.94340941366147,
        126.0065095595323,
        126.06994427860863,
        126.13371106331658,
        126.19780743337435,
        126.26223093557708,
        126.32697914321713,
        126.39204965590672,
        126.45744009912272,
        126.52314812382276,
        126.5891714061377,
        126.6555076470082,
        126.72215457183407,
        126.78910993012775,
        126.85637149526094,
        126.92393706399939,
        126.99180445631642,
        127.0599715150115,
        127.12843619994493,
        127.19719621101879,
        127.2662495507511,
        127.3355941500941,
        127.40522796169115,
        127.47514895905358,
        127.54535513645831,
        127.61584450864186,
        127.68661511066209,
        127.75766499741692,
        127.82899224355882,
        127.90059494317737,
        127.97247120960053,
        128.0446191749465,
        128.11703699013418,
        128.18972282449323,
        128.2626747562948,
        128.33589120827844,
        128.40937029568283,
        128.48311025916024,
        128.5571093567658,
        128.6313658635564,
        128.70587807145168,
        128.78064428892947,
        128.85566284094398,
        128.93093242987197,
        129.00645061051856,
        129.08221622696257,
        129.15822765836165
    ]
}