{
    "start": 40,
    "stop": 160,
    "anchors": [],
    "levels": [
        103.3831645530886,
        102.9906985269134,
        102.60496463344107,
        102.2260616756434,
        101.8540771985614,
        101.48908326230291,
        101.13113934875282,
        100.78028436918656,
        100.43654820125337,
        100.09995042113829,
        99.77050069159316,
        99.44820022614535,
        99.13304220763534,
        98.82501234984859,
        98.52409001250119,
        98.2302476599767,
        97.94345105421174,
        97.66365984756564,
        97.39082734751611,
        97.12490203387577,
        96.8658285893233,
        96.61354775147008,
        96.36799360618906,
        96.12909774289967,
        95.89678560714891,
        95.67097913756118,
        95.45159667690629,
        95.2385532392547,
        95.03176037510029,
        94.83112786996166,
        94.63656337788416,
        94.44797253119147,
        94.26525961407894,
        94.0883273838224,
        93.91707860168616,
        93.75141463595116,
        93.59123700494472,
        93.43644713757942,
        93.28694647442747,
        93.14263695748284,
        93.0034210446132,
        92.86920194965735,
        92.73988359638567,
        92.6153710005329,
        92.49557035474535,
        92.3803888994235,
        92.26973522688407,
        92.16351941097594,
        92.06165278652766,
        91.9640482664724,
        91.87062025063936,
        91.78128472257845,
        91.69595921851416,
        91.61456290308601,
        91.53701659519912,
        91.46324249650316,
        91.393164157426,
        91.32670793965326,
        91.26380017497007,
        91.20436975791186,
        91.14834688964619,
        91.09566322940086,
        91.04625213725613,
        91.00004758695312,
        90.95698585352513,
        90.9170043650695,
        90.88004181184137,
        90.84603810818368,
        90.81493487512175,
        90.78667418879012,
        90.76120001881063,
        90.73845725131024,
        90.71839208957827,
        90.70095114446457,
        90.6860830942684,
        90.67373709067633,
        90.66386312539981,
        90.65641262962929,
        90.65133783313148,
        90.64859145020327,
        90.64812716181126,
        90.64990041892841,
        90.6538662927127,
        90.6599814156486,
        90.66820285314792,
        90.67848866282249,
        90.69079725686791,
        90.70508767241991,
        90.72132044090182,
        90.7394560388108,
        90.75945577399779,
        90.78128157841265,
        90.8048959894486,
        90.83026213243939,
        90.85734370460636,
        90.88610495931053,
        90.91651069102471,
        90.94852622088268,
        90.98211738246374,
        91.01725050949051,
        91.05389242366408,
        91.09201041936409,
        91.13157225494045,
        91.17254614062888,
        91.21490072788701,
        91.25860509733782,
        91.30362875260688,
        91.34994160897672,
        91.39751398289629,
        91.44631658555349,
        91.4963205134518,
        91.54749724054508,
        91.59981861079943,
        91.65325681420568,
        91.70778445063955,
        91.76337441327291,
        91.81999995763292,
        91.87763467672143,
        91.93625249557948,
        91.9958276660141,
        92.05633476288187,
        92.11774867904553,
        92.18004462182597,
        92.24319810948286,
        92.30718449131977,
        92.37198075980476,
        92.43756294450515,
        92.50390777456052,
        92.57099227703007,
        92.6387937755195,
        92.70728988925886,
        92.77645853251337,
        92.84627791437953,
        92.9167263746984,
        92.98778299457747,
        93.05942674133996,
        93.13163700654377,
        93.20439344783816,
        93.27767611576998,
        93.35146527798759,
        93.42574153494719,
        93.50048579572912,
        93.57567928112144,
        93.65130352695091,
        93.72734038761365,
        93.80377203976303,
        93.88058098614388,
        93.95775005949851,
        94.03526242652872,
        94.11310159184993,
        94.19125140190603,
        94.26969604876321,
        94.34842007377095,
        94.4274083709901,
        94.50664619036543,
        94.58611914059075,
        94.66581319158149,
        94.74571467654049,
        94.8258102935584,
        94.90608710669002,
        94.98653254651808,
        95.06713441010814,
        95.14788086040228,
        95.22876042497677,
        95.30976199422645,
        95.39087481889109,
        95.4720885070167,
        95.55339287567979,
        95.63477756154901,
        95.71623238815592,
        95.7977474735755,
        95.87931322834719,
        95.96092035311067,
        96.04255983606222,
        96.12422293877206,
        96.20590097041965,
        96.28758525355565,
        96.36926735690962,
        96.45093910975092,
        96.53259259945399,
        96.61422016888508,
        96.6958144133666,
        96.77736817743335,
        96.85887455126318,
        96.94032686681838,
        97.02171869399133,
        97.10304383498114,
        97.18429632092806,
        97.26549705122692,
        97.3465605134929,
        97.42756097956459,
        97.50846638212889,
        97.58927092448846,
        97.66996997959502,
        97.75055812266352,
        97.83103037845353,
        97.91138247162506,
        97.99160961815828,
        98.07170749500753,
        98.15167180082986,
        98.23149838580842
    ]
}