{
    "start": 40,
    "stop": 160,
    "anchors": [],
    "levels": [
        103.3831645530886,
        102.99069852691818,
        102.60496463344063,
        102.2260616756434,
        101.8540771985614,
        101.48908326230321,
        101.13113934875282,
        100.78028436918656,
        100.43654820125337,
        100.09995042113832,
        99.77050069159316,
        99.44820022614489,
        99.13304220763534,
        98.82501234984882,
        98.52409001250119,
        98.2302476599767,
        97.94345105421174,
        97.66365984756564,
        97.39082734751611,
        97.12490203387463,
        96.8658285893233,
        96.61354775147008,
        96.36799360618906,
        96.12909774289967,
        95.89678560714891,
        95.67097913756066,
        95.45159667690629,
        95.2385532392547,
        95.03176037510029,
        94.83112786996166,
        94.6365633778853,
        94.44797253119147,
        94.26525961407894,
        94.0883273838224,
        93.91707860168616,
        93.75141463595116,
        93.59123700494472,
        93.43644713758029,
        93.28694647442747,
        93.14263695748284,
        93.0034210446132,
        92.86920194965782,
        92.73988359638841,
        92.61537100053292,
        92.49557035474535,
        92.3803888994235,
        92.26973522688407,
        92.16351941097594,
        92.06165278652766,
        91.96404826646877,
        91.87062025063936,
        91.78128472257845,
        91.69595921851773,
        91.61456290308601,
        91.53701659519912,
        91.46324249650316,
        91.393164157426,
        91.32670793965326,
        91.26380017497007,
        91.20436975791186,
        91.14834688964575,
        91.09566322940086,
        91.0462521372561,
        91.00004758695312,
        90.95698585352513,
        90.9170043650695,
        90.88004181184137,
        90.84603810818368,
        90.81493487512171,
        90.78667418879012,
        90.76120001881063,
        90.73845725131024,
        90.71839208957827,
        90.70095114446481,
        90.6860830942684,
        90.67373709067633,
        90.66386312540072,
        90.65641262962929,
        90.65133783313148,
        90.64859145020327,
        90.64812716181126,
        90.64990041892841,
        90.6538662927127,
        90.6599814156486,
        90.66820285314792,
        90.67848866282249,
        90.69079725686791,
        90.70508767241991,
        90.72132044090182,
        90.7394560388108,
        90.75945577399779,
        90.78128157841309,
        90.8048959894486,
        90.83026213244236,
        90.85734370460636,
        90.88610495931053,
        90.9165106910284,
        90.94852622088268,
        90.98211738246374,
        91.01725050949051,
        91.05389242366408,
        91.09201041936358,
        91.13157225494045,
        91.17254614062917,
        91.21490072788701,
        91.25860509733782,
        91.30362875260688,
        91.34994160897672,
        91.39751398289629,
        91.44631658555349,
        91.4963205134518,
        91.54749724054508,
        91.59981861079943,
        91.65325681420568,
        91.70778445063955,
        91.76337441327291,
        91.81999995763292,
        91.87763467672143,
        91.93625249557948,
        91.9958276660141,
        92.05633476288187,
        92.11774867904553,
        92.18004462182597,
        92.24319810948299,
        92.30718449131977,
        92.37198075980476,
        92.43756294450499,
        92.50390777456052,
        92.57099227703007,
        92.6387937755195,
        92.70728988925867,
        92.77645853251337,
        92.84627791437492,
        92.91672637469843,
        92.98778299457747,
        93.05942674133996,
        93.13163700654377,
        93.20439344783905,
        93.27767611576955,
        93.35146527798621,
        93.42574153494932,
        93.50048579572943,
        93.57567928112066,
        93.65130352695083,
        93.72734038761202,
        93.80377203976298,
        93.88058098614428,
        93.95775005950156,
        94.03526242652943,
        94.11310159185004,
        94.1912514019051,
        94.26969604876528,
        94.34842007377108,
        94.42740837098975,
        94.50664619036476,
        94.58611914059028,
        94.66581319158051,
        94.74571467654046,
        94.82581029355666,
        94.90608710669063,
        94.98653254651815,
        95.06713441010811,
        95.14788086040038,
        95.22876042497644,
        95.30976199422636,
        95.39087481889057,
        95.47208850701507,
        95.5533928756778,
        95.63477756154745,
        95.71623238815151,
        95.79774747357561,
        95.87931322834822,
        95.96092035311104,
        96.04255983606251,
        96.12422293877027,
        96.20590097042137,
        96.28758525355485,
        96.3692673569092,
        96.45093910974661,
        96.53259259945399,
        96.61422016888476,
        96.69581441336678,
        96.77736817743296,
        96.85887455126293,
        96.94032686681903,
        97.0217197772429,
        97.10304383465223,
        97.18429632098263,
        97.26547040782923,
        97.34660762939691,
        97.42756097956509,
        97.50846628345971,
        97.58927092448936,
        97.66996982594078,
        97.75055812265876,
        97.83103037845378,
        97.91138247162503,
        97.99160961815788,
        98.07170749501717,
        98.1516718008317,
        98.23149838580791
    ]
}