{
    "yield_linear": 87.82295072484791,
    "error_linear": 12.64799000722831,
    "error_log": 0.14401691019076393
}