{
    "yield_linear": 4.465919136240731,
    "error_linear": 0.5530977955407569,
    "error_log": 0.12384859167117321
}