{
    "nbins": 50,
    "range_": [
        0.0,
        30.0
    ],
    "nburnin": 100,
    "nsamples": 100000,
    "nrepeats": 100,
    "seed": 0,
    "step_size": 0.5,
    "prob_eye": 0.1,
    "yields": [
        40633,
        80597,
        178365,
        396988,
        765390,
        1148563,
        1359084,
        1336301,
        1136567,
        886847,
        655488,
        473026,
        338652,
        245893,
        179512,
        134530,
        102888,
        79268,
        61627,
        50160,
        40320,
        32529,
        27470,
        22386,
        18708,
        16180,
        13920,
        11804,
        10109,
        8422,
        7332,
        6657,
        5572,
        5502,
        4523,
        4087,
        3413,
        3296,
        2911,
        2573,
        2219,
        2067,
        1887,
        1633,
        1588,
        1444,
        1299,
        1274,
        1167,
        986
    ],
    "errors": [
        365.7213556794298,
        517.7382639905998,
        932.263240721203,
        1499.9588527689684,
        1885.5728572505493,
        2389.8144928006445,
        2164.9613021945684,
        2772.6837161854583,
        2174.2272443330294,
        1876.8188271647318,
        1702.7438327593493,
        1583.8918018602158,
        1158.6202829227527,
        1032.7122106376007,
        770.0652959327535,
        763.7977480982777,
        605.5795240924184,
        537.1124277095067,
        503.09413632043055,
        408.62696925190824,
        391.9770401439349,
        305.24185492818646,
        348.81370385923776,
        275.3725476513591,
        253.38776608194797,
        258.9015256810975,
        271.94117010853654,
        204.0388198358342,
        185.65610682118702,
        130.0429159931444,
        155.58200410073144,
        148.98493212402389,
        122.92339077653207,
        123.13391084506334,
        123.28710394846658,
        98.9712584541593,
        101.40665658624192,
        110.35325097159574,
        97.92747316254001,
        88.45173825312877,
        76.84653538058824,
        80.43699397665229,
        69.88068402641747,
        71.27489038925279,
        63.65972038895553,
        63.40851677811115,
        52.810889028684244,
        59.87687366588203,
        55.155326125406965,
        53.72187636335872
    ]
}