{
    "yield_pre": 2.055700983473995,
    "error_pre": 0.7866815485315612
}