{
    "nbins": 50,
    "range_": [
        0.0,
        10.0
    ],
    "nburnin": 100,
    "nsamples": 100000,
    "nrepeats": 100,
    "seed": 0,
    "step_size": 0.5,
    "prob_eye": 0.1,
    "yields": [
        12200,
        23518,
        44028,
        81533,
        143754,
        240663,
        369427,
        517490,
        660415,
        777490,
        848816,
        869788,
        838330,
        775957,
        695682,
        602084,
        508980,
        418895,
        340554,
        272608,
        217128,
        170491,
        131278,
        101381,
        78145,
        59710,
        45788,
        34125,
        25750,
        19549,
        14683,
        11300,
        8178,
        6349,
        4822,
        3692,
        2753,
        2154,
        1517,
        1224,
        879,
        665,
        568,
        435,
        311,
        218,
        216,
        121,
        85,
        102
    ],
    "errors": [
        170.6575518399347,
        262.76750179578914,
        378.9883375514344,
        449.95567559483015,
        634.8281972313453,
        989.6490842717941,
        1199.7498530943856,
        1239.2864882665347,
        1581.9515637338586,
        1633.2859516937015,
        1568.0680597474077,
        1653.249696809287,
        1568.4721865560766,
        1592.7060337676883,
        1443.8153483046233,
        1271.5264212748393,
        1138.16343290408,
        965.6276456274436,
        977.6987470586223,
        968.6957004137058,
        739.4106842614594,
        681.2900923982381,
        612.4468630011913,
        541.0373277325697,
        469.49414266846816,
        453.9746688968449,
        384.63561977539223,
        341.14036700455136,
        244.29285703843246,
        231.72179440009526,
        181.13561218048756,
        156.23059879549845,
        146.25033333295346,
        126.12291623650319,
        110.63073713936832,
        96.24635058016487,
        92.47113063005125,
        76.25509819021939,
        65.66665820642925,
        66.43974713979577,
        40.132156682640414,
        43.55169342287393,
        33.31306050185122,
        33.14739808793445,
        28.527004749885666,
        24.264377181374343,
        22.39285600364545,
        15.446358794227201,
        12.27802915780867,
        17.086837039077768
    ]
}