{
    "start": 0,
    "stop": 5,
    "levels": [
        92.68329969497232,
        92.43992666708951,
        92.19180799653896,
        91.93869286334068,
        91.6803935828406,
        91.41688900331017,
        91.14856251870907,
        90.87678189601931,
        90.60540363113753,
        90.34472236450439,
        90.11937739182093,
        89.96914230204209,
        89.9225472578448,
        89.97796871204993,
        90.11581249523273,
        90.31341782119324,
        90.54918789632983,
        90.80420319704986,
        91.06571374802984,
        91.32711759088686,
        91.58548168454263,
        91.83963046238512,
        92.08918165486445,
        92.33410895391351,
        92.57454403649238,
        92.81068466786792,
        93.04275105065838,
        93.27096491413259,
        93.49553969937018,
        93.71667627893537,
        93.93456147856361,
        94.14936800737352,
        94.36125507394597,
        94.57036930633566,
        94.77684578189218,
        94.98080905482983,
        95.18237413505214,
        95.38164739460817,
        95.57872738948357,
        95.77370560468944,
        95.96666711886346,
        96.15769119977617,
        96.34685183565347,
        96.53421820985186,
        96.7198551227588,
        96.9038233722095,
        97.08618009033606,
        97.26697904823456,
        97.44627092832499,
        97.6241035695397,
        97.80052218852447
    ]
}