{
    "start": 0,
    "stop": 5,
    "levels": [
        92.68329917418265,
        92.43992659479048,
        92.19180780054802,
        91.93869277051176,
        91.68039335710935,
        91.4168888414828,
        91.14856221228726,
        90.87678192733384,
        90.60540352588811,
        90.34472225023212,
        90.11937753665026,
        89.96914226328511,
        89.92254725785833,
        89.97796864520282,
        90.11581266298212,
        90.31341801255047,
        90.54918560204591,
        90.80420301309488,
        91.06571380234557,
        91.32711754424446,
        91.5854817097086,
        91.83963037184972,
        92.08918181302708,
        92.33410886173047,
        92.57454390280985,
        92.81068468072864,
        93.0427513141512,
        93.27096498540395,
        93.49553976069676,
        93.71667613346739,
        93.93456116441226,
        94.14936780228147,
        94.36125497183451,
        94.5703692783642,
        94.77684584020983,
        94.98080907193554,
        95.18237452418336,
        95.38164755691783,
        95.5787273118315,
        95.77370559554598,
        95.96666720920926,
        96.15769120385988,
        96.34685166844542,
        96.53421821059801,
        96.71985514593933,
        96.90382308291034,
        97.08618007208224,
        97.26697894579166,
        97.4462709255398,
        97.62410357123395,
        97.80052232619339
    ]
}