{
    "yield_linear": 1.1934287451129153,
    "error_linear": 0.30937238187695987,
    "error_log": 0.2592298728716215
}