{
    "start": 0,
    "stop": 10,
    "levels": [
        92.2780340070497,
        92.0539310984954,
        91.87501601830417,
        91.73466025402205,
        91.62630810017554,
        91.54490629158897,
        91.48637326605821,
        91.44744240441845,
        91.42630580129274,
        91.41825247866296,
        91.42405556279022,
        91.44136883410185,
        91.46893549570844,
        91.50567574811102,
        91.55072111983937,
        91.60320112682304,
        91.66251418911976,
        91.72804204411447,
        91.79928541675737,
        91.87574281011754,
        91.95706486367527,
        92.04288871597936,
        92.13281922677146,
        92.2265893968261,
        92.323987259461,
        92.42474783198155,
        92.52870663744373,
        92.63564977855089,
        92.74530046841171,
        92.85765581687188,
        92.9723867671673,
        93.0894262187658,
        93.20874453761307,
        93.33019613543676,
        93.45367103914724,
        93.5789721797997,
        93.70618263871087,
        93.83499565190807,
        93.96563368599163,
        94.09731799738756,
        94.23113028752212,
        94.36608255185809,
        94.50253260822886,
        94.64017016367379,
        94.77917159725082,
        94.91933557276069,
        95.06070648035913,
        95.20314808620012,
        95.3467829840249,
        95.49131256830456,
        95.63688425700296
    ]
}