{
    "yield_linear": 2.3023462519264086,
    "error_linear": 0.4204572952127701,
    "error_log": 0.1826212260041108
}