{
    "start": 0,
    "stop": 20,
    "levels": [
        132.67063802802693,
        132.72645909517473,
        132.78410290992093,
        132.84342855748304,
        132.9043104649975,
        132.96663630852294,
        133.03030525552708,
        133.09522648192478,
        133.1613179156172,
        133.22850516710855,
        133.29672061538108,
        133.36590262375017,
        133.43599486383462,
        133.5069457312992,
        133.57870783844282,
        133.651237572556,
        133.7244947095724,
        133.79844163705252,
        133.8730447608802,
        133.948271756923,
        134.02409295117792,
        134.1004807208479,
        134.17740931122663,
        134.25485467215478,
        134.33279431185446,
        134.41120716615686,
        134.4900734809474,
        134.5693747064053,
        134.64909340049653,
        134.7292131438959,
        134.80971846509695,
        134.89059475764253,
        134.9718282371725,
        135.05340586690753,
        135.13531530650494,
        135.21754486475874,
        135.30008345518422,
        135.38292055502689,
        135.46604616797651,
        135.54945078965346,
        135.63312537608687,
        135.71706131489685,
        135.80125039729356,
        135.88568479398396,
        135.97035703246044,
        136.05525997544447,
        136.14038680123562,
        136.22573098541434,
        136.31128628386003,
        136.39704671699732,
        136.4830065550487,
        136.56916030443222,
        136.6555026948446,
        136.7420286675455,
        136.82873336404595,
        136.91561211575043,
        137.00266043429252,
        137.08987400229037,
        137.1772486648286,
        137.26478042138922,
        137.3524654184461,
        137.44029994212244,
        137.5282804118313,
        137.61640337374354,
        137.70466549498389,
        137.79306355804093,
        137.88159445559836,
        137.9702551853943,
        138.0590428456969,
        138.14795463081398,
        138.23698782690605,
        138.32613980805743,
        138.41540803244058,
        138.50479003896064,
        138.59428344359276,
        138.68388593644258,
        138.77359527863217,
        138.86340929935022,
        138.9533258932806,
        139.04334301781023,
        139.13345869071387,
        139.22367098773398,
        139.31397804037414,
        139.4043780337359,
        139.49486920449561,
        139.5854498389795,
        139.6761182713739,
        139.76687288183393,
        139.8577120945293,
        139.94863437686448,
        140.03963823775302,
        140.13072222554635,
        140.22188492687587,
        140.31312496553218,
        140.4044410009356,
        140.49583172707327,
        140.5872958713179,
        140.67883219317523,
        140.7704394833814,
        140.86211656273926,
        140.9538622811801,
        141.04567551679588,
        141.13755517497725,
        141.2295001874752,
        141.32150951154958,
        141.41358212922847,
        141.50571704655894,
        141.59791329270124,
        141.69016991933972,
        141.7824860000159,
        141.8748606293862,
        141.96729292260028,
        142.05978201473022,
        142.152327060134,
        142.24492723189073,
        142.33758172125818,
        142.43028973721306,
        142.52305050582427,
        142.61586326987197,
        142.7087272882125,
        142.8016418354597,
        142.89460620152295,
        142.9876196911378,
        143.08068162353737,
        143.17379133200797,
        143.266948163406,
        143.36015147797056,
        143.4534006488586,
        143.54669506177103,
        143.64003411472194,
        143.73341721761062,
        143.82684379195365,
        143.92031327061375,
        144.01382509745343,
        144.10737872709515,
        144.20097362458867,
        144.29460926519945,
        144.38828513411846,
        144.48200072626733,
        144.57575554597676,
        144.6695491068067,
        144.7633809313345,
        144.85725055081093,
        144.9511575051397,
        145.04510134256452,
        145.1390816194071,
        145.2330979000173,
        145.32714975647028,
        145.42123676838827,
        145.51535852289018,
        145.60951461423036,
        145.70370464380287,
        145.79792821982477,
        145.89218495733277,
        145.9864744778522,
        146.08079640946366,
        146.1751503864508,
        146.26953604928232,
        146.36395304443386,
        146.4584010242703,
        146.5528796469473,
        146.64738857613222,
        146.74192748112088,
        146.83649603649758,
        146.9310939221782,
        147.02572082322672,
        147.12037642967465,
        147.21506043659113,
        147.3097725438494,
        147.4045124560129,
        147.4992798823153,
        147.5940745364902,
        147.68889613676873,
        147.78374440566984,
        147.87861907006496,
        147.9735198609031,
        148.06844651325991,
        148.16339876623667,
        148.25837636283447,
        148.3533790499135,
        148.4484065781558,
        148.5434587018187,
        148.63853517893602,
        148.7336357709475,
        148.82876024292003,
        148.92390836321624,
        149.0190799036289,
        149.1142746391979,
        149.20949234823178,
        149.3047328121412,
        149.39999581547312,
        149.49528114583148,
        149.59058859377353,
        149.68591795286062,
        149.78126901940186,
        149.87664159268178,
        149.97203547459637,
        150.06745046995238,
        150.1628863860679,
        150.2583430329587,
        150.35382022316784
    ]
}