{
    "start": 0,
    "stop": 10,
    "levels": [
        132.6706489280657,
        132.7841080191092,
        132.90433656736604,
        133.03030805912854,
        133.1613296224158,
        133.29672349215576,
        133.43600307740047,
        133.57872401666188,
        133.72451386774298,
        133.87305476045867,
        134.02410321516885,
        134.17743912549358,
        134.3328051313922,
        134.49009077834606,
        134.64910514975153,
        134.80973178077843,
        134.9718523242355,
        135.13532341572497,
        135.30009249470072,
        135.46605555734095,
        135.63313446082265,
        135.80127176664234,
        135.97036465465206,
        136.14040640635085,
        136.31130895056964,
        136.4830177264996,
        136.65551508524382,
        136.82875736024684,
        137.00267968295626,
        137.17725994174947,
        137.35248203790965,
        137.5283036541217,
        137.70468014914516,
        137.88162621712775,
        138.0590598541608,
        138.23699987396188,
        138.41541600954068,
        138.5942935314057,
        138.7736001632714,
        138.95333518972916,
        139.1334720853644,
        139.31397953409225,
        139.49489367533283,
        139.67611957705034,
        139.8577406555276,
        140.03964365503577,
        140.22190425131862,
        140.40447376254477,
        140.58729986238347,
        140.7704596651983,
        140.95387765674232
    ]
}