{
    "start": 0,
    "stop": 20,
    "levels": [
        132.6706489280657,
        132.90433656736604,
        133.1613296224158,
        133.43600307740047,
        133.72451386774298,
        134.02410321516885,
        134.3328051313922,
        134.64910514975153,
        134.9718523242355,
        135.30009249470072,
        135.63313446082265,
        135.97036465465206,
        136.31130895056964,
        136.65551508524382,
        137.00267968295626,
        137.35248203790965,
        137.70468014914516,
        138.0590598541608,
        138.41541600954068,
        138.7736001632714,
        139.1334720853644,
        139.49489367533283,
        139.8577406555276,
        140.22190425131862,
        140.58729986238347,
        140.95387765674232,
        141.3215197430436,
        141.69017344637155,
        142.05981676775494,
        142.4302959128301,
        142.80164987013487,
        143.17380822996867,
        143.54671900991042,
        143.9203343520113,
        144.29462273607822,
        144.66957724087675,
        145.0451257994104,
        145.42124012186864,
        145.79793918149335,
        146.1751662877551,
        146.55289300945458,
        146.93109984837514,
        147.3097844177822,
        147.68889775104068,
        148.06845754074786,
        148.44842462740695,
        148.82876764340602,
        149.20951299489738,
        149.5905952068034,
        149.97206214184888,
        150.35382517291805
    ]
}