{
    "yield_post": 87.37108397413755,
    "error_post": 5.5943179377977375
}