{
    "nbins": 50,
    "range_": [
        50.0,
        125.0
    ],
    "nburnin": 100,
    "nsamples": 100000,
    "nrepeats": 100,
    "seed": 0,
    "step_size": 0.5,
    "prob_eye": 0.1,
    "yields": [
        0,
        0,
        1,
        3,
        18,
        41,
        141,
        364,
        865,
        2301,
        4718,
        9951,
        19782,
        36105,
        62204,
        103211,
        161047,
        236105,
        330468,
        437160,
        551411,
        659892,
        753225,
        817322,
        845734,
        838181,
        794743,
        720267,
        625067,
        521894,
        417821,
        322576,
        238014,
        170304,
        116981,
        77826,
        50480,
        30978,
        18555,
        10959,
        6139,
        3530,
        1790,
        876,
        504,
        241,
        103,
        62,
        16,
        12
    ],
    "errors": [
        0.0,
        0.0,
        0.9949874371066193,
        2.215851980616031,
        4.7707441767506245,
        8.25772365727989,
        15.62657992012328,
        24.475293665245367,
        41.84196458102797,
        79.21483446930884,
        100.83035257302235,
        141.68623786380945,
        210.505961910821,
        255.71615123022633,
        327.3588856286019,
        497.03902261291324,
        624.7902928183182,
        806.3899490941093,
        792.7595852463719,
        1027.4706808469036,
        1119.9606198433944,
        1232.1206759080053,
        1522.3655113014088,
        1304.1553435078204,
        1378.80543950189,
        1260.117212802047,
        1520.378410133478,
        1191.4504228040712,
        1168.2123565516672,
        1023.8308649381498,
        966.2911517756953,
        960.6592736241089,
        725.4998552722116,
        614.2083034280797,
        448.6952083541789,
        414.0256513792352,
        372.23917042675674,
        280.3946504482566,
        194.3624192070062,
        155.54481669281043,
        112.09723457784314,
        84.77617589865682,
        61.8465843842649,
        43.54583791822131,
        33.73188402683728,
        19.395618061820038,
        12.526372180324199,
        8.459314393022638,
        3.9293765408777013,
        4.3081318457075986
    ]
}