{
    "yield_post": 3.4874050395854232,
    "error_post": 0.6080597728628278
}