{
    "start": 150,
    "stop": 350,
    "levels": [
        55.425343124086716,
        54.670350671612304,
        53.817577087845564,
        52.89701993550757,
        51.953210820124134,
        51.02474812144035,
        50.14191718185956,
        49.32413990517435,
        48.57950813148982,
        47.90998886277447,
        47.31472819132224,
        46.79127075325846,
        46.33690179029706,
        45.949232119968336,
        45.627214627318295,
        45.372256469808335,
        45.18602735643664,
        45.06772766804785,
        45.01427740344828,
        45.021355780445816,
        45.08423954812742,
        45.198513924767006,
        45.360606876309795,
        45.56795923524305,
        45.81879015182252,
        46.111631340580445,
        46.44480861437789,
        46.81594693129517,
        47.222802680216944,
        47.663674494167665,
        48.13702438911797,
        48.64147418363004,
        49.17572253353273,
        49.738466047597754,
        50.328438610320035,
        50.94440533910971,
        51.58515401379505,
        52.24951805640672,
        52.936402583571265,
        53.644748764738594,
        54.37352209945722,
        55.121698016930026,
        55.88824549194003,
        56.672229111105075,
        57.47279732560199,
        58.289134089755535,
        59.120456214840125,
        59.96601100531674,
        60.82507378634368,
        61.69694524497321,
        62.58094843803562
    ]
}