{
    "start": 0,
    "stop": 100,
    "levels": [
        48.654064315442426,
        48.644115785701416,
        48.64212512873961,
        48.648164213369384,
        48.66229631333121,
        48.68457945031438,
        48.715058858308616,
        48.753786544837,
        48.8007892544663,
        48.85607981106757,
        48.91970516584354,
        48.99164163716807,
        49.07192376829347,
        49.1605482982584,
        49.25742188601242,
        49.362600938870465,
        49.47602507174795,
        49.59758899871144,
        49.72729304667765,
        49.86506707990077,
        50.01080906143267,
        50.16448201878528,
        50.32599552962711,
        50.49530186372968,
        50.672345988627356,
        50.85711292589565,
        51.04954451641291,
        51.24964646895944,
        51.457392000838645,
        51.67277195678602,
        51.89577648161695,
        52.12640741591292,
        52.3646322529674,
        52.61048132898725,
        52.863924541676944,
        53.12495663624482,
        53.39355426575479,
        53.669707236797535,
        53.953432809857944,
        54.24468547823199,
        54.543468952392544,
        54.84979311132745,
        55.1635457576096,
        55.48481790933267,
        55.813496544594045,
        56.14962103972688,
        56.49308825639338,
        56.84391357816065,
        57.202046193336486,
        57.56743764169977,
        57.940059265231014
    ]
}