{
    "start": 5,
    "stop": 40,
    "anchors": [
        38.0
    ],
    "levels": [
        108.07066093037984,
        107.22273221712909,
        106.38178567239692,
        105.55256667076742,
        104.73971538723283,
        103.94738129956299,
        103.17896983951573,
        102.43705087771201,
        101.72339362677103,
        101.03907066895444,
        100.38460074138597,
        99.76014999094558,
        99.16558488191336,
        98.6005315364109,
        98.06447331333004,
        97.55677097165815,
        97.07665769012272,
        96.62336109993281,
        96.19615689522634,
        95.79416303011459,
        95.41634448338941,
        95.06164605165667,
        94.72903402987278,
        94.41752060497559,
        94.12616638391269,
        93.85408093280137,
        93.60041533998553,
        93.36435430106901,
        93.14511023459247,
        92.94192028105934,
        92.75404425544865,
        92.58076789486984,
        92.42140046909816,
        92.27527712466444,
        92.14175859276877,
        92.0202315068036,
        91.91010799390723,
        91.81082569882497,
        91.72184605054156,
        91.64265633111636,
        91.57276589407074,
        91.51170763545176,
        91.45903611325161,
        91.41432705833346,
        91.377176403618,
        91.34719941732524,
        91.32402971572088,
        91.30731868790865,
        91.29673332057637,
        91.29195777319414,
        91.29269007535314,
        91.29864246962407,
        91.30954043234814,
        91.325121883794,
        91.34513638757618,
        91.36934448685234,
        91.39751702519719,
        91.42943446328151,
        91.46488635310048,
        91.50367062699786,
        91.54559311597014,
        91.59046703968161,
        91.63811245480316,
        91.6883557927106,
        91.7410294078582,
        91.79597114248061,
        91.85302391057253,
        91.91203529404903,
        91.97285716660465,
        92.03534533840072,
        92.09935920154827,
        92.1647613989057,
        92.23141779882725,
        92.29919613905653,
        92.36796716309189,
        92.43760443101007,
        92.50798303522421,
        92.57897996828449,
        92.65047561430372,
        92.72235239856101,
        92.79449645385462,
        92.86679807061557,
        92.9391521545094,
        93.01146035264107,
        93.08363174034274,
        93.15558313947442,
        93.22724045034342,
        93.29853860496836,
        93.3694212637177,
        93.43984282682953,
        93.50976303081812,
        93.57915099600349,
        93.64798212958391,
        93.71623635620472,
        93.78390104288194,
        93.85096565830743,
        93.917424579827,
        93.98327441501817,
        94.04851482450447,
        94.11314739094624,
        94.17717544517532,
        94.24060377628368,
        94.30343846182541,
        94.36568570210005,
        94.42735358709514,
        94.48845003703073,
        94.54898349972581,
        94.60896275180583,
        94.66839678304113,
        94.72729460819131,
        94.78566561127172,
        94.84351871460753,
        94.90086305835987,
        94.95770777329325,
        95.01406190253931,
        95.0699341524421,
        95.12533326789061,
        95.18026775719962,
        95.2347461322666,
        95.28877645473638,
        95.34236693259949,
        95.3955254079406,
        95.44825957577531,
        95.50057696083852,
        95.55248492976256,
        95.60399059213499,
        95.65510109706773,
        95.70582314179771,
        95.75616348150308,
        95.80612859388624,
        95.8557248579945,
        95.90495842098282,
        95.9538353665757,
        96.00236157236111,
        96.05054281102599,
        96.09838466466938,
        96.14589261634114,
        96.19307200854843,
        96.23992805173854,
        96.28646588887807,
        96.33269041730999,
        96.37860635768624,
        96.42421866160217,
        96.4695319954732,
        96.51455041302658,
        96.55927876249767,
        96.60372118048588,
        96.64788193922749,
        96.69176493011325,
        96.73537439363034,
        96.77871436253713,
        96.82178806332921,
        96.86459985461393,
        96.90715318786808,
        96.94945166376058,
        96.99149869057986,
        97.03329778951141,
        97.07485228543247,
        97.11616546195188,
        97.15724052846237,
        97.19808068428766,
        97.23868889325038,
        97.27906825255063,
        97.31922168855824,
        97.35915214092189,
        97.39886243423013,
        97.43835533310613,
        97.47763358103501,
        97.51669984891785,
        97.55555675432281,
        97.59420688970594,
        97.63265270341873,
        97.67089678962353,
        97.7089414951387,
        97.74678923051884,
        97.78444230258215,
        97.82190311213058,
        97.8591737616517,
        97.89625655702473,
        97.93315357142275,
        97.96986709575071,
        98.00639913459815,
        98.04275156168536,
        98.07892671695272,
        98.11492638903131,
        98.15075251980446,
        98.18640715775528,
        98.22189222302617,
        98.25720912794189,
        98.2923599703652,
        98.32734659518155,
        98.36217098687875,
        98.39716683128803,
        98.43133820854885,
        98.46568459105896,
        98.50081618394279,
        98.53391179675651,
        98.56779557873547,
        98.60334464120895,
        98.63511135495882,
        98.66854628001053
    ]
}