{
    "start": 5,
    "stop": 40,
    "anchors": [],
    "levels": [
        108.07066093037984,
        107.22273221712909,
        106.38178567239692,
        105.55256667076742,
        104.73971538723283,
        103.94738135496007,
        103.17896983951573,
        102.43705100694011,
        101.72339362677103,
        101.03907066895444,
        100.38460076790334,
        99.76015007084021,
        99.16558495298595,
        98.6005315364109,
        98.06447331333004,
        97.55677097165815,
        97.07665840440761,
        96.62336109993281,
        96.19615723612465,
        95.79416462173738,
        95.41634463383826,
        95.06164624039944,
        94.72903419679963,
        94.41752060497559,
        94.12616638391269,
        93.85408093280137,
        93.60041534510324,
        93.36435430106901,
        93.14511023459247,
        92.94192029956618,
        92.75404455084193,
        92.58076798488807,
        92.42140046909816,
        92.2752773334903,
        92.1417588450321,
        92.0202315068036,
        91.91010838275601,
        91.81082569882497,
        91.72184622186494,
        91.64265634157383,
        91.57276589407074,
        91.5117076852096,
        91.45903611444666,
        91.41432705833346,
        91.37717642200701,
        91.34719941732524,
        91.32402971572088,
        91.30731868790865,
        91.29673338239148,
        91.29195777319414,
        91.29269007535314,
        91.29864246962407,
        91.30954043912341,
        91.325121883794,
        91.34513638757618,
        91.36934448685234,
        91.39751702519719,
        91.42943451812455,
        91.46488640978613,
        91.50367072849718,
        91.54559323349382,
        91.59046714071607,
        91.63811254203789,
        91.68835583600384,
        91.7410294258511,
        91.79597137330616,
        91.85302394533939,
        91.9120353236101,
        91.97285734798382,
        92.03534567402599,
        92.09935926387537,
        92.16476154039356,
        92.23141795973255,
        92.29919615204265,
        92.36796738591246,
        92.43760446961923,
        92.50798310110481,
        92.57898034009611,
        92.65047561430372,
        92.72235239856101,
        92.79449687177723,
        92.86679821341674,
        92.9391521545094,
        93.01146035264107,
        93.08363174034274,
        93.15558313947442,
        93.22724045034342,
        93.29853870458456,
        93.3694212637177,
        93.43984299487029,
        93.50976978719929,
        93.57915417454043,
        93.64798712122938,
        93.71623635620472,
        93.78390215975,
        93.85096565830743,
        93.917424579827,
        93.98327441890217,
        94.04851482450447,
        94.11314739094624,
        94.17717545977996,
        94.24060378328201,
        94.30343904143872,
        94.36568719185922,
        94.42735565125382,
        94.48845008775292,
        94.5489836657014,
        94.60896275180583,
        94.66839969275878,
        94.72729460819131,
        94.78566562594824,
        94.84351871460753,
        94.90086305835987,
        94.95770781714667,
        95.01406190253931,
        95.0699341524421,
        95.12533326789061,
        95.18026775719962,
        95.2347461322666,
        95.28877647271055,
        95.34236693259949,
        95.3955254079406,
        95.44825957577531,
        95.50057696083852,
        95.55248492976256,
        95.60399059213499,
        95.65510109706773,
        95.70582314179771,
        95.7561635173033,
        95.80612861381566,
        95.8557248579945,
        95.90495844215559,
        95.9538353665757,
        96.00236157236111,
        96.05054281102599,
        96.09838468333753,
        96.14589261634114,
        96.19307201091493,
        96.23992819832975,
        96.28646606913716,
        96.3326906125612,
        96.37860662640423,
        96.42421896411383,
        96.46953199748762,
        96.5145508202821,
        96.55927883073167,
        96.6037212906483,
        96.64788212260184,
        96.69176529922561,
        96.73537463683,
        96.77871436253713,
        96.82178843404918,
        96.86459986630663,
        96.90715321021317,
        96.94945172114802,
        96.9914986989475,
        97.03329779332599,
        97.07485239149234,
        97.11616568809981,
        97.1572406212628,
        97.19808068428766,
        97.23868889325038,
        97.27906825255063,
        97.31922170699744,
        97.35915214933415,
        97.39886243423013,
        97.43835533310613,
        97.47763358103501,
        97.51669984891785,
        97.55555676108905,
        97.59420688970594,
        97.63265270341873,
        97.67089678962353,
        97.7089414951387,
        97.74678923051884,
        97.78444230258215,
        97.82190311213058,
        97.8591737616517,
        97.89625655702473,
        97.93315357142275,
        97.96986709575071,
        98.11952707610455,
        98.04275156168536,
        98.07892671695272,
        98.11492638903131,
        98.15075251980446,
        98.18640715775528,
        98.35752702256256,
        98.25720912794189,
        98.2923599703652,
        98.32734659518155,
        98.51005361033633,
        98.54778056949003,
        98.5838174028628,
        98.46568459105896,
        98.65543893001508,
        98.53391179675651,
        98.56779557873547,
        98.76148942077899,
        98.79660858169822,
        98.83159414666422
    ]
}