{
    "yield_linear": 13.638322317712756,
    "error_linear": 2.3812141678905703,
    "error_log": 0.1745972937446984
}