{
    "nbins": 50,
    "range_": [
        0.0,
        15.0
    ],
    "nburnin": 100,
    "nsamples": 100000,
    "nrepeats": 100,
    "seed": 0,
    "step_size": 0.2,
    "prob_eye": 0.1,
    "yields": [
        0,
        0,
        0,
        0,
        0,
        0,
        0,
        92,
        576,
        3384,
        15846,
        54778,
        153691,
        332255,
        586735,
        860196,
        1078829,
        1183017,
        1169063,
        1061347,
        897920,
        720177,
        549862,
        408521,
        294358,
        205469,
        141910,
        95579,
        64343,
        42696,
        28292,
        18404,
        11770,
        7403,
        4941,
        2933,
        2022,
        1288,
        906,
        492,
        333,
        225,
        126,
        89,
        55,
        49,
        12,
        2,
        4,
        9
    ],
    "errors": [
        0.0,
        0.0,
        0.0,
        0.0,
        0.0,
        0.0,
        0.0,
        16.95169608033367,
        45.12471606558873,
        116.80513687334133,
        267.6618015332035,
        542.4473799365243,
        968.9046341100861,
        1469.8601123916521,
        1975.0085442853156,
        2035.808890834304,
        2028.286614361984,
        1837.5685320553353,
        1716.2497807720183,
        1844.4410833637385,
        1747.1908882546288,
        1929.5900367694685,
        1630.677025042053,
        1243.861965814535,
        1268.1949219264363,
        867.3092816291081,
        848.0076650596976,
        634.085633018128,
        514.7684042363129,
        368.0133693223658,
        341.6245892789335,
        259.13672067076874,
        188.26842539310724,
        134.64364077073975,
        107.3041937670658,
        81.87862969053643,
        76.50594748122526,
        54.07920117753221,
        52.226813036983216,
        37.85974115072632,
        29.259357477566038,
        21.46508793366568,
        18.526737435393215,
        12.15689104993543,
        10.80509139248715,
        11.704272724095244,
        4.534313619501849,
        1.4,
        3.136877428271622,
        6.647555941848095
    ]
}