{
    "nbins": 50,
    "range_": [
        0.0,
        15.0
    ],
    "nburnin": 100,
    "nsamples": 100000,
    "nrepeats": 100,
    "seed": 0,
    "step_size": 0.2,
    "prob_eye": 0.1,
    "yields": [
        0,
        0,
        0,
        0,
        0,
        1,
        1,
        95,
        563,
        3431,
        15917,
        54842,
        153167,
        332450,
        587102,
        859798,
        1078547,
        1181994,
        1171490,
        1061859,
        897733,
        719025,
        549104,
        408733,
        294190,
        205350,
        142158,
        96318,
        64121,
        42722,
        28173,
        18501,
        11632,
        7413,
        4946,
        2931,
        2037,
        1302,
        904,
        507,
        344,
        232,
        130,
        89,
        64,
        41,
        19,
        9,
        6,
        8
    ],
    "errors": [
        0.0,
        0.0,
        0.0,
        0.0,
        0.0,
        0.9949874371066199,
        0.9949874371066199,
        17.514279888136997,
        43.48919406013404,
        120.69544316170348,
        277.32672067437,
        536.5709272780254,
        941.7569272375965,
        1457.964677212723,
        1967.82264444741,
        2120.5258687410533,
        2085.328010170103,
        1815.546099662578,
        1706.0301873061917,
        1814.1218784855664,
        1733.5178424233195,
        1870.6204184708345,
        1633.6161850324572,
        1272.0244140738805,
        1259.8130813735822,
        922.8266359398173,
        832.1828885527508,
        598.5305004759572,
        502.9578411755801,
        331.1965579531285,
        334.5260976366418,
        240.76334853959807,
        167.43285221246163,
        143.5524642770022,
        103.88859417664676,
        78.59637396216189,
        68.03903291493788,
        55.731140307730996,
        48.28912921144883,
        35.531816728110044,
        28.082734909548968,
        22.666274506411504,
        18.248287590894655,
        12.401209618420301,
        13.078226179417472,
        9.705153270299231,
        6.276145313805279,
        6.179805822192149,
        3.411744421846402,
        6.273754856543245
    ]
}