{
    "yield_linear": 5.941325143903426,
    "error_linear": 0.9695793811468736,
    "error_log": 0.16319244573608102
}