{
    "yield_post": 1.8868024908487135,
    "error_post": 0.21352204056592447
}