{
    "yield_pre": 1.8839607392468016,
    "error_pre": 0.21592440213560432
}