{
    "start": 0,
    "stop": 12,
    "levels": [
        126.65490409999737,
        126.65225671659903,
        126.65146849940504,
        126.65243476947687,
        126.65505871389865,
        126.65925210321018,
        126.66493229151868,
        126.67202409484219,
        126.68045683937149,
        126.69016590426537,
        126.70108950211737,
        126.71317194740412,
        126.72636074560967,
        126.74060574142023,
        126.75586150163582,
        126.77208488883923,
        126.78923524123117,
        126.80727461809171,
        126.8261673079914,
        126.84587952641039,
        126.8663795722463,
        126.88763755340591,
        126.90962514779945,
        126.93231600860712,
        126.95568384572576,
        126.97970557955615,
        127.00435811255068,
        127.02962001701906,
        127.05547072187348,
        127.08189073851806,
        127.1088615234948,
        127.13636541886424,
        127.16438553078483,
        127.1929059310559,
        127.22191124791671,
        127.25138685409347,
        127.28131877048135,
        127.31169362873581,
        127.3424986365161,
        127.37372154479894,
        127.40535061756788,
        127.43737460411029,
        127.46978271256609,
        127.50256458618199,
        127.53571027988122,
        127.56921026069189,
        127.60305526032599,
        127.6372365351525,
        127.67174555149697,
        127.70657410539701,
        127.74171435308394,
        127.77715875420456,
        127.81289976383461,
        127.84893054250684,
        127.88524419293613,
        127.92183415461261,
        127.9586941330286,
        127.99581784856788,
        128.0331994670193,
        128.07083324900478,
        128.10871364800346,
        128.1468352998904,
        128.18519301375574,
        128.2237817661357,
        128.2625966904563,
        128.3016330700784,
        128.34088633633863,
        128.3803520610204,
        128.42002584789253,
        128.4599037021246,
        128.49998150248388,
        128.54025532412447,
        128.58072135655271,
        128.6213758994607,
        128.66221535895906,
        128.70323623893577,
        128.7444351354733,
        128.78580875455245,
        128.82735389937122,
        128.86906740500578,
        128.9109462739219,
        128.95298753478377,
        128.99518830858347,
        129.0375457837861,
        129.0800572448042,
        129.1227200262779,
        129.16553153669082,
        129.20848925033073,
        129.2515907052621,
        129.29483350110257,
        129.338215320142,
        129.38173383280548,
        129.4253868348513,
        129.46917215268064,
        129.5130876648762,
        129.55713127728856,
        129.60130101350555,
        129.64559487670383,
        129.69001093847254,
        129.7345473147325,
        129.77920223262467,
        129.82397375296927,
        129.86886019053912,
        129.91385982619587,
        129.9589709790335,
        130.00419200532536,
        130.0495212973126,
        130.09495728227793,
        130.1404984215394,
        130.18614320936163,
        130.23189017209242,
        130.27773786734386,
        130.32368488311434,
        130.36972983644608,
        130.41587137327073,
        130.46210816745875,
        130.50843891985147,
        130.55486235776726,
        130.6013772341454,
        130.6479823268581,
        130.69467643816898,
        130.74145839391068,
        130.7883270430415,
        130.83528125698112,
        130.88231992899222,
        130.92944197374817,
        130.97664632657606,
        131.0239319429674,
        131.0712977982474,
        131.11874288701358,
        131.16626622259275,
        131.21386683657062,
        131.26154377848005,
        131.30929611516999,
        131.3571229305482,
        131.40502332510974,
        131.45299641542746,
        131.5010413339931,
        131.54915722870214,
        131.59734326240678,
        131.64559861284368,
        131.69392247198076,
        131.74231404585467,
        131.79077255423962,
        131.83929723026708,
        131.8878873201959,
        131.93654208303846,
        131.9852607903863,
        132.03404272600136,
        132.08288718559484,
        132.13179347662128,
        132.18076091797258,
        132.22978879644504,
        132.27887653950978,
        132.3280234555903,
        132.3772289069031,
        132.42649226585002,
        132.4758129148742,
        132.52519024624684,
        132.57462366186599,
        132.62411257304518,
        132.6736564002361,
        132.7232545730053,
        132.7729065297482,
        132.8226117174662,
        132.8723695916702,
        132.92217961615373,
        132.9720412629121,
        133.0219540118171,
        133.07191735063725,
        133.1219307747763,
        133.17199378714017,
        133.22210589799417,
        133.27226662481885,
        133.32247549218667,
        133.37273203158344,
        133.42303578127573,
        133.47338628624263,
        133.52378309799496,
        133.57422577449177,
        133.6247138799128,
        133.67524698467471,
        133.725824665244,
        133.77644650402968,
        133.82711208933233,
        133.87782101504118,
        133.9285728808337,
        133.9793672918174,
        134.03020385848882,
        134.08108219677501,
        134.1320019277118,
        134.18296267753777,
        134.2339640775034,
        134.28500576382734,
        134.336087377543,
        134.3872085644986,
        134.43836897523536,
        134.48956826485383,
        134.54080609306018,
        134.59208212393372,
        134.6433960259194
    ]
}