{
    "yield_linear": 372.1368995492114,
    "error_linear": 28.640605901850883,
    "error_log": 0.07696255312640247
}