{
    "ndata": 0.7192182540893555,
    "start": 0,
    "stop": 10,
    "rtol": 0.001,
    "integrals": [
        [
            0.7967595810434628,
            0.7970980753659138
        ],
        [
            0.8138801410692537,
            0.8142023534770174
        ],
        [
            0.8245436446662929,
            0.8248991061545189
        ],
        [
            0.8304442958216861,
            0.8308054508519583
        ],
        [
            0.8324590640443108,
            0.8328350106776808
        ],
        [
            0.8312525114464826,
            0.8316025874187982
        ],
        [
            0.8272882653094605,
            0.8276536279694905
        ],
        [
            0.8209976248467866,
            0.8213784226912224
        ],
        [
            0.8127277974931251,
            0.8131243107517577
        ],
        [
            0.8028117915998523,
            0.8031440890140611
        ],
        [
            0.7914541697933567,
            0.7917428458408869
        ],
        [
            0.7788604586351583,
            0.7791608192990763
        ],
        [
            0.7652518095004723,
            0.7655643251352289
        ],
        [
            0.7507969584223805,
            0.7511226761865023
        ],
        [
            0.7356460685716674,
            0.7359861436606364
        ],
        [
            0.7199511790797842,
            0.7202701156830126
        ],
        [
            0.7037947985601836,
            0.7041268058230191
        ],
        [
            0.687295619079599,
            0.6876418579453393
        ],
        [
            0.6705633472388411,
            0.6708900536060477
        ],
        [
            0.6536638679373096,
            0.6539704283653655
        ],
        [
            0.6366527295212941,
            0.6369719630785687
        ],
        [
            0.619607617204156,
            0.6199404037597616
        ],
        [
            0.6026021011906462,
            0.6029159004073328
        ],
        [
            0.5856698350096797,
            0.5859641087421285
        ],
        [
            0.5688378779570649,
            0.5691447581086966
        ],
        [
            0.5521748467777452,
            0.5524634327282999
        ],
        [
            0.535698777386573,
            0.5359693820927978
        ],
        [
            0.5194236039805697,
            0.5197054872359967
        ],
        [
            0.5033891771105882,
            0.5036826989172778
        ],
        [
            0.4876299215269776,
            0.48790700305289586
        ],
        [
            0.4721358375548663,
            0.4724250650080673
        ],
        [
            0.4569674488938984,
            0.45720660334560104
        ],
        [
            0.44210154855151096,
            0.442301319451766
        ],
        [
            0.42752939334178097,
            0.42773622365505315
        ],
        [
            0.41328203720296325,
            0.41349691351548185
        ],
        [
            0.3993677003876126,
            0.39958904177705346
        ],
        [
            0.385791067370417,
            0.3860172905670164
        ],
        [
            0.3725530976422407,
            0.37278476519534687
        ],
        [
            0.359683075431035,
            0.3598663503654806
        ],
        [
            0.347146545605974,
            0.3472996896039466
        ],
        [
            0.33492782148138023,
            0.3350976225174348
        ],
        [
            0.32305718314921295,
            0.32322676340404677
        ],
        [
            0.3115309340327293,
            0.3116869316323109
        ],
        [
            0.30032764878686824,
            0.3004935200064663
        ],
        [
            0.2894680533721776,
            0.28961983131891755
        ],
        [
            0.27892898850884573,
            0.2790765287682945
        ],
        [
            0.2687173893960106,
            0.2688508650263449
        ],
        [
            0.25881968458783045,
            0.25894580312657794
        ],
        [
            0.24923356578579978,
            0.2493523487649446
        ],
        [
            0.2399467815495868,
            0.24007040507340877
        ],
        [
            0.23096552446455354,
            0.23108226664743625
        ],
        [
            0.22227801211270853,
            0.22238776727840995
        ],
        [
            0.213872025773029,
            0.21398592078360718
        ],
        [
            0.20575151823046797,
            0.20585881434527273
        ],
        [
            0.19789475731918527,
            0.1980155898530044
        ],
        [
            0.19031550210903536,
            0.1904296478325572
        ],
        [
            0.1830010555379164,
            0.1830994503628053
        ],
        [
            0.17593991428520767,
            0.1760226137386603
        ],
        [
            0.16911684589735873,
            0.16920135126589017
        ],
        [
            0.16253411097376066,
            0.16261982272004405
        ],
        [
            0.15618524788748445,
            0.15627091649147368
        ],
        [
            0.1500706492254145,
            0.15014053202837005
        ],
        [
            0.14416918885239752,
            0.14423734895354526
        ],
        [
            0.13848111352820489,
            0.1385483706191139
        ],
        [
            0.1330000815215918,
            0.13306504075379685
        ],
        [
            0.1277208402786501,
            0.12778175884701432
        ],
        [
            0.1226326953257277,
            0.12269636966164853
        ],
        [
            0.11773608219341174,
            0.11779631584290243
        ],
        [
            0.11302153734154152,
            0.11307852169566623
        ],
        [
            0.108480669535924,
            0.10853978055248288
        ],
        [
            0.10411318013543253,
            0.10416911405960652
        ],
        [
            0.09990819656702042,
            0.09996625719802896
        ],
        [
            0.09586526464498342,
            0.0959199118994755
        ],
        [
            0.09197886897531043,
            0.09202535416117712
        ],
        [
            0.08823679469878436,
            0.08828429374527556
        ],
        [
            0.08464056627503841,
            0.08468496233422122
        ],
        [
            0.08118375529672547,
            0.0812236045553268
        ],
        [
            0.07785858536975583,
            0.07789867364021395
        ],
        [
            0.07466432896197818,
            0.07470135273563708
        ],
        [
            0.07159504608747375,
            0.07162841327394631
        ],
        [
            0.06864373654881449,
            0.06867781198149812
        ],
        [
            0.06581042259511663,
            0.06584104805516537
        ],
        [
            0.06308650503235136,
            0.06311849395723093
        ],
        [
            0.06047172764866381,
            0.06050203593140198
        ],
        [
            0.05795914887346687,
            0.057990707907904705
        ],
        [
            0.055547932360410286,
            0.05557788870355656
        ],
        [
            0.05323300501187754,
            0.05326137704597199
        ],
        [
            0.051010576619288865,
            0.05103753447901781
        ],
        [
            0.048876127939458544,
            0.04890396097407957
        ],
        [
            0.046830034200667,
            0.04685374717960352
        ],
        [
            0.044864232610186246,
            0.04488845068752276
        ],
        [
            0.042980178662869205,
            0.043000251352749555
        ],
        [
            0.04117033540391804,
            0.04119076988415003
