{
    "ndata": 1,
    "start": 0,
    "stop": 10,
    "rtol": 0.001,
    "integrals": [
        [
            0.7577639147573295,
            0.7581124184761552
        ],
        [
            0.7832394719019384,
            0.7835699310118154
        ],
        [
            0.8044271592989952,
            0.8047438509374429
        ],
        [
            0.8216619497522663,
            0.8220129608325957
        ],
        [
            0.8353227057940191,
            0.835662974919753
        ],
        [
            0.8456718176074237,
            0.8460492382797483
        ],
        [
            0.8530336465590019,
            0.853426779503422
        ],
        [
            0.8576868355330836,
            0.8580522758071605
        ],
        [
            0.8598594542544044,
            0.8601936134666422
        ],
        [
            0.8597815143649933,
            0.8600840861553152
        ],
        [
            0.8576452489905595,
            0.8579596476945434
        ],
        [
            0.8536702712130805,
            0.8539979670129291
        ],
        [
            0.8480423753604677,
            0.848383368256181
        ],
        [
            0.84093145154476,
            0.8412861941694035
        ],
        [
            0.8324955240504167,
            0.8328650281211994
        ],
        [
            0.8229010765917363,
            0.823244798925908
        ],
        [
            0.8122436088483389,
            0.8126014749987033
        ],
        [
            0.8006665782930424,
            0.8010393228581131
        ],
        [
            0.7883061731599524,
            0.788653492583716
        ],
        [
            0.775247172268194,
            0.7755696751259689
        ],
        [
            0.7615692088632409,
            0.7619047835794416
        ],
        [
            0.7473801749467409,
            0.7477291184797384
        ],
        [
            0.7327815040358429,
            0.7331057527467616
        ],
        [
            0.7178195771810321,
            0.7181392237109188
        ],
        [
            0.7025653333345497,
            0.7028986171957984
        ],
        [
            0.6871084653343462,
            0.6874195752472447
        ],
        [
            0.6714705898921857,
            0.6717949861125149
        ],
        [
            0.6557402813730628,
            0.6560427568763343
        ],
        [
            0.6399313550328468,
            0.6402460999844267
        ],
        [
            0.6241032300672285,
            0.6244310508018434
        ],
        [
            0.6083122320953007,
            0.6086194830259751
        ],
        [
            0.5925602366438796,
            0.5928814452884072
        ],
        [
            0.5768975016434341,
            0.5772326519896708
        ],
        [
            0.5613679907074355,
            0.5616844998767087
        ],
        [
            0.5459812143622572,
            0.5462801930005369
        ],
        [
            0.5307767627656499,
            0.5310255562560292
        ],
        [
            0.5157286372834242,
            0.5159872528016259
        ],
        [
            0.5008850334614426,
            0.5011541408874409
        ],
        [
            0.48626112111425107,
            0.48654138796872304
        ],
        [
            0.4718847012852643,
            0.47214982719497195
        ],
        [
            0.457740880996885,
            0.45801718624373455
        ],
        [
            0.4438665459233086,
            0.4441288044202027
        ],
        [
            0.43026989070698207,
            0.4304922083144406
        ],
        [
            0.41692748210186686,
            0.41714487749324924
        ],
        [
            0.40385858854869555,
            0.40408031602366407
        ],
        [
            0.39107238235151104,
            0.3912989673326786
        ],
        [
            0.3785819043013772,
            0.3787933829654944
        ],
        [
            0.36637855125888036,
            0.36657741222337537
        ],
        [
            0.35447471481944465,
            0.3546427926653638
        ],
        [
            0.342838018766326,
            0.34302372929904024
        ],
        [
            0.3315086421707863,
            0.3316780978163163
        ],
        [
            0.320468792212746,
            0.32062371709840637
        ],
        [
            0.30971246348414894,
            0.309863192595145
        ],
        [
            0.2992407931856295,
            0.299392539311031
        ],
        [
            0.28905747747968386,
            0.2892018728921268
        ],
        [
            0.2791564401951739,
            0.2792925894181113
        ],
        [
            0.2695267295558957,
            0.2696685180534343
        ],
        [
            0.2601790677458238,
            0.26031277042072576
        ],
        [
            0.25109538323853864,
            0.2512344920931555
        ],
        [
            0.24228729526701132,
            0.2424139835128992
        ],
        [
            0.23373874389463836,
            0.23385873228484133
        ],
        [
            0.22545439455833285,
            0.22555506975384582
        ],
        [
            0.21741133977599608,
            0.21751566980992107
        ],
        [
            0.20961591373780034,
            0.20972426659276713
        ],
        [
            0.20206375731818757,
            0.2021755640118156
        ],
        [
            0.19475007594197907,
            0.19486442865590733
        ],
        [
            0.1876686608177428,
            0.1877857096314279
        ],
        [
            0.1808234937269764,
            0.18092483477151483
        ],
        [
            0.1742003817568453,
            0.17428628950648517
        ],
        [
            0.16778568556057138,
            0.16787251242725978
        ],
        [
            0.16158274865007122,
            0.1616691376643237
        ],
        [
            0.15558895709494122,
            0.1556683387961237
        ],
        [
            0.14978919430293325,
            0.14987460208141432
        ],
        [
            0.1441932551370072,
            0.14426774127374192
        ],
        [
            0.13878670181895733,
            0.1388510921044748
        ],
        [
            0.13355858560992884,
            0.13362569351470582
        ],
        [
            0.1285133695440938,
            0.12857674266425115
        ],
        [
            0.1236427164524303,
            0.12370248988701898
        ],
        [
            0.11894142954833196,
            0.1189976862512712
        ],
        [
            0.11440169414657078,
            0.11446032846389907
        ],
        [
            0.11002475856030718,
            0.11007977569067304
        ],
        [
            0.10580001351223012,
            0.10585710229367254
        ],
        [
            0.10172554199203934,
            0.10178434821783011
        ],
        [
            0.09779673648737154,
            0.09785701698103881
        ],
        [
            0.09401157934729189,
            0.09406847437271405
        ],
        [
            0.09036547996344847,
            0.0904144353256844
        ],
        [
            0.08685158506902198,
            0.08689272532403733
        ],
        [
            0.0834614395859033,
            0.08350348324418286
        ],
        [
            0.08019566552056921,
            0.08023788924665763
        ],
        [
            0.07704992281737953,
            0.07709230817861747
        ],
        [
            0.074024161413234,
            0.07405861919539418
        ],
        [
            0.07110734845526513,
            0.07114046027458326
        ],
        [
            0.06829963691406457,
            0.06833115139496228
        ],
        [
            0.06559452460464722,
