{
    "yield_pre": 124.61738394765219,
    "error_pre": 12.229625688632812
}