{
    "nbins": 50,
    "range_": [
        0.0,
        15.0
    ],
    "nburnin": 100,
    "nsamples": 100000,
    "nrepeats": 100,
    "seed": 0,
    "step_size": 0.5,
    "prob_eye": 0.1,
    "yields": [
        0,
        0,
        0,
        0,
        0,
        4,
        10,
        58,
        223,
        822,
        2602,
        7065,
        18143,
        40771,
        82433,
        151784,
        253771,
        385899,
        537876,
        692466,
        825573,
        916911,
        954957,
        937138,
        870464,
        766241,
        645932,
        519753,
        405725,
        302397,
        220305,
        154616,
        106995,
        71683,
        46749,
        30624,
        19166,
        12251,
        7272,
        4584,
        2653,
        1647,
        1004,
        570,
        372,
        207,
        129,
        65,
        27,
        26
    ],
    "errors": [
        0.0,
        0.0,
        0.0,
        0.0,
        0.0,
        2.416609194718914,
        3.316624790355398,
        8.146164741766519,
        16.78421877836439,
        37.13704350106508,
        69.12278929557169,
        103.50241543075214,
        204.9841701205242,
        277.6771326558959,
        456.4450788430081,
        524.236053701002,
        641.7543065691107,
        934.2092859739727,
        972.2099773197147,
        1131.4391013218524,
        1220.0236514100868,
        1273.4322871672448,
        1389.2431428659277,
        1297.3702478475448,
        1229.1562309161516,
        1228.585442694158,
        1083.323478929539,
        978.2560554374301,
        885.9067388839527,
        792.2581081945455,
        632.8623468022095,
        542.3241097351288,
        441.6500311332492,
        393.1947481846623,
        268.6800885811973,
        221.3147984207111,
        189.54271286440954,
        152.7383056079908,
        113.80755686684432,
        86.21739963603636,
        58.26585621099205,
        52.162342738799595,
        38.54659518037877,
        27.69476484825246,
        23.32723729891731,
        16.808033793397733,
        13.137351331223503,
        8.760707733967617,
        6.760917097554142,
        6.575712889109435
    ]
}