{
    "yield_linear": 6.647901677623175,
    "error_linear": 1.1979182655985516,
    "error_log": 0.1801949432601782
}