{
    "ndata": 1.622279167175293,
    "start": 0,
    "stop": 20,
    "rtol": 0.001,
    "integrals": [
        [
            0.808220417027462,
            0.808612893433539
        ],
        [
            0.790513022214471,
            0.7908933146634536
        ],
        [
            0.770626046423511,
            0.7709474614074374
        ],
        [
            0.7488971733257125,
            0.7492058953916136
        ],
        [
            0.7256672608193426,
            0.7260398132696082
        ],
        [
            0.7013223988179054,
            0.7016803534978033
        ],
        [
            0.6761221017049219,
            0.6764700802062449
        ],
        [
            0.650353864909737,
            0.6506445391078628
        ],
        [
            0.6242063368478666,
            0.6244890611097318
        ],
        [
            0.5979086747756693,
            0.5981878111574441
        ],
        [
            0.5716479337167282,
            0.5719260224273438
        ],
        [
            0.5455780001091168,
            0.545850902497004
        ],
        [
            0.5198365036009284,
            0.5201029567859008
        ],
        [
            0.4945399049426951,
            0.4948002949839012
        ],
        [
            0.4697830601931189,
            0.47004851520418617
        ],
        [
            0.4456469084521265,
            0.44590604815203455
        ],
        [
            0.4222126632592229,
            0.4224342946231237
        ],
        [
            0.39950287709952986,
            0.39971332411951
        ],
        [
            0.3775760543379986,
            0.37776081839454
        ],
        [
            0.35644546770032326,
            0.3566238577408645
        ],
        [
            0.33613228842199055,
            0.3363229778108165
        ],
        [
            0.31665361680893644,
            0.3168548514380578
        ],
        [
            0.2980420921126294,
            0.2982003664669179
        ],
        [
            0.28025331052947894,
            0.2804066168245649
        ],
        [
            0.26328739651564637,
            0.2634435981106922
        ],
        [
            0.24716269969767346,
            0.24727821165552327
        ],
        [
            0.23182578003643692,
            0.23193081731137105
        ],
        [
            0.21726343841702223,
            0.2173783986050986
        ],
        [
            0.20347377142285583,
            0.2035820619400491
        ],
        [
            0.19042545181342038,
            0.1905260953232697
        ],
        [
            0.17808745995293238,
            0.17819867137906356
        ],
        [
            0.1664562105141699,
            0.16653717855069367
        ],
        [
            0.15546718413969876,
            0.155552736182424
        ],
        [
            0.14512374730582603,
            0.14520282248971528
        ],
        [
            0.13539593794894114,
            0.1354576507277573
        ],
        [
            0.12624078617100348,
            0.12630373758708602
        ],
        [
            0.11764033743444842,
            0.11770542892811338
        ],
        [
            0.10957179087991537,
            0.1096320939806229
        ],
        [
            0.10200745351287754,
            0.10205973726160625
        ],
        [
            0.09491509051818285,
            0.09496890202161787
        ],
        [
            0.08828043622134268,
            0.08832207074592292
        ],
        [
            0.08206515048688472,
            0.08211285424659116
        ],
        [
            0.07625788866994788,
            0.07630048145964621
        ],
        [
            0.07083011685906208,
            0.0708672497938027
        ],
        [
            0.06576153228883777,
            0.06579589920225387
        ],
        [
            0.061027796355929094,
            0.061066485441435996
        ],
        [
            0.0566203423235161,
            0.05664825181294042
        ],
        [
            0.052507453891066994,
            0.05253409352784671
        ],
        [
            0.04867384287827102,
            0.048702009954348834
        ],
        [
            0.045107566928692965,
            0.04513040436126163
        ],
        [
            0.04178562892359432,
            0.04180863089750707
        ],
        [
            0.038697878044289286,
            0.03871675242731807
        ],
        [
            0.03582601679056119,
            0.03584257727613384
        ],
        [
            0.0331536529949303,
            0.03317212611888187
        ],
        [
            0.030672898549756116,
            0.030690623100345635
        ],
        [
            0.0283708652320264,
            0.02838532307979954
        ],
        [
            0.02623230379849257,
            0.02624671359240195
        ],
        [
            0.02424933251810179,
            0.024261254379213976
        ],
        [
            0.022409144995025047,
            0.022420533469488132
        ],
        [
            0.020702732868532022,
            0.020714185714452493
        ],
        [
            0.019122074078324256,
            0.019132041518067747
        ],
        [
            0.017657168069229907,
            0.01766646652306114
        ],
        [
            0.016300908615526282,
            0.01630939939292778
        ],
        [
            0.015044511542461426,
            0.015052080816091483
        ],
        [
            0.013881480401638654,
            0.013889111816581416
        ],
        [
            0.012805434706709636,
            0.012813051600447926
        ],
        [
            0.011811069948174093,
            0.011816740309768344
        ],
        [
            0.01089046693157453,
            0.010896484422649904
        ],
        [
            0.010040057399381117,
            0.010045142913912298
        ],
        [
            0.009253820423945298,
            0.009258634754494953
        ],
        [
            0.008527372600077987,
            0.00853194472349753
        ],
        [
            0.007856796402837995,
            0.007860675134195765
        ],
        [
            0.00723662050785178,
            0.007240950441236434
        ],
        [
            0.006664778566844549,
            0.00666841067376283
        ],
        [
            0.006136979114584295,
            0.006139995597538088
        ],
        [
            0.005649580769990022,
            0.0056527327521107154
        ],
        [
            0.005200262881236695,
            0.005202898929856268
        ],
        [
            0.004785693901795413,
            0.004788113264279137
        ],
        [
            0.004403276779257133,
            0.004405875133213241
        ],
        [
            0.00405100385766053,
            0.004053248186888271
        ],
        [
            0.0037260782839182876,
            0.003728112491308869
        ],
        [
            0.0034267008598848326,
            0.0034285874964058447
        ],
        [
            0.003151044351730384,
            0.00315246457571658
        ],
        [
            0.0028968426634146073,
            0.0028983787698942175
        ],
        [
            0.0026628623917619417,
            0.002664245064406536
        ],
        [
            0.0024474326804930654,
            0.0024486195467484408
        ],
        [
            0.0022489405289945496,
            0.002250272603735968
        ],
        [
            0.0020664356204885504,
            0.0020675408697334056
        ],
        [
            0.001898425923907208,
            0.00189947081975228
        ],
        [
            0.0017437522483335385,
            0.001744727668278544
        ],
        [
            0.0016015890847585158,
            0.0016023201340911153
        ],
        [
            0.0014706772810576787,
