{
    "start": 0,
    "stop": 35,
    "levels": [
        70.17678287855881,
        70.14237009347607,
        70.10861205757249,
        70.07559841263082,
        70.04340265149361,
        70.01208321836546,
        69.98168897782912,
        69.9522570575942,
        69.9238192435266,
        69.89639912152592,
        69.87001562717623,
        69.84468349974537,
        69.8204140654866,
        69.79721586816879,
        69.77509563699752,
        69.75405663555838,
        69.73410239528181,
        69.71523441920789,
        69.69745311916381,
        69.68075797581565,
        69.66514772304615,
        69.65062073504421,
        69.6371735785091,
        69.62480424272778,
        69.61350848323201,
        69.60328251921237,
        69.59412256309432,
        69.58602406345639,
        69.57898225740459,
        69.57299218168129,
        69.56804867509061,
        69.56414641053411,
        69.5612798958739,
        69.5594437784127,
        69.55863177311429,
        69.5588379757902,
        69.56005700582071,
        69.56228237591162,
        69.56550811982629,
        69.56972799538161,
        69.57493571557572,
        69.58112495068762,
        69.5882893255681,
        69.59642245590763,
        69.60551783378551,
        69.61556901550122,
        69.62656935689833,
        69.63851252127512,
        69.6513918807004,
        69.66520088036667,
        69.67993295609716,
        69.69558097018898,
        69.71213925425609,
        69.72960083572451,
        69.74795915963892,
        69.76720778994648,
        69.78733941984365,
        69.80834837667715,
        69.83022779918767,
        69.85297116227625,
        69.876571986855,
        69.90102321779284,
        69.92631916386283,
        69.95245306938816,
        69.9794184807175,
        70.00720900910693,
        70.03581811916871,
        70.06523971797033,
        70.09546724663744,
        70.12649448660949,
        70.15831516171914,
        70.19092304255736,
        70.22431190462791,
        70.25847556011604,
        70.29340789423563,
        70.32910284166749,
        70.36555423497305,
        70.40275626938049,
        70.44070238015763,
        70.47938715279278,
        70.51880451572805,
        70.55894856606486,
        70.59981345673111,
        70.64139315975939,
        70.68368260286246,
        70.72667535456443,
        70.77036596847599,
        70.81474837262134,
        70.85981777986943,
        70.90556824309462,
        70.95199424193072,
        70.99909029901248,
        71.04685097898886,
        71.0952708886669,
        71.1443446771268,
        71.19406703580974,
        71.24443269858301,
        71.29543644178776,
        71.34707308427544,
        71.39933748744161,
        71.45222455526348,
        71.5057292343414,
        71.55984651393706,
        71.61457140152287,
        71.66989901253461,
        71.72582445699095,
        71.78234288713773,
        71.83944950289401,
        71.89713954632515,
        71.95540830123,
        72.01425109023666,
        72.07366330005308,
        72.133640330041,
        72.19417758595915,
        72.25527060533105,
        72.31691487067512,
        72.37910603260161,
        72.44183967620566,
        72.50511142006863,
        72.56891705470443,
        72.63325245379193,
        72.69811285298996,
        72.76349437220426,
        72.82939286049455,
        72.8958042054979,
        72.96272433316096,
        73.03014920747032,
        73.09807483018395,
        73.16649724056057,
        73.2354125150875,
        73.30481676720623,
        73.37470614703517,
        73.44507684108942,
        73.51592507199786,
        73.5872470982169,
        73.65903921374195,
        73.73129774781569,
        73.80401906463466,
        73.8771995630535,
        73.9508356762878,
        74.02492387161553,
        74.09946014887763,
        74.17444203299262,
        74.24986560257537,
        74.32572745852062,
        74.40202423434204,
        74.4787525958759,
        74.55590924098507,
        74.63349089926368,
        74.71149433174196,
        74.78991633059209,
        74.86875371883472,
        74.94800335004646,
        75.02766212829613,
        75.10772692717853,
        75.1881947101758,
        75.26906245018142,
        75.35032714919726,
        75.4319858380464,
        75.51403557608741,
        75.59647345093208,
        75.67929671159013,
        75.76250218000396,
        75.84608752113168,
        75.93004911521635,
        76.01438499026051,
        76.09909196997901,
        76.18416757095466,
        76.2696089935526,
        76.35541356724809,
        76.44157864704053,
        76.52810161318988,
        76.61497987095461,
        76.70221085033242,
        76.78979200580312,
        76.87772088102096,
        76.96599484309888,
        77.05461148997058,
        77.14356837135904,
        77.23286306024144,
        77.32249315260258,
        77.41245626718889,
        77.5027500452656,
        77.5933721503761,
        77.68432026810378,
        77.77559210583662,
        77.86718539253391,
        77.95909787849592,
        78.05132733513591,
        78.14387155475427,
        78.2367283503154,
        78.3298955552267,
        78.42337102311993,
        78.5171526276348,
        78.61123826220481,
        78.7056258398454,
        78.80031329294397,
        78.89529857305261,
        78.99057965068255,
        79.0861545151008,
        79.18202117412925
    ]
}