{
    "start": 0,
    "stop": 5,
    "levels": [
        206.08001020504793,
        201.83271428338156,
        197.02203602346674,
        191.32131428229684,
        183.2677653497346,
        173.76335110876482,
        165.7751926026061,
        159.34455527968666,
        154.18629954627505,
        150.0317009816411,
        146.66415823334648,
        143.92384698713357,
        141.69130539056582,
        139.86998934488037,
        138.38161371245752,
        137.16506787738058,
        136.17669385860893,
        135.37967690933635,
        134.743859779619,
        134.24232048124938,
        133.85097681735832,
        133.54951719537638,
        133.3236331877954,
        133.16632293814683,
        133.07834010178803,
        133.06325759940523,
        133.11992979491143,
        133.24190828016913,
        133.42075460422518,
        133.6486776876033,
        133.91950711382205,
        134.22857929369079,
        134.57236108295768,
        134.94809653846352,
        135.35341492521687,
        135.78595121833553,
        136.24298525173606,
        136.72148545950432,
        137.2190690398432,
        137.73391181526785,
        138.26433203597736,
        138.80881234686305,
        139.36596065159995,
        139.93450001241206,
        140.51326025143683,
        141.10115673804867,
        141.69717169514306,
        142.30033491632773,
        142.90968400179742,
        143.52441866402006,
        144.14388044291408
    ]
}