{
    "nbins": 50,
    "range_": [
        0.0,
        5.0
    ],
    "nburnin": 100,
    "nsamples": 100000,
    "nrepeats": 100,
    "seed": 0,
    "step_size": 0.2,
    "prob_eye": 0.1,
    "yields": [
        0,
        0,
        0,
        0,
        0,
        0,
        0,
        0,
        0,
        0,
        2,
        18,
        126,
        947,
        4301,
        16389,
        47860,
        113419,
        230069,
        396655,
        598493,
        809530,
        980978,
        1081819,
        1099077,
        1027917,
        907527,
        750105,
        587125,
        437878,
        313154,
        214974,
        143650,
        91905,
        58213,
        35876,
        21493,
        12627,
        7440,
        4478,
        2480,
        1376,
        897,
        494,
        314,
        183,
        71,
        68,
        35,
        17
    ],
    "errors": [
        0.0,
        0.0,
        0.0,
        0.0,
        0.0,
        0.0,
        0.0,
        0.0,
        0.0,
        0.0,
        1.9899748742132388,
        6.690291473471107,
        18.90079363413083,
        53.5435336898864,
        135.76814795820115,
        297.09222473837985,
        475.0999894758997,
        809.3240327582025,
        1387.9284527669283,
        1905.4487004377738,
        2015.0733262092472,
        1992.0313752549177,
        1960.115088457818,
        1726.5657792276552,
        1789.7401235933667,
        1835.3969897545326,
        1751.7978507807343,
        1740.1519330219417,
        1722.1122930866036,
        1318.238658210265,
        1351.170914429407,
        967.4963772541994,
        897.9671486195917,
        663.5184624409482,
        574.6784405213058,
        451.59743134787647,
        302.7779879713847,
        199.82920207016792,
        172.27303909782285,
        117.16296343128235,
        92.59589623736032,
        68.1339856459315,
        58.21434531110008,
        39.92042083946511,
        30.398026251715766,
        22.629847546989797,
        11.772425408555362,
        14.958609561052128,
        10.428326807307108,
        6.641535966928132
    ]
}