{
    "start": 0,
    "stop": 15,
    "levels": [
        134.6061408890229,
        134.56483902908346,
        134.55678401196226,
        134.57635556575144,
        134.61915389965154,
        134.6816867765756,
        134.7612589619189,
        134.85557692642914,
        134.96287023498,
        135.08161732317242,
        135.21054571189296,
        135.34857432263652,
        135.494815751208,
        135.6484552749796,
        135.80884994511612,
        135.9754015403025,
        136.14758470158822,
        136.32500044186565,
        136.5071030956568,
        136.6936808240796,
        136.88438175673312,
        137.07890349478404,
        137.27695734511266,
        137.4783988280131,
        137.68289456789518,
        137.89035289310527,
        138.1005818432763,
        138.31338317682972,
        138.52865952873637,
        138.74624283438663,
        138.96605208684244,
        139.1878999704335,
        139.41174446273604,
        139.63748090441916,
        139.86501500141287,
        140.09422744170124,
        140.32506615720862,
        140.55749167373344,
        140.79135042066994,
        141.0266655364016,
        141.26334340991843,
        141.5013673815772,
        141.7405560300118,
        141.98102532047923,
        142.2226331120168,
        142.46531091020714,
        142.7091149691807,
        142.953904866296,
        143.1997179322739,
        143.44653607023605,
        143.6941965891643
    ]
}