{
    "yield_pre": 35.83501955159671,
    "error_pre": 3.780970124872508
}