{
    "nbins": 50,
    "range_": [
        20.0,
        60.0
    ],
    "nburnin": 100,
    "nsamples": 100000,
    "nrepeats": 100,
    "seed": 0,
    "step_size": 0.5,
    "prob_eye": 0.1,
    "yields": [
        29,
        120,
        365,
        1030,
        2596,
        5876,
        12598,
        24365,
        44870,
        77969,
        126492,
        193967,
        280785,
        382717,
        494111,
        603907,
        705222,
        781971,
        822964,
        833275,
        806336,
        745900,
        664757,
        570489,
        470548,
        373949,
        289653,
        215335,
        156067,
        108534,
        74216,
        48884,
        31261,
        19855,
        12284,
        7384,
        4212,
        2336,
        1244,
        734,
        393,
        189,
        109,
        44,
        23,
        10,
        2,
        1,
        1,
        0
    ],
    "errors": [
        6.371028174478588,
        15.297058540778343,
        30.44256887977754,
        43.60045871318328,
        73.52441771275718,
        111.95642009282004,
        164.8755894606597,
        267.2129300763719,
        348.5842796225899,
        468.9428429990163,
        629.9026591466336,
        703.9290518226961,
        906.7991784292703,
        1111.7383280250797,
        1082.638346817625,
        1307.2752235088067,
        1286.2274915426121,
        1333.7595697875988,
        1438.8186265127374,
        1603.1839414115898,
        1355.4235647944151,
        1459.2340456554596,
        1272.7405509372284,
        1242.5609803949262,
        1003.0368687142061,
        1019.3365440324408,
        885.0564445276925,
        756.1102763486288,
        605.7079411729716,
        578.5174500393225,
        470.6712653221991,
        346.1841128648165,
        300.342787494556,
        223.64424875234337,
        175.27532627269585,
        136.48970657159458,
        99.51160736316142,
        72.80824129176587,
        54.94215139580902,
        39.65400358097528,
        27.504726866486067,
        18.37906417639375,
        14.428790663115192,
        8.163332652783428,
        6.458327956987012,
        4.582575694955845,
        1.3999999999999988,
        0.9949874371066196,
        0.9949874371066194,
        0.0
    ]
}