{
    "yield_post": 1.0907947772319444,
    "error_post": 0.3667412905710275
}