{
    "yield_pre": 1.103886087064785,
    "error_pre": 0.39931311002463415
}