{
    "start": 0,
    "stop": 30,
    "levels": [
        82.96855899249422,
        82.98886738839703,
        83.02287946370583,
        83.06818612670973,
        83.12290918122613,
        83.1855728373278,
        83.25500588715917,
        83.33026803333966,
        83.41059544700704,
        83.49536094460038,
        83.58404479614656,
        83.67621151660985,
        83.77149193636554,
        83.8695735505447,
        83.97018673571455,
        84.07309915751895,
        84.17810792491781,
        84.28503641943522,
        84.3937288535535,
        84.50404742451879,
        84.61587005680161,
        84.72908755919721,
        84.84360221551307,
        84.95932617645973,
        85.07618017252867,
        85.1940924379521,
        85.31299779957811,
        85.43283689732534,
        85.55355551597688,
        85.6751040098856,
        85.79743680552603,
        85.92051196968495,
        86.04429083321688,
        86.16873766195206,
        86.29381936798573,
        86.41950525544921,
        86.54576679604061,
        86.67257743017831,
        86.7999123904054,
        86.9277485441045,
        87.05606425206554,
        87.18483924554431,
        87.31405451098676,
        87.443692189141,
        87.57373548375902,
        87.70416857904786,
        87.83497656494289,
        87.96614536937847,
        88.0976616967464,
        88.2295129718814,
        88.36168728903,
        88.49417336523048,
        88.62696049767018,
        88.7600385246613,
        88.89339778979178,
        89.02702910903962,
        89.16092374045864,
        89.29507335632526,
        89.42947001738295,
        89.56410614909123,
        89.69897451961977,
        89.83406821955094,
        89.96938064296705,
        90.10490546998335,
        90.24063665046143,
        90.37656838889744,
        90.5126951303543,
        90.64901154732406,
        90.78551252749682,
        90.922193162334,
        91.0590487363861,
        91.19607471731531,
        91.33326674653877,
        91.47062063044206,
        91.60813233221164,
        91.7457979640718,
        91.88361378006898,
        92.02157616925852,
        92.15968164929126,
        92.29792686038587,
        92.43630855964378,
        92.57482361570698,
        92.71346900367953,
        92.852241800386,
        92.99113917983976,
        93.13015840899735,
        93.26929684372662,
        93.40855192499248,
        93.54792117525074,
        93.6874021950146,
        93.82699265962954,
        93.96669031616288,
        94.1064929805344,
        94.24639853469478,
        94.38640492400899,
        94.52651015475766,
        94.66671229174042,
        94.80700945602547,
        94.94739982276647,
        95.0878816191672,
        95.2284531225225,
        95.36911265833169,
        95.50985859852779,
        95.65068935978732,
        95.79160340188598,
        95.93259922615906,
        96.07367537402685,
        96.21483042557185,
        96.35606299817758,
        96.4973717452443,
        96.63875535494535,
        96.78021254904132,
        96.92174208173898,
        97.06334273862163,
        97.2050133355716,
        97.34675271779285,
        97.48855975885772,
        97.63043335976452,
        97.77237244807263,
        97.9143759770391,
        98.05644292481838,
        98.19857229366207,
        98.34076310919146,
        98.4830144196528,
        98.62532529522224,
        98.76769482735847,
        98.91012212813374,
        99.052606329633,
        99.19514658334249,
        99.33774205959024,
        99.48039194697863,
        99.62309545186523,
        99.76585179783501,
        99.9086602252161,
        100.05151999060126,
        100.19443036638098,
        100.337390640298,
        100.48040011502985,
        100.62345810775987,
        100.76656394978846,
        100.90971698614999,
        101.05291657522221,
        101.19616208837255,
        101.33945290962441,
        101.48278843531305,
        101.62616807374184,
        101.76959124489267,
        101.91305738010624,
        102.05656592178451,
        102.20011632313003,
        102.34370804783386,
        102.4873405698407,
        102.63101337306057,
        102.77472595113707,
        102.91847780721403,
        103.06226845367223,
        103.20609741191474,
        103.34996421215713,
        103.49386839318396,
        103.63780950218063,
        103.78178709448781,
        103.92580073345027,
        104.0698499901855,
        104.21393444343383,
        104.3580536793458,
        104.50220729134882,
        104.64639487994233,
        104.7906160525449,
        104.93487042335707,
        105.07915761317417,
        105.2234772492506,
        105.36782896516176,
        105.51221240065064,
        105.65662720149423,
        105.80107301936584,
        105.94554951171162,
        106.09005634163196,
        106.23459317772088,
        106.37915969399802,
        106.52375556974758,
        106.66838048943796,
        106.8130341425784,
        106.9577162236477,
        107.10242643196784,
        107.24716447159098,
        107.39193005124031,
        107.53672288416229,
        107.68154268807241,
        107.82638918504185,
        107.97126210142221,
        108.11616116774782,
        108.26108611865408,
        108.40603669279497,
        108.55101263275506,
        108.69601368499946,
        108.8410395997503,
        108.98609013095184,
        109.13116503617887,
        109.2762640765694,
        109.42138701675177,
        109.56653362479089
    ]
}