{
    "start": 0,
    "stop": 15,
    "levels": [
        134.60612995464717,
        134.5923047572713,
        134.58088726305402,
        134.57175771990825,
        134.56480453730111,
        134.55992321504678,
        134.5570180259738,
        134.5559947185819,
        134.55677125929893,
        134.5592669810542,
        134.56340720803192,
        134.56912167635778,
        134.57634443364347,
        134.58501359843837,
        134.59507058030292,
        134.60646058045813,
        134.61913084216818,
        134.63303332494903,
        134.64812097644497,
        134.66434988508058,
        134.68167914485085,
        134.70006862887212,
        134.7194812531531,
        134.73988151856932,
        134.76123572246485,
        134.78351164829485,
        134.80667926345998,
        134.83070892323954,
        134.8555736964515,
        134.88124634712273,
        134.90770252435084,
        134.934917346639,
        134.96286855622404,
        134.9915339313206,
        135.02089246487913,
        135.05092404665166,
        135.08160976374214,
        135.1129304771872,
        135.14486848277576,
        135.17740744813173,
        135.21053080823714,
        135.24422285005141,
        135.27846855816688,
        135.3132534707228,
        135.34856372762698,
        135.38438583236584,
        135.4207069739774,
        135.4575147447035,
        135.49479721899158,
        135.53254297056213,
        135.57074030379576,
        135.6093793286162,
        135.6484492449305,
        135.68793993200046,
        135.72784197220292,
        135.76814634544132,
        135.80884305212064,
        135.84992440342717,
        135.89138143824215,
        135.93320599941583,
        135.97539082349994,
        136.0179271396704,
        136.06080803370196,
        136.10402662882882,
        136.14757574481575,
        136.19144862325672,
        136.23563871620723,
        136.28013967009636,
        136.3249453194651,
        136.37004967918432,
        136.4154469354645,
        136.46113140337457,
        136.50709775480564,
        136.55334048652415,
        136.5998544729687,
        136.64663462151853,
        136.69367624798542,
        136.74097428011171,
        136.78852430053357,
        136.83632160375632,
        136.88436209304416,
        136.93264121642477,
        136.9811551538716,
        137.02989911234243,
        137.0788699248165,
        137.12806335793408,
        137.17747577865256,
        137.22710338503526,
        137.2769428010987,
        137.32699030207777,
        137.37724267901265,
        137.4276965464924,
        137.4783486778293,
        137.52919587533913,
        137.5802350880113,
        137.6314634770736,
        137.68287767333922,
        137.73447492024036,
        137.7862526827745,
        137.8382083587867,
        137.890338526395,
        137.9426410825068,
        137.99511341236754,
        138.04775297790812,
        138.10055731666597,
        138.1535240272968,
        138.2066507604376,
        138.259935217212,
        138.3133751476169,
        138.3669681538822,
        138.4207124293795,
        138.4746056156539,
        138.52864582505794,
        138.58283094367823,
        138.6371589883476,
        138.69162801633553,
        138.74623642191972,
        138.8009817364694,
        138.8558621720537,
        138.9108764735812,
        138.9660226121636,
        139.02129886528888,
        139.0767035438153,
        139.13223499129955,
        139.18789158292992,
        139.24367172491435,
        139.2995738535879,
        139.3555964347408,
        139.41173796280188,
        139.46799696017302,
        139.5243719765287,
        139.58086158825174,
        139.63746439760183,
        139.69417903225306,
        139.75100414453888,
        139.8079384110593,
        139.86498053187657,
        139.92212923015325,
        139.97938325151557,
        140.03674136352512,
        140.09420235521557,
        140.15176503663213,
        140.2094282381809,
        140.26719081039164,
        140.3250516232896,
        140.38300956603553,
        140.44106354651439,
        140.49921249082328,
        140.55745534299257,
        140.61579106449003,
        140.67421863387335,
        140.73273704644114,
        140.7913453139067,
        140.85004246387913,
        140.90882753969098,
        140.9676996000434,
        141.02665771853623,
        141.08570098359465,
        141.144828497886,
        141.20403937827237,
        141.26333275546097,
        141.32270779026553,
        141.38216365263156,
        141.44169943231412,
        141.50131434630777,
        141.56100769611598,
        141.62077854297686,
        141.68062612783982,
        141.74054968506232,
        141.80054852245308,
        141.86062198525113,
        141.92076896800268,
        141.98098914113785,
        142.04128164296196,
        142.10164577312136,
        142.16208085440414,
        142.2225861628204,
        142.28316113804206,
        142.3438049237504,
        142.40451696631933,
        142.4652966161725,
        142.52614330719905,
        142.58705630896551,
        142.64803504930651,
        142.70907891709496,
        142.77018730475172,
        142.8313596190789,
        142.89259527521298,
        142.95389369637505,
        143.01525416770647,
        143.07667641925502,
        143.13815975353384,
        143.19970362429774,
        143.2613074925311,
        143.32297096586535,
        143.38469323686334,
        143.44647393031858,
        143.50831254104716,
        143.570208427543,
        143.63216135546014,
        143.6941707012871
    ]
}