{
    "start": 0,
    "stop": 8,
    "anchors": [],
    "levels": [
        135.23061555473015,
        135.1321203181874,
        135.03285915482115,
        134.9328089857929,
        134.83194280861454,
        134.7302337873207,
        134.62765258698838,
        134.52416821521723,
        134.4197485260702,
        134.31435771686898,
        134.20795839253776,
        134.1005106872433,
        133.99197057075526,
        133.88229253233942,
        133.77142613190705,
        133.6593165200547,
        133.5459057954996,
        133.431129574404,
        133.3149182189266,
        133.1971946805011,
        133.0778747345004,
        132.95686523080212,
        132.83406276894698,
        132.70935128694737,
        132.5826009747501,
        132.4536654729232,
        132.32237659767685,
        132.18854229654812,
        132.0519393333073,
        131.91230577216578,
        131.7693304788225,
        131.62263813530768,
        131.47176916827743,
        131.31614387844368,
        131.15501832498663,
        130.9874017090609,
        130.81193124066243,
        130.62668138451176,
        130.42923702651882,
        130.2245665284579,
        130.03086791402586,
        129.85764524856052,
        129.70732308085906,
        129.5797290228982,
        129.47399340745608,
        129.38914570132354,
        129.32406514884377,
        129.2773498173339,
        129.24735123083138,
        129.2323046621438,
        129.23044795009767,
        129.2401034813289,
        129.25972733565328,
        129.28793334468608,
        129.32349886730321,
        129.36536121949433,
        129.41260567668388,
        129.46445008026214,
        129.5202289292721,
        129.5793772842287,
        129.64141554319085,
        129.70593729369872,
        129.77259629636973,
        129.84109865657163,
        129.91119311725396,
        129.9826639050213,
        130.05532647510884,
        130.12902164173846,
        130.2036117217025,
        130.27897738184524,
        130.3550148722337,
        130.43163367132084,
        130.50875442230094,
        130.5863080614994,
        130.66423279240558,
        130.74247550060178,
        130.82098794416441,
        130.89972783022685,
        130.9786579367535,
        131.05774510684287,
        131.13695882454775,
        131.21627321128022,
        131.29566420044907,
        131.37511056038267,
        131.45459269504818,
        131.5340945075011,
        131.61360007002736,
        131.69309495879804,
        131.77256731009842,
        131.852004807599,
        131.93139841526886,
        132.01073848598247,
        132.09001589086955,
        132.16922460097115,
        132.24835641318367,
        132.32740589801853,
        132.4063671636237,
        132.4852350332967,
        132.56400540038038,
        132.64267447675815,
        132.72123788322642,
        132.79969244801472,
        132.87803574225381,
        132.9562644372852,
        133.03437733080244,
        133.11237133691756,
        133.19024404344816,
        133.26799486182924,
        133.3456217785252,
        133.42312376659794,
        133.50050013268722,
        133.5777488549934,
        133.65486926098308,
        133.73186106938428,
        133.80872387853293,
        133.88545662435837,
        133.96205903477437,
        134.03853110197235,
        134.11487220680107,
        134.1910828164228,
        134.26716179818737,
        134.34311054694658,
        134.4189274449219,
        134.4946139101005,
        134.57016985663927,
        134.64559453043702,
        134.7208891097503,
        134.79605347357563,
        134.8710882743327,
        134.94599355774167,
        135.020769730002,
        135.09541712611235,
        135.16993636019856,
        135.24432722304147,
        135.31859148276408,
        135.39272852448954,
        135.46673910733347,
        135.54062388386757,
        135.61438298106756,
        135.68801750702522,
        135.76152766734594,
        135.83491396097628,
        135.90817728008113,
        135.98131794552378,
        136.05433713922267,
        136.1272346646952,
        136.20001102680635,
        136.27266730750392,
        136.34520433569273,
        136.41762203836075,
        136.4899217426549,
        136.56210338819926,
        136.6341678181485,
        136.7061158320116,
        136.77794805078105,
        136.84966454683934,
        136.92126687351936,
        136.99275555704907,
        137.06413015815434,
        137.13539251175723,
        137.20654250993945,
        137.2775808261856,
        137.34850836599787,
        137.41932545286335,
        137.49003288037463,
        137.56063115363622,
        137.63112148418912,
        137.7015028442583,
        137.77177767278002,
        137.84194622782465,
        137.91200793913393,
        137.98196445164325,
        138.05181607979017,
        138.12156349987364,
        138.19120692125097,
        138.2607474466319,
        138.33018526090927,
        138.3995213615668,
        138.46875577602697,
        138.5378894511819,
        138.60692745615353,
        138.67649141140612,
        138.74701750219404,
        138.8185041907577,
        138.89095190352808,
        138.96436001234696,
        139.03872787985318,
        139.11405493970727,
        139.19034088521724,
        139.26758487234594,
        139.3457867225099,
        139.42494545071216,
        139.50506067037085,
        139.58613206267336,
        139.66815892186494,
        139.7511404835955,
        139.83507623934446,
        139.9199660934238,
        140.00580841671123,
        140.0926033540185,
        140.18034974416346
    ]
}