{
    "yield_linear": 1.9858478365965417,
    "error_linear": 0.3639108073160284,
    "error_log": 0.18325211056438206
}