{
    "start": 0,
    "stop": 7,
    "anchors": [],
    "levels": [
        263.477301090693,
        259.46859967021953,
        255.6264413680702,
        251.89371329784615,
        248.2721309556188,
        244.77771376241498,
        241.42272161871844,
        238.21562863897896,
        235.1617876094259,
        232.26406349386684,
        229.48956404932284,
        226.67349161043705,
        223.82258860793593,
        220.97941749824494,
        218.1876284936705,
        215.48470647147445,
        212.89807037536931,
        210.42495626750988,
        207.92938027379984,
        205.28413258849113,
        202.43989398045431,
        199.486299346252,
        196.63545313949808,
        193.92566944411334,
        191.36596745966162,
        188.94646842534684,
        186.65961282368298,
        184.4990581469765,
        182.45790107146266,
        180.52916046653385,
        178.70602009274546,
        176.98194875572239,
        175.35078189157971,
        173.80673245103992,
        172.34440108848932,
        170.95875480966987,
        169.64514607218555,
        168.39922024131027,
        167.2169623741944,
        166.09464478175465,
        165.00903007897372,
        163.91139641226744,
        162.8070035595444,
        161.70410067578604,
        160.61036097892028,
        159.5322541862624,
        158.47483620774463,
        157.44185542895042,
        156.4359524376852,
        155.45887864531232,
        154.51171084168368,
        153.5950266252799,
        152.7090197632348,
        151.85358682980683,
        151.0284396567239,
        150.2331593762043,
        149.4672021733409,
        148.72998809907548,
        148.02082411740943,
        147.339114181968,
        146.68433852870027,
        146.05585719727947,
        145.45298052692021,
        144.87499299145074,
        144.32115465524518,
        143.79072669885136,
        143.28299760652217,
        142.7972573438528,
        142.33278887983508,
        141.88885368465864,
        141.4647423873268,
        141.05974947996802,
        140.67318674776246,
        140.3043870627537,
        139.95270671369775,
        139.61752541119006,
        139.29824912663278,
        138.994307430542,
        138.70515359587523,
        138.43026477527746,
        138.16914050182316,
        137.92130163893182,
        137.6862894948702,
        137.46366436691866,
        137.25300469407594,
        137.0539037137825,
        136.86597443137822,
        136.68884069749788,
        136.52214459498362,
        136.3655497000874,
        136.21895895690375,
        136.08237503490034,
        135.95558877268007,
        135.83828428938025,
        135.73008682051847,
        135.63058597822126,
        135.53934026956858,
        135.45589131859367,
        135.37977232662624,
        135.31052132735195,
        135.2476986408401,
        135.1909068892535,
        135.13981482435017,
        135.09417989065935,
        135.0538720556429,
        135.01888985800053,
        134.98936065871095,
        134.9655128393777,
        134.94761914481217,
        134.93593489414891,
        134.9306421509773,
        134.9318332519398,
        134.93950841277865,
        134.95359037824178,
        134.97394156216296,
        135.00037739442155,
        135.03267867321833,
        135.07059864373224,
        135.11386776535608,
        135.16219602588956,
        135.21527137335949,
        135.27276216746054,
        135.3343316877511,
        135.3996598960424,
        135.4684807192263,
        135.540576465259,
        135.61578965610826,
        135.69400127524062,
        135.77511848559107,
        135.85907022827445,
        135.94579606616648,
        136.03524661725558,
        136.12737883812767,
        136.22215555515504,
        136.31954229456193,
        136.41951030619222,
        136.5220310066723,
        136.62707755339864,
        136.7346242745145,
        136.84464643036537,
        136.9571177143406,
        137.0720115721748,
        137.189301183407,
        137.30895740563798,
        137.43094960919848,
        137.55524501113632,
        137.6818083252274,
        137.810602112479,
        137.9415831440767,
        138.07470961410613,
        138.20993567755693,
        138.347202791966,
        138.48644941755572,
        138.62762012439669,
        138.770679737887,
        138.91557432764546,
        139.06225775847008,
        139.21068032832704,
        139.3607925522155,
        139.51254289405702,
        139.66590905758716,
        139.8207342698371,
        139.97705034736055,
        140.1347495524651,
        140.29376717595747,
        140.4540575187598,
        140.61558601674682,
        140.77832093332287,
        140.94223195005088,
        141.10728777921156,
        141.27346300936665,
        141.44072882454225,
        141.6090568979128,
        141.77841954419745,
        141.94878858448254,
        142.12013527643853,
        142.2924312321316,
        142.46564481684814,
        142.6397440581103,
        142.81470201928926,
        142.9904956374396,
        143.16710415171292,
        143.3445050813241,
        143.5226777539695,
        143.70160171288762,
        143.88125575730928,
        144.06162080033695,
        144.2426767104621,
        144.42440442619764,
        144.60678441472734,
        144.78979867031484,
        144.97342917505404,
        145.1576564851979,
        145.34246430851357,
        145.52783567944684,
        145.71375318939408,
        145.90020055551213,
        146.08716136023082,
        146.27461997322456,
        146.46256055091317,
        146.65096716365082
    ]
}