{
    "start": 0,
    "stop": 15,
    "levels": [
        136.52579174337885,
        136.54244752094448,
        136.56017652734394,
        136.5789412734153,
        136.5987061360474,
        136.61943724645133,
        136.6411022668258,
        136.66367089303137,
        136.6871132090549,
        136.71140189371405,
        136.7365101491126,
        136.76241256960992,
        136.7890848838245,
        136.81650388988825,
        136.84464739437698,
        136.87349415759786,
        136.90302383771348,
        136.93321695141856,
        136.9640548138474,
        136.99551950412868,
        137.02759382427004,
        137.06026126131388,
        137.09350595196415,
        137.1273126492161,
        137.16166669973742,
        137.19655398456874,
        137.23196133404045,
        137.26787448209112,
        137.30428203380762,
        137.34117145350604,
        137.37853148924714,
        137.41634991692143,
        137.45461634753616,
        137.49332026649788,
        137.53245152041745,
        137.57200030175756,
        137.61195710276513,
        137.6523129154422,
        137.69305866883843,
        137.73418586874436,
        137.77568620519722,
        137.81755165907757,
        137.8597744520287,
        137.90234704886848,
        137.94526214769462,
        137.98851267046035,
        138.03209175396879,
        138.0759927413764,
        138.1202091740816,
        138.16473478401528,
        138.2095634861903,
        138.25468896338378,
        138.30010630034246,
        138.34580950009942,
        138.39179314219118,
        138.43805198370217,
        138.48458085128144,
        138.5313748129277,
        138.57842900204508,
        138.62573870343095,
        138.6732993279714,
        138.72110640797288,
        138.76915559307602,
        138.81744264575352,
        138.86596343704466,
        138.91471394448558,
        138.96369024774967,
        139.01288852530828,
        139.06230505112364,
        139.11193619151624,
        139.16177840221349,
        139.21182822534658,
        139.2620822867623,
        139.3125372933584,
        139.3631900305402,
        139.41403735971562,
        139.46507621590172,
        139.51630360558207,
        139.56771660440563,
        139.61931235511406,
        139.67108806553688,
        139.72304100660776,
        139.7751685105141,
        139.82746796887284,
        139.87993683099944,
        139.93257260226446,
        139.98537284407706,
        140.03833516835167,
        140.09145723816158,
        140.14473676711413,
        140.19817151725266,
        140.25175929780008,
        140.3054979638531,
        140.35938535854962,
        140.41341953342345,
        140.46759842153392,
        140.52192004906996,
        140.5763824824486,
        140.63098382626333,
        140.68572222331886,
        140.74059585322954,
        140.79560293143717,
        140.8507417083325,
        140.90601046185353,
        140.9614075139863,
        141.01693121378142,
        141.07257997497234,
        141.12835215382637,
        141.184246228773,
        141.2402606630971,
        141.29639395378751,
        141.35264462829818,
        141.40901124098437,
        141.46549237297756,
        141.5220866311239,
        141.57879264771032,
        141.635609081405,
        141.6925346367222,
        141.74956796808192,
        141.80670776953318,
        141.8639529019057,
        141.92130208063045,
        141.97875409773874,
        142.03630776486582,
        142.09396191069084,
        142.15171544306398,
        142.20956714329898,
        142.26751593022556,
        142.32556070862225,
        142.3837004765365,
        142.44193412211013,
        142.50026061559163,
        142.55867894048765,
        142.61718809488977,
        142.6757870925163,
        142.7344749629605,
        142.793250751366,
        142.85211351814064,
        142.91106233865537,
        142.97009630287454,
        143.029214515204,
        143.08841616891755,
        143.14770024147427,
        143.207065958895,
        143.26651247967956,
        143.3260389752867,
        143.38564462983223,
        143.44532863982593,
        143.50509021387487,
        143.56492857261546,
        143.62484294822858,
        143.68483258434713,
        143.7448967359036,
        143.80503466870618,
        143.86524565934366,
        143.92552899503272,
        143.9858839733147,
        144.0463099018537,
        144.10680609833497,
        144.16737189014827,
        144.2280066141409,
        144.28870961569308,
        144.34948025168657,
        144.4103178868366,
        144.47122189471293,
        144.53219165763224,
        144.59322656641007,
        144.65432602034898,
        144.71548942699667,
        144.77671620192328,
        144.8380057687701,
        144.89935755889908,
        144.9607710113779,
        145.0222455727843,
        145.08378069718248,
        145.14537584579315,
        145.20703048703058,
        145.26874409637915,
        145.33051615614727,
        145.3923461553882,
        145.45423358985457,
        145.51617796182606,
        145.57817878006625,
        145.64023555956456,
        145.70234782159463,
        145.76451509351625,
        145.826736908689,
        145.88901280637057,
        145.9513423316068,
        146.01372503516703,
        146.0761604734153,
        146.13864820828903,
        146.20118780706983,
        146.2637788424441,
        146.32642089228176,
        146.38911353969186,
        146.4518563727971,
        146.51464898477784,
        146.5774909736915,
        146.6403819424588,
        146.7033214987443
    ]
}