{
    "yield_post": 470.66638629087555,
    "error_post": 18.88564946176432
}