{
    "start": 0,
    "stop": 300,
    "levels": [
        132.52099625571213,
        132.45373097262757,
        132.38778114870553,
        132.3231579426661,
        132.25987120417702,
        132.19793181676556,
        132.13735027612762,
        132.07813544598372,
        132.02029784120288,
        131.96384638022684,
        131.9087898282461,
        131.8551366886811,
        131.80289534151353,
        131.75207369665497,
        131.70267925843604,
        131.65471939274158,
        131.60820098706867,
        131.56313080203165,
        131.5195150159359,
        131.4773601338167,
        131.43667096443812,
        131.39745382615496,
        131.3597136534512,
        131.32345550635472,
        131.28868370257578,
        131.25540275759283,
        131.22361690836746,
        131.19332977767476,
        131.16454522034812,
        131.13726626115422,
        131.1114965172026,
        131.08723817769766,
        131.06449432157024,
        131.04326730964783,
        131.0235595234176,
        131.00537243268235,
        130.98870813742724,
        130.9735685944829,
        130.95995446373124,
        130.94786712409532,
        130.9373081362508,
        130.92827787737497,
        130.92077702631718,
        130.91480677747768,
        130.91036636897408,
        130.90745665546208,
        130.90607824869355,
        130.9062308569234,
        130.90791493485577,
        130.91112946309306,
        130.91587504401525,
        130.92215076065904,
        130.9299578298618,
        130.93929480783092,
        130.95016227852835,
        130.96255997349755,
        130.97648749128027,
        130.99194584590754,
        131.0089348079406,
        131.02745501179984,
        131.04750698841093,
        131.06909181555096,
        131.0922099034444,
        131.11686320271713,
        131.143053161754,
        131.1707819392632,
        131.20005160778777,
        131.23086489330484,
        131.26322488056883,
        131.2971349530623,
        131.33259855240513,
        131.3696197374493,
        131.40820359743773,
        131.4483545237391,
        131.49007748631288,
        131.53337840092786,
        131.57826301878754,
        131.62473740035352,
        131.67280776741117,
        131.72248049239596,
        131.77376256256355,
        131.82666116197032,
        131.88118315598956,
        131.93733530448236,
        131.99512483254833,
        132.05455937222544,
        132.11564574623236,
        132.17839105761203,
        132.2428023588863,
        132.30888601998544,
        132.37664987125322,
        132.44609920425194,
        132.51724083609676,
        132.59008119170372,
        132.6646255109063,
        132.74087941686818,
        132.8188473740474,
        132.89853531790408,
        132.97994716390062,
        133.06308679066905,
        133.1479580135992,
        133.23456391757261,
        133.32290729192218,
        133.4129901234434,
        133.50481542272155,
        133.5983834382189,
        133.69369534242605,
        133.7907515078918,
        133.88955311163988,
        133.99009905460733,
        134.09238853946147,
        134.19642101359412,
        134.30219502210403,
        134.40970881124224,
        134.51896038768965,
        134.62994830635108,
        134.7426694464105,
        134.85712300915327,
        134.97330540705582,
        135.0912157919974,
        135.21085020516438,
        135.33220781447991,
        135.45528591052994,
        135.58008257260832,
        135.70659544742824,
        135.83482255055446,
        135.96476091149793,
        136.09640951167594,
        136.22976563845057,
        136.36482707663265,
        136.50159113685243,
        136.6400577384557,
        136.7802249600143,
        136.92209182485976,
        137.06565683493176,
        137.21092077747306,
        137.35788531526245,
        137.50655110678093,
        137.65691877954347,
        137.80898795805797,
        137.9627630050602,
        138.1182430131576,
        138.27542866187673,
        138.4343204006153,
        138.59491725397797,
        138.75721829335657,
        138.92122414028938,
        139.08693576026474,
        139.25435459849677,
        139.4234827131744,
        139.5943223776914,
        139.76687595275877,
        139.94114590367985,
        140.11713392300493,
        140.29484490972078,
        140.47427915772136,
        140.65543936547465,
        140.83832971817964,
        141.02295036351606,
        141.2093058424845,
        141.3973964358521,
        141.58722559009016,
        141.77879415331807,
        141.97210546237827,
        142.1671604499633,
        142.36396024882305,
        142.56250768874165,
        142.76280427881932,
        142.96484987566208,
        143.16864708855937,
        143.37419675370577,
        143.58149951118295,
        143.79055682841985,
        144.0013695190707,
        144.21393843856214,
        144.4282645664841,
        144.64434788160196,
        144.86218964434184,
        145.08179095170306,
        145.30315086308207,
        145.5262692102928,
        145.7511418296174,
        145.97777642376894,
        146.20616866085794,
        146.43631866500752,
        146.66822603426442,
        146.9018915815254,
        147.13731452933413,
        147.37449466980186,
        147.6133540184466,
        147.85401736112715,
        148.0964313300714,
        148.34059897929734,
        148.58651828408972,
        148.83419132209477,
        149.08361802313817,
        149.33479676089658,
        149.58772972922432,
        149.8424168066297,
        150.09885819463227,
        150.35705341991687
    ]
}