{
    "start": 2,
    "stop": 12,
    "anchors": [],
    "levels": [
        59.39849981439862,
        57.35317900179029,
        55.62166799411654,
        54.150751682115995,
        52.898264686316175,
        51.829238744473976,
        50.91506518027281,
        50.13233012207128,
        49.4618114830992,
        48.88765817258528,
        48.396661586596124,
        47.97746538689783,
        47.60793692421151,
        47.31308225047104,
        47.0676134307771,
        46.873309387764685,
        46.73116160775321,
        46.637587582472804,
        46.588689843337576,
        46.58076879683961,
        46.6103890419731,
        46.6743879611479,
        46.76986931125239,
        46.894186467793425,
        47.044924004623894,
        47.2198804404161,
        47.417048782458146,
        47.634600348079346,
        47.87086587241109,
        48.124325481815376,
        48.39358965737037,
        48.67738961985074,
        48.97456535332071,
        49.28405424821426,
        49.6048820058778,
        49.936152771471214,
        50.27704192630294,
        50.62679034935646,
        50.98469436660233,
        51.35010470284652,
        51.7224182152956,
        52.10107343689516,
        52.48554791340851,
        52.875354999743735,
        53.27003756155353,
        53.669164090134174,
        54.072328758055164,
        54.47916396246599,
        54.889336776424614,
        55.302545262572195,
        55.71850267517681
    ]
}