{
    "start": 0,
    "stop": 15,
    "levels": [
        48.46650512348493,
        48.55256153146752,
        48.64844789414406,
        48.75338420600171,
        48.86667376887882,
        48.98768706840892,
        49.11585240232947,
        49.2506643693581,
        49.39164877800978,
        49.5383970187461,
        49.6905237892722,
        49.847682052842224,
        50.00955857072046,
        50.175858758586095,
        50.346324118033124,
        50.52071220933223,
        50.6987984761944,
        50.88038078547323,
        51.06526589964732,
        51.25328410803821,
        51.44427333975565,
        51.63808178140701,
        51.83457529400397,
        52.03362070600234,
        52.23509485402524,
        52.438892771728035,
        52.644910085076994,
        52.853039857323566,
        53.06319970813753,
        53.27530046539852,
        53.48925715206147,
        53.705000554187905,
        53.92245600167409,
        54.14155798540118,
        54.362241897960516,
        54.584446721915704,
        54.80811964679143,
        55.033203737562765,
        55.25964611339275,
        55.48740536095256,
        55.71642972772662,
        55.946684804904805,
        56.17811439347054,
        56.41069201469137,
        56.644379256931984,
        56.87913596768024,
        57.11493406076069,
        57.35173094591781,
        57.5895091170906,
        57.82822679830418,
        58.067865264878286
    ]
}