{
    "yield_post": 19.884634185832496,
    "error_post": 2.2009342396283267
}