{
    "yield_pre": 18.26772804242028,
    "error_pre": 2.3829615596863727
}