{
    "yield_pre": 5.52645979035651,
    "error_pre": 1.4951762387794227
}