{
    "start": 0,
    "stop": 20,
    "levels": [
        135.30490078124,
        135.2308463795067,
        135.16039047127325,
        135.09341194792353,
        135.02979457635752,
        134.96942501872735,
        134.91219570989801,
        134.8580028388657,
        134.80674677398773,
        134.7583309727202,
        134.71266364272432,
        134.66965634922167,
        134.6292241301104,
        134.5912859452699,
        134.55576270421417,
        134.5225799180715,
        134.49166531421642,
        134.46295025255384,
        134.43636734787344,
        134.4118533914192,
        134.38934708008887,
        134.36878958376528,
        134.3501243680924,
        134.333297123508,
        134.31825565818806,
        134.30494972279715,
        134.2933310874405,
        134.28335329589032,
        134.27497165709607,
        134.26814336939458,
        134.26282659152648,
        134.25898141771992,
        134.25657019541532,
        134.2555548841799,
        134.25590050528916,
        134.25757240607584,
        134.26053752020636,
        134.26476376347844,
        134.2702198836072,
        134.27687633316668,
        134.28470431699122,
        134.29367571697793,
        134.30376405118182,
        134.31494306315048,
        134.32718763414994,
        134.34047343848894,
        134.35477694419933,
        134.37007539407605,
        134.38634674444242,
        134.40356965507345,
        134.4217234625458,
        134.4407876717696,
        134.46074362417085,
        134.48157219065368,
        134.50325513948485,
        134.52577479276172,
        134.5491140034105,
        134.57325560661675,
        134.5981841692818,
        134.6238827674284,
        134.65033773339852,
        134.67753355365758,
        134.70545583301572,
        134.73409058116204,
        134.76342419809833,
        134.793443458971,
        134.82413536681773,
        134.85548781338485,
        134.88748822377232,
        134.92012489089805,
        134.95338628262726,
        134.9872611711233,
        135.0217386223903,
        135.05680798638593,
        135.09245888749086,
        135.12868121527833,
        135.1654651157015,
        135.2028009823351,
        135.2406794361673,
        135.2790912481695,
        135.31802779793233,
        135.35748014652197,
        135.39743987405816,
        135.43789870834826,
        135.47884854001936,
        135.52028154062452,
        135.56219000697828,
        135.6045663532981,
        135.6474032743784,
        135.6906935907425,
        135.73443028490715,
        135.7786065053443,
        135.8232155544858,
        135.86825071659524,
        135.91370583125,
        135.9595745341192,
        136.005850696382,
        136.05252831836378,
        136.0996015396252,
        136.14706462117127,
        136.19491194630004,
        136.24313801730014,
        136.291737445579,
        136.34070494194413,
        136.39003545026793,
        136.43972378672282,
        136.48976505518232,
        136.5401544038238,
        136.5908864151259,
        136.6419577398242,
        136.69336317323,
        136.74509824302098,
        136.79715856498473,
        136.84953984088975,
        136.90223785618522,
        136.95524847794596,
        137.00856765265414,
        137.06219140439066,
        137.1161158327529,
        137.17033711103355,
        137.22485148438727,
        137.27965526808262,
        137.33474484578187,
        137.39011685516647,
        137.44576748254457,
        137.5016933740036,
        137.55789123768935,
        137.61435784319883,
        137.67109019571788,
        137.72808397842778,
        137.78533729122006,
        137.8428468470174,
        137.90060915497938,
        137.95862151648322,
        138.0168812520422,
        138.07538530725728,
        138.1341309611669,
        138.19311564523605,
        138.25233534218668,
        138.3117893847366,
        138.37147369917906,
        138.4313861329685,
        138.49152414400174,
        138.55188523207747,
        138.61246635258473,
        138.6732662309978,
        138.7342819274054,
        138.79551114105575,
        138.85695148876556,
        138.91860074219204,
        138.98045667040896,
        139.0425170779693,
        139.1047798035293,
        139.1672427198183,
        139.22990373262124,
        139.29276078021167,
        139.35581183267217,
        139.41905489117912,
        139.4824879873987,
        139.5461091829465,
        139.6099165687036,
        139.67390826427538,
        139.73808241737984,
        139.80243720324876,
        139.86697082430382,
        139.93168150934963,
        139.99656751242867,
        140.06162711654022,
        140.12685862680019,
        140.19226038295005,
        140.25783071183207,
        140.32356799721993,
        140.38947066227465,
        140.4555371100325,
        140.5217658162877,
        140.58815522336246,
        140.65470380657214,
        140.72141009154342,
        140.78827260936296,
        140.85528991100225,
        140.92246056754857,
        140.9897831694928,
        141.05725623557117,
        141.12487857091028,
        141.1926487372398,
        141.26056539997552,
        141.32862724241983,
        141.39683296544405,
        141.4651812871361,
        141.53367094261088,
        141.60230068354986,
        141.6710692780755,
        141.73997551022296,
        141.80901826055236,
        141.87819618757186,
        141.94750819868514,
        142.01695313970765,
        142.08652987120433,
        142.1562372682187,
        142.2260742200722,
        142.2960396301411
    ]
}