{
    "start": 0,
    "stop": 10,
    "levels": [
        154.663768146095,
        152.836729311171,
        150.92978170069847,
        148.9371571974328,
        146.85658613022156,
        144.69484505042135,
        142.47860463359456,
        140.26708184289726,
        138.17508172399226,
        136.31221833520803,
        134.734492406883,
        133.45163259294677,
        132.43852228753167,
        131.66373893503535,
        131.09780716100747,
        130.7175650708756,
        130.50335720974581,
        130.42889259281407,
        130.46367714644526,
        130.58080671349515,
        130.76049009184442,
        130.98948691511146,
        131.25881998662916,
        131.56158381610223,
        131.89154435812554,
        132.2426509222658,
        132.60983907320073,
        132.98998110235092,
        133.38088823702105,
        133.78071596826783,
        134.18779049684855,
        134.6005744802088,
        135.01766772579518,
        135.4378124240343,
        135.85989139601526,
        136.2829243189721,
        136.70605687705574,
        137.12855224068446,
        137.54976733363003,
        137.96914446883284,
        138.38619192173755,
        138.8005408042243,
        139.2119230168825,
        139.62012751587133,
        140.0249887462722,
        140.4263815655711,
        140.82421360987328,
        141.2184233621442,
        141.60897040148373,
        141.99583414303103,
        142.379015521619
    ]
}