{
    "nbins": 50,
    "range_": [
        0.0,
        10.0
    ],
    "nburnin": 100,
    "nsamples": 100000,
    "nrepeats": 100,
    "seed": 0,
    "step_size": 0.2,
    "prob_eye": 0.1,
    "yields": [
        0,
        0,
        0,
        0,
        0,
        0,
        1,
        25,
        204,
        1231,
        6066,
        22577,
        67870,
        162994,
        321877,
        537493,
        770693,
        975119,
        1104761,
        1129726,
        1072731,
        943961,
        783009,
        616321,
        459511,
        334512,
        234006,
        158730,
        106478,
        69574,
        44549,
        28564,
        18284,
        11296,
        7067,
        4173,
        2545,
        1588,
        853,
        616,
        399,
        210,
        149,
        78,
        60,
        24,
        27,
        20,
        16,
        2
    ],
    "errors": [
        0.0,
        0.0,
        0.0,
        0.0,
        0.0,
        0.0,
        0.9949874371066194,
        7.92148975887743,
        27.20000000000001,
        73.1805301975874,
        159.31867436054068,
        394.2102357879612,
        655.8498303727765,
        1118.7500346368709,
        1679.5992706595225,
        2330.6905650471917,
        2760.009874982334,
        2694.5751780197184,
        2406.638691203979,
        2200.8264902077126,
        1884.2243470457543,
        2121.836419236883,
        2131.5970984217442,
        1993.7017304501694,
        1941.9762588662095,
        1708.6212453320366,
        1355.7918866846785,
        1200.9283908709958,
        951.0684307661566,
        749.642074592935,
        542.5651942393653,
        464.761272052653,
        322.1698930688589,
        252.77626470853625,
        204.40672689517828,
        134.2151630777983,
        89.12210724618218,
        71.54411226648915,
        47.98864449012913,
        39.842690672192305,
        36.17996683248895,
        19.261360284258227,
        19.41623032413862,
        14.041367454774472,
        11.832159566199236,
        6.3435006108614855,
        8.815327560561778,
        7.745966692414829,
        6.740919818541085,
        1.3999999999999992
    ]
}