{
    "nbins": 50,
    "range_": [
        0.0,
        10.0
    ],
    "nburnin": 100,
    "nsamples": 100000,
    "nrepeats": 100,
    "seed": 0,
    "step_size": 0.2,
    "prob_eye": 0.1,
    "yields": [
        0,
        0,
        0,
        0,
        0,
        0,
        0,
        30,
        207,
        1270,
        6016,
        22857,
        67962,
        162417,
        320773,
        535817,
        768526,
        976153,
        1105539,
        1128530,
        1072264,
        946980,
        783399,
        614776,
        461018,
        336067,
        234588,
        158486,
        106972,
        69410,
        44250,
        28179,
        18485,
        11285,
        7007,
        4074,
        2572,
        1567,
        965,
        620,
        376,
        208,
        151,
        63,
        60,
        25,
        14,
        21,
        14,
        2
    ],
    "errors": [
        0.0,
        0.0,
        0.0,
        0.0,
        0.0,
        0.0,
        0.0,
        8.774964387392137,
        28.539621581233348,
        75.45197147855048,
        160.2854952888751,
        369.97906697541686,
        682.8466592142045,
        1163.7371309707362,
        1760.0948014240598,
        2314.7060526122964,
        2766.362817853074,
        2676.7877969685974,
        2443.726210114382,
        2193.0569988032694,
        2276.4997342411443,
        1946.926295471916,
        2274.2622957785666,
        1840.7341578837506,
        2076.985016797185,
        1732.4058733449274,
        1543.195567645268,
        1203.1134776071624,
        1079.7296698711211,
        784.9796175697813,
        622.4748990923249,
        502.79477920917196,
        359.39497770558785,
        271.8395666565116,
        208.60131830839413,
        128.20000000000002,
        85.40585460025561,
        69.74317170877734,
        53.895732669665044,
        44.83302354291979,
        33.94466084673701,
        23.267144216684606,
        18.3027320365021,
        10.830974102083344,
        10.295630140986995,
        6.062177826491071,
        4.476605857119878,
        7.522632517942107,
        6.167657578043704,
        1.3999999999999992
    ]
}