{
    "yield_pre": 0.99285715760134,
    "error_pre": 0.974572526468273
}