{
    "nbins": 50,
    "range_": [
        0.0,
        6.0
    ],
    "nburnin": 100,
    "nsamples": 100000,
    "nrepeats": 100,
    "seed": 0,
    "step_size": 0.5,
    "prob_eye": 0.1,
    "yields": [
        366631,
        411850,
        450082,
        484447,
        515406,
        540922,
        562801,
        569506,
        571410,
        567742,
        551726,
        530140,
        500850,
        470038,
        429588,
        389524,
        350193,
        306796,
        267759,
        228188,
        193273,
        160112,
        131223,
        106540,
        83893,
        66568,
        51201,
        38487,
        29473,
        21738,
        15581,
        11388,
        8086,
        5495,
        3769,
        2660,
        1751,
        1169,
        774,
        504,
        329,
        139,
        97,
        73,
        33,
        22,
        8,
        3,
        8,
        2
    ],
    "errors": [
        1575.181065782598,
        1553.1989569916664,
        1903.7916797801167,
        1666.6214057187672,
        1614.008562554734,
        1611.5499247618736,
        1545.1126140187966,
        1550.3134005742197,
        1636.5674443786302,
        1571.9447700221533,
        1589.9135951365404,
        1580.652396955131,
        1629.0178022354453,
        1285.210317418904,
        1446.6646328710744,
        1322.3752266282065,
        1277.634732621182,
        1067.2290475806963,
        1154.3076669588572,
        935.0040427720085,
        954.2555789724258,
        774.1321334242623,
        742.3743732107135,
        936.1335374827673,
        618.0068850749157,
        567.3867816578036,
        450.485282778472,
        392.81460003416373,
        361.6458350375405,
        286.1565305912133,
        302.2439246701247,
        198.6468222751122,
        173.86788087510584,
        131.6387101121855,
        104.15080412555636,
        87.68124086713189,
        79.52980573344813,
        57.59678810489351,
        49.30760590416044,
        39.46948188157527,
        34.15538024967663,
        17.543944824354647,
        14.384366513684226,
        13.479985163196588,
        8.006872048434388,
        6.257795138864811,
        3.6551333764994096,
        1.7058722109231992,
        5.418486873657624,
        1.399999999999999
    ]
}