{
    "start": 60,
    "stop": 220,
    "anchors": [],
    "levels": [
        73.15568880074963,
        72.88564853248668,
        72.61861838998699,
        72.35462339803306,
        72.0936883159921,
        71.83583659780305,
        71.58109232662619,
        71.32947782682511,
        71.08101573736336,
        70.83572790639329,
        70.59363556273252,
        70.3547594141882,
        70.1191198150405,
        69.88673604440807,
        69.65762712933633,
        69.43181099496965,
        69.20930549512187,
        68.9901275625614,
        68.77429349255462,
        68.56181849585,
        68.35271717700786,
        68.14700219997538,
        67.94468505238041,
        67.74577668169009,
        67.55028793102122,
        67.35822857286726,
        67.16960800219275,
        66.98443476286077,
        66.80271700553047,
        66.62446188382287,
        66.44967598069331,
        66.27836471715916,
        66.11053302374545,
        65.9461845570539,
        65.7853220499729,
        65.62794722183612,
        65.47406072880904,
        65.32366161780378,
        65.17674836971997,
        65.03331738527177,
        64.89336434356437,
        64.75688313669666,
        64.62386634021107,
        64.49430482390393,
        64.36818850697287,
        64.24550520999858,
        64.12624209888702,
        64.01038504745468,
        63.89791992099717,
        63.7888337946761,
        63.683119090948495,
        63.58078116856444,
        63.48185716928978,
        63.386428657192155,
        63.2945850679548,
        63.20637717629539,
        63.1218176120612,
        63.040910196272016,
        62.96364825104827,
        62.890021890986745,
        62.82013841859366,
        62.75444370232296,
        62.693134311012734,
        62.63616414841853,
        62.58335764948785,
        62.53447237534806,
        62.48923718248049,
        62.447376771087754,
        62.408627733928355,
        62.37274947313776,
        62.33953160801355,
        62.30879983921444,
        62.28042167643284,
        62.25431368568037,
        62.23045215785167,
        62.20888931988773,
        62.189776628319706,
        62.17339166536912,
        62.16015020864626,
        62.15055841716247,
        62.145064456770235,
        62.14386465404972,
        62.146810136593146,
        62.15347809150083,
        62.16333149767014,
        62.175861445856086,
        62.19066077196881,
        62.2074371560425,
        62.22599674435388,
        62.24622095609786,
        62.26804635232498,
        62.291449186580614,
        62.31643424180696,
        62.3430269171601,
        62.37126655460118,
        62.401201389368154,
        62.43288401101379,
        62.46636745034445,
        62.50170158021989,
        62.53893010818651,
        62.57808844611107,
        62.6192021601481,
        62.662286318896804,
        62.707345502958304,
        62.754374412716956,
        62.80335865709315,
        62.854275566754936,
        62.907094425985896,
        62.96177675429885,
        63.0182755916385,
        63.076534933787,
        63.13647935760064,
        63.198020889804,
        63.26107712241051,
        63.32562090355268,
        63.39163175681813,
        63.45909026875299,
        63.52797848946922,
        63.59827930310587,
        63.66997674763185,
        63.7430560226095,
        63.81750293615584,
        63.893304226755724,
        63.970447395085955,
        64.04892036604613,
        64.12871187683375,
        64.20981108976099,
        64.29220775747395,
        64.37589206338711,
        64.46085461986002,
        64.5470866614848,
        64.63457992305817,
        64.7233264349335,
        64.81331877343149,
        64.9045497445975,
        64.99701236162473,
        65.09069965286002,
        65.18560468727182,
        65.28171942209397,
        65.37903602925394,
        65.477546726887,
        65.5772441863865,
        65.6781220640301,
        65.78017534006123,
        65.88340020095282,
        65.98779399700402,
        66.09335490215098,
        66.20008190086244,
        66.30797342967006,
        66.41702960158136,
        66.52725015164961,
        66.63863515464277,
        66.75118483135185,
        66.86489933400797,
        66.97977920267373,
        67.0958249177527,
        67.21303698737955,
        67.33141602268569,
        67.45096239117186,
        67.57167683703175,
        67.69355988827738,
        67.81661207149313,
        67.94083375895514,
        68.06622535634094,
        68.19278717403436,
        68.32051948072976,
        68.44942276484184,
        68.5794964923407,
        68.71074108333458,
        68.84315650098016,
        68.97674221912855,
        69.11149789148035,
        69.24742329592473,
        69.38451770876061,
        69.52278039637613,
        69.66221047382362,
        69.80280690591704,
        69.94456860045935,
        70.0874938015888,
        70.2315813159055,
        70.37682908566562,
        70.52323512278028,
        70.67079691246252,
        70.81951175074695,
        70.96937653610918,
        71.12038796171747,
        71.27254243289889,
        71.42583635812619,
        71.58026563665956,
        71.73582580795913,
        71.8925127188138,
        72.05032278565668,
        72.20925317579623,
        72.36930153569409,
        72.53046582300789,
        72.69274325877339,
        72.85613110363107,
        73.02062662397094,
        73.18622755749224,
        73.35293026430381,
        73.52073227026592
    ]
}