{
    "start": 60,
    "stop": 240,
    "anchors": [],
    "levels": [
        73.15568880074963,
        72.85210449549365,
        72.55233433155134,
        72.25641310449646,
        71.96437570790204,
        71.67625594095783,
        71.39208658578596,
        71.11190025342518,
        70.83572790639329,
        70.56359976412568,
        70.29554538215629,
        70.03159327754452,
        69.77177113706225,
        69.51610509262476,
        69.26462060213476,
        69.01734227389926,
        68.77429349255462,
        68.53549605376338,
        68.30097043348329,
        68.07073447694836,
        67.84480399485801,
        67.62319485157502,
        67.40592138599442,
        67.19299727217285,
        66.98443476286077,
        66.78024565934535,
        66.580439943339,
        66.38502664599788,
        66.194013726572,
        66.00740678215176,
        65.825210748738,
        65.64742840520306,
        65.47406072880904,
        65.30510699831046,
        65.140564321471,
        64.98042775989556,
        64.82469022125281,
        64.67334221754277,
        64.52637189386137,
        64.38376505475595,
        64.24550520999858,
        64.11157397425052,
        63.98195136613481,
        63.85661722698876,
        63.73555510685556,
        63.618760751921585,
        63.50626429887805,
        63.398162698327894,
        63.2945850679548,
        63.19560765954374,
        63.10124858752182,
        63.01151023180714,
        62.9263813156782,
        62.845876008484794,
        62.77045860943179,
        62.70055816474201,
        62.63616414841853,
        62.577037953141485,
        62.522832214413704,
        62.473158590094044,
        62.42762900029827,
        62.385881484251755,
        62.34759686212179,
        62.312510317481156,
        62.28042167643284,
        62.251207881169485,
        62.22484192462197,
        62.20142303529031,
        62.181220309324544,
        62.16471600312795,
        62.15258707203252,
        62.14551711364653,
        62.14386465404972,
        62.147450670800914,
        62.15566399365194,
        62.16774101010792,
        62.182998280909416,
        62.20092849886014,
        62.22119726337482,
        62.24360459612871,
        62.26804635232498,
        62.294485446675495,
        62.32293036083076,
        62.35342134506103,
        62.38601883965133,
        62.42079478990294,
        62.45782494664677,
        62.49718201796506,
        62.53893010818651,
        62.58312031515983,
        62.629788106717115,
        62.67895210312025,
        62.73061439215993,
        62.78476166235677,
        62.841366695269365,
        62.90038928106708,
        62.96177675429885,
        63.025462941354874,
        63.09136661539292,
        63.15937620765617,
        63.2293617086644,
        63.301243923664956,
        63.37499250113636,
        63.45057942875107,
        63.52797848946922,
        63.60716542080788,
        63.68811757575109,
        63.77081405229934,
        63.855235102485096,
        63.941362207736304,
        64.029178054528,
        64.11866615367208,
        64.20981108976099,
        64.30259807332746,
        64.39701336093937,
        64.49304336153457,
        64.59067614072303,
        64.68990012862784,
        64.79070439109589,
        64.89307837532029,
        64.99701236162473,
        65.10249642675512,
        65.20952006354322,
        65.31807267788517,
        65.42814255353602,
        65.53971900424489,
        65.65279223993089,
        65.76735446772403,
        65.88340020095282,
        66.00092529896665,
        66.11992737207035,
        66.24040455614539,
        66.36235599019292,
        66.485781010672,
        66.61067973387983,
        66.73705243658468,
        66.86489933400797,
        66.99422114952641,
        67.12501856857405,
        67.25729221091535,
        67.39104318539589,
        67.52627203142742,
        67.66297954659423,
        67.80116660187034,
        67.94083375895514,
        68.0819816411058,
        68.22461044590987,
        68.36872112303818,
        68.51431331681167,
        68.66138726507654,
        68.80994308216616,
        68.95997998766335,
        69.11149789148035,
        69.26449618149068,
        69.41897388728506,
        69.57492992275736,
        69.73236297900198,
        69.89127144164044,
        70.05165352109648,
        70.21350688219084,
        70.37682908566562,
        70.54161721372566,
        70.70786770651836,
        70.87557645148866,
        71.04473917111697,
        71.215350796119,
        71.38740628618633,
        71.5608998285164,
        71.73582580795913,
        71.91217779320564,
        72.08995041408816,
        72.26914051884526,
        72.44974448079473,
        72.63175886298028,
        72.815179985099,
        73.00000435466144,
        73.18622755749224,
        73.37384546983822,
        73.56285414654734,
        73.7532489463488,
        73.94502526952337,
        74.13817914787867,
        74.33270355928329,
        74.52859556998655,
        74.72584921991009,
        74.92446031583862,
        75.12442263876144,
        75.32573150025114,
        75.52838181564545,
        75.73236895648323,
        75.9376876868996,
        76.14433183773343,
        76.35229729609534,
        76.5615786452355,
        76.76320017121718,
        76.97456503125306,
        77.18721600101597,
        77.40114777780141,
        77.61635382614841,
        77.83282915522256,
        78.0505675174986
    ]
}