{
    "start": 0,
    "stop": 200,
    "levels": [
        208.86852535682524,
        208.86054392489876,
        208.85384046884406,
        208.84841059300234,
        208.84425000667375,
        208.84135388876672,
        208.83971709416096,
        208.83933404098818,
        208.8401989452807,
        208.84230554465185,
        208.8456469816052,
        208.8502156662983,
        208.85600415779126,
        208.86300394447608,
        208.8712053462745,
        208.880599243492,
        208.89117464583938,
        208.90292054977255,
        208.91582506258754,
        208.92987492993183,
        208.94505740138695,
        208.96135768436824,
        208.97876206907142,
        208.99725544543824,
        209.0168228608843,
        209.03744955577622,
        209.05912127701046,
        209.08182430045213,
        209.10554585143348,
        209.13027421550947,
        209.1559991546328,
        209.1827117377478,
        209.2104046263722,
        209.2390719719566,
        209.268709138513,
        209.2993132564796,
        209.3308824506933,
        209.36341609049856,
        209.39691448262147,
        209.43137822371244,
        209.46680968833266,
        209.50321109748694,
        209.54058498898308,
        209.57893485245938,
        209.6182636341678,
        209.65857528733815,
        209.69987334331478,
        209.74216166284526,
        209.78544381603535,
        209.82972293919352,
        209.8750037381326,
        209.92128893462495,
        209.9685823764078,
        210.01688732041515,
        210.0662067135922,
        210.11654385604632,
        210.16790153222982,
        210.22028277974746,
        210.2736894844916,
        210.328124874104,
        210.38359111284248,
        210.4400899805298,
        210.49762407767398,
        210.5561951367062,
        210.61580495067025,
        210.67645535573178,
        210.73814757489777,
        210.80088323043594,
        210.8646635030116,
        210.9294897806726,
        210.99536299900888,
        211.06228448256735,
        211.1302539764353,
        211.19927287338564,
        211.2693418020228,
        211.3404606831554,
        211.41263001449343,
        211.48584976640026,
        211.56011968583624,
        211.63543943733293,
        211.71180854922125,
        211.78922567659765,
        211.867690031802,
        211.94720024138132,
        212.02775361228424,
        212.10934774311278,
        212.19197999019815,
        212.27564574970742,
        212.36034016527816,
        212.44605629456507,
        212.5327855583463,
        212.62052271777452,
        212.70926767027714,
        212.79902040196103,
        212.88977966381347,
        212.98154592488407,
        213.0743190989018,
        213.1680984921914,
        213.26288377296277,
        213.35867513788457,
        213.45547211798208,
        213.5532743447418,
        213.6520817765212,
        213.7518939141479,
        213.8527110104697,
        213.9545317864308,
        214.05735670249976,
        214.16118528564854,
        214.2660174482737,
        214.37185254097795,
        214.47869068634336,
        214.58653120856786,
        214.6953742413729,
        214.80521864055441,
        214.91606490068395,
        215.0279123657564,
        215.14076069491023,
        215.25460942480007,
        215.36945836606043,
        215.48530706662265,
        215.60215512574234,
        215.72000219113409,
        215.8388478513887,
        215.95869161796978,
        216.07953310100407,
        216.2013718956983,
        216.32420712367298,
        216.44803910761973,
        216.57286705123994,
        216.6986896007644,
        216.8255077288467,
        216.95331966237052,
        217.08212567180738,
        217.21192506038074,
        217.34271715643507,
        217.47450090883376,
        217.60727646645591,
        217.74104270798875,
        217.87579919031432,
        218.01154526978286,
        218.1482804403505,
        218.2860038065697,
        218.4247150162073,
        218.5644125351322,
        218.70509693715243,
        218.84676590516233,
        218.98941990319463,
        219.13305773739344,
        219.27767870842587,
        219.42328159114703,
        219.56986636002637,
        219.71743093399488,
        219.86597568734317,
        220.01549839327885,
        220.16599894644548,
        220.31747657809808,
        220.4699297119622,
        220.62335780207627,
        220.7777585544702,
        220.9331327871325,
        221.08947752649644,
        221.24679311848558,
        221.40507724007978,
        221.56432924506896,
        221.72454733410902,
        221.88573049731542,
        222.0478775799968,
        222.21098637730756,
        222.37505613966914,
        222.5400836901556,
        222.70606907430005,
        222.87301077421105,
        223.04090725638284,
        223.2097576361757,
        223.3795608076936,
        223.55031581752087,
        223.7220213002598,
        223.8946753514538,
        224.06827794818267,
        224.24282743208278,
        224.41832220257686,
        224.59476119248876,
        224.7721434809141,
        224.95046828555334,
        225.12973443675497,
        225.30994095451098,
        225.49108746410016,
        225.67317210717044,
        225.85619451004038,
        226.04015368400053,
        226.22504859903844,
        226.41087842499593,
        226.5976420234112,
        226.78533843673173,
        226.97396679107908,
        227.16352606116118,
        227.35401511141654,
        227.54543380592764,
        227.73777988937823,
        227.93105257353756,
        228.1252514487593
    ]
}