{
    "yield_pre": 4.549220089046667,
    "error_pre": 0.7660336458862671
}