{
    "nbins": 50,
    "range_": [
        0.0,
        10.0
    ],
    "nburnin": 100,
    "nsamples": 100000,
    "nrepeats": 100,
    "seed": 0,
    "step_size": 0.2,
    "prob_eye": 0.1,
    "yields": [
        0,
        0,
        0,
        0,
        0,
        0,
        0,
        0,
        0,
        0,
        0,
        0,
        8,
        110,
        677,
        2785,
        9820,
        27617,
        65106,
        126249,
        222915,
        345924,
        485516,
        625418,
        743993,
        825326,
        865789,
        860052,
        819201,
        746092,
        658411,
        561743,
        464366,
        376880,
        297877,
        229633,
        174977,
        131157,
        96516,
        70667,
        50207,
        36084,
        25107,
        17179,
        12005,
        8218,
        5488,
        3669,
        2398,
        1699
    ],
    "errors": [
        0.0,
        0.0,
        0.0,
        0.0,
        0.0,
        0.0,
        0.0,
        0.0,
        0.0,
        0.0,
        0.0,
        0.0,
        3.9191835884530795,
        15.779733838059508,
        49.534937165600624,
        99.37177667728398,
        231.24878378058554,
        413.22646333457413,
        1101.0892970145514,
        932.6805401636725,
        1550.723298980189,
        1803.3025924674982,
        1997.2719995033226,
        2136.788421907981,
        2500.890743315269,
        2007.4683658777785,
        2073.491208083604,
        1543.6874554131737,
        1746.9164233013553,
        1730.1703268753627,
        1725.7212376279087,
        1715.0237636837574,
        1732.3932694397076,
        1551.3407104823875,
        1386.900757083938,
        1321.5665363499486,
        1097.9661697884865,
        1013.6836340791933,
        862.3186418024374,
        691.4782064533921,
        544.3312502511683,
        469.0495069819389,
        359.6338554696986,
        259.53533478122006,
        230.97781278728914,
        178.9266888979953,
        135.3534631991365,
        119.77224219325613,
        89.6881263044334,
        79.31576135926579
    ]
}