{
    "yield_post": 11.906962543586104,
    "error_post": 3.1228781666539205
}