{
    "start": 0,
    "stop": 30,
    "anchors": [],
    "levels": [
        100.01716041031258,
        99.92423231555911,
        99.83061815635352,
        99.73630348296851,
        99.6412675100081,
        99.54549270629423,
        99.44895960783217,
        99.35164653333848,
        99.25353047421702,
        99.15458721907325,
        99.05478471322166,
        98.95409400714047,
        98.85247926981552,
        98.74990209970613,
        98.64632109165255,
        98.54169098610681,
        98.43596386077542,
        98.3290878094157,
        98.22100830059964,
        98.11166960110958,
        98.0010114243628,
        97.88897508471806,
        97.77550086434042,
        97.66053174372793,
        97.54401627063028,
        97.4259124686885,
        97.30619687102771,
        97.18487477637183,
        97.06199827079222,
        96.9376984063968,
        96.8122295018465,
        96.68603843925914,
        96.55961969238825,
        96.43358121313166,
        96.30919235786868,
        96.18851468321839,
        96.07369132244607,
        95.9661857442822,
        95.86672004666212,
        95.7755289013005,
        95.69256800905578,
        95.61764788035461,
        95.55050854221477,
        95.49085727058252,
        95.43838666677652,
        95.39277385177178,
        95.35367699911745,
        95.32072650103169,
        95.29352792703614,
        95.27166498154027,
        95.2547109246484,
        95.24223889229626,
        95.23383184281153,
        95.22909374120691,
        95.22765515931783,
        95.22917775138552,
        95.23335601743594,
        95.23991726514416,
        95.24861984003795,
        95.25925083239522,
        95.27162137069918,
        95.28556652618627,
        95.30093837088025,
        95.31760587613712,
        95.33545087281993,
        95.35436628455048,
        95.3742541926593,
        95.39502429394307,
        95.41659264655229,
        95.43888066730699,
        95.46181436463272,
        95.485323713154,
        95.50934232778704,
        95.53380710926965,
        95.55865796542449,
        95.58383773041444,
        95.60929208804987,
        95.63496949081782,
        95.66082113938307,
        95.68680096018903,
        95.71286560108081,
        95.73897443657742,
        95.7650894872806,
        95.79117540537072,
        95.81719932122789,
        95.84313108050637,
        95.86894287828724,
        95.8946094310901,
        95.920107548652,
        95.94541636482526,
        95.97051708121145,
        95.99539291152965,
        96.02002911088223,
        96.04441395893276,
        96.06853814629886,
        96.09239364266108,
        96.11597361950471,
        96.1392722600219,
        96.16228515695059,
        96.18500829896992,
        96.20743877712798,
        96.22957460203125,
        96.2514142707351,
        96.27295697534015,
        96.29420252547915,
        96.31515121488954,
        96.3358038531494,
        96.35616159545711,
        96.37622603349183,
        96.3959990237372,
        96.41548270110046,
        96.43467956394346,
        96.45359223313487,
        96.47222368129908,
        96.49057672659052,
        96.50865455531701,
        96.52646047333731,
        96.54399787239286,
        96.56127011829449,
        96.57828068062274,
        96.59503317018942,
        96.6115311774681,
        96.62777820872131,
        96.64377795515072,
        96.65953405271105,
        96.67504998049309,
        96.6903293714326,
        96.7053757876727,
        96.72019277747768,
        96.73478386468827,
        96.7491521149936,
        96.76330150157558,
        96.7772352379361,
        96.79095656738426,
        96.80446886391843,
        96.81777520001094,
        96.83087903322661,
        96.84378302744616,
        96.85649048445052,
        96.86900467387373,
        96.88132845794999,
        96.89346455039417,
        96.90541615209986,
        96.91718593369745,
        96.92877641164407,
        96.94019077283154,
        96.95143152801745,
        96.96250134822392,
        96.97340263738926,
        96.98413822992788,
        96.99471054664508,
        97.0051221034472,
        97.01537536305175,
        97.02547263810683,
        97.03541649338005,
        97.04520929352014,
        97.05485332472466,
        97.06435101538692,
        97.07370701404206,
        97.0829160379773,
        97.09198821720204,
        97.1009234013723,
        97.10972373108252,
        97.11839072060367,
        97.12692772660881,
        97.13533670205507,
        97.14361976844481,
        97.1517794124783,
        97.15981783145227,
        97.16773724839499,
        97.17554011435578,
        97.1832287359503,
        97.19080542193382,
        97.19827285795708,
        97.20563254642548,
        97.21288773544279,
        97.2200404731692,
        97.22709343339352,
        97.23404804173391,
        97.24090779510145,
        97.24767452835852,
        97.25435083450037,
        97.26093898258239,
        97.26744132257164,
        97.27386011133538,
        97.28019765919447,
        97.28645626756861,
        97.29263822586478,
        97.29874564159879,
        97.30478049336642,
        97.31074515552957,
        97.31664154676173,
        97.32247171729261,
        97.32823754443272,
        97.3339410400757,
        97.33958393102141,
        97.34516809216471,
        97.3506953221358,
        97.35616707606934,
        97.36158518570664,
        97.36695108372817
    ]
}