{
    "start": 0,
    "stop": 30,
    "anchors": [],
    "levels": [
        100.01716041031258,
        99.6412675100081,
        99.25353047421702,
        98.85247926981552,
        98.43596386077542,
        98.0010114243628,
        97.54401627063028,
        97.06199827079222,
        96.55961969238825,
        96.07369132244607,
        95.69256800905578,
        95.43838666677652,
        95.29352792703614,
        95.23383184281153,
        95.23335601743594,
        95.27162137069918,
        95.33545087281993,
        95.41659264655229,
        95.50934232778704,
        95.60929208804987,
        95.71286560108081,
        95.81719932122789,
        95.920107548652,
        96.02002911088223,
        96.11597361950471,
        96.20743877712798,
        96.29420252547915,
        96.37622603349183,
        96.45359223313487,
        96.52646047333731,
        96.59503317018942,
        96.65953405271105,
        96.72019277747768,
        96.7772352379361,
        96.83087903322661,
        96.88132845794999,
        96.92877641164407,
        96.97340263738926,
        97.01537536305175,
        97.05485332472466,
        97.09198821720204,
        97.12692772660881,
        97.15981783145227,
        97.19080542193382,
        97.2200404731692,
        97.24767452835852,
        97.27386011133538,
        97.29874564159879,
        97.32247171729261,
        97.34516809216471,
        97.36695108372817
    ]
}