{
    "nbins": 50,
    "range_": [
        0.0,
        30.0
    ],
    "nburnin": 100,
    "nsamples": 100000,
    "nrepeats": 100,
    "seed": 0,
    "step_size": 0.1,
    "num_leapfrog_steps": 5,
    "yields": [
        4724,
        9593,
        21411,
        52432,
        142267,
        351034,
        683640,
        1016073,
        1192545,
        1178509,
        1034672,
        846979,
        666935,
        522473,
        409156,
        322496,
        257643,
        208219,
        169557,
        138645,
        114570,
        94788,
        79696,
        67786,
        56963,
        48273,
        40812,
        35074,
        30050,
        25791,
        22199,
        19254,
        16527,
        14313,
        12429,
        10855,
        9308,
        8168,
        7142,
        6147,
        5556,
        4758,
        4207,
        3668,
        3272,
        2801,
        2506,
        2167,
        1951,
        1627
    ],
    "errors": [
        106.01999811356345,
        160.1390333429049,
        245.62123279553822,
        403.3977689576381,
        651.9954831131885,
        1403.3098161133198,
        2281.074308302998,
        3313.163701056741,
        4094.212103689793,
        3424.1919032086976,
        2643.695928052241,
        1962.2075807620354,
        1399.2686482587967,
        1018.2159446797128,
        1038.7842124329768,
        994.3278332622497,
        996.5613428183935,
        1007.5372896324978,
        1093.864941389018,
        1028.9260177486037,
        1028.1483356014344,
        936.4553166061903,
        921.6354159861696,
        806.6362501152549,
        818.4872082079231,
        763.0777876468427,
        709.1125157547283,
        714.6518313136824,
        604.1183658853619,
        588.6358721654669,
        523.9341466253178,
        506.60323725771826,
        452.92572238723653,
        412.1253571427024,
        395.1209814727636,
        358.96900980446765,
        333.6815248107093,
        301.399668214814,
        272.37540270736633,
        259.2738127925765,
        243.1843744980339,
        202.98857110684827,
        199.5407477183545,
        178.3136562352979,
        170.38826250654708,
        146.45473703503072,
        134.64635160300483,
        125.80186803064571,
        106.64422159685915,
        99.16506441282635
    ]
}