{
    "yield_pre": 42.22782996727607,
    "error_pre": 8.560181216636359
}