{
    "yield_pre": 42.23896694276207,
    "error_pre": 8.559511402398115
}