{
    "start": 0,
    "stop": 100,
    "anchors": [],
    "levels": [
        129.56792343759923,
        124.3252221496991,
        121.28577171280688,
        116.54121521557036,
        114.07918164584869,
        111.64821725275846,
        109.2577041577641,
        107.51811154184038,
        104.739905696552,
        102.69993173704742,
        100.86028651456101,
        99.21008830383444,
        97.78358282396412,
        96.59977158096906,
        95.6683349622579,
        94.97473115670991,
        94.4878615676638,
        94.13404138766846,
        93.87967348183668,
        93.71045366158569,
        93.6140880194906,
        93.58002114742038,
        93.59917877874307,
        93.6637462905817,
        93.76698011476417,
        93.90304909843634,
        94.06690665686406,
        94.2541790542994,
        94.46107449520301,
        94.68430220713982,
        94.92100707299912,
        95.16870712489745,
        95.42524893464305,
        95.68875710927648,
        95.95760143551415,
        96.23139109994332,
        96.56609866171225,
        96.98677873097739,
        97.48505862305956,
        98.05649485503409,
        98.69917465501415,
        99.4114584293888,
        100.19052431472124,
        101.031366134157,
        101.9295509463616,
        102.8818292819399,
        103.88507276269486,
        104.93626182512276,
        106.03251712386782,
        107.17108736302828,
        108.34933890372713
    ]
}