{
    "yield_linear": 42.228751426342725,
    "error_linear": 8.75846032936443,
    "error_log": 0.20740514539344904
}