{
    "yield_pre": 2.1760252086175678,
    "error_pre": 0.7726582794000931
}