{
    "start": 0,
    "stop": 8,
    "levels": [
        198.04437816778096,
        138.1686791877624,
        125.98697578979234,
        119.34058547160632,
        115.65860761177164,
        113.45255812670533,
        112.05225395964331,
        111.12672858012151,
        110.49789061249493,
        110.06638276694349,
        109.77351022124928,
        109.58242722256742,
        109.46874955420374,
        109.41561441247966,
        109.410927789313,
        109.44574867093432,
        109.51329631453734,
        109.6083157853601,
        109.72665837416145,
        109.86499576023805,
        110.02062017161467,
        110.19130144362552,
        110.37518269490432,
        110.57070280737749,
        110.77653789060162,
        110.99155643949149,
        111.2147845289678,
        111.44537848064017,
        111.68260315978367,
        111.9258145761826,
        112.1744458049209,
        112.42799550259602,
        112.68601846239666,
        112.94811779473676,
        113.21393840918964,
        113.483161546734,
        113.7555001685165,
        114.03069504239791,
        114.3085114112777,
        114.58873613401995,
        114.87117522991785,
        115.15565175557524,
        115.44200396258452,
        115.73008369749964,
        116.01975499573422,
        116.31089285830595,
        116.60338216910199,
        116.89711674322945,
        117.19199848316556,
        117.4879366311342,
        117.78484710392247
    ]
}