{
    "nbins": 50,
    "range_": [
        0.0,
        8.0
    ],
    "nburnin": 100,
    "nsamples": 100000,
    "nrepeats": 100,
    "seed": 0,
    "step_size": 0.5,
    "prob_eye": 0.1,
    "yields": [
        0,
        0,
        25,
        1481,
        13830,
        55896,
        145234,
        275358,
        425853,
        572296,
        693032,
        773190,
        810125,
        814072,
        779351,
        722193,
        652546,
        574764,
        499137,
        420327,
        351903,
        292345,
        237289,
        191730,
        153454,
        122819,
        96256,
        74677,
        59223,
        45356,
        35429,
        26770,
        20591,
        15537,
        11819,
        9036,
        6750,
        4957,
        3730,
        2980,
        2179,
        1582,
        1231,
        992,
        600,
        526,
        426,
        237,
        236,
        142
    ],
    "errors": [
        0.0,
        0.0,
        12.913171570144959,
        96.60947158534717,
        204.00735280866712,
        378.31711565827953,
        607.4408942440408,
        876.1143532667409,
        1425.8958271907522,
        1375.2424658946509,
        1483.1027476206764,
        1750.1865614842318,
        1610.5870824019419,
        1631.1327842943997,
        1479.477945087388,
        1571.213069573952,
        1579.3153073404937,
        1222.9346016856339,
        1163.55889838031,
        1196.9000417745835,
        1147.9672948303016,
        1046.9903294682333,
        856.0209051185608,
        779.9557679766207,
        739.6491330353871,
        644.77080423977,
        648.1640533074942,
        527.8046134697952,
        536.3056125009322,
        413.3287311571746,
        399.5805175430854,
        342.30834053525484,
        280.78851472237955,
        242.42794805879956,
        242.60129843016088,
        204.3747538224817,
        174.3186736984882,
        145.48027357686678,
        125.33554962579453,
        106.97663296253063,
        87.44478257734991,
        75.25131228091641,
        70.09557760657944,
        70.18090908502113,
        42.16633728461603,
        41.0760270717605,
        45.15794503739072,
        27.19025560747818,
        31.321558071079423,
        24.2561332450166
    ]
}