{
    "nbins": 50,
    "range_": [
        0.0,
        8.0
    ],
    "nburnin": 100,
    "nsamples": 100000,
    "nrepeats": 100,
    "seed": 0,
    "step_size": 0.5,
    "prob_eye": 0.1,
    "yields": [
        0,
        0,
        14,
        1446,
        13709,
        56005,
        144502,
        274455,
        427121,
        570149,
        688666,
        770978,
        809617,
        808486,
        778014,
        724155,
        652800,
        575209,
        499883,
        421208,
        354853,
        292862,
        238652,
        194090,
        154818,
        123989,
        96389,
        75967,
        59058,
        46264,
        35316,
        26859,
        20453,
        15492,
        12034,
        8916,
        6902,
        5306,
        4018,
        2878,
        2098,
        1552,
        1225,
        932,
        703,
        490,
        410,
        332,
        225,
        126
    ],
    "errors": [
        0.0,
        0.0,
        6.931089380465368,
        84.43245821365144,
        230.06996761854856,
        405.29834690015696,
        586.9411895582045,
        976.0065317404388,
        1328.0243183014381,
        1202.1218698617872,
        1526.361176130997,
        1523.7746421305221,
        1529.7235403823788,
        1433.3841215808134,
        1484.6211772704846,
        1458.8696823225855,
        1411.4510264263508,
        1129.6212595379038,
        1002.1208060907627,
        1230.563838246517,
        1071.545104043689,
        1039.1648377423094,
        814.6563447245716,
        906.7706435477496,
        827.3782448191398,
        719.0241929170395,
        641.5635510220324,
        555.8723864341526,
        481.0138875334058,
        434.3535886809272,
        331.2754744921514,
        316.5472950445162,
        281.8881161028254,
        258.42476661496664,
        195.42374471900797,
        203.22263653441755,
        147.56002168609223,
        153.25677799040403,
        107.48376621611284,
        108.2273532892679,
        95.94769408380797,
        79.05036369302802,
        69.02716856426895,
        56.247311046840274,
        47.21133338510998,
        39.81205847478877,
        38.19685850956854,
        32.7682773425763,
        32.81386901905961,
        19.830279876996208
    ]
}