{
    "yield_linear": 2.1760654533232135,
    "error_linear": 0.7754445153182523,
    "error_log": 0.3563516502382866
}