{
    "start": 0,
    "stop": 20,
    "levels": [
        110.7203321662009,
        110.72851824883013,
        110.74000602706063,
        110.754556654383,
        110.77213647921968,
        110.7925076818753,
        110.81557045732737,
        110.84202123160445,
        110.8689683833064,
        110.89921711060714,
        110.93148569596666,
        110.96686334394767,
        111.00318599795013,
        111.0398520411017,
        111.08086796055558,
        111.12105261885453,
        111.16431315066555,
        111.20825787784142,
        111.25406435794032,
        111.30121494959023,
        111.34981726076008,
        111.39935311299618,
        111.45193270230786,
        111.50217129218703,
        111.55557837943535,
        111.610988523407,
        111.66436640861612,
        111.72038309750286,
        111.77732239136857,
        111.83542727498677,
        111.89377185293344,
        111.95322814198629,
        112.01346702334853,
        112.07445609443818,
        112.13617455334679,
        112.19874066451193,
        112.26346742329191,
        112.32544176592292,
        112.38980802852349,
        112.4566775150316,
        112.52061600282727,
        112.58650842078637,
        112.65320248914377,
        112.72042201045895,
        112.78857167941673,
        112.85646360260714,
        112.92520059898419,
        112.99472529593615,
        113.06403738231029,
        113.13414271847708,
        113.20468703746103,
        113.27568289732888,
        113.3470236131938,
        113.41880037767356,
        113.4909674159388,
        113.56349666326739,
        113.63839348374735,
        113.71164407154674,
        113.78349228473905,
        113.85735920947424,
        113.93155072106221,
        114.00611635188801,
        114.08126077132398,
        114.15625454759918,
        114.23178661408994,
        114.30760150696383,
        114.38371511408039,
        114.46007908707655,
        114.53711110746887,
        114.6137825357654,
        114.69310712884328,
        114.76830219479749,
        114.84597053573505,
        114.92402890845071,
        115.00208528536373,
        115.08049131459252,
        115.15911355763369,
        115.23813304975083,
        115.31721033017078,
        115.39847890066463,
        115.47583553704388,
        115.55555767039245,
        115.63552244021616,
        115.71560048166344,
        115.79779791600548,
        115.87638621059787,
        115.95716040250603,
        116.03804604110913,
        116.11897202598183,
        116.20027973299052,
        116.28157200092187,
        116.36320294943867,
        116.44487942406263,
        116.52677819774362,
        116.60883704474662,
        116.69111005108425,
        116.77343297245494,
        116.85596257609659,
        116.93864036338445,
        117.02146630221505,
        117.10442972739399,
        117.18761981630396,
        117.27079892134375,
        117.35439283418796,
        117.43775454851153,
        117.52359369160366,
        117.60518145821531,
        117.68910627855453,
        117.7733256230328,
        117.85739346450326,
        117.94163800911207,
        118.02605637477588,
        118.11061135148526,
        118.19528646395673,
        118.28012603903464,
        118.36493218331434,
        118.44993480076965,
        118.5352549563693,
        118.62028470325085,
        118.70564240449137,
        118.79118539298332,
        118.87875400313648,
        118.96224945871154,
        119.04813732753173,
        119.13384900176848,
        119.21981561425027,
        119.30611508598548,
        119.39198527547411,
        119.47823271253557,
        119.56456173508367,
        119.6511221197251,
        119.73750316499033,
        119.82411501650473,
        119.91303034838289,
        119.99765924997357,
        120.08472583430624,
        120.17144878545699,
        120.25845122182001,
        120.34570628567617,
        120.43293333682229,
        120.52007442776598,
        120.60752611721152,
        120.69488254245685,
        120.78463035472913,
        120.87016339507106,
        120.95985550924432,
        121.04547791027557,
        121.1334259124535,
        121.22129129025524,
        121.30924140518161,
        121.39716121452594,
        121.48551563532928,
        121.57345732595915,
        121.6617959214702,
        121.75006465077107,
        121.83843999824485,
        121.92704839557351,
        122.01539955974958,
        122.1041405127568,
        122.19264802682684,
        122.28145089455718,
        122.37234784436578,
        122.46110346909198,
        122.54788184332442,
        122.6368878905728,
        122.72587002773287,
        122.81496380454146,
        122.90437061657792,
        122.99332890553737,
        123.08260763869538,
        123.17191189140286,
        123.2612624803712,
        123.35070562794759,
        123.4402124290718,
        123.52973710590595,
        123.61937882481104,
        123.70901521592961,
        123.79880714811728,
        123.88857485978049,
        123.97822577686179,
        124.06810277178464,
        124.15799300213942,
        124.24796430909544,
        124.33796702166296,
        124.42819281058759,
        124.51814232369004,
        124.61050309164946,
        124.69855083903417,
        124.78876989940088,
        124.87910591862133,
        124.9694254360483,
        125.05979064052748,
        125.15029249204333,
        125.24086081522634,
        125.33147546229154,
        125.42185035929509,
        125.51244306163788,
        125.60310976007617,
        125.69381336840394,
        125.78455862340266,
        125.87754050233508
    ]
}