{
    "ndata": 4.01718807220459,
    "start": 0,
    "stop": 20,
    "rtol": 0.001,
    "integrals": [
        [
            0.6683279837019669,
            0.6686101243992464
        ],
        [
            0.6750630208255365,
            0.67533507742536
        ],
        [
            0.6808112721091936,
            0.6811049950860848
        ],
        [
            0.685564579203376,
            0.6858563491504001
        ],
        [
            0.6892806842607131,
            0.6895737360836997
        ],
        [
            0.6919400390860616,
            0.6922317073534411
        ],
        [
            0.6935252630918693,
            0.6938186309575345
        ],
        [
            0.6940168307226569,
            0.6943418338793858
        ],
        [
            0.6934582120584633,
            0.6937616443136377
        ],
        [
            0.6918291185292483,
            0.6921133586091587
        ],
        [
            0.6891323530171927,
            0.689425308491445
        ],
        [
            0.6854081370273869,
            0.6856974616525808
        ],
        [
            0.6806758951139065,
            0.6809742798943992
        ],
        [
            0.6749870275534204,
            0.67526790207799
        ],
        [
            0.6683526168802238,
            0.6686432406547258
        ],
        [
            0.6608297837564274,
            0.6611311149015935
        ],
        [
            0.6524782282848507,
            0.6527639290429916
        ],
        [
            0.6433218355987881,
            0.6436174511090699
        ],
        [
            0.6334257089457304,
            0.6337318653732906
        ],
        [
            0.6228572718103249,
            0.6231488713114662
        ],
        [
            0.6116579143983463,
            0.6119372193536731
        ],
        [
            0.5998735079299872,
            0.6001628366825932
        ],
        [
            0.5875942160093901,
            0.5878500654414921
        ],
        [
            0.5748444899334265,
            0.5750877722915038
        ],
        [
            0.5616809906053992,
            0.5619323112951715
        ],
        [
            0.5481692969759538,
            0.5484288764091854
        ],
        [
            0.5343732800251648,
            0.5346211320648693
        ],
        [
            0.5203252127064029,
            0.5205816593629202
        ],
        [
            0.5060889580703939,
            0.5063451323904022
        ],
        [
            0.49171665948071375,
            0.49196246533626997
        ],
        [
            0.47724850224267507,
            0.4774836192150603
        ],
        [
            0.46272841875443277,
            0.4629529731461541
        ],
        [
            0.44818973844132165,
            0.44842151350619536
        ],
        [
            0.4336978259452065,
            0.43390247305191637
        ],
        [
            0.4192554942063321,
            0.41946623259585214
        ],
        [
            0.40492852105773885,
            0.4051154101326384
        ],
        [
            0.390719186576928,
            0.39091171255799534
        ],
        [
            0.37667046317489705,
            0.3768686260621323
        ],
        [
            0.36281547349731297,
            0.36300580754904127
        ],
        [
            0.34917178745629157,
            0.34935396229650734
        ],
        [
            0.3357611616780152,
            0.33593582794570737
        ],
        [
            0.3226024994413498,
            0.32276952852159146
        ],
        [
            0.3097090239758489,
            0.30987491310109255
        ],
        [
            0.2971033227398835,
            0.29726222635068594
        ],
        [
            0.2847988010212034,
            0.2849399823591928
        ],
        [
            0.2727915645623538,
            0.2729363039350019
        ],
        [
            0.26110048096284544,
            0.26124885977009427
        ],
        [
            0.24973841937867677,
            0.24987918710437998
        ],
        [
            0.2387128583713725,
            0.23883005634685478
        ],
        [
            0.228007394684435,
            0.22812658528339683
        ],
        [
            0.217637446900772,
            0.21775868920876934
        ],
        [
            0.2076112884015592,
            0.20771972745543693
        ],
        [
            0.19791836275664076,
            0.19802129526542384
        ],
        [
            0.1885582359391568,
            0.18865969857460868
        ],
        [
            0.17953456450859867,
            0.17962951616736064
        ],
        [
            0.1708404652787487,
            0.17092982947252683
        ],
        [
            0.1624726813379538,
            0.16255748807034667
        ],
        [
            0.15442662039733457,
            0.15450696777707104
        ],
        [
            0.1466970629437105,
            0.14677309954128762
        ],
        [
            0.13927650435298725,
            0.13935212121101773
        ],
        [
            0.1321625247723445,
            0.13223351644782763
        ],
        [
            0.12534472511362568,
            0.12541443860828566
        ],
        [
            0.11882329148703004,
            0.11888012958423479
        ],
        [
            0.11257538947595856,
            0.11263812854119565
        ],
        [
            0.10660629749129755,
            0.10666879486391866
        ],
        [
            0.10090984418266832,
            0.10096202529291734
        ],
        [
            0.09546966567446764,
            0.09551815449373921
        ],
        [
            0.09027988486935071,
            0.09032670555857987
        ],
        [
            0.08533558491842994,
            0.08537672706720952
        ],
        [
            0.08062440955042793,
            0.08066287943976017
        ],
        [
            0.0761388460084032,
            0.07617739654154723
        ],
        [
            0.07187173323283491,
            0.07191071903200372
        ],
        [
            0.06781620456891922,
            0.06785331592838234
        ],
        [
            0.06396402017759774,
            0.06399718652300193
        ],
        [
            0.06030467308330175,
            0.06033693029750495
        ],
        [
            0.056832785997703084,
            0.05686288148930362
        ],
        [
            0.053538333508290535,
            0.05356934827060743
        ],
        [
            0.05041847410771757,
            0.05044409710555371
        ],
        [
            0.04746087614975887,
            0.047485009680491665
        ],
        [
            0.044659581461623764,
            0.044683552427205515
        ],
        [
            0.04200971101592997,
            0.04203073732091875
        ],
        [
            0.03950237539096732,
            0.039521853012212185
        ],
        [
            0.03713072991736246,
            0.037150503366121045
        ],
        [
            0.03489038515237377,
            0.034908924446678286
        ],
        [
            0.03277375309719128,
            0.03279072340489316
        ],
        [
            0.030775283297106003,
            0.0307913568481382
        ],
        [
            0.028889231258072093,
            0.02890442152721772
        ],
        [
            0.027109173249097496,
            0.02712514747867604
        ],
        [
            0.02543164965865966,
            0.025446488139647047
        ],
        [
            0.023851370270804105,
            0.02386339153517721
        ],
        [
            0.022361199274057726,
            0.022373191576836593
        ],
        [
            0.020958408850974837,
            0.020969090324899162
        ],
        [
            0.019637611666713278,
