{
    "ndata": 1,
    "start": 0,
    "stop": 20,
    "rtol": 0.001,
    "integrals": [
        [
            0.294238503645049,
            0.29437395347136647
        ],
        [
            0.27929401598820774,
            0.2794326023937666
        ],
        [
            0.2645284308073656,
            0.26467020655891843
        ],
        [
            0.2500511853460275,
            0.2501798203789726
        ],
        [
            0.23593408681286254,
            0.23604933455850363
        ],
        [
            0.22223250906171768,
            0.2223501701640286
        ],
        [
            0.20900776851370317,
            0.20911459612938557
        ],
        [
            0.19628508357405514,
            0.1963872631541658
        ],
        [
            0.18408853101662337,
            0.18418956646967583
        ],
        [
            0.17243475159232022,
            0.17253706068088556
        ],
        [
            0.16134232396403358,
            0.16142401064618
        ],
        [
            0.1507929169774271,
            0.15087048994419497
        ],
        [
            0.1407900259247297,
            0.14086391337337872
        ],
        [
            0.13132721378614834,
            0.13139290906567633
        ],
        [
            0.1223868645726341,
            0.12245296352195201
        ],
        [
            0.11396185017683894,
            0.1140214488222759
        ],
        [
            0.10603113569743289,
            0.1060860045250794
        ],
        [
            0.09857595777535524,
            0.09863073779229502
        ],
        [
            0.09158196310022083,
            0.09163123291616586
        ],
        [
            0.08502467238252884,
            0.08507264792676784
        ],
        [
            0.07888719456209232,
            0.07893132868318103
        ],
        [
            0.073149314079971,
            0.07318651735875988
        ],
        [
            0.06778750811287065,
            0.0678222459508336
        ],
        [
            0.06278449517452495,
            0.06281530797574056
        ],
        [
            0.05811924664973307,
            0.058147424712151
        ],
        [
            0.05377194938508292,
            0.053800848225677926
        ],
        [
            0.04972662420273161,
            0.049754066796358555
        ],
        [
            0.04596450683713554,
            0.04599003545149845
        ],
        [
            0.0424679341651244,
            0.04249193384933508
        ],
        [
            0.03922114758867682,
            0.03924244224896552
        ],
        [
            0.03620808488482649,
            0.0362263844986122
        ],
        [
            0.03341209144411861,
            0.0334301696394774
        ],
        [
            0.03082131331260685,
            0.030836956132664257
        ],
        [
            0.02842055523752138,
            0.028435231479953076
        ],
        [
            0.02619791136546955,
            0.026211054656805295
        ],
        [
            0.02414006016609228,
            0.024153550993737487
        ],
        [
            0.022237028004945918,
            0.02224982091096062
        ],
        [
            0.020477530601778766,
            0.020489743442842337
        ],
        [
            0.01885271523257338,
            0.018861952309587482
        ],
        [
            0.017350665424366633,
            0.017359506573661265
        ],
        [
            0.015964102656789922,
            0.015971760535152507
        ],
        [
            0.014683893252088189,
            0.014691453790882126
        ],
        [
            0.01350289992441017,
            0.013510039227207197
        ],
        [
            0.01241388080116758,
            0.012420246966310496
        ],
        [
            0.011409406923219763,
            0.011415952607780274
        ],
        [
            0.010484180570409823,
            0.010489830866875511
        ],
        [
            0.009631903782478374,
            0.009636720821702553
        ],
        [
            0.008846390092246135,
            0.00885091189624594
        ],
        [
            0.008123466703320386,
            0.008127361248032304
        ],
        [
            0.00745787988734108,
            0.007461528682547872
        ],
        [
            0.006845279227762423,
            0.006848922683519771
        ],
        [
            0.0062819082601801544,
            0.006285160102569693
        ],
        [
            0.005763549335734677,
            0.005766901217368604
        ],
        [
            0.005287319176981798,
            0.005289995524266609
        ],
        [
            0.004849347291253625,
            0.004851832736013415
        ],
        [
            0.004446835849623977,
            0.004449141214886477
        ],
        [
            0.004077111336275694,
            0.004079088957528388
        ],
        [
            0.0037374058304261125,
            0.003739255344982894
        ],
        [
            0.0034254593916185003,
            0.0034271224897512455
        ],
        [
            0.0031389630516993217,
            0.0031406114491326132
        ],
        [
            0.0028759745351137765,
            0.002877596355694324
        ],
        [
            0.0026347557079891147,
            0.002636053097926909
        ],
        [
            0.002413278714329815,
            0.0024145401408139653
        ],
        [
            0.0022101811593416777,
            0.002211315428535138
        ],
        [
            0.002023822734332011,
            0.0020248268936045254
        ],
        [
            0.0018529248261547756,
            0.0018538579591777869
        ],
        [
            0.0016962383675106776,
            0.0016970760810184036
        ],
        [
            0.0015525553430511517,
            0.0015533867348599747
        ],
        [
            0.0014209125863458554,
            0.0014216198723310477
        ],
        [
            0.0013002423720159695,
            0.0013008845767058376
        ],
        [
            0.0011896299992952635,
            0.0011902989862410118
        ],
        [
            0.0010883753840657193,
            0.0010889057354709975
        ],
        [
            0.0009955680870337546,
            0.000996073216503752
        ],
        [
            0.0009105743871420423,
            0.0009110434622971426
        ],
        [
            0.0008327480460029804,
            0.0008331692510686866
        ],
        [
            0.0007614783776440797,
            0.000761876877896336
        ],
        [
            0.0006962422000674272,
            0.0006965974149915515
        ],
        [
            0.0006365226374124965,
            0.0006368444632482802
        ],
        [
            0.0005818513588948194,
            0.00058217147846304
        ],
        [
            0.0005318475426569421,
            0.0005321128313010723
        ],
        [
            0.0004860718176594639,
            0.0004863237671631906
        ],
        [
            0.0004442003088100705,
            0.0004444238762733695
        ],
        [
            0.0004058899321096569,
            0.00040610143466403547
        ],
        [
            0.0003708527857022305,
            0.00037104334719099204
        ],
        [
            0.0003388064794159905,
            0.0003389811598528014
        ],
        [
            0.0003094974669927557,
            0.0003096658228747034
        ],
        [
            0.0002827073630993098,
            0.0002828516492770165
        ],
        [
            0.000258211411499954,
            0.000258343100126206
        ],
        [
            0.0002358131876387674,
            0.0002359324333283243
        ],
        [
            0.0002153423856978899,
            0.0002154488335818675
        ],
        [
