{
    "yield_pre": 1.033561485780129,
    "error_pre": 0.1444522755645426
}