{
    "nbins": 50,
    "range_": [
        0.0,
        3.0
    ],
    "nburnin": 100,
    "nsamples": 100000,
    "nrepeats": 100,
    "seed": 0,
    "step_size": 0.2,
    "prob_eye": 0.1,
    "yields": [
        0,
        0,
        0,
        0,
        0,
        0,
        0,
        0,
        0,
        2,
        77,
        871,
        5638,
        24919,
        85091,
        215982,
        435465,
        709362,
        979640,
        1172506,
        1237769,
        1180215,
        1029031,
        838012,
        637761,
        464452,
        326925,
        222847,
        148565,
        98342,
        64599,
        41745,
        27261,
        17454,
        11550,
        7786,
        5158,
        3446,
        2478,
        1619,
        1054,
        719,
        511,
        367,
        210,
        172,
        134,
        98,
        46,
        43
    ],
    "errors": [
        0.0,
        0.0,
        0.0,
        0.0,
        0.0,
        0.0,
        0.0,
        0.0,
        0.0,
        1.9899748742132388,
        17.020869543005126,
        56.6620684408891,
        159.29708095253972,
        386.6075400195915,
        775.3916365295668,
        1407.8596378900847,
        1829.4602346047316,
        2243.9370668537035,
        2566.2953844014137,
        2184.0841650449283,
        2158.1995714020522,
        1922.1599179048553,
        2043.9885983047952,
        2460.0651536087407,
        1629.8968648353184,
        1565.7978669036434,
        1348.3533476058865,
        1131.3544581606595,
        918.1202263320421,
        774.2224228217627,
        562.56287648582,
        407.9224803807705,
        362.42763415611677,
        261.33281462533546,
        231.70455325694402,
        166.79940047853893,
        121.68960514357829,
        108.92584633593628,
        81.65267907423491,
        68.77056056191485,
        48.36155497913606,
        52.56795601885237,
        41.926006249105086,
        31.561210369692727,
        24.67792535850613,
        24.57966639317954,
        18.178008691823198,
        17.88742575106881,
        9.42549733435855,
        8.860586888011422
    ]
}