{
    "yield_linear": 1.0334387787294181,
    "error_linear": 0.1441940279101543,
    "error_log": 0.1395283696315678
}