{
    "start": 0,
    "stop": 20,
    "levels": [
        130.21236506593422,
        130.28423688756638,
        130.4369304964162,
        130.63856784517392,
        130.87301378077206,
        131.1309338465398,
        131.40652523995763,
        131.6958744738098,
        131.99624683540307,
        132.30564181867874,
        132.622559938186,
        132.9458562670877,
        133.27460065521223,
        133.6081094316492,
        133.94573032825247,
        134.28703397273313,
        134.63160166481526,
        134.97904856425768,
        135.3291456990524,
        135.6815947941704,
        136.0362147188338,
        136.39280896307207,
        136.75119477396703,
        137.11125061615365,
        137.47285349992308,
        137.8358493922051,
        138.20017923605025,
        138.56574886895302,
        138.93244215083894,
        139.30022639142052,
        139.66900792747242,
        140.0387320795564,
        140.40935452951535,
        140.78083500989572,
        141.15306185218543,
        141.52605111297436,
        141.8997615870649,
        142.2741474700853,
        142.6491730918842,
        143.0248045533141,
        143.40100334057803,
        143.77776641148202,
        144.1550549430825,
        144.53285672877354,
        144.91112814014616,
        145.28986813175155,
        145.6690487509275,
        146.0486524243759,
        146.42867310618738,
        146.80907349370318,
        147.18985456780507
    ]
}