{
    "yield_pre": 1.8356789495997061,
    "error_pre": 0.3112098914499136
}