{
    "start": 0,
    "stop": 5,
    "anchors": [],
    "levels": [
        181.94543260441276,
        180.80543811496446,
        179.618364525738,
        178.37780083358646,
        177.0755491148579,
        175.7009034955037,
        174.23941916304705,
        172.6711771965537,
        172.60401033184112,
        170.47024828490044,
        168.35504517194755,
        166.3530322935612,
        164.49312865214262,
        162.77789653100547,
        159.67713915667713,
        158.07910787565172,
        156.60236786441732,
        155.24238331290877,
        153.99269869595088,
        152.846096987932,
        151.79517553274667,
        150.832564439415,
        149.95109430728183,
        149.14395863592702,
        148.40483124327957,
        147.69909289200825,
        147.96186637046503,
        146.81061761975462,
        145.7113770922772,
        144.66733924484447,
        143.67900854056342,
        142.74551083704776,
        141.86521097584614,
        141.0360590376886,
        140.25579326326823,
        139.52206177821176,
        138.83250344728887,
        138.18474374873242,
        137.57639502973143,
        137.00517108554135,
        136.4689017724594,
        135.96559115141952,
        135.49342689010024,
        135.05074131509232,
        134.6360588401169,
        134.248105663291,
        133.88562997045102,
        133.54738017968035,
        133.2321101099813,
        132.93859361034572,
        132.66569397901276,
        132.4124095171063,
        132.17770997037573,
        131.96056296536904,
        131.75996417909732,
        131.57495003709835,
        131.4046104888384,
        131.2480868338039,
        131.10457769891374,
        130.973340500738,
        130.85369762971868,
        130.74503715482842,
        130.64681324756708,
        130.5585456137398,
        130.47981383066502,
        130.41025084912715,
        130.34953428005014,
        130.2973765751965,
        130.25351333474643,
        130.2176939908132,
        130.18967054458295,
        130.16918823505466,
        130.1559833654132,
        130.14977610330328,
        130.1502735526334,
        130.1571711769168,
        130.17015741791016,
        130.1889190671322,
        130.21314629675803,
        130.24253741945859,
        130.27680348274572,
        130.31566875596582,
        130.3588736536582,
        130.40617147504565,
        130.45732663790807,
        130.5121099072834,
        130.5702936920717,
        130.63164711746327,
        130.6959341964754,
        130.76291339848962,
        130.83234286096535,
        130.90398308129446,
        130.97761081390667,
        131.05303360538704,
        131.13010378333564,
        131.20872248344696,
        131.28882637455268,
        131.37037768523993,
        131.45335469630982,
        131.53774468192893,
        131.62354120015732,
        131.71074071222736,
        131.799340147836,
        131.88933816192048,
        131.98073088968815,
        132.07351546432685,
        132.16768376291554,
        132.26322975331826,
        132.36014256020593,
        132.45840888683875,
        132.55801345518452,
        132.65893638776816,
        132.7611559945667,
        132.86464535631055,
        132.96937372284486,
        133.07530848055166,
        133.18241950942394,
        133.29067573846012,
        133.40004617088158,
        133.51050452694955,
        133.62202479866778,
        133.73458055032737,
        133.84814500164563,
        133.96269100240033,
        134.07819087194696,
        134.194617540616,
        134.31194351742005,
        134.43014165540512,
        134.54918438482756,
        134.6690454047291,
        134.78969946076563,
        134.9111215120451,
        135.03328683691473,
        135.15617380479856,
        135.27975779236317,
        135.40402052354722,
        135.52894111900548,
        135.65450016132849,
        135.78068006160584,
        135.90746238470527,
        136.03482948360474,
        136.162765767464,
        136.2912491772207,
        136.42026721099188,
        136.54979792234855,
        136.67981956764135,
        136.81031030997926,
        136.94124667076485,
        137.07260720861416,
        137.20436895281154,
        137.33650858415723,
        137.4690066367086,
        137.6018452875055,
        137.73500775054288,
        137.86847448659006,
        138.0022304787632,
        138.13625878290452,
        138.27054551535613,
        138.40506223605905,
        138.5398011756032,
        138.67474342679503,
        138.8098689591004,
        138.9451640984717,
        139.08060696575313,
        139.21618391856217,
        139.35188198113843,
        139.48768537752403,
        139.62357973436605,
        139.75955694458762,
        139.89558797870788,
        140.0316758148722,
        140.16780160930836,
        140.30395409522905,
        140.44012036469758,
        140.57628784485112,
        140.7124456869045,
        140.8485809708593,
        140.98468164360392,
        141.12073711219912,
        141.25673838028956,
        141.39265989971216,
        141.52850379162885,
        141.66425356986474,
        141.79989679701976,
        141.93542652764845,
        142.07081495069804,
        142.20607094381722,
        142.34116135248723,
        142.47609071232776,
        142.61084142850115,
        142.74540827501164,
        142.8797658309361,
        143.01391965156964,
        143.14785537014743,
        143.2815729048548,
        143.41504136526123,
        143.5482771042094,
        143.68126257567815,
        143.81399723511782,
        143.946463840248,
        144.07866537943272
    ]
}