{
    "start": 300,
    "stop": 500,
    "anchors": [],
    "levels": [
        217.77078783964646,
        217.53303956995035,
        217.29764664638577,
        217.0646048629381,
        216.83391174703797,
        216.60556413391126,
        216.37955860350598,
        216.1558916999141,
        215.9345595540401,
        215.71555854776574,
        215.49888513089826,
        215.28453554927262,
        215.07250625762936,
        214.86279362812127,
        214.65539401400622,
        214.4503035652671,
        214.24751915895985,
        214.04703567158066,
        213.84885062444067,
        213.65295964177585,
        213.45935907791315,
        213.26804454847144,
        213.07901244739816,
        212.89225838499243,
        212.7077783975872,
        212.52556743543468,
        212.3456218008176,
        212.1679366365447,
        211.99250760362202,
        211.81933353692162,
        211.64841421804744,
        211.4797486321333,
        211.31333488312143,
        211.14917215337033,
        210.9872644920002,
        210.82761431922412,
        210.6702227106952,
        210.51508908555599,
        210.36221178048967,
        210.211588018178,
        210.06321427573178,
        209.9170863788896,
        209.77319921756035,
        209.63154773895704,
        209.49212615162472,
        209.35492825277458,
        209.21994762910504,
        209.08717753039693,
        208.95661098524948,
        208.82824051529545,
        208.70205879519818,
        208.5780582235585,
        208.45623108844433,
        208.33656923020806,
        208.21906485208888,
        208.1037099160277,
        207.99049625417305,
        207.87941570606796,
        207.770460029376,
        207.6636210944716,
        207.5588906577728,
        207.45626061335452,
        207.35572284801606,
        207.25726935932377,
        207.16089216733752,
        207.06658348553927,
        206.97433562482632,
        206.88414100974788,
        206.7959923206076,
        206.7098890600253,
        206.62587411246108,
        206.54398755913488,
        206.46424958150791,
        206.38666841996192,
        206.311244563323,
        206.23797321771156,
        206.1668455908084,
        206.09784985748416,
        206.03097201754363,
        205.96619576687397,
        205.9035033770307,
        205.84287563594006,
        205.7842918468721,
        205.72772999949092,
        205.67316687658578,
        205.6205781612624,
        205.56993814218944,
        205.5212202370683,
        205.47439688216275,
        205.42943986066484,
        205.38632054395885,
        205.3450104943357,
        205.30548200790614,
        205.26770901574025,
        205.23166806933648,
        205.19733985409633,
        205.1647105643068,
        205.13377401987253,
        205.1045336034344,
        205.07700450133623,
        205.05121574059962,
        205.02721156856205,
        205.00505185779505,
        204.9848107986525,
        204.96657385738246,
        204.95043331235718,
        204.93648304227406,
        204.92481362250362,
        204.91550889629056,
        204.90864360393766,
        204.90428260246392,
        204.9024809971342,
        204.90328483250659,
        204.90673205146118,
        204.9128535149468,
        204.92167396826272,
        204.93321290781876,
        204.94748533851586,
        204.96450239688357,
        204.98427190712823,
        205.00679883328485,
        205.0320856698155,
        205.06013275712215,
        205.09093858468566,
        205.1245000077201,
        205.1608124900045,
        205.1998702396434,
        205.24166646104402,
        205.28619339735135,
        205.33344250883667,
        205.3834046354121,
        205.4360699192742,
        205.49142822637953,
        205.54946879642296,
        205.61018071184637,
        205.67355270280905,
        205.73957330670748,
        205.80823090156963,
        205.87951377479237,
        205.95340999156795,
        206.0299075776712,
        206.1089945597426,
        206.19065882924957,
        206.27488825142242,
        206.36167056450736,
        206.4509936124529,
        206.54284485949256,
        206.63721194085855,
        206.73408224003686,
        206.83344316376582,
        206.93528157011315,
        207.03958461379767,
        207.14633872432884,
        207.25553091563717,
        207.36714691505483,
        207.48117315100262,
        207.5975948740795,
        207.71639767886373,
        207.83756676827386,
        207.9610863550446,
        208.08694093670272,
        208.21511446144717,
        208.34559052298493,
        208.47835180428126,
        208.61338121974717,
        208.75066113343917,
        208.8901733650476,
        209.03189907073897,
        209.17581979786144,
        209.321915320401,
        209.47016680412816,
        209.62055404189152,
        209.77305711303717,
        209.92765611419236,
        210.08433023316888,
        210.24305994202442,
        210.40382492438323,
        210.56660545261332,
        210.7313813494032,
        210.89813380084342,
        211.06684371035078,
        211.23749353513986,
        211.41006584794064,
        211.58454402162752,
        211.76091337723471,
        211.93915513106782,
        212.11924846390596,
        212.30117360658835,
        212.48490989547093,
        212.67044051170097,
        212.8577464540636,
        213.0468107941076,
        213.2376155667767,
        213.43014394904486,
        213.6243784816003,
        213.8203032668256,
        214.01790164852906,
        214.21715750767402,
        214.41805607906167,
        214.62058185089023,
        214.82471822761462
    ]
}