{
    "yield_post": 3.13214225454238,
    "error_post": 0.3294116233356449
}