{
    "start": 0,
    "stop": 6,
    "levels": [
        239.08998469268192,
        233.6802931235889,
        231.1320771808505,
        217.95104063772456,
        204.90142063066355,
        193.429643246838,
        182.02515007323598,
        171.68831000103373,
        163.34160134368372,
        156.7119818284679,
        151.46833086998583,
        147.33116389856326,
        144.08333939079807,
        141.45089277067294,
        138.8301066098028,
        136.25252784291712,
        133.8866675795818,
        131.81159557919096,
        130.04134329762212,
        128.56371526891883,
        127.35244232709604,
        126.3817247459337,
        125.62266649414602,
        125.04811097118031,
        124.63699480101187,
        124.37447528766401,
        124.25041340261677,
        124.2567538958157,
        124.38476459549983,
        124.62283617603146,
        124.95249099532171,
        125.33028051177234,
        125.74082007977873,
        126.1860799586618,
        126.66357145550877,
        127.17626057023446,
        127.72044379295687,
        128.28750899838067,
        128.8443840479455,
        129.35680841514517,
        129.84179285298808,
        130.3059405880408,
        130.7533077131748,
        131.18661714808533,
        131.60782843353144,
        132.01842316521606,
        132.41956476013618,
        132.81219424154142,
        133.1970912987459,
        133.57492168515745,
        133.94627011987967
    ]
}