{
    "start": 0,
    "stop": 6,
    "levels": [
        239.08998469268192,
        233.6802931235889,
        231.1320771808505,
        217.95104063772456,
        204.88882383354706,
        193.42963828208752,
        182.02514386118492,
        171.6883050127235,
        163.34160010934914,
        156.7119814067147,
        151.4683306245329,
        147.33116202767513,
        144.08333939079807,
        141.45089277067294,
        138.8300871714315,
        136.25252784291712,
        133.88666756593648,
        131.81159557919096,
        130.04134329762212,
        128.5637144251396,
        127.35244142436443,
        126.38172411067654,
        125.62266649414602,
        125.04811097118031,
        124.6369946592949,
        124.37447528766401,
        124.25041318322367,
        124.2567538958157,
        124.3847645718937,
        124.62283602670377,
        124.95249099532171,
        125.33028051177234,
        125.74082007977873,
        126.1860799586618,
        126.66357145550877,
        127.17626057023446,
        127.72044379295687,
        128.28750899838067,
        128.8443840479455,
        129.35680841514517,
        129.84179285298808,
        130.3059405880408,
        130.7533077131748,
        131.18661714808533,
        131.60782843353144,
        132.01842316521606,
        132.41956468973083,
        132.81219424154142,
        133.19709122247215,
        133.57492168515745,
        133.94627011987967
    ]
}