{
    "yield_linear": 3.173856506657585,
    "error_linear": 0.3369093791237245,
    "error_log": 0.10615142128102277
}