{
    "yield_linear": 3.1736367031964363,
    "error_linear": 0.3368837785417312,
    "error_log": 0.10615070660180706
}