{
    "start": 0,
    "stop": 20,
    "levels": [
        125.7871142895143,
        125.94651737346148,
        126.13137256958167,
        126.33687133846911,
        126.5594353630125,
        126.79633836689736,
        127.0454444720617,
        127.30506893148764,
        127.57384774939956,
        127.85067298212218,
        128.1346081198663,
        128.42488949515402,
        128.72086024125264,
        129.02194789249336,
        129.32770073944272,
        129.63765778062782,
        129.95150302293513,
        130.2688926573562,
        130.58955370602277,
        130.91323909950117,
        131.23973461641316,
        131.56880847740393,
        131.90032801541997,
        132.23409535768016,
        132.5699884292605,
        132.90787370259824,
        133.24762427043422,
        133.58913607332522,
        133.932313987048,
        134.27706081457853,
        134.6232769699282,
        134.9709084426707,
        135.31987784536292,
        135.67011704511242,
        136.02155564523403,
        136.3741493993536,
        136.72784112455497,
        137.08257952426004,
        137.4383183826384,
        137.7950256656232,
        138.15263217697344,
        138.51112041524422,
        138.87045590713365,
        139.23060834308512,
        139.59152734330314,
        139.9532019950065,
        140.31559528568764,
        140.67868065891108,
        141.04243722498933,
        141.40683581887015,
        141.7718726537086
    ]
}