{
    "yield_post": 17.866297115661805,
    "error_post": 2.509298249810903
}