{
    "start": 5,
    "stop": 45,
    "levels": [
        94.97809977420144,
        92.61466757215702,
        89.56470249630301,
        86.54360337421367,
        84.21872470015029,
        82.56769823313059,
        81.49603255545718,
        80.89309902166109,
        80.65388300810295,
        80.68619633530685,
        80.90505730077646,
        81.24691624928732,
        81.68326661808725,
        82.19557381610151,
        82.76437833336404,
        83.37037858599105,
        83.99874487723113,
        84.63974837147562,
        85.28597927723216,
        85.93210142973503,
        86.57441747508156,
        87.21047629377384,
        87.83869650197487,
        88.45801628268606,
        89.06778399728208,
        89.6676484362883
    ]
}