{
    "start": 5,
    "stop": 45,
    "levels": [
        94.97809976027699,
        93.86050270154485,
        92.61466598810487,
        91.19416865219547,
        89.56470051981054,
        87.97246120583537,
        86.54360197137159,
        85.29266515815661,
        84.21872468557972,
        83.31414198340315,
        82.56769796074225,
        81.9663030194573,
        81.49603215921427,
        81.14283448011209,
        80.89309894045256,
        80.73405446039848,
        80.65388300807011,
        80.64151731067524,
        80.68619634161195,
        80.77723734624544,
        80.90505730373303,
        81.06292922368162,
        81.24691625747815,
        81.4544406215707,
        81.68326656078962,
        81.93111290453086,
        82.19557379357349,
        82.47415777209225,
        82.76437833342752,
        83.063857173086,
        83.37037858601367,
        83.68242536728704,
        83.9987447139948,
        84.31818402293285,
        84.639748355517,
        84.9625872353685,
        85.28597927724553,
        85.60931860632093,
        85.93210143000827,
        86.2539133599613,
        86.5744173739628,
        86.89334323884614,
        87.2104761356345,
        87.52564329710457,
        87.83869634584596,
        88.14951782590863,
        88.45801618916065,
        88.76412188319313,
        89.06778380332098,
        89.36896694798745,
        89.66764838945012
    ]
}