{
    "nbins": 50,
    "range_": [
        5.0,
        45.0
    ],
    "nburnin": 100,
    "nsamples": 100000,
    "nrepeats": 100,
    "seed": 0,
    "step_size": 0.5,
    "prob_eye": 0.1,
    "yields": [
        1,
        1,
        8,
        30,
        184,
        912,
        3302,
        11725,
        33493,
        78519,
        162345,
        289970,
        453918,
        632287,
        794072,
        910715,
        968421,
        961518,
        901999,
        800698,
        686635,
        564056,
        447525,
        348624,
        262747,
        196593,
        144110,
        102960,
        72814,
        51804,
        36688,
        25260,
        17362,
        11907,
        8484,
        5806,
        3903,
        2723,
        1801,
        1216,
        860,
        627,
        437,
        293,
        173,
        130,
        101,
        91,
        51,
        35
    ],
    "errors": [
        0.9949874371066194,
        0.9949874371066199,
        3.655133376499406,
        7.1414284285428575,
        20.38234530175564,
        64.85799873569951,
        93.70144075733307,
        195.31192999916826,
        338.8074822078167,
        530.0937558583387,
        764.7631986438677,
        941.4324192420822,
        1292.6889649099664,
        1644.7265152602117,
        1826.8771606213702,
        1662.6661571103205,
        1690.9028919485593,
        1533.0684133462537,
        1670.2110615128854,
        1460.4711431589462,
        1404.6254838924146,
        1445.318871391362,
        1229.07231276276,
        1096.937664591749,
        935.5153178863507,
        812.6884458388714,
        794.6716302976972,
        536.3767332761555,
        509.81373068994515,
        428.24273490626786,
        330.2189576629422,
        276.6875494126905,
        226.1140420230464,
        194.5212327742142,
        159.21507466317377,
        136.55636199020532,
        102.22969235990098,
        90.59641273251385,
        71.78432976632156,
        57.718627842317936,
        46.238512086787566,
        41.15470811462522,
        37.08517223904992,
        24.91003813726507,
        18.37688765814277,
        15.7797338380595,
        13.892084076912305,
        15.81739548724759,
        10.343597053249889,
        9.20597631976099
    ]
}