{
    "nbins": 50,
    "range_": [
        5.0,
        45.0
    ],
    "nburnin": 100,
    "nsamples": 100000,
    "nrepeats": 100,
    "seed": 0,
    "step_size": 0.5,
    "prob_eye": 0.1,
    "yields": [
        0,
        2,
        10,
        49,
        166,
        924,
        3463,
        11446,
        32913,
        78287,
        162311,
        287512,
        449254,
        631638,
        790260,
        911248,
        966768,
        962098,
        903037,
        806791,
        685716,
        565058,
        450257,
        348428,
        264788,
        196462,
        144142,
        103966,
        73104,
        51923,
        36112,
        25896,
        17522,
        12084,
        8328,
        5633,
        3838,
        2621,
        1847,
        1228,
        967,
        575,
        431,
        263,
        191,
        142,
        90,
        83,
        27,
        22
    ],
    "errors": [
        0.0,
        1.4,
        4.795831523312721,
        10.908253755757604,
        16.013744096868777,
        56.62366996230467,
        99.38465676350651,
        195.19436467275384,
        278.30794095749405,
        437.4577808200467,
        774.4648410354084,
        1075.3876324377177,
        1200.8117421144748,
        1614.2309500192343,
        1674.9089527493722,
        1630.8920749086985,
        1704.833645843488,
        1499.7086250335428,
        1708.4353397187733,
        1400.57209382452,
        1392.216017721388,
        1390.8286594688793,
        1358.5067206311496,
        1140.259689719846,
        932.4326034625774,
        836.4971966480223,
        673.9824626798537,
        535.6980866122261,
        519.2416007987033,
        389.61995585441974,
        326.1603286728783,
        288.95646730952393,
        246.97198221660693,
        202.8236672580397,
        141.10336636664624,
        109.22504291599066,
        108.34925011277191,
        78.40019132629718,
        78.56786875052676,
        53.57387422988934,
        48.45730079152161,
        35.39420856580918,
        30.51868280250639,
        22.612164867610538,
        19.083762731704674,
        18.930398833622068,
        12.28820572744451,
        13.345785851721132,
        7.463913182774826,
        6.569627082262741
    ]
}