{
    "yield_linear": 18.355444531208267,
    "error_linear": 3.256701181563638,
    "error_log": 0.177424261015664
}