{
    "start": 0,
    "stop": 30,
    "levels": [
        83.01223149998648,
        83.01991290620629,
        83.02838328450885,
        83.037639167007,
        83.04766091073456,
        83.05848394300328,
        83.07007499524441,
        83.08244850628226,
        83.09563658054151,
        83.10947922809315,
        83.12419693496864,
        83.1395622042126,
        83.1557310292348,
        83.17265808178591,
        83.19031820211612,
        83.20873046273869,
        83.22790259919448,
        83.24773385543345,
        83.2683450858231,
        83.28966874758318,
        83.31168378540933,
        83.33444262001726,
        83.35790527607506,
        83.38206410534177,
        83.40691031591908,
        83.4324747025282,
        83.45872537455526,
        83.48565905262917,
        83.51336700347176,
        83.54155241419642,
        83.5704722078789,
        83.6001324499442,
        83.63039514130993,
        83.66135258049276,
        83.69289847857736,
        83.72514735546483,
        83.75797586091022,
        83.7915451693408,
        83.82574174070652,
        83.86041507888305,
        83.89583059758768,
        83.93182534747338,
        83.96843581283945,
        84.00559712276733,
        84.0435045801088,
        84.08188952021156,
        84.12092998391321,
        84.16049420400145,
        84.20065795969981,
        84.24155019829077,
        84.28280871220639,
        84.32458950485619,
        84.36716175086035,
        84.41033972383904,
        84.45397933231575,
        84.49805662600355,
        84.54245168622776,
        84.58810354748027,
        84.63380313277906,
        84.68015782206574,
        84.72698745224983,
        84.77397361679432,
        84.82188852896607,
        84.87046109431444,
        84.91953134823524,
        84.96910443910282,
        85.01857756509177,
        85.06940973800796,
        85.12060760034359,
        85.17138569978889,
        85.22371308010227,
        85.27581496934792,
        85.32865925246564,
        85.38200237268693,
        85.4358306624039,
        85.49015358271984,
        85.545712009944,
        85.60023048308831,
        85.65596000609503,
        85.71205922250486,
        85.76867478422707,
        85.82572046709839,
        85.88360297287241,
        85.94137478540965,
        85.99958141124243,
        86.05838785295606,
        86.11769925312353,
        86.1772833115803,
        86.23751511609125,
        86.29793725667427,
        86.35925289035862,
        86.4201648586557,
        86.48191734644782,
        86.5440963109296,
        86.60665521327525,
        86.67071299608469,
        86.73298011618954,
        86.7967146178316,
        86.86086137261671,
        86.92541301237773,
        86.99032905381036,
        87.05558041858777,
        87.12129937047217,
        87.18736045399982,
        87.25385377556267,
        87.32057769244449,
        87.38777155439726,
        87.45529592773605,
        87.5231968463156,
        87.5915510597504,
        87.66011031821425,
        87.72898288715683,
        87.79837060611011,
        87.86807270788177,
        87.93821456547978,
        88.00834440817302,
        88.07903683991735,
        88.15049470026851,
        88.22140106688826,
        88.29316213491275,
        88.3651328094064,
        88.43744003702287,
        88.51014705073985,
        88.5831340964597,
        88.65701095107491,
        88.7301403055734,
        88.80411704709778,
        88.87848348960102,
        88.95303044851036,
        89.02782398628214,
        89.10290590803234,
        89.17837354858868,
        89.25418032475835,
        89.3303287634627,
        89.40664527523121,
        89.48332993161452,
        89.56029844009363,
        89.63763323630812,
        89.71512916662554,
        89.79312900971715,
        89.8710131663669,
        89.94958589044404,
        90.02815481906562,
        90.1072109567422,
        90.18641270560528,
        90.26597091615913,
        90.34555218594303,
        90.42629313202455,
        90.50596870531386,
        90.58651751893615,
        90.66756938750359,
        90.74871486079903,
        90.83015758478791,
        90.91174768423785,
        90.99344231351142,
        91.0756136116159,
        91.15830415185387,
        91.24104927505348,
        91.32357338177434,
        91.40690341614646,
        91.49044142543698,
        91.57404118100696,
        91.65757278062588,
        91.74213274457179,
        91.82628634310622,
        91.91103902506887,
        91.9955287385155,
        92.0805778204409,
        92.16596100354994,
        92.2515964168773,
        92.33741334572309,
        92.42360787817108,
        92.50947006644293,
        92.59594642717676,
        92.68269373884796,
        92.76967191246635,
        92.8566783772377,
        92.94435949796268,
        93.03157272566743,
        93.11972274866062,
        93.2074143084793,
        93.29595972324597,
        93.38430386685735,
        93.47259936321267,
        93.56155183709666,
        93.65107509657783,
        93.74031191331973,
        93.8295967278582,
        93.91933842640002,
        94.00919792042048,
        94.09940219332475,
        94.18949376805475,
        94.28001691448436,
        94.37037280534655,
        94.46137193384943,
        94.55240441082913,
        94.64371031192496,
        94.73504636629531,
        94.8271313741671,
        94.9191109242156,
        95.01056960577532
    ]
}