{
    "start": 0,
    "stop": 40,
    "levels": [
        83.01223151263024,
        83.06226879541644,
        83.13435147185325,
        83.22787850618614,
        83.3421975353556,
        83.47660977913117,
        83.63041792021158,
        83.80278728858639,
        83.99319672592462,
        84.20073039084625,
        84.42493808797121,
        84.6645897795679,
        84.91928219728224,
        85.18948816532739,
        85.47212456236112,
        85.76932472357417,
        86.07823009787914,
        86.39977680907977,
        86.7331053022689,
        87.07766794295702,
        87.43297759211111,
        87.79862450509252,
        88.17400958325301,
        88.55897064987786,
        88.95314218592375,
        89.35589622472216,
        89.76720676490709,
        90.18660118019338,
        90.61386187598981,
        91.04855870098379,
        91.49066218914989,
        91.93940540881599,
        92.39497356039072,
        92.85685876611025,
        93.32573902339954,
        93.79970604582905,
        94.28004985470234,
        94.76632145221828,
        95.25759133526421,
        95.75387916444198,
        96.25591427576236,
        96.76295933412689,
        97.27382520813259,
        97.78969396485228,
        98.31033456973033,
        98.8356972933389,
        99.36453188724388,
        99.89886244574208,
        100.43539522030775,
        100.97643160868728,
        101.52139968387979
    ]
}