{
    "yield_post": 2.137949528827682,
    "error_post": 0.674834766447373
}