{
    "start": 0,
    "stop": 8,
    "anchors": [],
    "levels": [
        160.26699251368422,
        155.95100373012176,
        151.52526504408834,
        147.01192554566987,
        142.44125509595366,
        137.96560947458576,
        133.99516328345427,
        130.67506084782875,
        127.89922631698091,
        125.56099363755234,
        123.57746742362912,
        121.8848297113664,
        120.43417538552292,
        119.18416496168643,
        118.10041201191234,
        117.1554558108061,
        116.32750438410396,
        115.59898385824532,
        114.95534833868672,
        114.38446485275576,
        113.876271345324,
        113.42245666976892,
        113.0161128670007,
        112.65142532072656,
        112.32341160510924,
        112.0277619172433,
        111.7607484088081,
        111.51914857667535,
        111.30018343182054,
        111.10145343342707,
        110.92088376482465,
        110.75667516498626,
        110.6072628633393,
        110.4712801410527,
        110.34752940765533,
        110.23495702834997,
        110.13263235887281,
        110.03973072921043,
        109.95551894142051,
        109.87934152438459,
        109.81061144630795,
        109.74880210557768,
        109.69343877122003,
        109.64409054809299,
        109.60036888441479,
        109.56191971522624,
        109.5284202525407,
        109.49957595081248,
        109.47511678157089,
        109.45479445730784,
        109.43838187421946,
        109.42566869402894,
        109.41646107032993,
        109.41057924479256,
        109.40785703428818,
        109.40813998718306,
        109.41128430773225,
        109.41715634302746,
        109.42563114286826,
        109.43659211941899,
        109.44993006362026,
        109.46554273734758,
        109.48333384656488,
        109.50321363803326,
        109.52509726329129,
        109.54890492289194,
        109.57456137695269,
        109.6019952090885,
        109.63114008842372,
        109.6619322613692,
        109.69431170078242,
        109.72822153298712,
        109.76360782180232,
        109.8004193709059,
        109.83860754276058,
        109.87812573904826,
        109.9189306949641,
        109.96098032902624,
        110.00423362815309,
        110.04865426983787,
        110.09420450351267,
        110.14085051012704,
        110.18855897191531,
        110.23729768942074,
        110.28703682646488,
        110.33774690982113,
        110.38940043176588,
        110.44197060659342,
        110.4954318005046,
        110.54975962432994,
        110.60492985952212,
        110.6609208209321,
        110.71770996927063,
        110.77527641661344,
        110.83360020344527,
        110.8926618126675,
        110.95244275612282,
        111.01292520735717,
        111.07409103103231,
        111.13592372782577,
        111.19840743248693,
        111.26152660272496,
        111.32526617880356,
        111.38961153786288,
        111.45454836859024,
        111.52006321252891,
        111.58614293821611,
        111.65277516278341,
        111.71994724707193,
        111.78764750677843,
        111.85586381789767,
        111.92458549729623,
        111.99380198519196,
        112.06350249366064,
        112.13367677701243,
        112.20431486573952,
        112.27540719688716,
        112.34694478582432,
        112.4189187654151,
        112.49131957858947,
        112.56413908007423,
        112.63736949676381,
        112.7110020661939,
        112.7850295786709,
        112.85944393497726,
        112.93423807286904,
        113.0094087506966,
        113.0849369983983,
        113.16082775101565,
        113.2370707957606,
        113.31365933815184,
        113.39058695068312,
        113.46784792195871,
        113.54543556782063,
        113.62334500682117,
        113.70157075492067,
        113.78010547140644,
        113.8589457487721,
        113.9380852137083,
        114.01751913369694,
        114.09724245719599,
        114.17725054491588,
        114.25753784990978,
        114.33810018384948,
        114.41893313032989,
        114.50003202616924,
        114.58139277460361,
        114.66301082189294,
        114.7448820412341,
        114.82700284796849,
        114.90936855961867,
        114.991975782644,
        115.07482037858111,
        115.15789902489107,
        115.24120802281844,
        115.32474366003184,
        115.40850188339019,
        115.49248043129646,
        115.57667537817333,
        115.66108352954865,
        115.74570475712036,
        115.83052681390609,
        115.91555571975529,
        116.00078554251043,
        116.0862129972264,
        116.17183616590148,
        116.2576507977378,
        116.34365488287294,
        116.42984612144099,
        116.51622090838123,
        116.60277759871565,
        116.68951303618165,
        116.77642437702833,
        116.86351014440973,
        116.95076769724932,
        117.0381936055244,
        117.1257870605332,
        117.21354463425263,
        117.30146451751628,
        117.38954466538621,
        117.47778278592233,
        117.56617675699634,
        117.6547245003959,
        117.74342397550744,
        117.83227318119508,
        117.92127015794651,
        118.01041298440718,
        118.09969976849239,
        118.18912864056279,
        118.27869753610375,
        118.36840498054417,
        118.45824908729267,
        118.54822812025503,
        118.63834037503484,
        118.72858417520035,
        118.81895786424894,
        118.90945979765021,
        119.00008834933584,
        119.09084193969511,
        119.1817190669297,
        119.27271825228887
    ]
}