{
    "yield_pre": 50.77581886806583,
    "error_pre": 5.320804968325791
}