{
    "start": 30,
    "stop": 100,
    "anchors": [],
    "levels": [
        76.00940233164478,
        74.14835732731672,
        72.42055354427367,
        70.83317632584169,
        69.38884804304186,
        68.08743630577546,
        66.927514497235,
        65.90676841047663,
        65.022095647401,
        64.27021741988986,
        63.64925358929844,
        63.166177504111545,
        62.822113887656755,
        62.59003078873888,
        62.45456080461657,
        62.42353620788839,
        62.45387766743451,
        62.50865316067329,
        62.57992654696098,
        62.66745065101587,
        62.77279683095989,
        62.89768198790325,
        63.04354140376388,
        63.21077574583373,
        63.39691934125578,
        63.60099394215534,
        63.822944602739696,
        64.06263938231572,
        64.3198604394068,
        64.59430381814927,
        64.88557341911482,
        65.19315255605125,
        65.51629426448505,
        65.8540885476734,
        66.20606410179332,
        66.57185344068402,
        66.95110963972914,
        67.34350727872106,
        67.74873882450795,
        68.16651150120151,
        68.59654708858966,
        69.03857951866519,
        69.49235302675415,
        69.95762261140672,
        70.43415161042115,
        70.92171203959637,
        71.42008352620658,
        71.92905193939895,
        72.44841186537343,
        72.97796158451175,
        73.51750786273539
    ]
}