{
    "yield_linear": 50.78352965463097,
    "error_linear": 5.3420852775556575,
    "error_log": 0.10519326470385483
}