{
    "start": 0,
    "stop": 30,
    "levels": [
        40.40133520513285,
        40.35175803083844,
        40.304513157808444,
        40.2595569858221,
        40.21684578245417,
        40.176335761092034,
        40.137983263137265,
        40.10174485274633,
        40.06757738894487,
        40.035438443804935,
        40.00528493933487,
        39.97707562924131,
        39.950769132540664,
        39.92632465509148,
        39.903702348995004,
        39.88286168549713,
        39.86376430699091,
        39.84637174819636,
        39.830646180547205,
        39.81655039401187,
        39.80404789044495,
        39.793102754543824,
        39.78367970866263,
        39.77574427960432,
        39.7692624054568,
        39.76420108454141,
        39.76052790566204,
        39.75821174829361,
        39.75724037374677,
        39.75752568886555,
        39.75909805362189,
        39.7619098162441,
        39.765934311259514,
        39.77114606475228,
        39.77752102264782,
        39.785035964643576,
        39.79366980390957,
        39.80340209423816,
        39.81421470560325,
        39.826090570658245,
        39.83901274710252,
        39.852968266049935,
        39.867943560643845,
        39.88392680814931,
        39.900907291452754,
        39.91887529664912,
        39.93782199456818,
        39.95773931820687,
        39.97861982757161,
        40.00045660545163,
        40.0232431454136,
        40.046972756613094,
        40.07164059063875,
        40.097239164379765,
        40.123764012682905,
        40.15120891699888,
        40.17956807433053,
        40.20883561949452,
        40.23900559749491,
        40.270071939806684,
        40.30202844082002,
        40.33486874316475,
        40.36858635774864,
        40.40317479986917,
        40.43862752525587,
        40.47493737465649,
        40.51209703885666,
        40.55010011609456,
        40.58893917070786,
        40.62860685032067,
        40.66909580553309,
        40.71039857611511,
        40.752507635821736,
        40.795415400638824,
        40.839114237394426,
        40.88359647254646,
        40.92885440079277,
        40.974880293365814,
        41.02166640597091,
        41.0692051180832,
        41.117488381745915,
        41.16650861920658,
        41.216258096132975,
        41.26672909609067,
        41.31791392628449,
        41.36980492292083,
        41.42239445619322,
        41.47567493490051,
        41.52963881071234,
        41.58427858452707,
        41.63958680327437,
        41.69555606885265,
        41.75217904011906,
        41.80944844479951,
        41.8673570627231,
        41.92589773205031,
        41.98506336151277,
        42.04484681043817,
        42.10524134924714,
        42.166240001300835,
        42.22783595901979,
        42.29002248757441,
        42.35279292580956,
        42.41614068703552,
        42.480059259677724,
        42.54454220778557,
        42.60958317140706,
        42.675175866839396,
        42.741314086766856,
        42.807991700296924,
        42.875202652904726,
        42.94294096629464,
        43.01120075290576,
        43.079976157142006,
        43.14926144244023,
        43.21905093265499,
        43.28933902616405,
        43.36012019615263,
        43.43138898836027,
        43.50314002156251,
        43.575367986796806,
        43.648067646691395,
        43.721233834779575,
        43.794861454788915,
        43.868945479908724,
        43.943480952038186,
        44.01846243897834,
        44.09388614093543,
        44.169746816909665,
        44.24603977608107,
        44.32276039242609,
        44.399904103898784,
        44.47746641160659,
        44.55544287898225,
        44.63382913095324,
        44.712620853108,
        44.791813790858114,
        44.871403748631266,
        44.95138658901837,
        45.03175823195481,
        45.1125146538976,
        45.193651887007064,
        45.2751660183333,
        45.357053189008404,
        45.439309593444676,
        45.521931478539564,
        45.60491514288755,
        45.688256935999604,
        45.77195325753035,
        45.856000556513436,
        45.94039533061768,
        46.02513412552253,
        46.11021353377044,
        46.195630194422776,
        46.28138079222473,
        46.36746205689838,
        46.45387076244482,
        46.540603726301434,
        46.627657809046,
        46.715029913462494,
        46.80271698382199,
        46.890716005301115,
        46.97902400333773,
        47.067638042995995,
        47.15655522834116,
        47.24577270182366,
        47.33528764367267,
        47.42509727132415,
        47.515198838786844,
        47.60558963604485,
        47.696266988566094,
        47.787228256703216,
        47.87847083514145,
        47.96999215235601,
        48.06178967008054,
        48.15386088278715,
        48.24620331717833,
        48.33881454222607,
        48.431692123951194,
        48.52483370098974,
        48.61823691675108,
        48.71189945361483,
        48.80581902317958,
        48.89999336273697,
        48.99442023890514,
        49.08909744415692,
        49.18402279938456,
        49.27919419269521,
        49.37460938963736,
        49.470266479050444,
        49.566163254627185,
        49.66229769148961,
        49.75866773498037,
        49.85527138498634,
        49.95210672044717,
        50.04917182767375,
        50.14646477357664,
        50.243983652745456,
        50.34172629557344,
        50.43969128194709,
        50.53787660213122
    ]
}