{
    "yield_pre": 20.96962950035511,
    "error_pre": 3.229824612332637
}