{
    "yield_post": 20.970327797367258,
    "error_post": 2.6339125862106063
}