{
    "start": 0,
    "stop": 40,
    "anchors": [],
    "levels": [
        106.35103722284524,
        106.0404256347278,
        105.73055626872528,
        105.42147019312382,
        105.11319982691094,
        104.80578863329703,
        104.49927160817148,
        104.19369356510782,
        103.8890954687077,
        103.5855200766083,
        103.28301141619988,
        102.98161405059896,
        102.68137443373813,
        102.38233938522002,
        102.08455752719235,
        101.7880775394169,
        101.49295037767426,
        101.1992267950335,
        100.90695966288041,
        100.61620104454289,
        100.32700602382451,
        100.03942903621693,
        99.75352634681967,
        99.46935520774171,
        99.18697125077108,
        98.90643587316498,
        98.62780478383728,
        98.35113956351627,
        98.07649976744662,
        97.8039460176521,
        97.5335393538003,
        97.26534115590556,
        96.99941306247166,
        96.73581688459686,
        96.47461454894346,
        96.2158717340712,
        95.95965969273507,
        95.70604743984197,
        95.45510138971171,
        95.20688628769115,
        94.961468739411,
        94.71891426980406,
        94.47928541446225,
        94.24264198195391,
        94.00904032177331,
        93.77853819808661,
        93.55118438197593,
        93.32703352696205,
        93.10613054184684,
        92.8885234853372,
        92.67425622962317,
        92.46337190723656,
        92.25591054215724,
        92.05191087219981,
        91.85140984725334,
        91.65444291530453,
        91.4610444367717,
        91.27125582468626,
        91.08512217859021,
        90.9026901742183,
        90.72399963627353,
        90.54908382707916,
        90.37797031901594,
        90.21068374935295,
        90.0472434584297,
        89.88766645660303,
        89.73197045287779,
        89.58018512975792,
        89.43233574654751,
        89.28844013542732,
        89.14851047927793,
        89.0125549104172,
        88.88057738341746,
        88.75257990666924,
        88.62856223829698,
        88.50852260947396,
        88.3924583176519,
        88.28036472548293,
        88.17223915905932,
        88.0680766673865,
        87.96787293627693,
        87.87162411397003,
        87.7793262005492,
        87.69097690161999,
        87.60657424613278,
        87.52611661588054,
        87.44960467489243,
        87.37703895910886,
        87.30842188275294,
        87.24375675132842,
        87.18304785127614,
        87.1263001762868,
        87.07351974769674,
        87.02471197909978,
        86.97988277406955,
        86.93903737641753,
        86.90217943887905,
        86.86931087646839,
        86.84043109032598,
        86.81553619512376,
        86.79461789486035,
        86.77766286934653,
        86.76465173587364,
        86.75555772858591,
        86.75034587848097,
        86.74897143920393,
        86.75137889772853,
        86.75749916649012,
        86.767251195185,
        86.78053801558308,
        86.7972493925864,
        86.81726125573473,
        86.84044182774969,
        86.86665640789663,
        86.89577456539135,
        86.92767939749848,
        86.96227207144979,
        86.9994759445758,
        87.03923619323066,
        87.08151827901855,
        87.12630418839595,
        87.17358871921417,
        87.22337598850098,
        87.27567593173302,
        87.33050212320411,
        87.38786950784758,
        87.44779281861884,
        87.51028562020022,
        87.5753595780124,
        87.64302395631424,
        87.71328541019906,
        87.78614784952114,
        87.86161168443277,
        87.93967675183328,
        88.02033721158546,
        88.10358706146417,
        88.1894171329486,
        88.27781514845168,
        88.36876655700532,
        88.46225412370418,
        88.55825670996116,
        88.65675127731043,
        88.75770920782276,
        88.86109678652306,
        88.96687319443103,
        89.0749867169568,
        89.18536973654894,
        89.29796936692372,
        89.41276168082786,
        89.52972404516731,
        89.64883372564603,
        89.77006791320694,
        89.8934036637529,
        90.01881801644896,
        90.14628798207946,
        90.27579055583863,
        90.40730276433061,
        90.5408017068448,
        90.67626459996345,
        90.81366882577538,
        90.95299198304812,
        91.09421194063746,
        91.23730689224924,
        91.38225541192463,
        91.52903650629028,
        91.67762966169794,
        91.8280148989892,
        91.98017236557808,
        92.13408395084068,
        92.28973114523151,
        92.44709574392675,
        92.60616183564974,
        92.76691253185635,
        92.92933196098684,
        93.09340477532449,
        93.2591159584926,
        93.42644867028649,
        93.59538443943232,
        93.7659053770179,
        93.93799236324452,
        94.11162834086383,
        94.28679520797662,
        94.4634759886755,
        94.64165337415702,
        94.82131044820147,
        95.00243072008425,
        95.18499781185812,
        95.36899541009048,
        95.55440811289273,
        95.74121887362037,
        95.92941406914291,
        96.1189784492322,
        96.30989723631185,
        96.5021570828159,
        96.69574350200466,
        96.89064112950086,
        97.08683537283713,
        97.28431356606299,
        97.48305306888109,
        97.68304492501858,
        97.8842753000768
    ]
}