{
    "start": 0,
    "stop": 40,
    "anchors": [],
    "levels": [
        106.35104531062521,
        106.0404349876074,
        105.7305689931011,
        105.42148249787411,
        105.11321280258686,
        104.8058016229979,
        104.4992864025293,
        104.19370919903886,
        103.8891113284284,
        103.58553723173941,
        103.2830285265014,
        102.98163154714697,
        102.68139215187958,
        102.38235723075172,
        102.08457539654496,
        101.78809533921537,
        101.49296800333342,
        101.19924416121363,
        100.90697564713705,
        100.61621770253278,
        100.32702198681324,
        100.03944438048529,
        99.75354096094374,
        99.46936903219184,
        99.18698421272859,
        98.90644785827232,
        98.62781574583789,
        98.35114944889328,
        98.07650852533544,
        97.80395360466844,
        97.53354573435014,
        97.26534630241333,
        96.99941695553382,
        96.73581951304693,
        96.4746159096581,
        96.21587182831769,
        95.95965852922168,
        95.70604503659305,
        95.45509777252619,
        95.2068814925502,
        94.96146280354864,
        94.7189072410763,
        94.47927734835494,
        94.2426329409198,
        94.0090304046717,
        93.77852738347718,
        93.55117395794335,
        93.3270213251436,
        93.10611768364093,
        92.88851020302062,
        92.67424251407957,
        92.46335794900426,
        92.25589632555261,
        92.05189650830897,
        91.85139542917202,
        91.65442853354726,
        91.4610301743922,
        91.27124175564018,
        91.08510835457434,
        90.90267666820881,
        90.72398650557416,
        90.54907113452143,
        90.37795820496018,
        90.21067216092612,
        90.04723244095453,
        89.88765590412598,
        89.73196066296575,
        89.58017600117321,
        89.43232729885693,
        89.28843238761561,
        89.1485034457831,
        89.01254842067699,
        88.88057153369039,
        88.75257468461895,
        88.62855762264527,
        88.50851857235801,
        88.3924543919913,
        88.2803618685274,
        88.17223660388984,
        88.06807453029876,
        87.96787119545046,
        87.87162295237923,
        87.77932511897964,
        87.69097605770962,
        87.60657367577866,
        87.52611618754418,
        87.44960429951061,
        87.37703869305727,
        87.30842170026004,
        87.24375663084582,
        87.18304777505442,
        87.12630015828657,
        87.07351972392844,
        87.02471193650497,
        86.97988284199255,
        86.93903737921758,
        86.90217943378917,
        86.8693108762268,
        86.84043109218948,
        86.8155361957514,
        86.79461789423748,
        86.7776629366407,
        86.7646517293309,
        86.75555772597663,
        86.75034590684993,
        86.74897181465624,
        86.75137892217867,
        86.75749915935994,
        86.76725155947886,
        86.78053803055346,
        86.79724933332382,
        86.81726124483828,
        86.84044191001726,
        86.86665639865775,
        86.89577466825604,
        86.92767951742586,
        86.96227243352335,
        86.99947635243565,
        87.03923648798717,
        87.08151864829247,
        87.12630464987765,
        87.17358945367894,
        87.22337665938255,
        87.27567680640448,
        87.33050311020587,
        87.38787067009271,
        87.44779417918083,
        87.51028721234488,
        87.57536144227028,
        87.64302612927429,
        87.71328793215366,
        87.78615078269677,
        87.86161503822886,
        87.9396802248192,
        88.02034164295081,
        88.10359211265322,
        88.18942273220031,
        88.27782163161368,
        88.36877381645276,
        88.46226218379205,
        88.55826628440374,
        88.6567614189645,
        88.75772043773767,
        88.86110919493102,
        88.96688685288308,
        89.07500168400989,
        89.18538605704315,
        89.29798711421267,
        89.41278093660588,
        89.5297448930932,
        89.64885625140651,
        89.77009220541292,
        89.89342981093819,
        90.01884610975276,
        90.1463181151475,
        90.27582282415838,
        90.40733726535893,
        90.54083853998785,
        90.67630386656322,
        90.81371062908887,
        90.9530364282274,
        91.09425913470149,
        91.23735694404313,
        91.38230843218828,
        91.52909260716712,
        91.67768895725051,
        91.82807750488449,
        91.98023840093582,
        92.13415353170645,
        92.28980439093033,
        92.44717277016628,
        92.6062427682341,
        92.76699749382668,
        92.92942107514632,
        93.09349816580908,
        93.25921375058314,
        93.42655098512014,
        93.5954914206549,
        93.76601715009079,
        93.93810905145591,
        94.1117500932628,
        94.28692213398617,
        94.46360822916449,
        94.64179106212302,
        94.82145371873997,
        95.00257972719348,
        95.18515261973961,
        95.36915618796993,
        95.55457498057174,
        95.74139197646613,
        95.92959353935841,
        96.11916437752824,
        96.31008976829337,
        96.50235635737035,
        96.69594964911086,
        96.89085428291813,
        97.08705434813879,
        97.2845376037971,
        97.48328812092653,
        97.68328743771426,
        97.88452547398906
    ]
}