{
    "start": 0,
    "stop": 30,
    "levels": [
        89.19411481803277,
        89.19433880600789,
        89.19527300425281,
        89.19691403993397,
        89.19925728186294,
        89.20230006527672,
        89.20603782092692,
        89.2104671203189,
        89.21558409700545,
        89.22138440793256,
        89.22786448508305,
        89.23502015202004,
        89.242847565831,
        89.25134271139103,
        89.26050138286034,
        89.27031966592338,
        89.28079356054445,
        89.2919189721458,
        89.30369184241364,
        89.3161081296661,
        89.32916377643627,
        89.34285473203731,
        89.35717696465841,
        89.37212640362415,
        89.38769904764455,
        89.4038908631939,
        89.42069784105419,
        89.43811598031152,
        89.45614129281455,
        89.474769800567,
        89.49399754952078,
        89.51382059873637,
        89.53423502317611,
        89.55523685782592,
        89.5768221449832,
        89.5989874835966,
        89.62172839162805,
        89.6450413792254,
        89.6689225309853,
        89.69336807641466,
        89.71837422961485,
        89.74393730044423,
        89.77005350287209,
        89.79671916885806,
        89.82393060964878,
        89.85168413345224,
        89.87997599397326,
        89.90880285582041,
        89.93816087326904,
        89.96804658877053,
        89.99845644118895,
        90.02938696053359,
        90.06083462961298,
        90.09279599192449,
        90.1252672909964,
        90.15824561841671,
        90.19172693911469,
        90.22570857559626,
        90.26018685326139,
        90.29515844818182,
        90.33062005395718,
        90.36656839227973,
        90.40300020594034,
        90.4399122654155,
        90.47730136007797,
        90.51516431726513,
        90.55349796394802,
        90.59229917285485,
        90.63156482581644,
        90.67129182404915,
        90.71147709191175,
        90.75211759172527,
        90.79321030888073,
        90.8347521670241,
        90.87674044671738,
        90.9191719215553,
        90.96204376888089,
        91.00535307990292,
        91.0490969149375,
        91.09327257076822,
        91.13787670250343,
        91.18290722503102,
        91.22836100695982,
        91.27423527507258,
        91.32052727515494,
        91.36723427576013,
        91.41435356693714,
        91.46188245931646,
        91.50981828467815,
        91.55815839559307,
        91.60690016527474,
        91.65604098742679,
        91.70557827608995,
        91.75550946549379,
        91.80583200990135,
        91.85654338344683,
        91.90764107999956,
        91.95912261300754,
        92.01098551534756,
        92.06322733917057,
        92.1158456557527,
        92.16883805534519,
        92.2222021470709,
        92.27593555856042,
        92.33003593607026,
        92.38450094424122,
        92.43932826595429,
        92.49451560218805,
        92.55006067187429,
        92.60596121175877,
        92.6622149762591,
        92.71881973732783,
        92.77577328430561,
        92.83307342428427,
        92.89071798065054,
        92.948704793932,
        93.00703172161512,
        93.0656966378689,
        93.12469743419337,
        93.1840320253227,
        93.2436983373658,
        93.3036943109532,
        93.36401790094271,
        93.4246670750014,
        93.48563981428563,
        93.54693411615929,
        93.6085474298504,
        93.67047887729393,
        93.73272599072038,
        93.79528683403257,
        93.85815948610511,
        93.92134204064037,
        93.98483290559574,
        94.04862961270435,
        94.11273059124821,
        94.17713399401461,
        94.24183798612643,
        94.30684074756348,
        94.3721404724458,
        94.43773536878152,
        94.50362365834778,
        94.56980357657824,
        94.6362733724473,
        94.70303130835455,
        94.77007565996314,
        94.8374047162391,
        94.90501677864555,
        94.97291016152249,
        95.04108319383457,
        95.10953421622924,
        95.17826158202121,
        95.24726365708453,
        95.31653828055038,
        95.38608490689333,
        95.45590141365356,
        95.5259862157947,
        95.59633774031226,
        95.66695442614011,
        95.7378347240335,
        95.80897712389182,
        95.88038001769961,
        95.9520419728783,
        96.02396145937581,
        96.09613698561483,
        96.16856707122389,
        96.24125024696653,
        96.31418505464197,
        96.38737004699816,
        96.46080378763884,
        96.5344848509376,
        96.60841182195321,
        96.68258329634213,
        96.75699788027546,
        96.83165419035294,
        96.90655085352338,
        96.98168650660124,
        97.05705979723706,
        97.13266938285636,
        97.20851393003984,
        97.2845921156336,
        97.360902627721,
        97.43744416310552,
        97.5142154283305,
        97.59121513911408,
        97.66844202068481,
        97.74589480768327,
        97.82357224444486,
        97.90147307891387,
        97.97959608192429,
        98.05794003020343,
        98.13650370854248,
        98.21528577698274,
        98.29428518629811,
        98.3735007267169,
        98.45293122880946,
        98.53257551771779,
        98.61243246175371,
        98.69250053455454,
        98.77277910538442,
        98.85326681804162,
        98.93396253597484
    ]
}