{
    "start": 0,
    "stop": 30,
    "levels": [
        37.881379692273875,
        37.86676651143577,
        37.857101532536255,
        37.85209231832822,
        37.851556811709195,
        37.8550007480206,
        37.862450920447046,
        37.87362235504952,
        37.88833020728694,
        37.90640677144198,
        37.927698423674066,
        37.95206749134654,
        37.9793864731868,
        38.00953950545374,
        38.04241927607883,
        38.077927197900706,
        38.11597099053433,
        38.15646423497011,
        38.199325364003705,
        38.24447692455748,
        38.29184498210647,
        38.341359122410594,
        38.39295000028278,
        38.44655261797344,
        38.50210345211954,
        38.55954107491598,
        38.61880605344011,
        38.67984023383377,
        38.74258886271355,
        38.80699775596321,
        38.873014418138304,
        38.940589194969455,
        39.00967328456555,
        39.08021982207682,
        39.152183601975224,
        39.22552103916995,
        39.300190129743065,
        39.37615040924843,
        39.45336290923316,
        39.53179011248688,
        39.611395889532275,
        39.69214485361687,
        39.77400452328213,
        39.85694226451278,
        39.9409270751285,
        40.02592911756466,
        40.1119196732819,
        40.19887109819265,
        40.286756779237926,
        40.37555109221595,
        40.46522936093722,
        40.55576781775653,
        40.64714356551283,
        40.73933454089063,
        40.83231947920268,
        40.926077880582454,
        41.02058997756598,
        41.11583670403574,
        41.2117996654944,
        41.30846111063387,
        41.40580390416339,
        41.503811500861545,
        41.60246792081885,
        41.70175772584004,
        41.80166599697661,
        41.90217831315668,
        42.00328073086532,
        42.10495976479973,
        42.2072023693781,
        42.30999593071726,
        42.4133282086607,
        42.517187383146364,
        42.621561995018006,
        42.72644094183461,
        42.83181346444653,
        42.93766913798696,
        43.0439979335858,
        43.15078977792773,
        43.258035416467024,
        43.3657254968697,
        43.47385112997121,
        43.582403608346574,
        43.69137451321136,
        43.80075569160656,
        43.910538552977606,
        44.020716217435876,
        44.13128080162013,
        44.24222499099676,
        44.35354166429682,
        44.465223896114516,
        44.577264950124174,
        44.68965827176076,
        44.80239748124521,
        44.915476367246214,
        45.02888888106783,
        45.142629131187675,
        45.25669137803804,
        45.371070028983766,
        45.48575963348269,
        45.60075487842468,
        45.71605052935053,
        45.83164164283621,
        45.947523238113995,
        46.06369050879269,
        46.18013876516184,
        46.29686343050746,
        46.41386003756888,
        46.53112422513075,
        46.64865173474417,
        46.76643840757109,
        46.88448018134684,
        47.002773087455445,
        47.12131324811298,
        47.24009687365417,
        47.35912025991799,
        47.478379785727924,
        47.59787240406408,
        47.71759365463191,
        47.837540655019,
        47.95771009256961,
        48.07809872630095,
        48.19870338487375,
        48.319520964633334,
        48.440548427718056,
        48.56178280023255,
        48.68322117048314,
        48.80486068727293,
        48.92669855825419,
        49.04873204833576,
        49.17095847814341,
        49.29337522253097,
        49.41597970914028,
        49.53876941700822,
        49.66174187521871,
        49.78489466159841,
        49.90822540145393,
        50.03173176634946,
        50.15541147292303,
        50.279262281739996,
        50.403281996182514,
        50.52746846137343,
        50.65181956313358,
        50.77633322697109,
        50.90100741710158,
        51.025840135498264,
        51.150829420970624,
        51.275973348270895,
        51.40127002722721,
        51.526717601902526,
        51.65231424977844,
        51.77805818096297,
        51.903947637421524,
        52.029980892230164,
        52.15615624885059,
        52.28247204042585,
        52.40892662909627,
        52.53551840533483,
        52.66224578730126,
        52.78910722021451,
        52.916101175742575,
        53.04322615140944,
        53.170480670018414,
        53.297863279091324,
        53.42537255032314,
        53.55300707905141,
        53.68076548374012,
        53.80864640547746,
        53.93664850748711,
        54.06477047465248,
        54.19301101305373,
        54.321368849516915,
        54.44984273117503,
        54.57843142504055,
        54.70713371758902,
        54.83594841435364,
        54.96487433953,
        55.09391033559121,
        55.223055262912695,
        55.35230799940662,
        55.48166744016548,
        55.61113249711471,
        55.74070209867393,
        55.87037518942667,
        56.000150729798285,
        56.13002769574182,
        56.26000507843152,
        56.390081883963916,
        56.52025713306611,
        56.65052986081122,
        56.780899116340535,
        56.91136396259247,
        57.04192347603792,
        57.172576746421896,
        57.30332287651133,
        57.434160981848734,
        57.56509019051174,
        57.696109642878085,
        57.82721849139628,
        57.95841590036139,
        58.089701045695975,
        58.22107311473627
    ]
}