{
    "start": 0,
    "stop": 8,
    "levels": [
        129.35988840442502,
        123.47150170253468,
        121.9206998212771,
        122.07014693297312,
        122.27537895930948,
        122.5099627460217,
        122.75841813868966,
        123.00799222374584,
        123.25491968910762,
        123.49824036922364,
        123.73761898061969,
        123.9730060623115,
        124.2044816807946,
        124.43218846293169,
        124.65629375787665,
        124.87697186934884,
        125.09439375606188,
        125.30872494201347,
        125.52012118990997,
        125.72872684806603,
        125.93467881641891,
        126.13810340584361,
        126.33911772902479,
        126.53783020947364,
        126.73434361286596,
        126.92874847575258,
        127.12113591346301,
        127.31158727482376,
        127.50017815193718,
        127.68697860781856,
        127.87205730239631,
        128.0554763337248,
        128.2372949666183,
        128.4175672108707,
        128.59634631275085,
        128.77368263478309,
        128.94961822562368,
        129.12420157903472,
        129.29747135613326,
        129.46946840367093,
        129.64022995764583,
        129.80979065893817,
        129.97818537696762,
        130.1454448241962,
        130.3116006029742,
        130.47668186972635,
        130.6407157918631,
        130.80372956636998,
        130.96574848554684,
        131.12679654982904,
        131.28689787976174
    ]
}