{
    "start": 0,
    "stop": 8,
    "levels": [
        129.35988787951894,
        123.47150049848506,
        121.92069946210579,
        122.07014693297312,
        122.27537895930948,
        122.5099627460217,
        122.75841811575643,
        123.00799222374584,
        123.25491968910762,
        123.49824031598463,
        123.73761898061969,
        123.9730060623115,
        124.2044816807946,
        124.43218846293169,
        124.65629375787665,
        124.8769715755052,
        125.09439368937298,
        125.3087248761337,
        125.52012066991607,
        125.72872664191935,
        125.93467881641891,
        126.1381032426015,
        126.33911735323468,
        126.53782996921568,
        126.7343422693523,
        126.92874847575258,
        127.12113591346301,
        127.31158712625468,
        127.50017721831009,
        127.68697860781856,
        127.87205726219831,
        128.05547624162193,
        128.23729456180092,
        128.4175671160063,
        128.59634624981322,
        128.77368105978348,
        128.94961819720854,
        129.12420083948513,
        129.2974711639797,
        129.46946840367093,
        129.64022978503849,
        129.80979065893817,
        129.97818526867735,
        130.1454448241962,
        130.3116006029742,
        130.4766817629323,
        130.6407157918631,
        130.80372956636998,
        130.96574847956776,
        131.1267963691237,
        131.2868978635897
    ]
}