{
    "nbins": 50,
    "range_": [
        0.0,
        8.0
    ],
    "nburnin": 100,
    "nsamples": 100000,
    "nrepeats": 100,
    "seed": 0,
    "step_size": 0.2,
    "prob_eye": 0.1,
    "yields": [
        16087,
        1522403,
        3631018,
        1845950,
        887546,
        552464,
        387189,
        280232,
        206501,
        153743,
        115555,
        88541,
        67231,
        52473,
        40490,
        31584,
        24404,
        19494,
        15094,
        12179,
        9632,
        7730,
        5887,
        4944,
        4010,
        3261,
        2692,
        2208,
        1713,
        1475,
        1111,
        963,
        726,
        620,
        501,
        418,
        398,
        254,
        260,
        167,
        148,
        128,
        88,
        85,
        75,
        52,
        60,
        37,
        30,
        20
    ],
    "errors": [
        296.5220227908881,
        4066.523688606768,
        4618.435964696272,
        3430.536838455462,
        2070.400647217828,
        1367.9323959903866,
        1098.0991712955617,
        960.3664717179585,
        784.3576926377403,
        725.8639748603039,
        555.7056325069957,
        528.6664260192811,
        434.0315541524602,
        410.1483999724977,
        390.83116559455686,
        326.12795035077863,
        282.6691352093469,
        244.5069324170585,
        231.97336053952395,
        168.2337362124494,
        175.28194430687944,
        138.22083779228083,
        120.07210333795273,
        126.51735058876312,
        108.20813278122858,
        96.37318091668449,
        90.82598747054723,
        75.70574614915303,
        68.28843240256727,
        64.03709862259532,
        46.837911994451666,
        43.92391148338224,
        39.43653128762722,
        40.496913462633174,
        38.30130546078031,
        32.01187279744814,
        31.176273029340763,
        23.169807940507397,
        25.61249694973139,
        18.976564494133285,
        20.173249614278802,
        15.689486925964149,
        16.509391266791155,
        12.83549765299343,
        12.439855304624729,
        9.325234581499814,
        10.39230484541326,
        8.081460264085935,
        8.06225774829856,
        5.999999999999997
    ]
}