{
    "yield_linear": 2.3642490799740545,
    "error_linear": 0.2752079837093981,
    "error_log": 0.11640397200129955
}