{
    "start": 0,
    "stop": 12,
    "levels": [
        124.82200870773292,
        124.83163265066712,
        124.84246425106515,
        124.8544480809766,
        124.86753280813723,
        124.88167011969725,
        124.8968147078675,
        124.91292421696123,
        124.92995873780578,
        124.94788083290952,
        124.96665517514374,
        124.98624849177921,
        125.00662940509886,
        125.02776826851783,
        125.04963705188884,
        125.07220922761806,
        125.09545966878548,
        125.11936455272782,
        125.14390127372876,
        125.16904835799131,
        125.1947853914239,
        125.22109298556192,
        125.24795274816319,
        125.27534686348176,
        125.3032586552811,
        125.33167210739295,
        125.36057191663605,
        125.3899434857095,
        125.41977284732519,
        125.45004653779846,
        125.4807519281668,
        125.51187669852204,
        125.54340924800938,
        125.57533810208183,
        125.60765246081029,
        125.64034208418184,
        125.67339696353858,
        125.70680753519164,
        125.74056463620393,
        125.77465929678021,
        125.8090830614281,
        125.84382771601626,
        125.87888529300024,
        125.91424831759186,
        125.94990938764745,
        125.9858614164503,
        126.02209756749608,
        126.05861123525958,
        126.09539604037353,
        126.13244583632995,
        126.16975467378026,
        126.20731679922515,
        126.24512664849922,
        126.28317883477776,
        126.3214681490881,
        126.35998954569878,
        126.39873813749041,
        126.43770918936481,
        126.47689825703144,
        126.51630059263948,
        126.55591203504119,
        126.59572839840027,
        126.63574562091736,
        126.67595975982886,
        126.71636687986548,
        126.75696348492272,
        126.79774584899569,
        126.83871045927275,
        126.87985390441817,
        126.92117286740287,
        126.96266412206596,
        127.00432453012095,
        127.04615103776895,
        127.08814067296652,
        127.13029054238451,
        127.17259782869236,
        127.21505978799854,
        127.25767374404744,
        127.30043715124411,
        127.34334736012282,
        127.38640198296594,
        127.42959857657347,
        127.47293475440311,
        127.51640808780563,
        127.56001661571835,
        127.60375812645134,
        127.64763037316318,
        127.69163139035831,
        127.73575913520423,
        127.78001140387032,
        127.82438644194511,
        127.86888226764518,
        127.91349710451871,
        127.95822911656856,
        128.00307651621972,
        128.0480376194266,
        128.09311071882072,
        128.13829416110724,
        128.183586329992,
        128.22898564490927,
        128.27449055968341,
        128.3200995613633,
        128.36581116937302,
        128.41162393484748,
        128.45753644078485,
        128.5035471945851,
        128.54965478109398,
        128.5958582549911,
        128.6421560747044,
        128.6885469595574,
        128.73502965742446,
        128.78160294005013,
        128.8282656035767,
        128.87501646791657,
        128.92185437611903,
        128.96877819405805,
        129.01578680939207,
        129.06287913115312,
        129.11005408926516,
        129.15731063406935,
        129.2046477357157,
        129.25206484510144,
        129.299560055469,
        129.34713284820214,
        129.39478226791732,
        129.44250737676873,
        129.49030725399786,
        129.5381809955364,
        129.58612717435096,
        129.63414598468077,
        129.68223604283506,
        129.73039650757397,
        129.77862655236257,
        129.82692536468105,
        129.87529214745774,
        129.9237261165768,
        129.97222650147643,
        130.0207925447002,
        130.06942350170087,
        130.11811864049415,
        130.16687724141534,
        130.21569859677996,
        130.26458201065202,
        130.31352679869835,
        130.36253228768288,
        130.4115978154832,
        130.4607227307093,
        130.50990639244367,
        130.55914817017373,
        130.60844744340972,
        130.65780360156734,
        130.70721604368038,
        130.7566841783039,
        130.8062074232126,
        130.85578520525874,
        130.90541696020023,
        130.955102132489,
        131.00484017511775,
        131.0546305493808,
        131.1044727248301,
        131.1543661789507,
        131.20431039713992,
        131.2543048724804,
        131.30434910560584,
        131.35444260454452,
        131.4045848845978,
        131.45477546812836,
        131.50501388453958,
        131.55529967001962,
        131.60563236748501,
        131.65601152642787,
        131.7064367027944,
        131.756907458884,
        131.80742336314478,
        131.85798399015178,
        131.90858892049278,
        131.95923774058224,
        132.0099300426184,
        132.0606654244142,
        132.11144348941207,
        132.16226384638983,
        132.21312610953365,
        132.2640298983041,
        132.31497483728035,
        132.36596055614405,
        132.41698668945344,
        132.46805287680615,
        132.51915876245536,
        132.57030399546926,
        132.621488229459,
        132.67271112268025,
        132.72397233783192,
        132.77527154192083,
        132.82660840634193,
        132.87798260669513,
        132.9293938228323,
        132.9808417385783,
        133.0323260418801,
        133.0838464246559,
        133.13540258265346,
        133.18699421548237
    ]
}