{
    "start": 0,
    "stop": 40,
    "levels": [
        47.7602790007246,
        47.568293300170374,
        47.403576568406095,
        47.26527053672318,
        47.152502731342594,
        47.064388049881224,
        47.00004312285009,
        46.95858815146389,
        46.939159515378336,
        46.940922245937244,
        46.963034246113395,
        47.0046937817384,
        47.06515174357599,
        47.14364195963259,
        47.2394651487375,
        47.351930600553324,
        47.48037806966253,
        47.62418389666565,
        47.78273634627053,
        47.95547642468615,
        48.141853152607965,
        48.34134097690144,
        48.553440774859574,
        48.777686679695464,
        49.013628891078234,
        49.26083556034502,
        49.51889470076263,
        49.787415303604455,
        50.06602863834319,
        50.354384033969055,
        50.65212716426193,
        50.95893610142793,
        51.27450361781874,
        51.598528247387456,
        51.93072025653822,
        52.27079857073608,
        52.61850288535674,
        52.97357010069931,
        53.335757093575516,
        53.70482438063451,
        54.080551579680254,
        54.462702207925865,
        54.85106329699111,
        55.24543379924044,
        55.64559104630184,
        56.051282218972524,
        56.46223831757145,
        56.74748907468582,
        57.1482822043744,
        57.55516937335982,
        57.967977431773384
    ]
}