{
    "start": 0,
    "stop": 40,
    "levels": [
        47.76027787686294,
        47.70967970537185,
        47.66082473951614,
        47.61370009469024,
        47.56829298980178,
        47.52459009880485,
        47.48257836425695,
        47.44224430584218,
        47.40357505464574,
        47.366556294033835,
        47.331175135555256,
        47.29741737395954,
        47.265269495875884,
        47.2347179214819,
        47.20574871081262,
        47.1783480365561,
        47.15250205367264,
        47.12819690822564,
        47.10541874580842,
        47.08415371957642,
        47.064387997892645,
        47.04610777159591,
        47.02929926090314,
        47.01394872195341,
        47.00004245300652,
        46.98756680030776,
        46.97650816362735,
        46.966853001489895,
        46.95858783610275,
        46.95169925799846,
        46.94617393040122,
        46.941998127123796,
        46.93915951772283,
        46.937644605780925,
        46.93744037949335,
        46.93853391689166,
        46.94091238862818,
        46.94456306054507,
        46.9494732960356,
        46.955630558208625,
        46.96302241186405,
        46.971636525287465,
        46.98146067187583,
        46.99248272740108,
        47.004690678065955,
        47.01807261794807,
        47.03261675182595,
        47.04831140122029,
        47.065144999555024,
        47.083106090832416,
        47.10218332942343,
        47.12236548215409,
        47.14364142750353,
        47.166000175681845,
        47.189430920636,
        47.213922556547345,
        47.23946492316051,
        47.266046925319266,
        47.293658346299246,
        47.32228903567478,
        47.35192865881946,
        47.3825671094914,
        47.41419440620427,
        47.446800670631596,
        47.48037612858038,
        47.5149114274367,
        47.550396355227136,
        47.5868218702934,
        47.62417863630099,
        47.66245743401295,
        47.7016491518137,
        47.741744783135275,
        47.78273543461955,
        47.82461231093313,
        47.867366708991604,
        47.910990039793134,
        47.95547382246398,
        48.000809666160734,
        48.046989285889545,
        48.09400449595221,
        48.141846569404755,
        48.190508610042194,
        48.23998227357697,
        48.29025972095835,
        48.341333242377466,
        48.393195220811684,
        48.44583813097701,
        48.49925453826547,
        48.55343709767075,
        48.60837855270081,
        48.66407173428104,
        48.72050955965089,
        48.77768503125613,
        48.83559123563823,
        48.894221342323505,
        48.95356860270962,
        49.013626348951206,
        49.07438799284156,
        49.13584702468956,
        49.19799701219223,
        49.26083096648506,
        49.324343773470936,
        49.38852867908119,
        49.453379548170815,
        49.51889031731706,
        49.58505499347405,
        49.651867652233385,
        49.71932244016402,
        49.787413569701044,
        49.856135319436,
        49.92548203301782,
        49.995448108392154,
        50.06602805453126,
        50.13721633213857,
        50.209007435074646,
        50.28139677285638,
        50.35437790527978,
        50.427945678760416,
        50.502095871240705,
        50.576822861062595,
        50.65212181486402,
        50.72798729417812,
        50.80441435163501,
        50.88139866879944,
        50.95893444677168,
        51.03701777275036,
        51.11564345282311,
        51.19480631960991,
        51.27450266960067,
        51.35472743013826,
        51.43547603572998,
        51.51674405025478,
        51.59852670960356,
        51.680819878819385,
        51.76361894426328,
        51.84691965452109,
        51.93071779681525,
        52.015008866267685,
        52.09978876713733,
        52.18505317311333,
        52.27079810998562,
        52.357019401282145,
        52.443712971119574,
        52.53087478497887,
        52.6185008477325,
        52.706587204530045,
        52.795129942808565,
        52.884125184883914,
        52.97356909203864,
        53.06345786359045,
        53.1537877362752,
        53.24455498356875,
        53.33575591495412,
        53.42738687510971,
        53.51944424296139,
        53.611924430514556,
        53.704823881356305,
        53.798139068767625,
        53.89186649361687,
        53.98600268299985,
        54.080544192373125,
        54.175487749835646,
        54.270829702496044,
        54.36656679443569,
        54.46269566782336,
        54.55921298008072,
        54.656115401050556,
        54.75339960982285,
        54.85106229115436,
        54.949100131415854,
        55.04750945705833,
        55.14628705164615,
        55.245429885623174,
        55.34493443701436,
        55.4447964840634,
        55.54501345327883,
        55.645581251197605,
        55.74649541946025,
        55.84775303103199,
        55.94934940899761,
        56.051280262921374,
        56.1535401530557,
        56.256123943814366,
        56.35902492857339,
        56.46223514092053,
        56.565743699892806,
        56.66953436811107,
        56.773572104027515,
        56.74748653986876,
        56.84710257446773,
        56.947108042591104,
        57.047500732449826,
        57.14827733691863,
        57.2494352731369,
        57.35097100858872,
        57.452882455103016,
        57.55516682501609,
        57.65782092875457,
        57.76084266944948,
        57.86422861519198,
        57.967976839842834
    ]
}