{
    "yield_pre": 4.13590322713982,
    "error_pre": 0.6486478809689777
}