{
    "start": 0,
    "stop": 10,
    "anchors": [],
    "levels": [
        160.62553998155752,
        160.40996891168146,
        160.1928845363438,
        231.44262346153175,
        227.34006714795677,
        223.19089686116234,
        219.06464417723518,
        215.09808102641696,
        211.39620767028717,
        207.92692592054004,
        204.30555394305844,
        200.38534233251266,
        196.2766266819683,
        192.41759121381406,
        188.88502827585165,
        185.67053294878235,
        182.7473835771356,
        180.08592504686104,
        177.65806281420046,
        175.43851450491545,
        173.40498264087117,
        171.5379746698096,
        169.82046602356124,
        168.23759894278982,
        166.77319440325405,
        165.33101643748176,
        163.88494084497117,
        162.4534674264723,
        161.05201350463113,
        159.69185727790483,
        158.3803938646875,
        157.1219317780837,
        155.9185094707631,
        154.77066914968054,
        153.67799999649682,
        152.63948437126868,
        151.65370505727338,
        150.71899057070982,
        149.83368900433504,
        148.99598041573762,
        148.20380480164482,
        147.45505065070532,
        146.74768680431367,
        146.079761217756,
        145.4493485249916,
        144.85454192425325,
        144.2935017978745,
        143.7644630865152,
        143.26575050914022,
        142.7957783703965,
        142.3530555933096,
        141.9361801717339,
        141.54383780511364,
        141.17479630881894,
        140.82794817567532,
        140.50237722978818,
        140.1971692650961,
        139.91140910590548,
        139.64420768169887,
        139.39470684887948,
        139.16207975376372,
        138.9455369740429,
        138.74430549602135,
        138.5576442708508,
        138.3848330665315,
        138.22517276570485,
        138.07798562226276,
        137.94261656070188,
        137.81843696427183,
        137.70485249031572,
        137.60130777553312,
        137.50729906395813,
        137.4223847105133,
        137.34618946685399,
        137.27841095845218,
        137.2188043302909,
        137.16716918315922,
        137.12332423231095,
        137.08709001297734,
        137.0582752692885,
        137.0366712899595,
        137.0220523688507,
        137.01417667065127,
        137.01279132811976,
        137.01763418986525,
        137.0284372264831,
        137.04492858786514,
        137.06683504657644,
        137.09388179601453,
        137.12579367941083,
        137.1622959017609,
        137.20311348092662,
        137.24797073739234,
        137.29658771882464,
        137.34868348112627,
        137.40395664980664,
        137.46206727634024,
        137.52263688483913,
        137.5853405056803,
        137.6499660366787,
        137.71637154228054,
        137.78444106376003,
        137.85407375768824,
        137.9251730804512,
        137.9976508727632,
        138.0714230736116,
        138.1464105223398,
        138.22253848285692,
        138.29973735617116,
        138.37794120484438,
        138.45708819658194,
        138.53712004273794,
        138.6179819108222,
        138.69962146376656,
        138.78199007389006,
        138.8650413509717,
        138.94873060607077,
        139.03301690555406,
        139.11786047825817,
        139.2032239698345,
        139.2890719020354,
        139.3753702901075,
        139.4620874876473,
        139.54919352236044,
        139.63665910830144,
        139.72445737937443,
        139.81256254522137,
        139.90095034977983,
        139.9895975168182,
        140.07848321242747,
        140.16758342646065,
        140.2568815362652,
        140.34635708948133,
        140.43599320537461,
        140.52577219743353,
        140.6156785661793,
        140.7056959174726,
        140.79580942493243,
        140.88600626678652,
        140.97627139440073,
        141.06659160453466,
        141.15695382352035,
        141.24734645077285,
        141.33775591631365,
        141.42817046677914,
        141.51857724553088,
        141.60896325013536,
        141.69931506555625,
        141.7896179229793,
        141.8798569013553,
        141.97002639384453,
        142.06012094220947,
        142.15013600387647,
        142.2400672432119,
        142.3299114331594,
        142.41966455415843,
        142.50932306437159,
        142.5988844060438,
        142.68834493047248,
        142.77770272216966,
        142.8669553850389,
        142.95610024056714,
        143.04513580653864,
        143.13406032612602,
        143.2228716709124,
        143.3115696650741,
        143.40015016973678,
        143.4886149054214,
        143.57696152568872,
        143.66518948163355,
        143.7532974042275,
        143.8412848179961,
        143.92915067095774,
        144.01689511412178,
        144.10451714979422,
        144.19201608896543,
        144.27939204568892,
        144.36664481281693,
        144.45377336341932,
        144.54077791872243,
        144.62765790663858,
        144.7144139369026,
        144.80104572654722,
        144.8875527471018,
        144.97393589992492,
        145.06019445441072,
        145.1463292235925,
        145.2323398478298,
        145.31822614368426,
        145.4039889585016,
        145.4896282313223,
        145.57514393284447,
        145.66053729582018,
        145.74580729366414,
        145.83095460665544,
        145.9159799886291,
        146.0008836692909,
        146.08566567896432,
        146.17032620155464,
        146.2548662106327,
        146.3392858740859
    ]
}