{
    "yield_linear": 4.135845230530326,
    "error_linear": 0.6297656531710093,
    "error_log": 0.1522701208744836
}