{
    "yield_pre": 26.12205083523147,
    "error_pre": 5.699059521213621
}