{
    "yield_post": 26.59975384238812,
    "error_post": 3.8301431036313476
}