{
    "nbins": 50,
    "range_": [
        0.0,
        100.0
    ],
    "nburnin": 100,
    "nsamples": 100000,
    "nrepeats": 100,
    "seed": 0,
    "step_size": 0.5,
    "prob_eye": 0.1,
    "yields": [
        167,
        260,
        589,
        1723,
        5726,
        19728,
        57484,
        145472,
        309582,
        563753,
        872234,
        1155978,
        1336235,
        1352061,
        1214698,
        982369,
        720543,
        489135,
        310556,
        186965,
        109848,
        64880,
        36778,
        21989,
        13384,
        8665,
        5432,
        3773,
        2580,
        1851,
        1270,
        910,
        686,
        548,
        378,
        268,
        227,
        192,
        152,
        125,
        80,
        58,
        41,
        48,
        50,
        38,
        33,
        16,
        10,
        12
    ],
    "errors": [
        16.973803345155147,
        23.065125189341593,
        36.793885361565174,
        69.85492108649181,
        127.31551358730796,
        226.3938161699652,
        482.19232677428613,
        830.7732301898034,
        1084.534351692006,
        1385.018017933341,
        1834.5818161096008,
        1927.544334120489,
        2089.3737698171667,
        2041.1457052351748,
        2050.5535740379964,
        1569.3914075207626,
        1463.2745846217654,
        1518.758292158433,
        995.817573654934,
        718.34166661833,
        563.4349651911923,
        415.8942173197411,
        269.5647603081679,
        258.9088449628556,
        184.48696430913486,
        131.7829655152744,
        111.3631896094935,
        88.14595850065957,
        76.9805170156709,
        66.21925701787961,
        52.41183072551461,
        48.17675788178362,
        35.553340208762386,
        36.809781308777154,
        28.5510069874952,
        23.869645996537106,
        22.35419423732379,
        20.91315375547169,
        15.587174214718969,
        18.296174463531987,
        15.556349186104034,
        8.268010643437751,
        11.053958566956899,
        8.77268487978453,
        9.1104335791443,
        8.919641248391102,
        8.00687204843439,
        5.782732917920386,
        3.6055512754639873,
        3.815756805667785
    ]
}