{
    "yield_post": 2.5066945191672128,
    "error_post": 0.41602381050552095
}