{
    "yield_pre": 2.4700430446492314,
    "error_pre": 0.4216578719975082
}