{
    "start": 0,
    "stop": 5,
    "anchors": [],
    "levels": [
        206.08001020506285,
        205.060858143677,
        204.0147642674536,
        202.93955105205447,
        201.83271428339634,
        200.69133631358847,
        199.51197942202174,
        198.29054012616177,
        197.02203602347058,
        195.70030413741495,
        194.31763778417366,
        192.86397398142725,
        191.32131428313437,
        189.66421248484,
        188.12009676889858,
        185.71162668154003,
        183.2677653497482,
        180.80437519990792,
        178.38104457346682,
        176.02411395322196,
        173.76337522858142,
        171.6082206668784,
        169.55978071540892,
        167.61649032523033,
        165.77519475640437,
        164.03190530924843,
        162.38219715644107,
        160.82134762006575,
        159.34455919226951,
        157.94710296745467,
        156.6244182108878,
        155.37218171926338,
        154.18629954625715,
        153.06289522756026,
        151.99831462705043,
        150.98904258177376,
        150.03170146720942,
        149.12323059732273,
        148.26081079706253,
        147.44189809255613,
        146.66416124451877,
        145.92543825570135,
        145.2237275639009,
        144.55712785349704,
        143.92384746014088,
        143.3222020579391,
        142.75058049553252,
        142.20743937595935,
        141.69130878635468,
        141.200788943082,
        140.73455430875424,
        140.29135080481754,
        139.86999348587483,
        139.46936323859904,
        139.0884077224772,
        138.72613499625749,
        138.38161445441042,
        138.05397402550875,
        137.74243569060204,
        137.4463462602194,
        137.16506902338372,
        136.898174512229,
        136.64471379154782,
        136.40446149060693,
        136.17669672825386,
        135.96082804835743,
        135.75630984480614,
        135.56272700413436,
        135.37967764845797,
        135.20670562004054,
        135.04336590525918,
        134.88922363842732,
        134.74386040186596,
        134.60687421258612,
        134.4778749826046,
        134.3564812622816,
        134.2423205162424,
        134.13503022520646,
        134.03426119639903,
        133.93968151869842,
        133.85097847414227,
        133.7678602970609,
        133.6900659368829,
        133.61735529037827,
        133.54951733842833,
        133.48636753978252,
        133.42774993538302,
        133.37353751055747,
        133.3236331877954,
        133.27797265361772,
        133.2365258259187,
        133.19929715433813,
        133.16632295946516,
        133.13766438365622,
        133.11339745009337,
        133.09359977749398,
        133.07834480268167,
        133.06766732321933,
        133.06160367767563,
        133.06014488764092,
        133.06325787346168,
        133.0708830788083,
        133.08293954309545,
        133.09932674990904,
        133.11992979491143,
        133.14462387026032,
        133.17327564861694,
        133.20574951331605,
        133.24190836622154,
        133.28161713811986,
        133.3247443352751,
        133.37116364980096,
        133.42075460422518,
        133.47340456674382,
        133.5290068262969,
        133.58746181902177,
        133.64867768761798,
        133.71256735580687,
        133.7790508005022,
        133.848054462439,
        133.91950711382202,
        133.9933443337407,
        134.06950545008635,
        134.14793493230906,
        134.22857933601216,
        134.31138816752252,
        134.3963175021459,
        134.4833220454042,
        134.57236108295768,
        134.66339571464385,
        134.7563875939873,
        134.8513001006604,
        134.94809708210923,
        135.04674276949606,
        135.14720186425473,
        135.2494382469726,
        135.35341492521587,
        135.45909392687454,
        135.5664372565035,
        135.67540402802183,
        135.78595121833564,
        135.89803258704956,
        136.01160095070296,
        136.12660204816606,
        136.24298636853075,
        136.360709375498,
        136.4797281779625,
        136.59999409497271,
        136.721486596742,
        136.8441682299304,
        136.96801296566318,
        137.09299031768887,
        137.21907336091638,
        137.346234333575,
        137.4744443502419,
        137.60367880254114,
        137.73391181526785,
        137.86511793987555,
        137.99727247691203,
        138.13035192011765,
        138.26433203597736,
        138.39919050257117,
        138.5349045884306,
        138.67145252252573,
        138.80881234686225,
        138.94696319515467,
        139.0858853606575,
        139.22555754417817,
        139.36596065160006,
        139.50707387849997,
        139.64888220335536,
        139.79136397328614,
        139.93450001241223,
        140.07827557625384,
        140.22267355998852,
        140.36767417999164,
        140.51326025143692,
        140.65941950241222,
        140.80613232919723,
        140.95338324139206,
        141.1011567610592,
        141.2494377598876,
        141.39821055325297,
        141.54746033424823,
        141.69717169514763,
        141.84732999980474,
        141.99792047322822,
        142.1489277074629,
        142.30033491632776,
        142.45212848681993,
        142.60429253609985,
        142.75681467578244,
        142.9096841157638,
        143.06288980051488,
        143.21642106148997,
        143.37026778685612,
        143.52441886615367,
        143.67886551902933,
        143.83359760356075,
        143.9886077692875,
        144.14388044291522
    ]
}