{
    "yield_linear": 2.4704512017604436,
    "error_linear": 0.36933842680517154,
    "error_log": 0.14950241742965045
}