{
    "start": 80,
    "stop": 220,
    "anchors": [],
    "levels": [
        125.63121567012297,
        124.46783392296595,
        123.3775364494119,
        122.35833990779125,
        121.40815854426097,
        120.52481943064511,
        119.70609330154309,
        118.94971081561147,
        118.2533847505199,
        117.61483415914961,
        117.0318161838635,
        116.50218165584623,
        116.02396780410245,
        115.59550834124674,
        115.2154870921037,
        114.8828639936486,
        114.596733203452,
        114.35619030245644,
        114.16025889415658,
        114.0078698716173,
        113.89787105583089,
        113.82904651623497,
        113.80013508782113,
        113.80984554455962,
        113.85686859523938,
        113.93988429334851,
        114.05756776768902,
        114.20859397824756,
        114.39164021893811,
        114.60538969319919,
        114.84853561123704,
        115.1197880172827,
        115.4178831220874,
        115.74159543830014,
        116.08974941699984,
        116.46122794326443,
        116.85497595691317,
        117.26999783959255,
        117.70535519157497,
        118.16015953136392,
        118.63357011993877,
        119.12478979473468,
        119.63306365113262,
        120.15767640421988,
        120.69794962355138,
        121.25323872973418,
        121.82293005543423,
        122.40643713997264,
        123.00319867040668,
        123.61267556810705,
        124.23434973795194
    ]
}