{
    "yield_linear": 142.25986758016086,
    "error_linear": 12.233437836965585,
    "error_log": 0.08599359780840696
}