{
    "start": 0,
    "stop": 10,
    "levels": [
        120.9377735536329,
        120.64263559106809,
        120.88776908223701,
        121.18153280121177,
        121.49332116738587,
        121.80369672586357,
        122.10884966052029,
        122.40788840386676,
        122.70070821514435,
        122.98750456069766,
        123.26858274599971,
        123.54428264488533,
        123.8149369993783,
        124.08086278403115,
        124.34235428720336,
        124.59968073407263,
        124.85308690550542,
        125.54824443633572,
        125.69010109294307,
        125.59193578918428,
        125.95651194916812,
        126.08208882784126,
        126.20314765672616,
        126.32004288269985,
        126.43308815853723,
        126.54256042237026,
        126.64870619897133,
        126.75174568303115,
        126.85187724780116,
        126.94927964000891,
        127.04411488315793,
        127.13653032576624,
        127.22666041348897,
        127.31462820640313,
        127.40054669824818,
        127.48451960226413,
        127.56664302239206,
        127.64700562249067,
        127.72568942359112,
        127.80277100811435,
        127.87832113631563,
        127.95240622185332,
        128.02508809352304,
        128.09642441763384,
        128.16646960432402,
        128.23527455591292,
        128.302886789607,
        128.3693515772813,
        128.4347113630209,
        128.49900573501805,
        128.56227287770727
    ]
}