{
    "nbins": 50,
    "range_": [
        0.0,
        10.0
    ],
    "nburnin": 100,
    "nsamples": 100000,
    "nrepeats": 100,
    "seed": 0,
    "step_size": 0.2,
    "prob_eye": 0.1,
    "yields": [
        3586203,
        1878182,
        1086510,
        702939,
        475355,
        330829,
        235699,
        168853,
        122886,
        91027,
        67355,
        50396,
        38522,
        29172,
        22420,
        17052,
        13280,
        10594,
        8080,
        6609,
        5206,
        4078,
        3318,
        2605,
        2172,
        1785,
        1370,
        1170,
        1030,
        786,
        707,
        588,
        492,
        419,
        354,
        304,
        254,
        279,
        173,
        163,
        160,
        153,
        127,
        122,
        103,
        108,
        82,
        64,
        63,
        66
    ],
    "errors": [
        5420.6782702905375,
        2717.385648008026,
        2104.5667012475515,
        1558.1250880465277,
        1271.7188171919138,
        979.8451867514582,
        949.6530892910314,
        842.6095833777349,
        656.2591256508363,
        569.6083830141547,
        487.8470559509404,
        374.1788876994531,
        368.8186003986241,
        318.0851458336274,
        283.8097954616789,
        206.63242727122963,
        189.6417675513493,
        184.8286774285852,
        143.82628410690447,
        151.77018811347637,
        121.34924804052147,
        106.8511113653012,
        90.52491369783239,
        69.43162103825604,
        74.5664804050721,
        59.2347026665957,
        49.162994213127426,
        49.305172142484196,
        43.6463056855904,
        41.7137866897744,
        41.47903084692312,
        36.99405357621682,
        34.19590618772954,
        29.856155144291453,
        33.77632306809017,
        26.492263021493653,
        22.513107293308043,
        25.740823607647055,
        18.700534751712325,
        16.471490521504116,
        17.720045146669356,
        17.461672313956633,
        17.427277469530345,
        16.22220700151493,
        14.659809002848574,
        19.477166118303767,
        14.654692081377904,
        9.951884243699773,
        9.762684057163789,
        12.58729518204764
    ]
}