{
    "yield_linear": 0.06673818665514544,
    "error_linear": 0.1703412144369642,
    "error_log": 2.55238002370613
}