{
    "start": 0,
    "stop": 12,
    "levels": [
        120.60105966548721,
        120.84106555978806,
        121.08105966606989,
        121.32105966611597,
        121.56106009276384,
        121.80106608557453,
        122.04106066768347,
        122.2810659916204,
        122.52105966555305,
        122.76106552684446,
        123.00106591599355,
        123.24105966546674,
        123.48106555978805,
        123.72106591602062,
        123.96106595639638,
        124.20106552684531,
        124.44106485278948,
        124.68106066768347,
        124.92106009276408,
        125.16106612300963,
        125.40106066768347,
        125.6410659916204,
        125.88106599882909,
        126.12106553992692,
        126.3610659159926,
        126.60105966548721,
        126.84106555977534,
        127.08106591602062,
        127.32105966548721,
        127.56106009276384,
        127.80106378830516,
        128.0410592534142,
        128.2810659934039,
        128.52106497561235,
        128.76106784412616,
        129.0010659934039,
        129.24106497561237,
        129.481060166188,
        129.72106343585818,
        129.96106497561237,
        130.2010662892591,
        130.44106343855452,
        130.68106660723484,
        130.92105929093734,
        131.1610634385327,
        131.40106009355642,
        131.64106497679126,
        131.88106599322856,
        132.1210592687132,
        132.3610649756075,
        132.6010659932286
    ]
}