{
    "start": 0,
    "stop": 8,
    "levels": [
        120.60105966548721,
        120.76106552684446,
        120.92106009276408,
        121.08105966606989,
        121.24105966546534,
        121.40106554194232,
        121.56106009276384,
        121.72106591602062,
        121.88105966555305,
        122.04106066768347,
        122.20106552684531,
        122.36106591602062,
        122.52105966555305,
        122.68106066769644,
        122.84106555977534,
        123.00106591599355,
        123.16106599882907,
        123.32105966611597,
        123.48106555978805,
        123.6410659916204,
        123.80106608555812,
        123.96106595639638,
        124.12106555978805,
        124.2810659916204,
        124.44106485278948,
        124.60105966548721,
        124.76106002999404,
        124.92106009276408,
        125.08106378830516,
        125.24105966546583,
        125.40106066768347,
        125.56106009276384,
        125.72105966606989,
        125.88105966555305,
        126.04106554194232,
        126.20106552684531,
        126.3610659159926,
        126.52105966555305,
        126.68106066768347,
        126.84106555977534,
        127.00106591599355,
        127.16106599882909,
        127.32105966548721,
        127.48106555978805,
        127.6410659916204,
        127.80106608555812,
        127.96106595639638,
        128.1210592687132,
        128.2810659934039,
        128.44106343855285,
        128.6010659932286
    ]
}