{
    "nbins": 50,
    "range_": [
        0.0,
        10.0
    ],
    "nburnin": 100,
    "nsamples": 100000,
    "nrepeats": 100,
    "seed": 0,
    "step_size": 0.5,
    "prob_eye": 0.1,
    "yields": [
        0,
        0,
        0,
        0,
        0,
        0,
        0,
        0,
        0,
        0,
        0,
        0,
        13,
        129,
        717,
        3895,
        10142,
        26865,
        65911,
        129205,
        221185,
        345953,
        483812,
        625629,
        741822,
        823460,
        865794,
        863441,
        819212,
        746135,
        656598,
        559506,
        463256,
        379016,
        297368,
        228942,
        176043,
        130965,
        97095,
        70538,
        50298,
        36881,
        25077,
        17842,
        11924,
        8186,
        5475,
        3656,
        2753,
        1804
    ],
    "errors": [
        0.0,
        0.0,
        0.0,
        0.0,
        0.0,
        0.0,
        0.0,
        0.0,
        0.0,
        0.0,
        0.0,
        0.0,
        7.3013697345087225,
        27.433373835531043,
        71.65270406621092,
        837.0667536104871,
        257.53516264774413,
        443.153190217559,
        1033.034263710551,
        1090.8238858770924,
        1471.9051430034478,
        1622.645035120128,
        2096.9765282425074,
        2286.008440491855,
        2096.9690412593122,
        2531.49007503486,
        3014.5387109805047,
        2592.9365958310664,
        2278.794540979946,
        2609.941139183028,
        2065.917704072454,
        1992.5967078162105,
        1819.7529063034901,
        1780.7581082224501,
        1446.9048897560615,
        1319.6569099580388,
        1245.7088383727555,
        1172.410657576943,
        940.1195402713422,
        713.0088077997355,
        575.9218349741569,
        599.1205137532849,
        437.6342194115995,
        444.2683423337747,
        305.6799633603746,
        237.14560927835026,
        201.972151545702,
        160.5821907933753,
        172.53089578391462,
        129.15045489660497
    ]
}