{
    "nbins": 50,
    "range_": [
        0.0,
        10.0
    ],
    "nburnin": 100,
    "nsamples": 100000,
    "nrepeats": 100,
    "seed": 0,
    "step_size": 0.2,
    "prob_eye": 0.1,
    "yields": [
        0,
        0,
        0,
        0,
        0,
        0,
        0,
        0,
        0,
        0,
        0,
        0,
        9,
        113,
        751,
        2792,
        9861,
        27721,
        64943,
        126487,
        222703,
        346074,
        485923,
        627234,
        745167,
        825150,
        864075,
        860148,
        820259,
        744862,
        657428,
        561731,
        463219,
        376535,
        297353,
        230293,
        175060,
        131638,
        96716,
        70553,
        50356,
        36081,
        24916,
        17310,
        12043,
        8249,
        5414,
        3669,
        2437,
        1715
    ],
    "errors": [
        0.0,
        0.0,
        0.0,
        0.0,
        0.0,
        0.0,
        0.0,
        0.0,
        0.0,
        0.0,
        0.0,
        0.0,
        4.023679907746141,
        16.652627420320204,
        53.11299276071721,
        94.03914078722751,
        215.27607855960215,
        428.4163745703472,
        1088.3696568721496,
        883.2651413930022,
        1465.159005023004,
        1784.8656083862452,
        2036.2779058861295,
        2132.4095385267815,
        2435.1911855129565,
        2146.784339424899,
        2170.6811718905196,
        1757.4307838432787,
        1711.7675630762487,
        1728.8069759229918,
        1657.1240629476117,
        1769.7563080831214,
        1762.1780244912827,
        1489.280614927892,
        1407.2188564683179,
        1291.4637083557557,
        1077.2929035318111,
        978.7530638521648,
        888.6548486335961,
        670.9641644678202,
        563.2340898773795,
        479.7388768903351,
        362.11523027898176,
        262.72228683535775,
        253.6267138926812,
        181.7277909401861,
        135.72044798039832,
        110.97472685255866,
        93.96440815542873,
        78.59230242205656
    ]
}