{
    "nbins": 50,
    "range_": [
        0.0,
        10.0
    ],
    "nburnin": 100,
    "nsamples": 100000,
    "nrepeats": 100,
    "seed": 0,
    "step_size": 0.2,
    "prob_eye": 0.1,
    "yields": [
        0,
        0,
        0,
        0,
        0,
        0,
        0,
        0,
        0,
        0,
        0,
        0,
        8,
        110,
        677,
        2785,
        9820,
        27617,
        65106,
        126249,
        222912,
        345916,
        485529,
        625403,
        744019,
        825325,
        865785,
        860126,
        819214,
        746105,
        658369,
        561693,
        464373,
        376875,
        297874,
        229643,
        174970,
        131164,
        96516,
        70641,
        50208,
        36084,
        25107,
        17179,
        12005,
        8218,
        5488,
        3669,
        2398,
        1699
    ],
    "errors": [
        0.0,
        0.0,
        0.0,
        0.0,
        0.0,
        0.0,
        0.0,
        0.0,
        0.0,
        0.0,
        0.0,
        0.0,
        3.9191835884530795,
        15.779733838059508,
        49.534937165600624,
        99.37177667728398,
        231.24878378058554,
        413.22646333457413,
        1101.0892970145514,
        932.6805401636725,
        1550.471076802144,
        1803.303479728246,
        1998.880834367072,
        2135.830730652596,
        2499.8606741176595,
        2007.490161868795,
        2073.2652386995737,
        1530.5016301853457,
        1748.578291069634,
        1728.3774905963114,
        1728.5882650301664,
        1714.2708391616532,
        1732.3924815122007,
        1551.1288631187288,
        1386.8775144186307,
        1321.9041228470387,
        1098.2927660692299,
        1013.5033497724614,
        862.3186418024374,
        693.0008585853267,
        544.221793021926,
        469.0495069819389,
        359.6338554696986,
        259.53533478122006,
        230.97781278728914,
        178.9266888979953,
        135.3534631991365,
        119.77224219325613,
        89.6881263044334,
        79.31576135926579
    ]
}