{
    "yield_linear": 10.942926614893029,
    "error_linear": 0.9508955214749887,
    "error_log": 0.08689590590700347
}