{
    "start": 0,
    "stop": 40,
    "levels": [
        124.23290787881437,
        124.16862646986428,
        124.10844667222256,
        124.05226001761064,
        123.99996126493205,
        123.95144837107127,
        123.90662291110016,
        123.86538805733608,
        123.82765162557428,
        123.7933237966802,
        123.76231763518459,
        123.73454900864749,
        123.70993650546231,
        123.68840135159292,
        123.66986732802884,
        123.65426069029832,
        123.64151009120934,
        123.63154617529212,
        123.6243025293474,
        123.61971431676184,
        123.61771879263081,
        123.61825544217135,
        123.6212653696675,
        123.62669230685084,
        123.63448046866868,
        123.64457687101648,
        123.6569297443327,
        123.6714890490041,
        123.68820635049482,
        123.70703426067094,
        123.7279273148339,
        123.75084091699162,
        123.77573277066026,
        123.8025608880356,
        123.83128483554567,
        123.86186536600435,
        123.8942643759322,
        123.92844486274058,
        123.96437088913304,
        124.00200754444225,
        124.04132090564627,
        124.0822784423502,
        124.12484721377129,
        124.16899651953801,
        124.2146960583998,
        124.26191635640484,
        124.31062874002333,
        124.36080530828819,
        124.41241850387456,
        124.46544269212538,
        124.51985173817849,
        124.57562057939182,
        124.63272480443393,
        124.69114063119281,
        124.75084488782237,
        124.81181499146551,
        124.87402892956926,
        124.93746524143441,
        125.00210300067026,
        125.06792179820104,
        125.13490172591898,
        125.20302336094583,
        125.27226775048166,
        125.34261639726321,
        125.41405124533784,
        125.48655466696324,
        125.56010944923533,
        125.63469878163943,
        125.7103062438825,
        125.78691579436449,
        125.86451175886364,
        125.94307881957887,
        126.02260200491841,
        126.1030666791561,
        126.18445853286927,
        126.26676357356533,
        126.34996811645502,
        126.43405877582214,
        126.51902245653564,
        126.60484634592909,
        126.69151790577216,
        126.7790248617548,
        126.86735520241757,
        126.95649717055218,
        127.04643925244386,
        127.13717017327977,
        127.22867889045972,
        127.32095458783307,
        127.413986670492,
        127.50776475684725,
        127.60227867417112,
        127.69751845287334,
        127.79347432155927,
        127.89013670163745,
        127.9874962025475,
        128.08554361680868,
        128.18426991550695,
        128.28366624362815,
        128.38372391586427,
        128.48443441223282,
        128.58578937403473,
        128.6877805999336,
        128.79039952691255,
        128.8936392479691,
        128.9974915309487,
        129.1019487658321,
        129.2070034816107,
        129.31264834316727,
        129.41887614782001,
        129.5256798223699,
        129.63305241987592,
        129.74098711694563,
        129.84947721064407,
        129.95851611578644,
        130.0680973623163,
        130.1782145925343,
        130.2888615586147,
        130.400032120216,
        130.51172024181312,
        130.6239199904645,
        130.7366255336648,
        130.8498311369407,
        130.9635311612296,
        131.07772006198445,
        131.19239238660305,
        131.3075427719826,
        131.42316594287888,
        131.53925670995926,
        131.65580996845935,
        131.77282069533746,
        131.89028394827506,
        132.00819486392345,
        132.1265486561752,
        132.2453406146058,
        132.36456610283702,
        132.48422055695573,
        132.60429948417155,
        132.72479846118532,
        132.84571313279548,
        132.96703921086814,
        133.0887724725957,
        133.2109087593016,
        133.3334439751315,
        133.4563740858542,
        133.57969511756653,
        133.70340315569615,
        133.82749434353377,
        133.95196488113595,
        134.07681102465537,
        134.20202908502958,
        134.32761542661234,
        134.45356646634562,
        134.57987867318636,
        134.70654856655625,
        134.83357271556227,
        134.96094773802022,
        135.08867029965313,
        135.21673711314872,
        135.3451449372824,
        135.47389057605253,
        135.60297087783943,
        135.73238273471142,
        135.8621230814284,
        135.9921888948204,
        136.1225771929913,
        136.25328503457177,
        136.38430951793194,
        136.51564778060072,
        136.64729699842263,
        136.7792543850572,
        136.91151719107754,
        137.04408270356123,
        137.1769482453467,
        137.31011117433545,
        137.4435688829983,
        137.57731879782082,
        137.71135837853208,
        137.84568511768703,
        137.98029654006342,
        138.1151902021627,
        138.25036369152681,
        138.38581462643194,
        138.52154065520583,
        138.65753945577637,
        138.7938087351832,
        138.9303462291429,
        139.06714970146777,
        139.2042169436962,
        139.34154577460697,
        139.4791340397933,
        139.61697961118082,
        139.75508038666638,
        139.893434289644,
        140.03203926865308,
        140.17089329689304,
        140.30999437189797,
        140.4493405151594,
        140.5889297716898,
        140.728759878121,
        140.86882958004813,
        141.00913666801773
    ]
}