{
    "start": 0,
    "stop": 40,
    "levels": [
        61.34025808320214,
        61.36326634309211,
        61.386724443344036,
        61.410631711357766,
        61.43498746377243,
        61.459791007539366,
        61.48504174807083,
        61.51073876638716,
        61.536881434282584,
        61.56346902508781,
        61.590500798045355,
        61.61797600340505,
        61.64589388262672,
        61.67425366858771,
        61.703054585795115,
        61.73229585060081,
        61.76197667141811,
        61.79209624893719,
        61.82265377633746,
        61.8536484290336,
        61.88507939112375,
        61.91694583394078,
        61.94924641176675,
        61.981981236081886,
        62.01514900218369,
        62.048748852883975,
        62.08277992475237,
        62.11724134830688,
        62.15213224820331,
        62.187451743422955,
        62.22319894745646,
        62.259373247282724,
        62.295973019812976,
        62.332997905830226,
        62.370446942616624,
        62.408319193174904,
        62.44661373127621,
        62.48532963276162,
        62.52446597189048,
        62.56402182046031,
        62.60399624840745,
        62.64438832554396,
        62.68519712447691,
        62.726421723710686,
        62.76806063793462,
        62.810113762582404,
        62.85257978193201,
        62.89545773958145,
        62.938746674868895,
        62.98244562382686,
        63.02655362002106,
        63.07106969436484,
        63.115992875042515,
        63.16132218761457,
        63.207056655096224,
        63.25319529804915,
        63.29973713435401,
        63.34668117921599,
        63.39402644582269,
        63.441771945307806,
        63.489916686390714,
        63.53845967507478,
        63.58739991528826,
        63.63673640868281,
        63.68646817849658,
        63.736594176016574,
        63.787113427133576,
        63.8380248976474,
        63.88932802244843,
        63.94102048372399,
        63.99310265907675,
        64.04557301222124,
        64.09843039493913,
        64.15167401778699,
        64.20530276008142,
        64.259315598466,
        64.31371149575119,
        64.36848957323568,
        64.42364836273201,
        64.47918759816986,
        64.53510528476679,
        64.59140128088139,
        64.64807344468966,
        64.70512183166797,
        64.76254497502461,
        64.82034182343122,
        64.87851132441125,
        64.93705242215563,
        64.99596405832891,
        65.05524517236377,
        65.11489470105415,
        65.17491157857594,
        65.23529473692017,
        65.29604310588435,
        65.35715561240674,
        65.41863117995682,
        65.4804687295048,
        65.54266717908278,
        65.60522573368439,
        65.66814245275037,
        65.73141708464698,
        65.79504826715447,
        65.85903490573153,
        65.92337590255104,
        65.98807015759432,
        66.05311656920377,
        66.11851403386272,
        66.18426144565244,
        66.25035769590659,
        66.31680167325638,
        66.38359226397424,
        66.45072835245095,
        66.51820882170838,
        66.58603255393797,
        66.65419843107748,
        66.72270533534494,
        66.79155214936779,
        66.86073775496371,
        66.9302610286952,
        67.00012021056583,
        67.0703151666716,
        67.14084433544663,
        67.21170657971098,
        67.28290076364324,
        67.35442588770698,
        67.42628028461257,
        67.49846357992669,
        67.57097378313932,
        67.64381035889065,
        67.71697197528465,
        67.79045746518868,
        67.86426566470641,
        67.93839541127502,
        68.01284554009071,
        68.08761488393655,
        68.16270227309508,
        68.23810653525366,
        68.31382649539714,
        68.38986097568284,
        68.4662087952932,
        68.54286877026122,
        68.61984016638456,
        68.69712084787736,
        68.77471012365442,
        68.85260679618096,
        68.93080966371208,
        69.00931751998421,
        69.08812915386244,
        69.16724334894216,
        69.24665833331153,
        69.32637388214236,
        69.40638828085976,
        69.48670042382975,
        69.56730879477497,
        69.64821225317299,
        69.72940952419594,
        69.81089932096734,
        69.89268034310211,
        69.97475127501161,
        70.05711078392517,
        70.139765990576,
        70.22272448401868,
        70.30598467636052,
        70.38954534819516,
        70.47340528850262,
        70.55756329059821,
        70.64201815215074,
        70.72676867519647,
        70.8118136661467,
        70.89715193578962,
        70.98278229929858,
        71.06870357628479,
        71.15491459092456,
        71.24141417202506,
        71.328201152821,
        71.41527437274634,
        71.5026327810132,
        71.59027511137353,
        71.67820016463484,
        71.76640678630771,
        71.85489385081235,
        71.94366012894939,
        72.0327052183657,
        72.12202662233065,
        72.21162477496102,
        72.30149717340616,
        72.39164348114555,
        72.48206248290789,
        72.57275303515893,
        72.66371402811808,
        72.75494436470177,
        72.84644295445518,
        72.93820871190809,
        73.0302405561275,
        73.12253741073997,
        73.21509820413188,
        73.30792186902497,
        73.40100770166453,
        73.49435379814582,
        73.58795977189723,
        73.68182406299034
    ]
}