{
    "nbins": 50,
    "range_": [
        0.0,
        5.0
    ],
    "nburnin": 100,
    "nsamples": 100000,
    "nrepeats": 100,
    "seed": 0,
    "step_size": 0.5,
    "prob_eye": 0.1,
    "yields": [
        131891,
        223739,
        342504,
        477176,
        605105,
        712350,
        793253,
        826276,
        824800,
        791061,
        724878,
        648348,
        563161,
        474633,
        389982,
        316916,
        249569,
        194362,
        148807,
        112402,
        83182,
        60787,
        43684,
        31522,
        22356,
        15532,
        11099,
        7468,
        5291,
        3562,
        2408,
        1594,
        1014,
        634,
        471,
        284,
        184,
        134,
        65,
        31,
        37,
        20,
        17,
        9,
        4,
        2,
        2,
        1,
        0,
        1
    ],
    "errors": [
        457.5939138581281,
        717.358899017779,
        859.790579152854,
        1018.3311052894339,
        1067.319422665961,
        1250.49550179119,
        1362.6088617061027,
        1368.5891421460278,
        1148.8951214101312,
        1361.0708247552734,
        1258.1387681809983,
        1120.3164552928781,
        1047.6983296731937,
        1007.9693001277371,
        928.3979534660771,
        793.7955908166787,
        736.1789116784043,
        650.4272134528197,
        545.7201755478719,
        532.0375550654295,
        415.6762682665441,
        359.07563270152434,
        282.1975194788218,
        235.38300703321806,
        194.1613761797129,
        151.32005815489234,
        132.54052210550552,
        106.28151297379993,
        95.29003095812277,
        84.59054320667293,
        61.83332434860672,
        52.76021228160478,
        37.22955814940597,
        30.17349830563237,
        27.50618112352204,
        20.035967658189115,
        17.0129362545094,
        15.311433636338567,
        11.434596626029272,
        5.233545643251808,
        8.081460264085937,
        4.472135954999575,
        4.7021271782035,
        3.491418050019224,
        1.9595917942265408,
        1.3999999999999988,
        1.3999999999999988,
        0.9949874371066196,
        0.0,
        0.9949874371066196
    ]
}