{
    "start": 0,
    "stop": 14,
    "anchors": [],
    "levels": [
        109.55060216821173,
        101.59127169261068,
        100.6351532766628,
        99.64293044023294,
        98.61463334250799,
        97.17976616622084,
        96.10279791928859,
        95.20524360835437,
        94.47599901180186,
        93.8952422235277,
        93.44011280251863,
        93.07952554686374,
        92.69427827415339,
        92.33431426171923,
        92.02347440495402,
        91.75700973859426,
        91.5296326309965,
        91.33661388517167,
        91.17393394981914,
        91.03822098012346,
        90.92664182002461,
        90.83679163624026,
        90.76659625836939,
        90.71423258738251,
        90.67807232841413,
        90.65663826559515,
        90.64857206047948,
        90.65260734751485,
        90.66754325256824,
        90.69220155656458,
        90.72532379175234,
        90.7653270387062,
        90.81025579039056,
        90.85858324506518,
        90.90955101401518,
        90.96278496920058,
        91.01804920203372,
        91.07515739854514,
        91.13394341733209,
        91.19424838518647,
        91.25592131671038,
        91.31881345689729,
        91.38278510565226,
        91.44770139146118,
        91.51343565420872,
        91.57986914663596,
        91.64689148379097,
        91.71440072187309,
        91.78230286538411,
        91.85051172329176,
        91.91894909525749,
        91.98754336195847,
        92.05622963181442,
        92.12494912662234,
        92.1936491138618,
        92.26228082085993,
        92.3308013635966,
        92.39917244321535,
        92.46735924161635,
        92.53533034961528,
        92.6030585021147,
        92.67051872346474,
        92.73768948932675,
        92.80455155453063,
        92.87108830161442,
        92.93728423041779,
        93.00312727664978,
        93.06860624422045,
        93.13371159774205,
        93.19843470241346,
        93.26276909917186,
        93.32670840208687,
        93.39024753971952,
        93.45338159944255,
        93.5161058593974,
        93.57841571970295,
        93.64031246314472,
        93.70179900439301,
        93.76287928205348,
        93.82355679932866,
        93.88383596060882,
        93.94372149197586,
        94.00321788076036,
        97.09314647262678,
        97.18167971662817,
        97.26932784606153,
        97.35612020196257,
        97.44208246480844,
        97.52723865067776,
        97.61161281070517,
        97.69522540332065,
        97.77809663796228,
        97.86024651329643,
        97.94169193886773,
        98.022450874396,
        98.10253958041588,
        98.18197292190811,
        98.2607657425792,
        98.33893230198325,
        98.41648571960151,
        98.49343892759705,
        98.56980462159169,
        98.6455942178895,
        98.7208191331049,
        98.79549034331825,
        98.8696183518489,
        98.9432132827274,
        99.01628475818738,
        99.08884204546003,
        99.16089494314326,
        99.23245152515273,
        99.30352049538041,
        99.37411008337956,
        99.44422825257749,
        99.51388265801882,
        99.5830807672619,
        99.65183005967032,
        99.72013740550216,
        99.78800985675653,
        99.85545352146634,
        99.92247534887801,
        99.98908123152992,
        100.05527776685835,
        100.12107005362454,
        100.18646469774168,
        100.2514673960294,
        100.31608318515504,
        100.38031803851217,
        100.44417678485885,
        100.50766448088898,
        100.57078726631619,
        100.63354911054137,
        100.69595511256085,
        100.75800987586486,
        100.81971883664585,
        100.88108589572906,
        100.94211551421395,
        101.00281249356479,
        101.06318078906486,
        101.123224872082,
        101.18294855577238,
        101.24235621051763,
        101.30145160945034,
        101.36023861999021,
        101.41872092727618,
        101.47690234138688,
        101.53478650972892,
        101.59237698334985,
        101.64967725957435,
        101.70669073652532,
        101.76342075256758,
        101.81987061910912,
        101.8760436516856,
        101.93194274710004,
        101.98757114864952,
        102.04293214868561,
        102.0980283650918,
        102.15286287550637,
        102.20743869647772,
        102.26175806683241,
        102.31582477014351,
        102.36964103689377,
        102.42320934385918,
        102.47653223563479,
        102.52961308507915,
        102.58245374380408,
        102.63505681992244,
        102.68742481010462,
        102.73956015521833,
        102.79146523037423,
        102.8431423703089,
        102.89459387170832,
        102.9458219902363,
        102.9968289455391,
        103.04761692172721,
        103.09818806763916,
        103.14854449530354,
        103.1986882834743,
        103.24862147494767,
        103.29834604165511,
        103.34786391405324,
        103.39717760791271,
        103.44628796910601,
        103.49519779036255,
        103.54390846861679,
        103.59242206945189,
        103.64074020540497,
        103.68886453649998,
        103.73679705542438,
        103.78453913768048,
        103.83209265667793,
        103.87945907733015,
        103.92664063363854,
        103.97363793546297,
        104.02045372275623,
        104.06708872604295,
        104.11354441955584,
        104.1598230795607,
        104.2059256910492,
        104.25185384254192,
        104.29760908170533
    ]
}