{
    "start": 0,
    "stop": 12,
    "anchors": [],
    "levels": [
        109.55060216821173,
        99.20624870789261,
        95.32277503477972,
        93.32996572436568,
        92.10751551295562,
        91.31160138075273,
        90.8727778682206,
        90.67807232848813,
        90.65774223645367,
        90.7592648598191,
        90.92454124537,
        91.1169855781419,
        91.32788941440924,
        91.55131929924943,
        91.78230286538476,
        92.01697263115102,
        92.25248213562693,
        92.48680290898913,
        92.7185285759229,
        92.94671230865782,
        93.1707432641923,
        93.3902475397193,
        93.60499328232125,
        93.81491298891397,
        94.0201460290539,
        97.33140811133997,
        97.6236034694692,
        97.90687195628547,
        98.18197292230997,
        98.44953874451988,
        98.71010687936877,
        98.96414369165763,
        99.21205692886231,
        99.4542071007432,
        99.6909167439761,
        99.92247534887801,
        100.149144660409,
        100.37116434540229,
        100.58875584149422,
        100.80212283318363,
        101.01145656443359,
        101.21693425246562,
        101.41872092727453,
        101.61696957832244,
        101.8118233777208,
        102.00341581209388,
        102.1918718568161,
        102.37730876273017,
        102.55983698037929,
        102.73956015521631,
        102.91657600242243
    ]
}