{
    "start": 0,
    "stop": 12,
    "anchors": [],
    "levels": [
        109.55060216821173,
        101.72513184078053,
        100.91183887665244,
        100.07280443242934,
        99.20624870789261,
        98.05672199861371,
        97.01490294471061,
        96.10279791928865,
        95.32277503477972,
        94.66823966986112,
        94.12740271601876,
        93.68614858205488,
        93.32996572436568,
        93.02782439860586,
        92.69427827415339,
        92.3826537363613,
        92.10751551295562,
        91.86612191994332,
        91.65506851883677,
        91.47116726263958,
        91.31160138075273,
        91.17393394982382,
        91.05606995371392,
        90.95620581474564,
        90.8727778682206,
        90.80441264406232,
        90.74989012086198,
        90.70811089253603,
        90.67807232848813,
        90.65885127155808,
        90.64958792334548,
        90.64947434325268,
        90.65774223645367,
        90.67364872621698,
        90.69644706238623,
        90.72532379175234,
        90.7592648598191,
        90.79702183690152,
        90.8375169801416,
        90.88012989382177,
        90.92454124537,
        90.97056022575833,
        91.01804920149033,
        91.06689262385504,
        91.1169855781419,
        91.16822711780597,
        91.2205210467463,
        91.27377194742971,
        91.32788941440924,
        91.3827851056525,
        91.43837469295025,
        91.4945780707195,
        91.55131929924943,
        91.60852703805291,
        91.66613443716774,
        91.72407906220619,
        91.78230286538476,
        91.84075184537028,
        91.89937655258825,
        91.9581309149178,
        92.01697263115102,
        92.07586280837046,
        92.13476574452537,
        92.19364911386734,
        92.25248213562693,
        92.31123773504774,
        92.36989079322579,
        92.4284197567508,
        92.48680290898913,
        92.5450212888963,
        92.6030585021147,
        92.6608987639315,
        92.7185285759229,
        92.77593532442019,
        92.83310794811163,
        92.89003664680835,
        92.94671230865782,
        93.00312727664978,
        93.0592748132423,
        93.11514852194324,
        93.1707432641923,
        93.22605457403645,
        93.281077980504,
        93.33581002499815,
        93.3902475397193,
        93.4443874298686,
        93.49822671762277,
        93.55176203544566,
        93.60499328232125,
        93.65792170966061,
        93.71054953878878,
        93.7628792822561,
        93.81491298891397,
        93.86665380744179,
        93.91810439389728,
        93.96926743436894,
        94.0201460290539,
        97.1058493757844,
        97.18167971667802,
        97.25686028137213,
        97.33140811133997,
        97.40534127853383,
        97.47867531698883,
        97.55142420019118,
        97.6236034694692,
        97.69522540341903,
        97.76630247685864,
        97.83684761643532,
        97.90687195628547,
        97.97638623285937,
        98.04540100913066,
        98.11392676886419,
        98.18197292230997,
        98.2495482921418,
        98.31666210932339,
        98.38332270932142,
        98.44953874451988,
        98.51531722657475,
        98.58066669391424,
        98.64559421791117,
        98.71010687936877,
        98.77421151885251,
        98.83791482158338,
        98.90122373231773,
        98.96414369165763,
        99.02668138418093,
        99.08884204567741,
        99.15063226090031,
        99.21205692886231,
        99.27312115058399,
        99.3338314031837,
        99.39419160983124,
        99.4542071007432,
        99.513882658038,
        99.57322303726167,
        99.63223295556938,
        99.6909167439761,
        99.74927861012192,
        99.8073227539858,
        99.86505374697111,
        99.92247534887801,
        99.97959133622064,
        100.03640593645292,
        100.09292275962709,
        100.149144660409,
        100.2050769096191,
        100.2607218757401,
        100.31608318515504,
        100.37116434540229,
        100.4259694932136,
        100.48050069738625,
        100.53476154884947,
        100.58875584149422,
        100.64248670914115,
        100.69595511256085,
        100.74916624363708,
        100.80212283318363,
        100.85482718090988,
        100.90728261360292,
        100.95949140964494,
        101.01145656443359,
        101.06318078906486,
        101.11466690351159,
        101.16591704749536,
        101.21693425246562,
        101.26772081781493,
        101.31827919916604,
        101.36861181182879,
        101.41872092727453,
        101.46860899443037,
        101.51827829525946,
        101.56773109586155,
        101.61696957832244,
        101.66599594255854,
        101.71481230174153,
        101.76342075257969,
        101.8118233777208,
        101.86002228170064,
        101.90801933843278,
        101.95581644430186,
        102.00341581209388,
        102.05081912310438,
        102.09802836508908,
        102.14504529766518,
        102.1918718568161,
        102.23850940962782,
        102.2849605711248,
        102.33122607899307,
        102.37730876273017,
        102.4232093438579,
        102.46892975918689,
        102.51447178450425,
        102.55983698037929,
        102.6050268634057,
        102.65004298232313,
        102.69488690427609,
        102.73956015521631,
        102.78406422888615,
        102.82840059729796,
        102.87257071185,
        102.91657600242243
    ]
}