{
    "yield_pre": 39.86151026393073,
    "error_pre": 5.4806340696946
}