{
    "start": 10,
    "stop": 70,
    "anchors": [],
    "levels": [
        59.255588513847144,
        59.062119226239325,
        58.870586627434264,
        58.68099977684604,
        58.49336492143794,
        58.307688471566635,
        57.96660796319122,
        57.78810199252856,
        57.61154835704064,
        57.283391473003476,
        57.113906480200114,
        56.94637713028164,
        56.78080672157737,
        56.617200735999475,
        56.45557386261052,
        56.295944141997815,
        56.13833412086944,
        55.98276061309447,
        55.829235338885596,
        55.67776634674215,
        55.528358806055834,
        55.38101550457569,
        55.23573717629724,
        55.09252333177123,
        54.951371246218564,
        54.81227730905306,
        54.675236629277535,
        54.54024280813747,
        54.407288965138946,
        54.27637843284943,
        54.147519730533574,
        54.02071496029372,
        53.895971057390305,
        53.77330081837117,
        53.652707409076314,
        53.534185270330696,
        53.41774567769919,
        53.303414102144075,
        53.191193753274256,
        53.081073308936155,
        52.973029307141246,
        52.86702898706284,
        52.76302244522666,
        52.61843531350103,
        52.52098730864855,
        52.42548665189685,
        52.33189928844981,
        52.24019078856739,
        52.150327851120196,
        52.06227623521703,
        51.97600262678894,
        51.891474424604716,
        51.80866054323276,
        51.72753219306149,
        51.64806173159234,
        51.57022411212531,
        51.49399751568401,
        51.4193618819278,
        51.346300303821266,
        51.274798613888855,
        51.20484453310135,
        51.136428675864195,
        51.06954276316286,
        51.00417814240738,
        50.94032676905528,
        50.87797880468238,
        50.817123316348294,
        50.75774668515627,
        50.699835074168725,
        50.643373128114426,
        50.5883451794749,
        50.53473520716685,
        50.482528161512874,
        50.43170978644273,
        50.38226680404886,
        50.33418753238786,
        50.28746126697634,
        50.24207878364209,
        50.198031717048835,
        50.15531217051232,
        50.11391277908004,
        50.07382559593826,
        50.03504188522244,
        49.99755088945356,
        49.96134018828241,
        49.92639317253454,
        49.89268937714864,
        49.859983085165965,
        49.828852379960566,
        49.79944993958722,
        49.772272318948744,
        49.747431749293895,
        49.725029269488985,
        49.70516179106765,
        49.68791981846046,
        49.67338442872423,
        49.66162612830383,
        49.65270340349375,
        49.646663050959695,
        49.64354071301245,
        49.64336184557756,
        49.646142953057655,
        49.65189272801234,
        49.660613282814616,
        49.67230122603915,
        49.68694865876607,
        49.704543928121666,
        49.72507249340786,
        49.74851739489865,
        49.7748598533513,
        49.80407961481784,
        49.83615550874137,
        49.871065230419916,
        49.90878611712406,
        49.94929508553775,
        49.9925684513906,
        50.03858251577188,
        50.087313487530764,
        50.13873697166912,
        50.19282876145389,
        50.24956434248085,
        50.30891909783239,
        50.3708678411147,
        50.4353853021724,
        50.50244577082306,
        50.57202286996237,
        50.64408974446951,
        50.71861916130812,
        50.795582548162926,
        50.874950926601336,
        50.95669603928449,
        51.04079187492792,
        51.127212989496506,
        51.21593376392086,
        51.30692918280893,
        51.40017470696446,
        51.49564588635489,
        51.593318667073234,
        51.69316951510632,
        51.795174995182116,
        51.89931225736378,
        52.005558877522816,
        52.113892732520306,
        52.2242919408792,
        52.33673530959548,
        52.45120218822928,
        52.5676715634664,
        52.686123471802986,
        52.8065383051127,
        52.92889676774716,
        53.05317996426858,
        53.179369886887756,
        53.30744807399737,
        53.437397361798446,
        53.569200677195205,
        53.70284161141693,
        53.83830405947768,
        53.97557277191589,
        54.11463267426997,
        54.255468627834674,
        54.398064624049965,
        54.54240486206666,
        54.68847374328876,
        54.83625592587693,
        54.985736040861816,
        55.136899419753966,
        55.289730719969576,
        55.44421556589818,
        55.60033924462156,
        55.758087091621306,
        55.91744534039968,
        56.07839930325307,
        56.24093553175915,
        56.405039566166614,
        56.57069783850635,
        56.737897354095836,
        56.90662373215589,
        57.076863883391574,
        57.248604518641,
        57.42183237975747,
        57.59653496141077,
        57.7726991238991,
        57.95031154324659,
        58.129360345482084,
        58.30983225161461,
        58.49171499773018,
        58.67499606978981,
        58.85966366522351,
        59.04570492551746,
        59.233108100236834,
        59.421861496801185,
        59.611953159244855,
        59.80337077160317,
        59.99610329971368,
        60.1901384983518,
        60.38546523990802,
        60.58207205602991,
        60.779947721126376,
        60.97908088829837,
        61.179460104465115,
        61.3810749974483
    ]
}