{
    "start": 10,
    "stop": 70,
    "anchors": [],
    "levels": [
        58.75898801800779,
        58.574254313504476,
        58.39142649081019,
        58.342883620325864,
        58.161780063222075,
        57.9826011618182,
        57.80535279060248,
        57.63004051602604,
        57.45666928019703,
        57.28524381024868,
        57.11576889524686,
        56.94824726921934,
        56.78268359634774,
        56.61908256649315,
        56.45745850128019,
        56.29783003207647,
        56.140219475669554,
        55.98464347416375,
        55.83111403494098,
        55.6796392826659,
        55.53022443576293,
        55.3828724329142,
        55.23758414461436,
        55.09435856015642,
        54.953193684293076,
        54.81408580270649,
        54.67702985457824,
        54.54201968408192,
        54.40904883033188,
        54.27811945035007,
        54.149240831903505,
        54.02241491431614,
        53.89764829668418,
        53.774954029000156,
        53.654335485861495,
        53.53578801336656,
        53.41932078570411,
        53.304960580025465,
        53.19271069000924,
        53.08256046293004,
        52.9744861774338,
        52.86845577694722,
        52.76442033387721,
        52.66227768344907,
        52.52225898969532,
        52.426728264555514,
        52.33311088979777,
        52.2413733978727,
        52.15148146035264,
        52.06340098467791,
        51.97709920766611,
        51.892542786295664,
        51.809701484300234,
        51.728545620947116,
        51.64904820787422,
        51.57118429086324,
        51.49493125327237,
        51.42026946315143,
        51.3471818648792,
        51.27565424250897,
        51.20567442659221,
        51.1372328540006,
        51.070321376349256,
        51.00493121175525,
        50.94105429909391,
        50.87868098582749,
        50.81780076053598,
        50.758399498307924,
        50.700463298090646,
        50.64397755228714,
        50.588925948054815,
        50.53529289267894,
        50.48306348770781,
        50.43222254416064,
        50.38275775080189,
        50.33465660465648,
        50.28790911981763,
        50.242505797748976,
        50.19843819196175,
        50.155698387144085,
        50.11427923947139,
        50.074172569405775,
        50.03536989355831,
        49.99786046334495,
        49.961631651722676,
        49.92666735520527,
        49.8929469591123,
        49.860222853720565,
        49.82907479380029,
        49.79964460482103,
        49.77243864234317,
        49.74757047641995,
        49.72514168032355,
        49.705249312923954,
        49.68798471205305,
        49.67342940384303,
        49.66165422372309,
        49.65271827322199,
        49.64666868720848,
        49.64354145028527,
        49.643362316323554,
        49.64614798600546,
        49.65190736726798,
        49.66064270942517,
        49.67235073336376,
        49.68702360794383,
        49.70464974684668,
        49.72521473256934,
        49.74870151974557,
        49.775091407358225,
        49.80436411982546,
        49.83649852127645,
        49.87147231575844,
        49.90926278712351,
        49.949846851291866,
        49.993200821447836,
        50.03930107903517,
        50.088123523472426,
        50.13964389324494,
        50.19383818798429,
        50.250681511243265,
        50.31014928704249,
        50.372216340119394,
        50.43685727042321,
        50.504046127706765,
        50.573756831786774,
        50.64596235963698,
        50.720635026744205,
        50.79774632543282,
        50.87726714687402,
        50.959169526804466,
        51.04342711726951,
        51.13001427593012,
        51.21890565304872,
        51.31007608475008,
        51.40350097817865,
        51.49915568636855,
        51.59701629306845,
        51.69705892321651,
        51.79926059299957,
        51.90359816613609,
        52.010048917526404,
        52.118590783397984,
        52.22920190461194,
        52.34186123346167,
        52.45654749403762,
        52.573240425432644,
        52.691919584625815,
        52.812565337953714,
        52.93515839616797,
        53.059679941803864,
        53.18611154968311,
        53.31443518498778,
        53.44463355457825,
        53.57668937189983,
        53.71058674440752,
        53.84630907234705,
        53.98384111359823,
        54.12316784252429,
        54.26427429620527,
        54.40714350021227,
        54.55176053600478,
        54.698109562480774,
        54.84617511434393,
        54.99594201591502,
        55.14739484409443,
        55.300518683838575,
        55.45529930906761,
        55.61172134679989,
        55.76977114378384,
        55.92943365240486,
        56.09069505545017,
        56.253541050339585,
        56.4179582949814,
        56.583932302774905,
        56.75144966236592,
        56.9204968492307,
        57.091060515404656,
        57.26312690685904,
        57.4366834938411,
        57.611717038697215,
        57.788214519154145,
        57.96616294407093,
        58.14554950024974,
        58.326361783661746,
        58.50858712565149,
        58.69221311582158,
        58.877227445719,
        59.06361802906332,
        59.251372350357116,
        59.44047895157093,
        59.63092559425021,
        59.822700477797206,
        60.01579177188562,
        60.21018791935674,
        60.405877361650624,
        60.60284854372014,
        60.80109048154548,
        61.00059158006438,
        61.201340767848464,
        61.40332666942116
    ]
}