{
    "yield_pre": 144.66376714088096,
    "error_pre": 11.715067120351133
}