{
    "start": 0,
    "stop": 40,
    "anchors": [],
    "levels": [
        88.3594330074173,
        84.26965976270682,
        80.28252477956052,
        76.43462651781064,
        72.76142723552294,
        69.29620825941987,
        66.06756327521671,
        63.09762313599092,
        60.40091867132658,
        57.98395761899117,
        55.846015556997216,
        53.978698929398334,
        52.365101273066,
        50.98312058639587,
        49.80825418213802,
        48.816397694771034,
        47.9911804401801,
        47.32326129142525,
        46.807198956099356,
        46.43963138562546,
        46.2169030122657,
        46.12800443168911,
        46.14209038560829,
        46.21500765309546,
        46.323646838325395,
        46.46114373682306,
        46.62499631151481,
        46.8140522696265,
        47.0277570873474,
        47.265810638088055,
        47.52751438802261,
        47.81170463418858,
        48.11773439776056,
        48.443977761837985,
        48.78824221031937,
        49.14955658229788,
        49.52704773423294,
        49.919842789150884,
        50.32708175558184,
        50.74792466029553,
        51.181567496368324,
        51.627255012574466,
        52.08428645273191,
        52.55201352558281,
        53.02983262896398,
        53.51717587393867,
        54.0135079663027,
        54.518318020862644,
        55.03111982486959,
        55.55144848089569,
        56.07885743200891
    ]
}