{
    "yield_pre": 0.29160227341239775,
    "error_pre": 0.17254934259346794
}