{
    "yield_post": 0.4685345854119899,
    "error_post": 0.3142581400704083
}