{
    "yield_pre": 3.459667694165479,
    "error_pre": 1.7372047957862984
}