{
    "yield_pre": 3.4596676941674844,
    "error_pre": 1.737204795166985
}