{
    "start": 0,
    "stop": 20,
    "anchors": [],
    "levels": [
        159.0890806982987,
        70.46700389475032,
        70.35427488476826,
        70.24486288774335,
        70.13878588748437,
        70.03606084026389,
        69.93670368388123,
        69.84072927258825,
        69.74815137532858,
        69.65898230784393,
        69.57323407748218,
        69.49091570958258,
        69.41203615512728,
        69.33660381624189,
        69.26462441021891,
        69.19610290821021,
        69.13104282046214,
        69.06944606432701,
        69.01131339917613,
        68.95664527421656,
        68.90543864649209,
        68.85769143975068,
        68.81339868229483,
        68.77255480067436,
        68.73515314974387,
        68.70118468222296,
        68.67064091663696,
        68.64351105341775,
        68.61978347339723,
        68.59944549639579,
        68.58248341192937,
        68.56888254158925,
        68.5586274101482,
        68.55170138581504,
        68.54808702790969,
        68.54776638006788,
        68.55072065091507,
        68.55693031447613,
        68.5663751031039,
        68.57903443610338,
        68.59488677124493,
        68.6139106649347,
        68.63608357071986,
        68.6613831138466,
        68.68978615341624,
        68.7212693914595,
        68.75580891534925,
        68.79338074469435,
        68.83396062746768,
        68.87752432007542,
        68.92404628401718,
        68.9735022191708,
        69.02586696973084,
        69.08111472617128,
        69.13921995338949,
        69.20015701996859,
        69.26389968457516,
        69.33042174338736,
        69.39969668046209,
        69.47169806894102,
        69.54639820005369,
        69.6237704473748,
        69.70378694330172,
        69.78641993708554,
        69.87164125777174,
        69.95942216438645,
        70.0497336261841,
        70.14254594629136,
        70.23782986762595,
        70.33555473385857,
        70.43568947368482,
        70.53820257725957,
        70.64306281927841,
        70.75023641537415,
        70.85969052635876,
        70.97139116369067,
        71.08530359781159,
        71.20139225977869,
        71.31962066036242,
        71.43995153066989,
        71.56234609980832,
        71.68676382442986,
        71.8131614987094,
        71.9415074683152,
        72.07179043317254,
        72.20397760499769,
        72.33803305673587,
        72.47392040835459,
        72.61160194302016,
        72.75103073417984,
        72.89216051034502,
        73.03491777169293,
        73.17917457784257,
        72.15443102545427,
        72.18896119932441,
        72.22276209171677,
        72.25587355339073,
        72.28832997875135,
        72.32016403705866,
        72.35140503457511,
        72.38208011186381,
        72.4122144024256,
        72.44183081573374,
        72.47095091831127,
        72.4995948357942,
        72.52778109355863,
        72.55552730167102,
        72.58284922762766,
        72.60976287100414,
        72.63628254831153,
        72.66242094269671,
        72.68819184387425,
        72.71360751453493,
        72.7386783885501,
        72.76341543870303,
        72.78782964319707,
        72.81193043151734,
        72.83572709870059,
        72.85922836595057,
        72.88244299080941,
        72.90537840760032,
        72.92804322137118,
        72.95044358127436,
        72.97258706983317,
        72.9944804940125,
        73.01613018550043,
        73.0375424413708,
        73.05872290066486,
        73.07967739283445,
        73.10041150249131,
        73.12093015682181,
        73.14123869745545,
        73.16134169543993,
        73.1812441531546,
        73.20095004484736,
        73.22046426342149,
        73.23979088245609,
        73.25893412726495,
        73.27789683207119,
        73.29668403105462,
        73.31529922787253,
        73.3337454551976,
        73.35202596499059,
        73.3701444979478,
        73.38810431198422,
        73.40590842310203,
        73.42355976097957,
        73.44106128404971,
        73.45841569013153,
        73.4756264567363,
        73.49269453281674,
        73.50962411386108,
        73.52641748793063,
        73.54307603751896,
        73.55960334102254,
        73.5760011207333,
        73.59227173617978,
        73.60841746915852,
        73.62444036655815,
        73.64034217620873,
        73.65612560477165,
        73.67179217179961,
        73.68734350961813,
        73.70278169899066,
        73.71810898223539,
        73.73332662039182,
        73.74843650204087,
        73.76344017949796,
        75.8806231926885,
        75.90202815628784,
        75.92328185863182,
        73.82242647742328,
        73.83692368439968,
        73.8513242122751,
        76.00682815308892,
        76.02735897136371,
        76.04775134606523,
        76.06800839692893,
        73.92192140005152,
        76.10812207766035,
        73.94952990294556,
        76.14771585854277,
        76.16732232056984,
        76.18680413655967,
        74.00371969479686,
        74.01706022637083,
        76.24452008498622,
        76.26352065637046,
        74.05660137693974,
        74.06962549706816,
        74.08257298282776,
        76.33837806837103,
        76.35681353131609,
        74.1209662534649,
        74.13361724393255,
        76.41147371685369,
        74.15870485487261,
        74.17114321028302,
        74.18351228690729,
        74.19581320949321,
        74.20804649423069
    ]
}