{
    "yield_linear": 3.4597439831606462,
    "error_linear": 1.7453871485846044,
    "error_log": 0.5044844812447965
}