{
    "yield_pre": 422.38708176775333,
    "error_pre": 31.10267882976956
}