{
    "start": 300,
    "stop": 600,
    "anchors": [],
    "levels": [
        137.3256074654502,
        137.0526778724862,
        136.78399442047316,
        136.51950631517423,
        136.2591663678941,
        136.0029359485943,
        135.75077771179025,
        135.50265826975988,
        135.25854385238162,
        135.0184051254268,
        134.78221094480296,
        134.54996202785645,
        134.321542297275,
        134.09700734846203,
        133.87634118053955,
        133.65952677942775,
        133.4465435669307,
        133.2373688295661,
        133.03197541308754,
        132.8303348670145,
        132.63241846100848,
        132.4381965813165,
        132.24763782581823,
        132.060710102952,
        131.87738002601344,
        131.69761265138376,
        131.52137299731342,
        131.34862588899352,
        131.17933668189642,
        131.01347209646553,
        130.85100235994582,
        130.69190424146797,
        130.53616644146302,
        130.3837841086851,
        130.2347467461895,
        130.08903868723536,
        129.9466440967221,
        129.80754930601506,
        129.67174352269404,
        129.53922304804962,
        129.40999850674052,
        129.28408435696457,
        129.16149989307837,
        129.04226403018146,
        128.92639467316948,
        128.813909582782,
        128.7048261704391,
        128.5991599227891,
        128.49692363655805,
        128.39812558215982,
        128.3027681972174,
        128.2108471662374,
        128.12235095403747,
        128.03726097593915,
        127.95555191219111,
        127.87719241719861,
        127.80214590629555,
        127.73037166972152,
        127.66182556824313,
        127.59646161723848,
        127.53423175679666,
        127.47508874267552,
        127.41898535822634,
        127.36587560663864,
        127.31571627960611,
        127.2684667693837,
        127.22409004770752,
        127.18255324751027,
        127.14382722877127,
        127.1078880157428,
        127.07471620064322,
        127.04429688017433,
        127.01661928844032,
        126.99167711106927,
        126.9694678417842,
        126.94999207108677,
        126.93325323279282,
        126.91925752072274,
        126.90801135812362,
        126.89952458574653,
        126.89380625836148,
        126.89086618808165,
        126.89071416010316,
        126.89335899295598,
        126.89880864578755,
        126.90707054636854,
        126.91815034095175,
        126.93205184850277,
        126.94877750539213,
        126.96832652490545,
        126.99069731650766,
        127.01588548448089,
        127.04388441305736,
        127.07468482165538,
        127.10827509977773,
        127.14464112536183,
        127.18376611721617,
        127.22563066868575,
        127.27021289256277,
        127.31748807058597,
        127.36742919868152,
        127.42000649846754,
        127.47518772281774,
        127.53293820041725,
        127.59322095625564,
        127.65599687774326,
        127.72122489192806,
        127.78886250906635,
        127.85886585012483,
        127.9311903589176,
        128.0057913182764,
        128.08262467153733,
        128.16164766148097,
        128.24281941118988,
        128.32610223734272,
        128.41146182487512,
        128.49886804749593,
        128.5882948811829,
        128.6797206146793,
        128.77312074728053,
        128.86845583641139,
        128.9656828939419,
        129.0647576741962,
        129.16563479243914,
        129.26826830712855,
        129.37261226425503,
        129.47862203693936,
        129.58625574127888,
        129.69547610676,
        129.8062521170021,
        129.91856019131956,
        130.03238445277862,
        130.14771605317662,
        130.26455141908914,
        130.3828912040704,
        130.50273760355844,
        130.62408720781394,
        130.7469198015243,
        130.87121268382583,
        130.9969435006157,
        131.124089951232,
        131.25263019902212,
        131.38254260039076,
        131.51380582624662,
        131.64639860245936,
        131.7803000309756,
        131.91548960713482,
        132.0519468902867,
        132.1896517460144,
        132.32858428713905,
        132.46872487229842,
        132.61005410447905,
        132.75255282945136,
        132.8962021342895,
        133.04098334597842,
        133.18687802981287,
        133.33386798806504,
        133.4819352584527,
        133.631062112674,
        133.78123105509184,
        133.93242482116625,
        134.0846263761225,
        134.23781891346556,
        134.39198585365654,
        134.5471108425979,
        134.70317775033251,
        134.8601706694891,
        135.01807391403008,
        135.17687201773919,
        135.3365497327918,
        135.49709202834595,
        135.65848408909767,
        135.82071131380883,
        135.9837593137758,
        136.1476139114555,
        136.3122611387738,
        136.47768723568836,
        136.64387864859037,
        136.81082202860824,
        136.97850423003848,
        137.1469123086252,
        137.3160335197872,
        137.4858553168825,
        137.65636534940404,
        137.82755145370953,
        137.99940153399365,
        138.17190357043353,
        138.34504571047108,
        138.51881626969382,
        138.6932037299611,
        138.8681967374303,
        139.04378410063248,
        139.21995478858668,
        139.39669792887372,
        139.5740028057251,
        139.751858858201,
        139.93025567830117,
        140.1091830090291,
        140.28863074277615,
        140.4685889192329,
        140.64904772369943
    ]
}