{
    "start": 300,
    "stop": 600,
    "anchors": [],
    "levels": [
        136.02038811887297,
        135.7771009969668,
        135.5376575561968,
        135.3020277460748,
        135.0701877012121,
        134.84212771144666,
        134.61783304396624,
        134.39728164201372,
        134.1804480941396,
        133.9673037920602,
        133.7578200404094,
        133.5519652726478,
        133.3497097955722,
        133.1510222686757,
        132.9558700148084,
        132.76421998106218,
        132.57603819478237,
        132.39129013868273,
        132.2099409037028,
        132.0319557101934,
        131.85730011707497,
        131.68594024419173,
        131.517845313339,
        131.3529840658406,
        131.19133704633037,
        131.03289009411773,
        130.87763210860288,
        130.72554713023152,
        130.57661588492925,
        130.43081919083477,
        130.28813886109123,
        130.1485635405637,
        130.01208949925578,
        129.8787148067096,
        129.74844083282446,
        129.6212692562289,
        129.4972015121914,
        129.37623905583018,
        129.25838309069889,
        129.14363609271595,
        129.031999459935,
        128.9234744574786,
        128.8180614955174,
        128.71575832117378,
        128.6165597800593,
        128.52045741215983,
        128.4274386698693,
        128.33748711039863,
        128.25058238337863,
        128.16670042733617,
        128.08581374385028,
        128.0078917329902,
        127.9329016392355,
        127.86080821881947,
        127.79157499861682,
        127.72516395876121,
        127.66153685233907,
        127.60065519160324,
        127.54248031099266,
        127.48697454191009,
        127.43410121226938,
        127.38382506007532,
        127.33611228968084,
        127.29093147307027,
        127.2482528555965,
        127.2080494734345,
        127.17029627566153,
        127.13497118822683,
        127.10205448362538,
        127.07152866037478,
        127.04337932944412,
        127.01759281843334,
        126.99415897581949,
        126.97306857137077,
        126.95431411199775,
        126.93788936450329,
        126.92378922039481,
        126.91200934607927,
        126.90254586041522,
        126.89539569659466,
        126.89055580136764,
        126.8880225151658,
        126.88779270018031,
        126.8898632379722,
        126.89422995833,
        126.9008884153797,
        126.9098340102706,
        126.92105995302359,
        126.93456050047801,
        126.95032839000257,
        126.96835552987972,
        126.9886329669637,
        127.01115083646344,
        127.03589839672978,
        127.06286406328614,
        127.09203487355052,
        127.12339749065646,
        127.15693731938578,
        127.19263866844115,
        127.23048523497741,
        127.27045935333528,
        127.31254261253403,
        127.35671550049629,
        127.40295782038947,
        127.45124810398747,
        127.50156405038624,
        127.55388243238627,
        127.60817911759328,
        127.66442909563106,
        127.7226065114444,
        127.78268467980953,
        127.84463627967276,
        127.90843331928234,
        127.97404746367806,
        128.04144924630523,
        128.11061012058929,
        128.18150022792287,
        128.25409118603017,
        128.32835413328422,
        128.40426112441867,
        128.48178522324537,
        128.5609006890561,
        128.64158327736556,
        128.72381044512548,
        128.8075614913184,
        128.89281767883188,
        128.97956214058252,
        129.0677795840173,
        129.15745018050168,
        129.24854773103846,
        129.34104521019026,
        129.4349150907098,
        129.53012941900053,
        129.62665979220822,
        129.72447779958998,
        129.8235549396992,
        129.92386341890733,
        130.02537637217662,
        130.12806862354824,
        130.23191732565886,
        130.33690256271785,
        130.44300777431036,
        130.55021990337008,
        130.6585292323711,
        130.76792894732017,
        130.87841452703358,
        130.9899831014913,
        131.10263267381762,
        131.2163615902565,
        131.33116151899003,
        131.4470176384763,
        131.5639152505953,
        131.68183945364785,
        131.80077583428508,
        131.92070997904523,
        132.041627710727,
        132.16351500127763,
        132.28635798708314,
        132.4101429675193,
        132.53485640347486,
        132.66048491596186,
        132.78701528459666,
        132.9144344461958,
        133.04272949343866,
        133.17188767337979,
        133.30189638609136,
        133.43274318333454,
        133.56441576712774,
        133.696901988446,
        133.8301898458812,
        133.9642674842801,
        134.09912319352733,
        134.2347454071398,
        134.37112270107036,
        134.50824379238182,
        134.64609753800036,
        134.78467293351693,
        134.92395911188524,
        135.06394534225365,
        135.20462102871855,
        135.3459757091718,
        135.48799905404218,
        135.6306808651757,
        135.77401107469038,
        135.91797974373753,
        136.06257706144456,
        136.2077933437082,
        136.35361903208812,
        136.50004469270343,
        136.64706101511626,
        136.79465881118307,
        136.94282901398395,
        137.09156267672736,
        137.24085097167043,
        137.3906851889519,
        137.54105673562714,
        137.6919571344746,
        137.8433780229789,
        137.9953111522205,
        138.14774838580223,
        138.30068169876648
    ]
}