{
    "start": 300,
    "stop": 600,
    "anchors": [],
    "levels": [
        136.02038811887297,
        135.0701877012121,
        134.1804480941396,
        133.3497097955722,
        132.57603819478237,
        131.85730011707497,
        131.19133704633037,
        130.57661588492925,
        130.01208949925578,
        129.4972015121914,
        129.031999459935,
        128.6165597800593,
        128.25058238337863,
        127.9329016392355,
        127.66153685233907,
        127.43410121226938,
        127.2482528555965,
        127.10205448362538,
        126.99415897581949,
        126.92378922039481,
        126.89055580136764,
        126.89422995833,
        126.93456050047801,
        127.01115083646344,
        127.12339749065646,
        127.27045935333528,
        127.45124810398747,
        127.66442909563106,
        127.90843331928234,
        128.18150022792287,
        128.48178522324537,
        128.8075614913184,
        129.15745018050168,
        129.53012941900053,
        129.92386341890733,
        130.33690256271785,
        130.76792894732017,
        131.2163615902565,
        131.68183945364785,
        132.16351500127763,
        132.66048491596186,
        133.17188767337979,
        133.696901988446,
        134.2347454071398,
        134.78467293351693,
        135.3459757091718,
        135.91797974373753,
        136.50004469270343,
        137.09156267672736,
        137.6919571344746,
        138.30068169876648
    ]
}