{
    "nbins": 50,
    "range_": [
        300.0,
        600.0
    ],
    "nburnin": 100,
    "nsamples": 100000,
    "nrepeats": 100,
    "seed": 0,
    "step_size": 0.5,
    "prob_eye": 0.1,
    "yields": [
        8345,
        16837,
        32029,
        55459,
        92663,
        144248,
        212614,
        296960,
        393313,
        495855,
        591763,
        678495,
        743450,
        777313,
        786953,
        762641,
        711334,
        642113,
        558091,
        472329,
        385527,
        307823,
        236818,
        179041,
        130800,
        93220,
        65000,
        43879,
        29300,
        18850,
        11912,
        7939,
        4475,
        2844,
        1702,
        916,
        598,
        360,
        176,
        104,
        28,
        34,
        11,
        13,
        1,
        5,
        6,
        0,
        0,
        0
    ],
    "errors": [
        196.88257921918841,
        280.2807699432839,
        395.2778642929553,
        525.3286495138066,
        690.9177302689517,
        838.1616550522937,
        998.0541267887227,
        1195.107526543114,
        1592.2171051712762,
        1434.6939569120655,
        1812.8197124921164,
        1912.1419272637686,
        1801.8881763305956,
        2133.604300239386,
        1853.97974908034,
        1823.3371026773955,
        1820.9971004919257,
        1980.550759258646,
        1666.4267730686518,
        1662.4285217716879,
        1564.8244981466771,
        1315.4062908470528,
        972.5599004688604,
        986.8242954042023,
        804.8689334295368,
        587.1217931570927,
        504.56119549565045,
        366.04725104827656,
        354.6293840053303,
        311.5461442547476,
        204.21204665738995,
        189.73083565936247,
        130.6168059630919,
        107.9751823337196,
        72.23544836159043,
        57.301308885574336,
        42.731253199502596,
        31.968734726291554,
        22.720915474513784,
        22.931201451297746,
        7.082372483850311,
        9.718024490605075,
        4.667976006793524,
        5.2258970521815655,
        0.9949874371066196,
        4.9749371855331095,
        4.431703961232057,
        0.0,
        0.0,
        0.0
    ]
}