{
    "yield_linear": 422.32990658157365,
    "error_linear": 28.382497871335563,
    "error_log": 0.06720456550441674
}