{
    "start": 0,
    "stop": 300,
    "levels": [
        132.52099625571213,
        132.45373097262757,
        132.38778114870553,
        132.3231579426661,
        132.25987120417702,
        132.19793181676556,
        132.13735027612762,
        132.07813544598372,
        132.02029784120288,
        131.96384638022684,
        131.9087898282461,
        131.8551366886811,
        131.80289534151075,
        131.75207369665497,
        131.70267925843604,
        131.65471939274158,
        131.60820098706867,
        131.56313080203165,
        131.5195150159359,
        131.4773601338167,
        131.43667096444415,
        131.39745382615496,
        131.3597136534512,
        131.32345550635472,
        131.28868370257578,
        131.2554027575905,
        131.22361690836277,
        131.19332977767476,
        131.16454522034812,
        131.13726626115422,
        131.1114965172026,
        131.08723817770178,
        131.06449432157024,
        131.04326730964783,
        131.0235595234176,
        131.00537243268235,
        130.98870813742724,
        130.9735685944829,
        130.95995446373124,
        130.94786712409532,
        130.9373081362508,
        130.92827787737497,
        130.92077702631718,
        130.91480677747768,
        130.91036636897408,
        130.90745665546208,
        130.90607824869355,
        130.9062308569234,
        130.90791493485577,
        130.91112946309306,
        130.91587504401525,
        130.92215076065904,
        130.9299578298618,
        130.93929480783092,
        130.95016227852835,
        130.96255997349755,
        130.97648749128027,
        130.99194584590754,
        131.0089348079406,
        131.02745501179984,
        131.04750698841093,
        131.06909181555096,
        131.0922099034444,
        131.11686320271713,
        131.143053161754,
        131.1707819392632,
        131.20005160778777,
        131.23086489330484,
        131.26322488056883,
        131.2971349530623,
        131.33259855240513,
        131.3696197374493,
        131.40820359743773,
        131.4483545237391,
        131.49007748631288,
        131.53337840092786,
        131.57826301878754,
        131.62473740035352,
        131.67280776741117,
        131.72248049239596,
        131.77376256256355,
        131.82666116197032,
        131.88118315598956,
        131.93733530448236,
        131.99512483254833,
        132.05455937222544,
        132.11564574623236,
        132.17839105761203,
        132.2428023588863,
        132.30888601998544,
        132.37664987125322,
        132.44609920425194,
        132.51724083609676,
        132.59008119170704,
        132.6646255109063,
        132.74087941686818,
        132.8188473740474,
        132.89853531790408,
        132.97994716390062,
        133.06308679066905,
        133.14795801359872,
        133.23456391757261,
        133.32290729192218,
        133.4129901234434,
        133.50481542272155,
        133.5983834382189,
        133.69369534242605,
        133.7907515078918,
        133.88955311164085,
        133.99009905460733,
        134.09238853946147,
        134.19642101359412,
        134.30219502210403,
        134.40970881124224,
        134.51896038768965,
        134.62994830635108,
        134.7426694464105,
        134.8571230091511,
        134.97330540705633,
        135.0912157919974,
        135.21085020516438,
        135.33220781447991,
        135.45528591052994,
        135.58008257260832,
        135.70659544742824,
        135.83482255055455,
        135.96476091149793,
        136.09640951167594,
        136.22976563845057,
        136.36482707663265,
        136.50159113685243,
        136.64005773845258,
        136.7802249600143,
        136.92209182485976,
        137.06565683493176,
        137.21092077747377,
        137.35788531526342,
        137.50655110678142,
        137.65691877954347,
        137.80898795805797,
        137.9627630050602,
        138.1182430131576,
        138.27542866187673,
        138.43432040061526,
        138.59491725397984,
        138.75721829335657,
        138.92122414028938,
        139.08693576026806,
        139.25435459849677,
        139.42348271316985,
        139.59432237769357,
        139.76687595275877,
        139.94114590367985,
        140.11713392300538,
        140.29484490972652,
        140.47427915772073,
        140.65543936547783,
        140.83832971817543,
        141.0229503635092,
        141.20930584248387,
        141.39739643585372,
        141.58722559009743,
        141.77879415331807,
        141.97210546237773,
        142.1671604499569,
        142.3639602488281,
        142.56250768874028,
        142.76280427881932,
        142.96484987567445,
        143.16864708856798,
        143.37419675370577,
        143.581499511184,
        143.79055682841985,
        144.0013695190761,
        144.21393843856214,
        144.42826456648507,
        144.64434788160412,
        144.86218964433272,
        145.0817909517065,
        145.30315086309125,
        145.52626921029983,
        145.7511418296175,
        145.97777642377255,
        146.2061686608493,
        146.43631866500726,
        146.66822603426442,
        146.9018915815298,
        147.13731452933447,
        147.37449466979456,
        147.6133540184356,
        147.85401736110822,
        148.0964313300713,
        148.34059897929885,
        148.58651828409654,
        148.8341913220948,
        149.08361802313843,
        149.33479676089223,
        149.5877297292231,
        149.84241680662348,
        150.09885819464046,
        150.35705341991988
    ]
}