{
    "yield_pre": 30.057433517471456,
    "error_pre": 4.866698020032529
}