{
    "start": 10,
    "stop": 60,
    "levels": [
        65.58602410531168,
        62.42603337546494,
        59.74028304224713,
        57.449201482525154,
        55.48863688268271,
        53.807139063183286,
        52.363366167133535,
        51.12359729600973,
        50.06022482384351,
        49.15011707502188,
        48.37352668823819,
        47.71382048105946,
        47.157409127886226,
        46.693550529814885,
        46.3133154082103,
        46.00857237851238,
        45.771866010512895,
        45.5965113890104,
        45.47657878014532,
        45.406820441661814,
        45.382585225023234,
        45.399737817141144,
        45.45458841113985,
        45.543866601202964,
        45.66681224207921,
        45.82188990777973,
        46.00644446211203,
        46.218067027726065,
        46.45456623402275,
        46.71394307867742,
        46.99436951505943,
        47.2941698954527,
        47.611804631582324,
        47.94585756573885,
        48.29502299671076,
        48.65809645205133,
        49.03396654652781,
        49.421607314582765,
        49.82007294945883,
        50.228490685236764,
        50.64605855103896,
        51.072038806558155,
        51.50575229335119,
        51.946579332737066,
        52.39394844515918,
        52.847338158660875,
        53.30627174847176,
        53.77031292326073,
        54.23905995161496,
        54.71214205468581,
        55.189220558619915
    ]
}