{
    "yield_linear": 30.069757857715523,
    "error_linear": 4.9338354424184345,
    "error_log": 0.16407965324378138
}