{
    "start": 0,
    "stop": 40,
    "levels": [
        48.199647981536906,
        48.15116749497052,
        48.11365669377746,
        48.08714005449114,
        48.071622227704964,
        48.067096017669655,
        48.07353547737403,
        48.090899740820376,
        48.11913475885178,
        48.158174331826345,
        48.207934918190496,
        48.26832768901525,
        48.33924907604399,
        48.42058789382351,
        48.51222325055541,
        48.61402414992679,
        48.72585855684619,
        48.84758304902523,
        48.97905205260208,
        49.120113761746495,
        49.27061521472806,
        49.43039996222208,
        49.599302136292856,
        49.77716537012438,
        49.963828906268816,
        50.159125709850336,
        50.362896793245994,
        50.57497873986901,
        50.795209522845894,
        51.02343473792365,
        51.25947745737035,
        51.50319672973177,
        51.75443289313043,
        52.01303264299937,
        52.27884339374727,
        52.55171695974207,
        52.83150765931752,
        53.11807027398864,
        53.41126516358878,
        53.71095388572001,
        54.01699999963249,
        54.3292711953226,
        54.647637130317335,
        54.97197472554636,
        55.302153106867735,
        55.63805734755164,
        55.97956256816055,
        56.32655938090333,
        56.67893303391038,
        57.03657895282919,
        57.399368651584005
    ]
}