{
    "start": 0,
    "stop": 40,
    "levels": [
        48.1996480073683,
        48.18650115692147,
        48.17403834892798,
        48.16226010661907,
        48.15116708029541,
        48.14075970392025,
        48.13103855035833,
        48.12200398028925,
        48.11365632245465,
        48.10599584112237,
        48.09902273592596,
        48.09273715529039,
        48.08713917483539,
        48.082228722008054,
        48.07800586298666,
        48.0744703991069,
        48.07162219134647,
        48.06946096317687,
        48.06798664518881,
        48.067198130860625,
        48.067095796917755,
        48.06767901875066,
        48.068946893179344,
        48.07089930479464,
        48.07353504013846,
        48.076853641503206,
        48.08085469920351,
        48.0855366135642,
        48.09089929890031,
        48.09694156103174,
        48.10366190562891,
        48.11105997750782,
        48.11913446240489,
        48.12788420576791,
        48.13730806852025,
        48.14740475581118,
        48.15817302509822,
        48.16961157825288,
        48.18171894915668,
        48.19449358208195,
        48.20793441328307,
        48.22203975579123,
        48.2368082137198,
        48.25223760863188,
        48.26832704692177,
        48.28507473482882,
        48.30247858387705,
        48.32053712134778,
        48.33924864457875,
        48.358611379037754,
        48.378623270670445,
        48.39928249158045,
        48.42058713596997,
        48.4425353952509,
        48.46512519520168,
        48.48835456150032,
        48.51222153578803,
        48.5367243238429,
        48.561859961258484,
        48.587627391104704,
        48.61402374216084,
        48.64104700984772,
        48.66869526786849,
        48.69696634249918,
        48.72585776159607,
        48.755367414175886,
        48.785493089231096,
        48.816231851347496,
        48.84758231830358,
        48.87954212497514,
        48.91210829908586,
        48.94527863571493,
        48.97905115842879,
        49.013423662590014,
        49.04839305398025,
        49.08395666529069,
        49.1201131189714,
        49.15685950347077,
        49.194193375140486,
        49.232112254437716,
        49.27061429075887,
        49.30969528482498,
        49.34935445095139,
        49.3895888117099,
        49.43039570646164,
        49.4717727327586,
        49.513717388944585,
        49.556227015663225,
        49.599299298894834,
        49.64293162249049,
        49.6871214568369,
        49.73186626858605,
        49.77716352095214,
        49.823010674722624,
        49.869405186843494,
        49.91634451053424,
        49.963826102539855,
        50.01184743531956,
        50.06040595304058,
        50.10949910899289,
        50.15912446449252,
        50.20927949352037,
        50.259960892110755,
        50.311167535891364,
        50.36289593417288,
        50.41514321870467,
        50.4679082728933,
        50.5211865060023,
        50.57497767915841,
        50.62927714908152,
        50.68408393859292,
        50.73939500290333,
        50.795208308988364,
        50.85152037830012,
        50.908329290564026,
        50.96563250911636,
        51.0234275336297,
        51.081711270447414,
        51.14048242419361,
        51.199737968206364,
        51.259475445418516,
        51.31969240581137,
        51.38038640674593,
        51.44155501331477,
        51.5031957982895,
        51.56530634200482,
        51.62788423327916,
        51.690927069276185,
        51.7544324556885,
        51.81839800691364,
        51.8828213462278,
        51.94770010596183,
        52.013031927679044,
        52.078814462333696,
        52.145045654432266,
        52.211722598923046,
        52.27884325494627,
        52.34640530810098,
        52.4144064538185,
        52.48284439878265,
        52.551716863205684,
        52.621021582977775,
        52.690756308837834,
        52.760918800986246,
        52.831506823495886,
        52.90251814446141,
        52.97395054049687,
        53.04580179972841,
        53.11806971650796,
        53.19075207937992,
        53.263846722115794,
        53.33735131112874,
        53.411264308696914,
        53.48558298871666,
        53.560305276862046,
        53.635428915177805,
        53.71095219852527,
        53.7868731738895,
        53.8631885999191,
        53.93989771630221,
        54.01699795526177,
        54.09448773507373,
        54.17236411530775,
        54.25062497572709,
        54.32926926466197,
        54.40829450925334,
        54.48769870902426,
        54.56747990143873,
        54.647636040494625,
        54.72816523994946,
        54.80906543821425,
        54.89033536832964,
        54.97197133954546,
        55.05397316533106,
        55.136338322217675,
        55.21906493372798,
        55.30215101244495,
        55.385595026110224,
        55.46939472478258,
        55.553548398202665,
        55.638054198542065,
        55.72291021729006,
        55.80811464845972,
        55.89366581976739,
        55.97956171793532,
        56.065800870925976,
        56.152381165152505,
        56.239300998959756,
        56.32655859292437,
        56.4141521560906,
        56.50207998439625,
        56.59034035159965,
        56.67893153939025,
        56.767851841018626,
        56.85709956070858,
        56.94667301337816,
        57.03657052448379,
        57.126790429918486,
        57.21733107593455,
        57.30819081920429,
        57.39936802670787
    ]
}