{
    "yield_linear": 458.47300000704485,
    "error_linear": 21.34458184302854,
    "error_log": 0.046555809922722964
}