{
    "start": 100,
    "stop": 260,
    "anchors": [],
    "levels": [
        110.00832334171496,
        108.91211192625865,
        107.91251585216907,
        107.00530818346138,
        106.18693915903641,
        105.45352159782686,
        104.80043054600551,
        104.22264350123015,
        103.71510271992666,
        103.27290082699744,
        102.89133804059954,
        102.56620838968887,
        102.2941487763569,
        102.07083561777375,
        101.89151906676149,
        101.75179953635201,
        101.64811924292675,
        101.57797557858717,
        101.53982583281037,
        101.53276540839447,
        101.55614274390219,
        101.60923878456344,
        101.69106269299118,
        101.80024347245889,
        101.93498767527564,
        102.09309557169951,
        102.27207589331817,
        102.46945104977314,
        102.68329054430887,
        102.91263809113623,
        103.15653937948663,
        103.41371214907457,
        103.68295623464032,
        103.9631668495542,
        104.25333889944748,
        104.55257346316029,
        104.86008118890749,
        105.17518051373746,
        105.49724303333433,
        105.82563788277297,
        106.15977582994825,
        106.4991137032419,
        106.84314903171555,
        107.19141829221522,
        107.54349285493586,
        107.89897673987576,
        108.25750404312387,
        108.61873668072006,
        108.98236233424603,
        109.3480925791248,
        109.71566117745618
    ]
}