{
    "yield_post": 3.334119024994401,
    "error_post": 0.5940456202700909
}