{
    "yield_pre": 3.258718765787849,
    "error_pre": 0.595588251823727
}