{
    "start": 0,
    "stop": 10,
    "anchors": [],
    "levels": [
        145.00986178627687,
        144.8747678959325,
        144.7387583890003,
        144.60180708700616,
        144.46388706332422,
        144.3249696770074,
        144.1850245561708,
        144.04401957782986,
        143.90192161406677,
        143.75869428545582,
        143.61429994548553,
        143.46869826344502,
        143.32184630491628,
        143.17369876607682,
        143.02420618682297,
        142.87331645409597,
        142.72097351906393,
        142.56711732263295,
        142.41168131590305,
        142.25459730875858,
        142.09578759432458,
        141.93516852952106,
        141.77265077380846,
        141.60813358485746,
        141.4415078827683,
        141.27265275776847,
        141.10143314598062,
        140.92769917368872,
        140.7512807561824,
        140.57198605309645,
        140.3895963998568,
        140.2038596569867,
        140.01447913000902,
        139.82110745111322,
        139.62332838516988,
        139.42063286696327,
        139.2123832680602,
        138.99776594212008,
        138.77568523938982,
        138.5446018770656,
        138.3021634269305,
        138.0442511586655,
        137.76122272759304,
        137.436531791302,
        137.11565339302882,
        136.8178161031406,
        136.54448221364873,
        136.2949756052373,
        136.06799262925514,
        135.8620121383115,
        135.67546493974797,
        135.50682556300956,
        135.35466466168498,
        135.21769435073787,
        135.094787242672,
        134.98499233031032,
        134.8875300692658,
        134.80179497032273,
        134.7273414008123,
        134.66385431691722,
        134.61107725229013,
        134.56872994075673,
        134.53644430908366,
        134.51374070368473,
        134.5000519301967,
        134.49474324392452,
        134.4971508873832,
        134.50660488169024,
        134.5224506791532,
        134.5440603458908,
        134.5708425040516,
        134.60224630991848,
        134.63776241947994,
        134.67692581065307,
        134.7193132143508,
        134.76454243678273,
        134.81227130105782,
        134.86219564624838,
        134.91404737500426,
        134.96759204338508,
        135.02262602825994,
        135.0789733545667,
        135.1364823535024,
        135.19502235182418,
        135.25448056651885,
        135.3147593190695,
        135.37577362081777,
        135.43744913126517,
        135.4997204606114,
        135.56252977206822,
        135.62582563678106,
        135.6895620961894,
        135.75369789247918,
        135.8181958342081,
        135.8830222702547,
        135.94814665082535,
        136.01354115826115,
        136.0791803945299,
        136.14504111458598,
        136.21110199758076,
        136.27734344895936,
        136.34374742849306,
        136.4102972999467,
        136.4769776988956,
        136.54377441598552,
        136.61067429358673,
        136.6776651335024,
        136.7447356148696,
        136.81187522027545,
        136.8790741694015,
        136.94632335940582,
        137.01361431073883,
        137.08093911831068,
        137.14829040702034,
        137.21566129134274,
        137.28304533856067,
        137.35043653502174,
        137.41782925558218,
        137.48521823529072,
        137.55259854361,
        137.61996556076468,
        137.68731463037327,
        137.75464304465314,
        137.8219452323433,
        137.889218519802,
        137.95645919815257,
        138.02366430270325,
        138.09083126788062,
        138.15795695658556,
        138.22503863884597,
        138.29207414285258,
        138.35906109803838,
        138.42599670738787,
        138.49287965725318,
        138.55970813442548,
        138.62647962658272,
        138.6931932695269,
        138.759846607677,
        138.82643847616845,
        138.89296751085476,
        138.95943216355073,
        139.02583106370247,
        139.0921631936112,
        139.15842731541704,
        139.22462202372645,
        139.29074656045603,
        139.35679978444512,
        139.42278101746672,
        139.4886883626286,
        139.55452238609183,
        139.62028080441345,
        139.6859628455171,
        139.7515691644111,
        139.81709778427745,
        139.88254786711195,
        139.94791834427596,
        140.0132088647127,
        140.0784184444977,
        140.14354610546576,
        140.20859104707554,
        140.27355214984988,
        140.33842824775613,
        140.4032189309283,
        140.4679231404669,
        140.53254180502068,
        140.59707445251365,
        140.66152171997632,
        140.72588306647538,
        140.79015879071528,
        140.85434920376463,
        140.9184540437158,
        140.98247383255006,
        141.0464086516951,
        141.11025871223273,
        141.1740238849964,
        141.23770500681337,
        141.30130175695672,
        141.3648140808363,
        141.42824337314704,
        141.49158802446763,
        141.554850392035,
        141.61802919167144,
        141.68112513056985,
        141.74413845803366,
        141.80706907308243,
        141.8699182469949,
        141.9326853831867,
        141.9953701637778,
        142.05797487341457,
        142.12049852139586,
        142.18294108313756,
        142.24530368730882,
        142.30758517023338,
        142.36978667090136,
        142.43191024298733,
        142.49395289402213,
        142.55591741507084,
        142.6178032361646,
        142.6796103718083,
        142.7413395923478,
        142.80299097309373
    ]
}