{
    "start": 0,
    "stop": 15,
    "levels": [
        136.1981842193948,
        136.1839621706365,
        136.17147001119727,
        136.16065194425028,
        136.15145412382157,
        136.14382453936915,
        136.13771311093373,
        136.13307176690194,
        136.12985373586594,
        136.12801490460382,
        136.12751175569358,
        136.12830350974988,
        136.1303504457973,
        136.1336144677114,
        136.1380591104682,
        136.14364887499406,
        136.1503502975502,
        136.15813076270354,
        136.16695912761685,
        136.1768053441673,
        136.18764059165898,
        136.19943711942886,
        136.21216824625688,
        136.22580830155798,
        136.24033256897184,
        136.2557172916107,
        136.27193965145656,
        136.2889772705327,
        136.30680938221855,
        136.3254151284869,
        136.34477473706272,
        136.36486951511026,
        136.38568078387462,
        136.4071907771413,
        136.42938277623233,
        136.4522400075689,
        136.4757467305463,
        136.49988721049942,
        136.52464672996877,
        136.55001086956446,
        136.57596582205292,
        136.60249807168364,
        136.62959460195327,
        136.6572429108707,
        136.68543047387112,
        136.71414585935142,
        136.7433774903795,
        136.7731142868531,
        136.803346149191,
        136.8340610558936,
        136.86525021773093,
        136.89690350323704,
        136.92901141290835,
        136.9615647384433,
        136.9945545333254,
        137.0279721107026,
        137.06180903376026,
        137.09605710663408,
        137.13070836570958,
        137.16575506999072,
        137.20118968971366,
        137.2370049126674,
        137.27319362372853,
        137.30974890137637,
        137.3466640114462,
        137.38393239899258,
        137.42154768359137,
        137.45950365166883,
        137.49779425379984,
        137.53641359666847,
        137.57535593849053,
        137.61461568401435,
        137.6541873796933,
        137.69406570890212,
        137.7342454876721,
        137.7747216602469,
        137.81548929501605,
        137.85654357932026,
        137.89787984227294,
        137.93949354176561,
        137.98137974434164,
        138.0235347953444,
        138.0659541145939,
        138.1086338956858,
        138.15156921639183,
        138.19475669031883,
        138.2381923762543,
        138.28187260592696,
        138.325792976923,
        138.3699511648539,
        138.41434221357352,
        138.45896343953237,
        138.50381133165456,
        138.54888252774109,
        138.59417377895517,
        138.63968190615086,
        138.68540379784946,
        138.7313364083092,
        138.77747675571484,
        138.82382192047206,
        138.8703690435018,
        138.91711532452635,
        138.96405802062912,
        139.01119444453636,
        139.0585219632306,
        139.10603799658097,
        139.15374001578903,
        139.20162554216378,
        139.24969214584283,
        139.2979374444342,
        139.34635910180774,
        139.39495482705297,
        139.44372237315923,
        139.49265953598905,
        139.5417641532315,
        139.59103410327762,
        139.64046730430525,
        139.6900617132831,
        139.73981532486613,
        139.78972617077102,
        139.83979231860937,
        139.8900118711833,
        139.940382965546,
        139.99090377230348,
        140.041572494692,
        140.09238736785943,
        140.1433466582234,
        140.19444866253875,
        140.24569170741057,
        140.29707414842136,
        140.348594369629,
        140.4002507827968,
        140.45204182680806,
        140.50396596711718,
        140.55602169511923,
        140.60820752751707,
        140.66052200572943,
        140.71296369543654,
        140.7655311860783,
        140.81822309029414,
        140.87103804342226,
        140.92397470293164,
        140.97703174809092,
        141.0302078793408,
        141.08350181804147,
        141.13691230586184,
        141.1904381044551,
        141.24407799489737,
        141.29783077753416,
        141.35169527134636,
        141.40567031363997,
        141.45975475976266,
        141.51394748254967,
        141.56824737221754,
        141.62265333572333,
        141.6771642966952,
        141.73177919494162,
        141.78649698616036,
        141.84131664159585,
        141.89623714789465,
        141.95125750653514,
        142.00637673379438,
        142.0615938603014,
        142.11690793078284,
        142.17231800388112,
        142.22782315174672,
        142.28342245993775,
        142.33911502703305,
        142.3948999644458,
        142.45077639618628,
        142.50674345858593,
        142.56280030014014,
        142.6189460812135,
        142.67517997385676,
        142.73150116160255,
        142.78790883912507,
        142.84440221229832,
        142.90098049776617,
        142.95764292279694,
        143.01438872520092,
        143.07121715293283,
        143.1281274641686,
        143.18511892694576,
        143.24219081899741,
        143.29934242766248,
        143.35657304969294,
        143.4138819909855,
        143.47126856661814,
        143.52873210050623,
        143.5862719253566,
        143.64388738252094,
        143.7015778217407,
        143.75934260112743,
        143.8171810869753,
        143.8750926535826,
        143.9330766831881,
        143.99113256582402,
        144.04925969911326,
        144.10745748822208,
        144.16572534572916,
        144.22406269144983
    ]
}