{
    "start": 0,
    "stop": 15,
    "levels": [
        136.19818421939357,
        136.1839621706362,
        136.17147001119727,
        136.16065194425028,
        136.15145412382157,
        136.14382453936915,
        136.13771311093373,
        136.13307176690194,
        136.12985373586594,
        136.12801490460382,
        136.12751175569352,
        136.12830350974988,
        136.13035044579848,
        136.1336144677114,
        136.1380591104682,
        136.14364887499406,
        136.1503502975502,
        136.15813076270348,
        136.16695912761693,
        136.17680534416638,
        136.18764059165989,
        136.19943711942886,
        136.21216824627152,
        136.22580830155798,
        136.24033256897184,
        136.2557172916107,
        136.27193965144343,
        136.2889772705327,
        136.30680938221806,
        136.3254151284869,
        136.3447747370481,
        136.36486951511026,
        136.38568078387394,
        136.4071907771415,
        136.42938277623233,
        136.45224000755428,
        136.47574673054703,
        136.49988721049942,
        136.52464672993915,
        136.55001086956358,
        136.57596582205292,
        136.60249807168364,
        136.62959460193898,
        136.6572429108707,
        136.68543047388692,
        136.71414585935142,
        136.74337749039418,
        136.77311428683672,
        136.803346149191,
        136.8340610558782,
        136.8652502177598,
        136.89690350323704,
        136.92901141290835,
        136.9615647384433,
        136.9945545333254,
        137.0279721107026,
        137.06180903376026,
        137.09605710663408,
        137.13070836570958,
        137.16575506999072,
        137.20118968971366,
        137.2370049126674,
        137.2731936237294,
        137.30974890137637,
        137.3466640114462,
        137.38393239897866,
        137.42154768359174,
        137.45950365166982,
        137.4977942537999,
        137.53641359666761,
        137.57535593849067,
        137.61461568402885,
        137.65418737969335,
        137.69406570890212,
        137.7342454876721,
        137.7747216602469,
        137.81548929503077,
        137.85654357932307,
        137.89787984227408,
        137.93949354176561,
        137.98137974434164,
        138.0235347953444,
        138.0659541145939,
        138.10863389567214,
        138.15156921640593,
        138.19475669031948,
        138.2381923762543,
        138.28187260591346,
        138.32579297690873,
        138.3699511648539,
        138.41434221355823,
        138.45896343953237,
        138.50381133165456,
        138.54888252774109,
        138.5941737789698,
        138.6396819061513,
        138.68540379784946,
        138.7313364083074,
        138.77747675571223,
        138.82382192047206,
        138.8703690435034,
        138.91711532454008,
        138.96405802062912,
        139.01119444453636,
        139.0585219632306,
        139.10603799658097,
        139.15374001577456,
        139.20162554216378,
        139.2496921458575,
        139.29793744441892,
        139.34635910180774,
        139.39495482705297,
        139.44372237315923,
        139.49265953598905,
        139.5417641532309,
        139.59103410327768,
        139.64046730431994,
        139.69006171326777,
        139.73981532486613,
        139.78972617077102,
        139.83979231860937,
        139.8900118711833,
        139.940382965546,
        139.99090377230348,
        140.041572494692,
        140.092387367858,
        140.14334665822133,
        140.19444866253986,
        140.2456917074104,
        140.29707414842136,
        140.34859436964175,
        140.4002507827968,
        140.45204182680806,
        140.50396596713347,
        140.55602169513256,
        140.60820752751707,
        140.66052200572943,
        140.71296369543654,
        140.7655311860783,
        140.81822309029414,
        140.87103804342226,
        140.92397470293164,
        140.97703174809092,
        141.0302078793535,
        141.08350181804147,
        141.13691230586184,
        141.1904381044551,
        141.24407799489737,
        141.29783077753424,
        141.35169527134636,
        141.40567031363997,
        141.4597547597622,
        141.51394748254967,
        141.56824737220262,
        141.62265333572333,
        141.6771642966952,
        141.73177919494162,
        141.78649698616036,
        141.84131664159585,
        141.89623714789465,
        141.95125750652025,
        142.00637673379438,
        142.06159386030225,
        142.11690793078284,
        142.17231800388112,
        142.22782315174717,
        142.28342245993775,
        142.33911502704788,
        142.39489996443055,
        142.45077639617057,
        142.50674345858593,
        142.56280030014014,
        142.6189460812135,
        142.67517997385676,
        142.73150116158786,
        142.78790883912507,
        142.84440221228544,
        142.90098049776708,
        142.95764292281132,
        143.01438872518665,
        143.07121715293488,
        143.12812746418297,
        143.18511892695946,
        143.24219081899741,
        143.29934242767808,
        143.35657304969294,
        143.4138819909855,
        143.4712685666035,
        143.52873210050623,
        143.5862719253566,
        143.64388738252094,
        143.701577821725,
        143.75934260112743,
        143.81718108696268,
        143.87509265358275,
        143.9330766831881,
        143.99113256582402,
        144.0492596991141,
        144.10745748822208,
        144.16572534572916,
        144.2240626914509
    ]
}