{
    "start": 0,
    "stop": 7,
    "anchors": [],
    "levels": [
        184.25139745443383,
        183.08075864195112,
        181.9352360696421,
        180.8146919558017,
        179.7189713564429,
        178.64793148096967,
        177.60141046329946,
        176.57926157837372,
        175.58131034709697,
        174.60734545940426,
        173.6557651940045,
        238.84309269773325,
        171.7968195676106,
        231.19014244409854,
        227.3611529619184,
        223.76863105108328,
        168.24636660713622,
        216.68311329366546,
        212.6711550426415,
        208.46604940563742,
        204.70648442914205,
        201.1958813492607,
        197.92622227687175,
        194.88389070833853,
        192.05388187344465,
        189.42131411445632,
        186.97210723719186,
        184.69245838104536,
        182.55568253017054,
        180.7701014386006,
        178.65409154864795,
        176.87140389534707,
        175.19021480331617,
        173.60346452418383,
        172.0396259750326,
        170.43371975639562,
        168.8285573934908,
        167.252355980905,
        165.71918090476908,
        164.23579672968611,
        162.8052662012271,
        161.4287070015913,
        160.10641094192877,
        158.83842649321718,
        157.6243371837183,
        156.46306985252738,
        155.35314699175962,
        154.29298214229254,
        153.28082929391294,
        152.3147996199625,
        151.39297827454845,
        150.51351349484764,
        149.6746518684709,
        148.87466902754872,
        148.111879674948,
        147.38462582136015,
        146.69135362451595,
        146.03062355243182,
        145.40103619196398,
        144.80123911092997,
        144.2299740363017,
        143.6860219204714,
        143.16819396225588,
        142.675329268272,
        142.20632472214083,
        141.76011711505035,
        141.33570096980995,
        140.93210790945142,
        140.54842555194347,
        140.18378078270962,
        139.8373482541812,
        139.50834427267995,
        139.19602573116777,
        138.89968940774733,
        138.61867006236824,
        138.35234654004418,
        138.10010977536868,
        137.86141329965358,
        137.63572897397341,
        137.42255824335444,
        137.2214347439676,
        137.03191585337288,
        136.85358378758497,
        136.68604340024132,
        136.5289203871156,
        136.38190526405953,
        136.2450381796324,
        136.11826853938146,
        136.00133186847887,
        135.89386170843636,
        135.79542972137585,
        135.7055626538715,
        135.62375965348878,
        135.54950219153915,
        135.48227603089103,
        135.42159312563388,
        135.36701898588433,
        135.3182000770659,
        135.27489734335973,
        135.23701592842608,
        135.2046281023283,
        135.17797630331205,
        135.15743538005557,
        135.14343196329935,
        135.13634700436927,
        135.13644040138223,
        135.1438260840312,
        135.15846529282783,
        135.1801812266837,
        135.20866997282192,
        135.2435049557314,
        135.28413236264555,
        135.32985405290376,
        135.37979504493353,
        135.4328707231286,
        135.48782866650015,
        135.5434712600715,
        135.59893735322484,
        135.65376395016006,
        135.70775905927388,
        135.76242722169553,
        135.82150781064877,
        135.88495686012286,
        135.95254736502238,
        136.02406326201032,
        136.099308987276,
        136.17811241506962,
        136.26033012640085,
        136.34584305252872,
        136.43455569115525,
        136.52639102920642,
        136.62128940480653,
        136.7192020147444,
        136.820090023528,
        136.92392193899366,
        137.0306710557736,
        137.14031351507356,
        137.25282894155032,
        137.3681982056147,
        137.48640252611722,
        137.6074233390982,
        137.73124327733424,
        137.85784604640043,
        137.98721031853407,
        138.11932265506292,
        138.25416497528042,
        138.39172110680474,
        138.53197344583367,
        138.67490569909643,
        138.82050138277594,
        138.96874458652636,
        139.119616211942,
        139.27309864449524,
        139.42917144988144,
        139.5878129804866,
        139.74900001469047,
        139.91270473017113,
        140.07889983919165,
        140.24755313722807,
        140.41862792174123,
        140.5920850374293,
        140.76787874428916,
        140.9459588439813,
        141.12625774478158,
        141.3087057706694,
        141.49324299972486,
        141.67982550494332,
        141.86840097705158,
        142.0589162535715,
        142.25130527554705,
        142.44548029737405,
        142.64136924301,
        142.8389067705907,
        143.03805748878696,
        143.23879493748856,
        143.44348738407956,
        143.64765426497414,
        143.85028056718602,
        144.06046415982811,
        144.26907042763378,
        144.4791171392508,
        144.6905835934234,
        144.9034480057561,
        145.11768830714624,
        145.3332852907268,
        145.5502147163623,
        145.76845535158105,
        145.98798490884525,
        146.2087802107851,
        146.4308225712377,
        146.6540859996361,
        146.87854858529556,
        147.1041879994226,
        147.33098078056452,
        147.55890414427546,
        147.78793474571694,
        148.01804904073862,
        148.24922131932075,
        148.48142968877735,
        148.71465310505485,
        148.94887008765318
    ]
}