{
    "start": 0,
    "stop": 12,
    "levels": [
        109.5499724169925,
        99.20600358097457,
        95.32100886461505,
        93.3293436539172,
        92.10711843183114,
        91.31144302822679,
        90.87273088872684,
        90.67806687847997,
        90.65774074715375,
        90.75925111354886,
        90.9245175286145,
        91.11695452412478,
        91.32785336334034,
        91.55128029020965,
        91.78226287100566,
        92.01693353571726,
        92.25244463685002,
        92.48676820571745,
        92.71849706381623,
        92.94668397824097,
        93.1707180992319,
        93.39022538223233,
        93.60497372478429,
        93.81489605867601,
        94.02013139664953,
        94.2208683008747,
        94.41731109615353,
        94.60964297416558,
        94.79803226218709,
        94.98263438746086,
        95.16358748111321,
        95.34102550537065,
        95.51507844280916,
        95.68587175897673,
        95.85352610371307,
        96.01815718084009,
        96.17987573492852,
        96.33878761226259,
        96.49499387989647,
        96.64859097625012,
        96.7996708874494,
        96.94832132862416,
        97.09462593856261,
        97.23866446990306,
        97.38051297883646,
        97.52024401185753,
        97.65792678269668,
        97.79362734636473,
        97.9274087637497,
        98.05933125637486,
        98.18945236012392
    ]
}