{
    "nbins": 50,
    "range_": [
        0.0,
        12.0
    ],
    "nburnin": 100,
    "nsamples": 100000,
    "nrepeats": 100,
    "seed": 0,
    "step_size": 0.5,
    "prob_eye": 0.1,
    "yields": [
        937,
        7426,
        52017,
        215754,
        522931,
        876758,
        1136595,
        1228346,
        1176270,
        1030006,
        850390,
        675281,
        521275,
        398487,
        301023,
        226914,
        169734,
        129866,
        99648,
        77601,
        59037,
        46416,
        36687,
        29053,
        23130,
        18769,
        15082,
        12028,
        10162,
        8322,
        6724,
        5562,
        4614,
        3959,
        3332,
        2716,
        2288,
        1987,
        1661,
        1494,
        1228,
        1029,
        935,
        676,
        635,
        554,
        486,
        419,
        416,
        321
    ],
    "errors": [
        55.94023596660993,
        169.80353353213826,
        487.6454757300635,
        1033.294169150296,
        1580.5016260668638,
        1864.4093863741407,
        2105.4079770913763,
        2130.789252835672,
        1663.1010191807345,
        1809.442356086537,
        1458.3000377151473,
        1432.9101123238684,
        1073.59245060684,
        1156.971611579126,
        816.890268028699,
        793.322153982857,
        654.348867195474,
        587.513778561831,
        456.4701085503847,
        472.89849862311894,
        347.7000287604244,
        346.1494474934201,
        309.83432669734964,
        263.59990515931526,
        238.6608472288658,
        213.5916430949489,
        192.1217322428673,
        195.48953936208454,
        174.32027994470414,
        133.96701086461545,
        130.17772466900783,
        124.92221579847198,
        97.13928144679682,
        93.4354857642427,
        89.67586074301155,
        86.24059368997874,
        65.39541268315384,
        70.16630245352823,
        55.47783341119227,
        57.945146474920584,
        46.52053310098671,
        55.23214643665409,
        43.91753636077506,
        39.3984771279297,
        37.34635189680512,
        33.894542333538006,
        32.86396202529452,
        27.881714437960966,
        28.800000000000004,
        23.464654269773497
    ]
}