{
    "start": 0,
    "stop": 12,
    "levels": [
        91.96152206696839,
        91.9563251844366,
        91.9740327686384,
        92.01130561383255,
        92.06541400398417,
        92.1339961912714,
        92.21517517417493,
        92.30733333102644,
        92.40914250277189,
        92.51948785927163,
        92.63739313876775,
        92.76210428573228,
        92.89288971768805,
        93.0291624565673,
        93.17039578543002,
        93.31619839827607,
        93.46615750287353,
        93.61989601794147,
        93.77718467837299,
        93.93766298614293,
        94.10117690802215,
        94.26739797435873,
        94.43626309246336,
        94.60752648497865,
        94.78113745996387,
        94.95670294104676,
        95.13442181705355,
        95.31391294596553,
        95.49514067538898,
        95.67806346971182,
        95.86252614874363,
        96.04863592004297,
        96.23597529529121,
        96.42465019366396,
        96.61464992991152,
        96.80586837300845,
        96.99824915297874,
        97.19172361836789,
        97.38627943378793,
        97.58179423769373,
        97.77836584069259,
        97.97576380179628,
        98.17403115316777,
        98.37317457478588,
        98.57315009947601,
        98.77389346833115,
        98.97543067476394,
        99.17762471200228,
        99.38063088777423,
        99.58414687465444,
        99.78838989158056
    ]
}