{
    "yield_pre": 2.6171897474389727,
    "error_pre": 1.508472705025918
}