{
    "yield_post": 2.350875390982325,
    "error_post": 0.9499851119669581
}