{
    "yield_linear": 2.6199657141900756,
    "error_linear": 1.4898915021087948,
    "error_log": 0.5686683203674571
}