{
    "yield_pre": 5.74008034392611,
    "error_pre": 1.0160522372380862
}