{
    "start": 2,
    "stop": 12,
    "anchors": [],
    "levels": [
        59.39849981439861,
        58.85424543787539,
        58.3326806806885,
        57.832670291627274,
        57.35317900179029,
        56.893227091209425,
        56.451891056990156,
        56.02830273987108,
        55.62166799411654,
        55.23127924704215,
        54.85644158006049,
        54.496480529639996,
        54.150751682115995,
        53.81863823522623,
        53.49955309417632,
        53.192938638437255,
        52.898264686316175,
        52.615024994485054,
        52.34274158864886,
        52.08095791666506,
        51.829238744473976,
        51.58717303158683,
        51.35436808695127,
        51.1304502933139,
        50.91506518027281,
        50.70787448602958,
        50.508557073430815,
        50.316805917094534,
        50.13233012207128,
        49.95485122725739,
        49.78410463629382,
        49.61983871105392,
        49.4618114830992,
        49.30979452024552,
        49.16356819492494,
        49.02292303559679,
        48.88765817258528,
        48.75758163320141,
        48.632507900795545,
        48.512259254152305,
        48.396661586596124,
        48.2855479666837,
        48.178753299517766,
        48.07611425050166,
        47.97746538689783,
        47.88262617619498,
        47.77544544446228,
        47.689922287126294,
        47.60793692421151,
        47.529368157513446,
        47.45410104837187,
        47.382034700559515,
        47.31308225047104,
        47.247178400817724,
        47.184287393700785,
        47.12440893694289,
        47.0676134307771,
        47.01403886323498,
        46.96378933023337,
        46.916887711828956,
        46.873309387764685,
        46.833003453433875,
        46.7959172629453,
        46.76199050222502,
        46.73116160775321,
        46.70336892741046,
        46.67854975570164,
        46.65664295993584,
        46.637587582472804,
        46.621323417931166,
        46.60779112997462,
        46.596932636455776,
        46.588689843337576,
        46.583006838722824,
        46.5798283017104,
        46.57909998777893,
        46.58076879683961,
        46.584782538645996,
        46.591090268760006,
        46.59964205894079,
        46.6103890419731,
        46.623283399043856,
        46.63827834604557,
        46.65532811936756,
        46.6743879611479,
        46.69541456009078,
        46.71836459633095,
        46.74319646671452,
        46.76986931125239,
        46.798343194016226,
        46.828579736866686,
        46.86053977003078,
        46.894186467793425,
        46.92948341660007,
        46.96639503479495,
        47.00488655471144,
        47.044924004623894,
        47.08647419081598,
        47.12950462503036,
        47.17398371324092,
        47.2198804404161,
        47.267164545464134,
        47.315806457954295,
        47.36577728222383,
        47.417048782458146,
        47.46959336878935,
        47.523384740200584,
        47.57839549154351,
        47.634600348079346,
        47.69197415670435,
        47.75049233577363,
        47.810130418912976,
        47.87086587241109,
        47.93267559976129,
        47.995536214985876,
        48.05942687422078,
        48.124325481815376,
        48.190211260184725,
        48.257063738708354,
        48.32486289788888,
        48.39358965737037,
        48.46322399106806,
        48.5337475712546,
        48.605142084826284,
        48.67738961985074,
        48.75047265530964,
        48.82437405101995,
        48.89907716887615,
        48.97456535332071,
        49.05082279576062,
        49.12783358106552,
        49.205582415863006,
        49.28405424821426,
        49.363234343387,
        49.44310871318302,
        49.52366241904234,
        49.6048820058778,
        49.68675392455431,
        49.76926521052038,
        49.852402322156095,
        49.936152771471214,
        50.02050412333799,
        50.1054440692456,
        50.19096073939814,
        50.27704192630294,
        50.36367671209889,
        50.45085397515041,
        50.53856218565765,
        50.62679034935646,
        50.71552788546932,
        50.804764697083144,
        50.89449032681497,
        50.98469436660233,
        51.07536748905119,
        51.16650024092226,
        51.258082198771646,
        51.35010470284652,
        51.442558429756076,
        51.535434391310915,
        51.62872411304171,
        51.7224182152956,
        51.816508532308504,
        51.91098654556967,
        52.005844046133134,
        52.10107343689516,
        52.196666261148394,
        52.2926148562985,
        52.38891080770044,
        52.48554791340851,
        52.58251805915244,
        52.67981393697852,
        52.77742955567109,
        52.875354999743735,
        52.973586113316884,
        53.072114490961994,
        53.17093380111639,
        53.27003756155353,
        53.3694184776915,
        53.469070670867275,
        53.56898809264188,
        53.669164090134174,
        53.76959202351165,
        53.87026613285102,
        53.97118039892864,
        54.072328758055164,
        54.17370688633345,
        54.27530923363891,
        54.37712982123074,
        54.47916396246599,
        54.58140603942569,
        54.683852375498184,
        54.78649752939155,
        54.889336776424614,
        54.99236548328117,
        55.095579106236485,
        55.1989749140078,
        55.302545262572195,
        55.40628684088521,
        55.510196639334424,
        55.61426994190221,
        55.71850267517681
    ]
}