{
    "nbins": 50,
    "range_": [
        30.0,
        100.0
    ],
    "nburnin": 100,
    "nsamples": 100000,
    "nrepeats": 100,
    "seed": 0,
    "step_size": 0.5,
    "prob_eye": 0.1,
    "yields": [
        0,
        0,
        0,
        0,
        3,
        21,
        176,
        809,
        3359,
        11415,
        34698,
        86393,
        189599,
        355544,
        575572,
        805826,
        991672,
        1075303,
        1057879,
        950450,
        806224,
        655882,
        527272,
        421060,
        336465,
        268374,
        213030,
        165353,
        127198,
        97262,
        71942,
        52942,
        37202,
        26294,
        18163,
        12629,
        8510,
        5630,
        3650,
        2392,
        1563,
        917,
        569,
        293,
        164,
        134,
        67,
        52,
        21,
        11
    ],
    "errors": [
        0.0,
        0.0,
        0.0,
        0.0,
        1.7058722109232005,
        6.677574409918621,
        22.366045694310827,
        51.09001859463352,
        109.92811287382312,
        209.26717372774925,
        338.7653465158442,
        621.2266172661955,
        910.1763510441259,
        1297.9763634211522,
        1431.997960892403,
        1832.0581977655625,
        1936.6001549106618,
        1832.0641118694512,
        1914.8364394903294,
        1593.2887371722677,
        1681.2305731219617,
        1474.987715203079,
        1197.3730245834004,
        1136.0774621477183,
        1072.977516073846,
        963.4600354970621,
        742.6230537762747,
        648.5282646114972,
        556.3793310323454,
        563.7123025090015,
        521.4291514673879,
        421.7112282119127,
        343.0276373705186,
        251.74518863326864,
        224.06987749360692,
        182.03458462610885,
        151.594854793954,
        125.4312560727987,
        107.20541031123383,
        74.29239530396094,
        61.86525680864826,
        46.60590091394007,
        37.19395112111644,
        26.916723426152753,
        15.844241856270699,
        17.732456118654294,
        12.414104881142254,
        12.843675486401862,
        7.251896303726357,
        4.87749935930288
    ]
}