{
    "start": 0,
    "stop": 50,
    "levels": [
        65.54026197646003,
        65.52808281460801,
        65.5162584325239,
        65.50478968105465,
        65.4936802281753,
        65.48293216584216,
        65.47255243071581,
        65.46254625621805,
        65.45292338872166,
        65.44369355082415,
        65.43486928780803,
        65.42646538061294,
        65.4184977546799,
        65.4109848769192,
        65.40394821902655,
        65.39740992411353,
        65.39139331717075,
        65.38592335598685,
        65.38102483473193,
        65.37672282602769,
        65.37304118924695,
        65.37000322822362,
        65.36763027495249,
        65.36594219300365,
        65.36495705870803,
        65.36468997912428,
        65.36515560294035,
        65.36636515850356,
        65.3683291361371,
        65.37105590410786,
        65.37455164425853,
        65.37882292913386,
        65.38387355891182,
        65.38970666299097,
        65.39632437586302,
        65.40372794433195,
        65.41191782942275,
        65.4208937950694,
        65.43065494443462,
        65.44119983071899,
        65.45252598289376,
        65.46463194385144,
        65.47751444293198,
        65.49117028300375,
        65.50559597999933,
        65.52078783607048,
        65.53674142449489,
        65.55345228542905,
        65.57091626016219,
        65.58912844947005,
        65.60808341013214,
        65.62777665774387,
        65.6482028478536,
        65.66935669082093,
        65.69123277332017,
        65.71382562933212,
        65.73712984285714,
        65.76114001965968,
        65.78585084955206,
        65.81125703709952,
        65.83735318899338,
        65.86413456999693,
        65.89159599384135,
        65.91973268401875,
        65.94854007684984,
        65.97801379299868,
        66.00814963000862,
        66.03894356164997,
        66.07039183317309,
        66.10249082116906,
        66.13523710454487,
        66.16862740758316,
        66.20265864859024,
        66.23732798049953,
        66.27263273966356,
        66.30857000311975,
        66.34513776916734,
        66.38233340766593,
        66.42015456451668,
        66.45859933230193,
        66.49766489034621,
        66.53735001770136,
        66.57765249894193,
        66.61857002009656,
        66.66010048193871,
        66.70224246375571,
        66.74499368799063,
        66.78835259984474,
        66.83231714206087,
        66.87688550240091,
        66.92205566742683,
        66.9678257843475,
        67.0141939415279,
        67.06115817321262,
        67.10871611226446,
        67.1568666586065,
        67.20560745789106,
        67.25493653004007,
        67.30485187797058,
        67.35535148728745,
        67.4064333262266,
        67.45809534567931,
        67.51033547932933,
        67.56315164392599,
        67.61654173967824,
        67.67050365081496,
        67.72503529767206,
        67.78013443709763,
        67.83579895323749,
        67.89202667041616,
        67.94881540514075,
        68.0061629634333,
        68.06406712399351,
        68.12252600171588,
        68.18153641788317,
        68.24109708755756,
        68.3012054424401,
        68.36185923212656,
        68.42305619254766,
        68.48479405591657,
        68.54707054931293,
        68.60988339575051,
        68.6732301714384,
        68.73710887305681,
        68.80151708157183,
        68.86645248048897,
        68.93191288759634,
        68.99789590223381,
        69.06439924743918,
        69.1314204580001,
        69.19895787574612,
        69.26700823266185,
        69.33557036276596,
        69.40464114408064,
        69.4742185257252,
        69.54430019004036,
        69.61488397814001,
        69.68596756317544,
        69.75754807664721,
        69.82962439540859,
        69.90219371394973,
        69.97525377746777,
        70.04880233640901,
        70.12283714618096,
        70.19735596852573,
        70.27235657142643,
        70.3478367137527,
        70.42379420140392,
        70.50022681079142,
        70.57713233693038,
        70.65450858036326,
        70.73235334937814,
        70.81066445980714,
        70.88943982987736,
        70.96867710244575,
        71.04837420707891,
        71.12852898968558,
        71.20913930396878,
        71.29020301158397,
        71.37171798230635,
        71.4536820937438,
        71.53609322883177,
        71.61894927262753,
        71.70224813372977,
        71.78598777299766,
        71.87016651131466,
        71.95478149612049,
        72.03983059343201,
        72.12531257870413,
        72.21122526935186,
        72.29756591605556,
        72.38433313348548,
        72.47152467014917,
        72.55913863031768,
        72.6471730435689,
        72.73562580507723,
        72.82449465054925,
        72.91377809400724,
        73.00347411453626,
        73.09358034359647,
        73.18409519771186,
        73.27501664321741,
        73.366342722305,
        73.45807150674813,
        73.55020107564644,
        73.64272951397604,
        73.73565491319991,
        73.8289753712344,
        73.9226889922162,
        74.01679388621972,
        74.11128812618665,
        74.20616991796372,
        74.30143734468632,
        74.39708853574831,
        74.49312162404885,
        74.58953474528562,
        74.68632603718848,
        74.78349363858862,
        74.88103571905674,
        74.97895035594175,
        75.07723572066654
    ]
}