{
    "start": 5,
    "stop": 45,
    "anchors": [],
    "levels": [
        94.98721843512814,
        94.71775282328561,
        94.44235301060337,
        94.16057518640173,
        93.87184893845281,
        93.57525072611223,
        93.2698193080067,
        92.95475486060377,
        92.62945526175908,
        92.29340683363739,
        91.94603308340396,
        91.58656256974562,
        91.21389481768183,
        90.82649332913871,
        90.42237049610333,
        90.00567491033058,
        89.58849039889742,
        89.17676576770322,
        88.77293762202896,
        88.378264212684,
        87.99350026709322,
        87.6191388016782,
        87.25551059280866,
        86.9028452126096,
        86.56128304326376,
        86.23090917494694,
        85.91175897592457,
        85.6038272774904,
        85.30707390695903,
        85.02143140199787,
        84.74680605088126,
        84.48308406677393,
        84.23013332221367,
        83.98780557642874,
        83.75593954593853,
        83.53436237595902,
        83.32289145534583,
        83.1213363199119,
        82.92949828818453,
        82.74717414823519,
        82.57415532269418,
        82.41022935161733,
        82.25518056955792,
        82.10879139720433,
        81.97084156109929,
        81.84111087582018,
        81.7193773798217,
        81.6054205513764,
        81.49901965233485,
        81.39995553589901,
        81.30801044429249,
        81.22297034312103,
        81.14462190151208,
        81.07275622439445,
        81.00716710423167,
        80.94765282403331,
        80.89401509189199,
        80.8460599774362,
        80.8035961091464,
        80.7664375732091,
        80.73440172357381,
        80.70730891994717,
        80.68498286590831,
        80.66725002748714,
        80.65393883194876,
        80.64487938011379,
        80.63990298059409,
        80.63884162782455,
        80.64152738371158,
        80.64779226112607,
        80.65746596725624,
        80.67037980746228,
        80.68636391095617,
        80.70525008217021,
        80.72687339226738,
        80.75107425200837,
        80.77770280871026,
        80.80661955241492,
        80.83769808381463,
        80.87082671929117,
        80.90590755781294,
        80.94285672561762,
        80.98160181174123,
        81.02208013282058,
        81.06423748052143,
        81.1080259149089,
        81.1534020612085,
        81.20032667193176,
        81.24876186050861,
        81.29867196929354,
        81.35002204286569,
        81.40277752321217,
        81.4569038608528,
        81.51236634367105,
        81.56912991488119,
        81.6271589227646,
        81.68641722935338,
        81.746868064036,
        81.80847413955023,
        81.87119765671038,
        81.93500009226692,
        81.9998427370033,
        82.06568645102222,
        82.13249171478022,
        82.20021882260065,
        82.26882797509732,
        82.33827938392845,
        82.40853356682277,
        82.47955086896408,
        82.55129239262595,
        82.6237196399051,
        82.69679472038258,
        82.77048041055083,
        82.84474014662803,
        82.91953791227584,
        82.99483796354377,
        83.07060429803595,
        83.14679983335506,
        83.22339316544875,
        83.30036509464195,
        83.37769928298165,
        83.4553784214969,
        83.53338120586761,
        83.61168651498285,
        83.69027395055093,
        83.76912382067846,
        83.84821712374294,
        83.92753553248045,
        84.00706137826546,
        84.08677763558266,
        84.16666790664051,
        84.24671640616715,
        84.3269079462945,
        84.40722792159274,
        84.48766229423764,
        84.56819757925452,
        84.64882082992897,
        84.72951962329607,
        84.81028204577781,
        84.89109667892373,
        84.97195258531528,
        85.05283929457507,
        85.13374678953949,
        85.2146654925731,
        85.29558625205358,
        85.37650032902029,
        85.4573993839817,
        85.53827546392097,
        85.61912098948116,
        85.6999287423496,
        85.78069185281863,
        85.86140378760632,
        85.94205833781486,
        86.02264960717234,
        86.10317200045715,
        86.18362021215903,
        86.26398921538153,
        86.34427425096622,
        86.42447081687205,
        86.50457465777644,
        86.58458175495673,
        86.66448831639195,
        86.74429076714233,
        86.82398573997826,
        86.9035700662649,
        86.98304076712384,
        87.06239504484375,
        87.1416302738947,
        87.22074388394358,
        87.29973332971421,
        87.37859604590372,
        87.45732970402446,
        87.53593206663322,
        87.61440128108794,
        87.69273516015005,
        87.77093191437123,
        87.84898962536951,
        87.9269070097635,
        88.00468228492824,
        88.08231407789881,
        88.15980133889852,
        88.23714231890472,
        88.31433606774445,
        88.39138150998488,
        88.46827763375421,
        88.5450235042198,
        88.62161825700997,
        88.69806091943627,
        88.77435109624192,
        88.85048802544009,
        88.92647102190197,
        89.0022994981534,
        89.07797299742312,
        89.1534910619758,
        89.22885325136245,
        89.30405929456771,
        89.37910852433649,
        89.45400144932059,
        89.52873734170839,
        89.60331584227394,
        89.68606978459698
    ]
}