{
    "yield_post": 2.056766973926529,
    "error_post": 0.45893938243802396
}