{
    "yield_post": 2.056766972307938,
    "error_post": 0.45893930265844707
}