{
    "start": 15,
    "stop": 120,
    "anchors": [],
    "levels": [
        71.99566738154532,
        71.09349710477639,
        70.22620145843291,
        69.39511600371847,
        68.60151452115264,
        67.8466250956996,
        67.13164868336284,
        66.45779151910365,
        65.82632105962513,
        65.23865496730869,
        64.69645511278597,
        64.2016676375978,
        63.75644901944911,
        63.36297924855573,
        63.02318066531404,
        62.738431336227826,
        62.51602442804712,
        62.35752303615115,
        62.243656909819705,
        62.16422413725105,
        62.13828760062021,
        62.21019378633426,
        62.35121683660861,
        62.54181679084475,
        62.77809533572821,
        63.05812469666358,
        63.38012043328672,
        63.74238681816884,
        64.14296355080262,
        64.5792017274934,
        65.05024509022442,
        65.55580990945775,
        66.09557781316026,
        66.66864878883783,
        67.27386580248714,
        67.91093848506605,
        68.57975832473731,
        69.28014720259421,
        70.01179722785362,
        70.77419174157632,
        71.56660766929924,
        72.38842654056414,
        73.23896830314274,
        74.1174151230007,
        75.02281775943025,
        75.95414753341323,
        76.91038684173981,
        77.89063201380094,
        78.89402888426791,
        79.91966485855204,
        80.96663539659228
    ]
}