{
    "start": 0,
    "stop": 80,
    "levels": [
        65.10255275789663,
        65.11541437689067,
        65.1292091404005,
        65.14389316189305,
        65.15943526674579,
        65.17581541761322,
        65.19302395127848,
        65.21105831236727,
        65.2299233898915,
        65.24962916644161,
        65.27019031309771,
        65.29162477636797,
        65.31395444943064,
        65.33720245485247,
        65.3613951369015,
        65.38655807897771,
        65.41271998986545,
        65.43990875813458,
        65.46815172139699,
        65.4974771529835,
        65.52791159828377,
        65.55948101530353,
        65.59220871112197,
        65.62611794330886,
        65.66122873197887,
        65.69755905794754,
        65.73512418246113,
        65.77393640594974,
        65.814004691839,
        65.85533431005585,
        65.89792611192634,
        65.94177639252216,
        65.98687368302869,
        66.03320075791862,
        66.0807285804788,
        66.1294126263707,
        66.17919464666875,
        66.2300543390018,
        66.28198791288386,
        66.33499173359382,
        66.38906285067836,
        66.44419643253931,
        66.50038936270548,
        66.55763722364983,
        66.61593664304378,
        66.67528341100683,
        66.73567331773671,
        66.79710217127473,
        66.85956618697949,
        66.92306065271669,
        66.98758137261808,
        67.05312409270078,
        67.1196844534812,
        67.18725822639954,
        67.25584000552611,
        67.32542640145064,
        67.39601279545053,
        67.46759397002063,
        67.54016517328218,
        67.61372269939292,
        67.6882613709532,
        67.76377635872211,
        67.84026340672351,
        67.9177177688886,
        67.99613398760765,
        68.0755084258072,
        68.15583573510008,
        68.23711124837531,
        68.3193306169028,
        68.40248884519653,
        68.48658117159965,
        68.57160308159388,
        68.65754925070152,
        68.74441605536653,
        68.83219876967675,
        68.92089159023668,
        69.01049109152065,
        69.10099232170602,
        69.19239074235546,
        69.28468182041917,
        69.37786106272864,
        69.4719240095371,
        69.56686622915377,
        69.66268332564297,
        69.75937093966868,
        69.85692474396356,
        69.95534042550133,
        70.0546136983853,
        70.15474042904629,
        70.25571639745455,
        70.35753762944101,
        70.46019964483894,
        70.56369861950195,
        70.66803053886673,
        70.7731914262809,
        70.87917734747398,
        70.9859844132365,
        71.09360878806692,
        71.20204668424765,
        71.31129392964104,
        71.42134739565284,
        71.53220314523391,
        71.64385753260392,
        71.7563069501512,
        71.86954782716927,
        71.98357662972423,
        72.09838986985446,
        72.21398417979556,
        72.33035591287384,
        72.44750179597082,
        72.56541849228623,
        72.68410267004427,
        72.8035510317166,
        72.92376031424456,
        73.04472729283887,
        73.16644876096143,
        73.28892154491584,
        73.41214217456685,
        73.53610808109545,
        73.66081591194971,
        73.78626259497112,
        73.91244574868583,
        74.03936037599625,
        74.16700537526634,
        74.29537706782648,
        74.42447253208839,
        74.55428870413493,
        74.68482297241349,
        74.81607220888151,
        74.94803338462239,
        75.0807038347496,
        75.21408058645528,
        75.34816076712512,
        75.48294150783613,
        75.61842010542978,
        75.75459377768998,
        75.89145972264025,
        76.02901486891923,
        76.16725697405133,
        76.30618268983879,
        76.44578964168217,
        76.58607481622893,
        76.72703580227983,
        76.86866981954091,
        77.01097419580907,
        77.15394597201023,
        77.29758279874132,
        77.4418814265099,
        77.5868398853467,
        77.73245530845793,
        77.87872504350712,
        78.0256464648516,
        78.1732169365493,
        78.32143338635039,
        78.47029401461704,
        78.61979586083126,
        78.76993633023406,
        78.92071302680867,
        79.07212302462645,
        79.22416441716558,
        79.37683328631354,
        79.53012851110196,
        79.68404771458245,
        79.8385870821081,
        79.99374411771738,
        80.14951772933856,
        80.30590432608408,
        80.46290193175847,
        80.62050753357187,
        80.77871922378586,
        80.93753409228442,
        81.09694997160442,
        81.25696431726237,
        81.41757485906585,
        81.57877878052332,
        81.74057386612,
        81.90295727394744,
        82.06592759542863,
        82.22948129211663,
        82.39361668994665,
        82.55833103497142,
        82.72362221188405,
        82.88948770108803,
        83.0559251250557,
        83.22293211301607,
        83.39050630820917,
        83.55864554782633,
        83.7273469164293,
        83.89660862619802,
        84.06642813256794,
        84.2368033775483,
        84.40773146877139,
        84.57921043507672,
        84.75123793600076,
        84.9238116696338,
        85.0969293388693,
        85.27058834736363,
        85.44478700997898,
        85.61952241259324,
        85.79479280163162,
        85.97059534257427
    ]
}