{
    "yield_post": 973.7653332279464,
    "error_post": 26.26500153090573
}