{
    "yield_post": 7.181193387241033,
    "error_post": 1.7604112203381104
}