{
    "start": 0,
    "stop": 40,
    "anchors": [
        36.0
    ],
    "levels": [
        75.93046703925825,
        68.77908350951586,
        68.07460612489388,
        67.49885079472233,
        67.05513792388706,
        66.74322815281207,
        66.55960683214784,
        66.49812879368842,
        66.55070412570737,
        66.70759558612589,
        66.95658750857598,
        67.28350094812421,
        67.65645449633516,
        67.97656917994469,
        68.23165282711822,
        68.4487501002911,
        68.63995905263675,
        68.8121207533043,
        68.96943738946767,
        69.1147372159403,
        69.25004399042807,
        69.3768704354895,
        69.49638433683629,
        69.60951089801105,
        69.71699829781527,
        69.81946217377639,
        69.91741587730583,
        70.01129340939218,
        70.10146514009892,
        70.18825024150507,
        70.27192604117755,
        70.352735232471,
        70.43089163924901,
        70.50658459188422,
        70.57998295918813,
        70.65123777986084,
        70.72048489966954,
        70.78784697167382,
        70.8534351867212,
        70.9173505735219,
        70.97968541037801,
        71.04052411323401,
        71.0999441526908,
        71.15801681148365,
        71.21480783850421,
        71.27037800966032,
        71.32478366817207,
        71.37807706443044,
        71.43030681468922,
        71.48151826423161,
        71.53175362877175
    ]
}