{
    "start": 0,
    "stop": 25,
    "levels": [
        68.9426255983393,
        68.91154381307243,
        68.88169952844848,
        68.85309086098367,
        68.82571654302527,
        68.79957328957676,
        68.77465806751957,
        68.75096699714652,
        68.72849572913856,
        68.70723927544482,
        68.68719279913441,
        68.66835040007119,
        68.65070609966475,
        68.63425369393553,
        68.6189865449098,
        68.60489771167217,
        68.59197998987918,
        68.58022592347079,
        68.569627822048,
        68.56017777749547,
        68.55186776471582,
        68.54468933531636,
        68.53863410708513,
        68.53369360768066,
        68.52985848745297,
        68.52711985865793,
        68.52546911183437,
        68.52489712213566,
        68.52539437401806,
        68.5269515849619,
        68.52955926417148,
        68.53320807735899,
        68.53788813140305,
        68.54358997759806,
        68.55030420005667,
        68.55802009614682,
        68.56672901302586,
        68.57642078260139,
        68.58708525093923,
        68.59871329359507,
        68.61129478301852,
        68.62481999023433,
        68.63927911170924,
        68.65466238843698,
        68.67096039110558,
        68.68816268501033,
        68.70625989488158,
        68.7252426935712,
        68.74510126918241,
        68.76582606334286,
        68.78740756664445,
        68.80983632203387,
        68.83310292821604,
        68.85719804284477,
        68.88211238550669,
        68.90783674050383,
        68.93436195944228,
        68.96167896363531,
        68.98977915896327,
        69.01865279659037,
        69.04829144033495,
        69.07868581536329,
        69.1098281505973,
        69.14170937569826,
        69.17432095319974,
        69.20765442835044,
        69.24170142988828,
        69.27645367165357,
        69.31190295349339,
        69.34804139314996,
        69.38486029185765,
        69.42235352094815,
        69.46050985775295,
        69.4993244236402,
        69.53878863221937,
        69.57889495102715,
        69.61963582907242,
        69.66100347494753,
        69.70299143482485,
        69.74559232137767,
        69.78879815731965,
        69.83260249920775,
        69.87699833346942,
        69.92197865992783,
        69.96753731948206,
        70.01366604687185,
        70.0603597092307,
        70.10761156770303,
        70.15541437914064,
        70.20376241079661,
        70.25264914788207,
        70.30206840416815,
        70.35201412408321,
        70.40248023987803,
        70.45346077172881,
        70.50494982813396,
        70.55694159797821,
        70.60943034918809,
        70.66241042674592,
        70.71587625275444,
        70.76982232581133,
        70.8242432186333,
        70.87913357648192,
        70.93448812022613,
        70.99030165031976,
        71.04656940527656,
        71.10328547630328,
        71.1604449394828,
        71.21804361176886,
        71.27607665444097,
        71.33453831315107,
        71.39342448012326,
        71.45273045976616,
        71.5124516351026,
        71.57258345606853,
        71.63312141788474,
        71.69406137605125,
        71.75539827873271,
        71.81712844908354,
        71.87924744206916,
        71.94175114330773,
        72.00463583488344,
        72.06789633787112,
        72.13152947526004,
        72.19553117115898,
        72.25989749664555,
        72.32462460010606,
        72.38970868839365,
        72.45514602139741,
        72.52093290895431,
        72.58706570945874,
        72.65354082986319,
        72.7203547258165,
        72.78750390133983,
        72.85498490821438,
        72.92279434532556,
        72.99092885779486,
        73.05938513586288,
        73.12815991448515,
        73.19724997241195,
        73.26665213110562,
        73.3363632557485,
        73.40638025330183,
        73.47670007199795,
        73.54731970124618,
        73.6182361695724,
        73.68944654446904,
        73.76094793268106,
        73.83273747944017,
        73.90481236759378,
        73.97716981696927,
        74.04980708384127,
        74.12272146041101,
        74.19591027427452,
        74.26937088786904,
        74.34310069788499,
        74.41709713465714,
        74.49135766177442,
        74.56587977794317,
        74.64066103507075,
        74.71569911919032,
        74.79099163939456,
        74.86653520326693,
        74.94232886412244,
        75.01836979681832,
        75.09465569951169,
        75.17118420591945,
        75.24795316939866,
        75.3249603900049,
        75.40220369550225,
        75.47968094066478,
        75.55739000670414,
        75.6353288008286,
        75.71349525589744,
        75.79188674218555,
        75.87050235493311,
        75.94933957333735,
        76.02839643059994,
        76.10767098432672,
        76.18716131605358,
        76.26686553081426,
        76.34678175675221,
        76.42690814476468,
        76.50724286816633,
        76.58778412236444,
        76.66853012454108,
        76.74947911333986,
        76.83062934855646,
        76.91197911083191,
        76.99352670134859,
        77.07527044152816,
        77.15720867273185,
        77.23933975596239,
        77.32166207156865,
        77.4041740152739,
        77.48687399875395,
        77.56976047170126,
        77.65283188887116,
        77.73608671878446,
        77.81952343971825,
        77.90314055364078
    ]
}