{
    "yield_pre": 4.652890179997253,
    "error_pre": 1.0499287935462356
}