{
    "start": 0,
    "stop": 15,
    "anchors": [],
    "levels": [
        187.01729180863825,
        184.23016202276628,
        181.21677461098412,
        180.44345267338923,
        172.9720030940403,
        164.8031160355696,
        159.3026057118529,
        154.8775456668954,
        150.17743599112418,
        145.7966132601622,
        142.12887463825064,
        139.1639465704603,
        136.7544292428416,
        134.83845926885397,
        133.334542973605,
        132.16517394310318,
        131.28405029763763,
        130.6411261453365,
        130.21020008077673,
        129.95984601801402,
        129.8527521978033,
        129.85466481055633,
        129.93874933811185,
        130.08610092375812,
        130.28419850920247,
        130.52478774710826,
        130.80206113446653,
        131.11132089333094,
        131.44801073270378,
        131.80723593692576,
        132.18482781650135,
        132.5780833610705,
        132.9851565601877,
        133.40462877469858,
        133.83522196749198,
        134.27569684161597,
        134.7248267320988,
        135.18137876838247,
        135.6441163526523,
        136.11179359034008,
        136.58338179045714,
        137.05797206196863,
        137.53473168890596,
        138.01290553722095,
        138.49181182614828,
        138.97084116358576,
        139.44945213119996,
        139.92716642404588,
        140.40356718388426,
        140.87829128471995,
        141.35102599108774
    ]
}