{
    "nbins": 50,
    "range_": [
        0.0,
        15.0
    ],
    "nburnin": 100,
    "nsamples": 100000,
    "nrepeats": 100,
    "seed": 0,
    "step_size": 0.2,
    "prob_eye": 0.1,
    "yields": [
        0,
        0,
        0,
        0,
        0,
        0,
        0,
        0,
        0,
        0,
        0,
        20,
        273,
        1985,
        9095,
        32881,
        91327,
        205463,
        379746,
        596420,
        813686,
        989760,
        1079590,
        1085957,
        1012438,
        891614,
        738097,
        584086,
        444406,
        327091,
        235072,
        163080,
        111060,
        73964,
        48728,
        31305,
        19892,
        12701,
        7762,
        5060,
        2936,
        1821,
        1054,
        662,
        446,
        239,
        121,
        68,
        38,
        36
    ],
    "errors": [
        0.0,
        0.0,
        0.0,
        0.0,
        0.0,
        0.0,
        0.0,
        0.0,
        0.0,
        0.0,
        0.0,
        7.483314773547879,
        33.46206807715267,
        85.04557601662769,
        206.47215308607602,
        466.76481229844205,
        706.1329265796917,
        1235.370110533681,
        1722.4345676977105,
        2248.794343642833,
        2186.0699988792676,
        2302.5772516899415,
        2171.443989606916,
        2037.1108241821307,
        1721.6990329322953,
        2064.873371420146,
        1668.4252785186393,
        1683.4892455848953,
        1579.2110815214028,
        1561.3443534339244,
        1266.2583306734846,
        1106.633634045161,
        985.8874175076992,
        746.900957289519,
        586.878317881995,
        391.1147529817816,
        344.24897966442836,
        273.5086653106259,
        171.25291238399421,
        145.76693726630876,
        102.75718952949227,
        81.55114959336872,
        63.67762558387365,
        37.91516846856939,
        36.28829012229703,
        23.532743146518218,
        15.510963864312238,
        12.79687461843712,
        8.576712656956628,
        9.541488353501245
    ]
}