{
    "yield_linear": 6.140328883554162,
    "error_linear": 0.9747138915397786,
    "error_log": 0.15873968805651206
}