{
    "yield_post": 4.9661157608093545,
    "error_post": 0.7524547751879856
}