{
    "start": 0,
    "stop": 8,
    "levels": [
        235.58306723149175,
        223.65588572814875,
        213.661760675972,
        203.9770076574552,
        193.1936186325957,
        181.9147429910548,
        172.7255995594561,
        165.5468274351751,
        159.97893920796534,
        155.57392699536254,
        151.72547262004144,
        148.3876935771717,
        145.5283425676357,
        143.09526491066,
        141.0307953799482,
        139.28132018820432,
        137.80012128964577,
        136.5475864775872,
        135.49061390647034,
        134.601717518086,
        133.85810930423236,
        133.2407881308556,
        132.73404598790154,
        132.32826512770075,
        132.01284499507216,
        131.77386972817976,
        131.5974688123629,
        131.47397665918484,
        131.40291699912422,
        131.390988293686,
        131.44245545580165,
        131.55627960490335,
        131.72797138538306,
        131.95049833806064,
        132.21541523368649,
        132.51688655662178,
        132.8525399031745,
        133.22121107987192,
        133.62191168453643,
        134.05355990948638,
        134.5149300678297,
        135.00466529609454,
        135.52130706436986,
        136.06329308213876,
        136.62893949345937,
        137.21629146636388,
        137.82326578682134,
        138.44822710054387,
        139.08945808240486,
        139.74541804902606,
        140.4149804759119
    ]
}