{
    "nbins": 50,
    "range_": [
        0.0,
        8.0
    ],
    "nburnin": 100,
    "nsamples": 100000,
    "nrepeats": 100,
    "seed": 0,
    "step_size": 0.2,
    "prob_eye": 0.1,
    "yields": [
        0,
        0,
        0,
        0,
        0,
        0,
        0,
        0,
        0,
        0,
        0,
        0,
        4,
        13,
        44,
        280,
        1297,
        4706,
        13787,
        34335,
        74917,
        143063,
        246021,
        377829,
        535114,
        697429,
        840421,
        937829,
        982485,
        969627,
        898837,
        789374,
        660391,
        525050,
        399384,
        292130,
        204658,
        137979,
        90432,
        57595,
        35488,
        21386,
        12504,
        7064,
        3900,
        2163,
        1200,
        613,
        330,
        144
    ],
    "errors": [
        0.0,
        0.0,
        0.0,
        0.0,
        0.0,
        0.0,
        0.0,
        0.0,
        0.0,
        0.0,
        0.0,
        0.0,
        3.979949748426477,
        6.731270311018566,
        11.164228589562297,
        29.257477676655583,
        71.26647178021373,
        139.59813752339247,
        246.59949310572392,
        397.2590464671635,
        627.8105685634802,
        911.6760992808795,
        1159.2707147167996,
        1463.0955505366014,
        1619.753697325615,
        1951.3258543872162,
        2277.2093865079687,
        1902.9746687751785,
        1687.5410365380744,
        1938.5395817470428,
        1915.0486442907918,
        1559.3502621284288,
        1628.301627463413,
        1614.250600123785,
        1387.4730411795395,
        1196.9966583077835,
        938.0524292383661,
        805.3524632109844,
        603.512849904623,
        501.40876538010383,
        406.6995942953473,
        267.6378896942658,
        220.57162102138165,
        142.78319228816815,
        132.78554138158265,
        72.87873489571564,
        65.86349520030045,
        37.16597906688321,
        32.54228019054595,
        19.04310898986823
    ]
}