{
    "start": 0,
    "stop": 20,
    "levels": [
        134.29426136360416,
        134.0577391157811,
        133.86339451296652,
        133.70652811699912,
        133.5830281193712,
        133.48943098530503,
        133.42269097600868,
        133.3802123733634,
        133.35972536325238,
        133.35920649607434,
        133.37693626500896,
        133.41140526397137,
        133.4612387507664,
        133.52524266477212,
        133.60235039100766,
        133.6915921894075,
        133.7921212636517,
        133.9031602607368,
        134.02401956035695,
        134.1540669761826,
        134.29270393474022,
        134.43943746985258,
        134.59380580951404,
        134.75531733299795,
        134.92361332211027,
        135.09832126417888,
        135.27907526619825,
        135.46559903347494,
        135.65758934496242,
        135.8547696160366,
        136.0569054075173,
        136.26372069778233,
        136.47509576604796,
        136.6906719019611,
        136.9103866453261,
        137.13403960175143,
        137.3614802179378,
        137.59247404837092,
        137.82698452235962,
        138.06474178891156,
        138.30572770920026,
        138.54978809498184,
        138.79680607506583,
        139.04666969450193,
        139.29930892108675,
        139.55453822985444,
        139.81232354495552,
        140.07265712163374,
        140.3352340961223,
        140.6001973926848,
        140.86735986178616
    ]
}