{
    "yield_pre": 15.228150039069773,
    "error_pre": 3.0723998261324597
}