{
    "nbins": 50,
    "range_": [
        0.0,
        40.0
    ],
    "nburnin": 100,
    "nsamples": 100000,
    "nrepeats": 100,
    "seed": 0,
    "step_size": 0.5,
    "prob_eye": 0.1,
    "yields": [
        0,
        0,
        0,
        0,
        0,
        0,
        0,
        20,
        351,
        2756,
        14654,
        52171,
        137015,
        281082,
        473764,
        691346,
        880311,
        1011117,
        1064168,
        1043354,
        957978,
        827530,
        682031,
        539803,
        408962,
        300360,
        213690,
        146635,
        98701,
        64675,
        41714,
        26178,
        15867,
        9975,
        5875,
        3396,
        2074,
        1111,
        604,
        322,
        190,
        95,
        60,
        34,
        11,
        11,
        4,
        4,
        1,
        0
    ],
    "errors": [
        0.0,
        0.0,
        0.0,
        0.0,
        0.0,
        0.0,
        0.0,
        6.633249580710796,
        29.614016951437037,
        85.67753497854616,
        203.8500429237139,
        356.4387605185496,
        541.888134212219,
        923.6172150842577,
        1026.6952030666162,
        1204.3748751945966,
        1433.151000418309,
        1340.6991124036742,
        1480.6187085134375,
        1356.9240361936259,
        1253.1812159460421,
        1198.0254588279834,
        1205.776675010758,
        1035.205733175778,
        1005.7194240940164,
        724.9827584156743,
        694.2312294905786,
        523.1985760683988,
        434.45942273128344,
        343.1890878218595,
        309.71606351624706,
        228.22611594644462,
        178.32024562567202,
        144.91635518463744,
        94.29077367377998,
        74.28216475036253,
        60.0935936685434,
        41.05837308028655,
        30.81947436281158,
        22.252190903369495,
        16.217274740226863,
        12.359207094308275,
        9.797958971132708,
        6.666333324999586,
        3.128897569432405,
        3.7134889255254304,
        1.9595917942265417,
        2.4166091947189123,
        0.9949874371066199,
        0.0
    ]
}