{
    "start": 10,
    "stop": 60,
    "anchors": [],
    "levels": [
        105.62750987700038,
        105.30628758114213,
        104.98528026464832,
        104.66517500385979,
        104.34665200772677,
        104.03033167991597,
        103.71676638214896,
        103.40643675158447,
        103.09976157515479,
        102.79709657063285,
        102.49875380876584,
        102.2050017866537,
        101.91607382123942,
        101.63217262800676,
        101.35347236359183,
        101.08012489730609,
        100.8122565926634,
        100.5499785759746,
        100.29338143591124,
        100.04254056045141,
        99.79751686985878,
        99.55835761363338,
        99.32509839857954,
        99.09776311241245,
        98.87637387293663,
        98.66091351898825,
        98.45140152769523,
        98.24781935716831,
        98.05014972870953,
        97.8583683821165,
        97.67244530880626,
        97.4923445356302,
        97.31802573276305,
        97.14949878409271,
        96.9869515346173,
        96.83046277806135,
        96.68001692764875,
        96.53555317670425,
        96.39698366774218,
        96.26420317969682,
        96.13709362157248,
        96.0155268413975,
        95.89936666413912,
        95.7884696671581,
        95.68268536398492,
        95.58185813739333,
        95.48582640817685,
        95.3944219476687,
        95.30747362331019,
        95.22480315046144,
        95.14622792675104,
        95.0715609812543,
        95.00061142735183,
        94.9331841854167,
        94.86908290253852,
        94.80811153557181,
        94.7500961264039,
        94.69494728449487,
        94.64302877653721,
        94.59528937196387,
        94.55219823015314,
        94.51379602258552,
        94.48002146651109,
        94.45078656215064,
        94.42599412521963,
        94.40554343523594,
        94.3893317201518,
        94.37725506173466,
        94.36920857492883,
        94.36508641104241,
        94.36478181542232,
        94.36818703055424,
        94.37519323489666,
        94.38569049393087,
        94.3995676048014,
        94.41671203167681,
        94.43700980822743,
        94.46034541894471,
        94.4866018633931,
        94.51565928858969,
        94.54739697895677,
        94.5816905057443,
        94.61841228075403,
        94.65743147928151,
        94.69861147359974,
        94.74181228087716,
        94.78689172906057,
        94.83370836636061,
        94.88212579173575,
        94.93202040433121,
        94.98328402135097,
        95.03582501321412,
        95.08956830098325,
        95.14445212619358,
        95.20042534768542,
        95.25744482346387,
        95.31547324482179,
        95.37447703251695,
        95.43442627065184,
        95.49529271936143,
        95.55704908441176,
        95.61966995719621,
        95.68313005003935,
        95.74740477708019,
        95.81247034961787,
        95.87830266702638,
        95.94487866932069,
        96.0121770497453,
        96.08017468103779,
        96.14885053739778,
        96.2181853993294,
        96.28815933856602,
        96.35875366679164,
        96.4299505004715,
        96.50173307667484,
        96.5740837800908,
        96.64698734221034,
        96.72042844077498,
        96.79439149173791,
        96.86886156264663,
        96.94382431561614,
        97.01926421148913,
        97.09516667706202,
        97.17151625782083,
        97.24829547484205,
        97.32548735775336,
        97.40307102981426,
        97.48102446926535,
        97.55931893390525,
        97.63791486262349,
        97.716750508409,
        97.73685254208684,
        97.80733398996287,
        97.87826804960318,
        97.9496510880885,
        98.02148019270558,
        98.09375140210388,
        98.16646118874586,
        98.23960411161464,
        98.31317645359972,
        98.3871725294816,
        98.46158745837974,
        98.53641519479531,
        98.61165013641047,
        98.68728632176749,
        98.76331678636696,
        98.83973476502837,
        98.91653261189796,
        98.99370310273537,
        99.0712383474193,
        99.14912999027344,
        99.22736714249388,
        99.30593977885289,
        99.38483644249321,
        99.46404361473026,
        99.54354696273278,
        99.62333464231212,
        99.70339965525432,
        99.78373680713182,
        99.86433971537564,
        99.9452028135975,
        100.02632043581059,
        100.10768634456593,
        100.18929455694007,
        100.27114026012325,
        100.35321653453889,
        100.43551795434529,
        100.51803965377644,
        100.60077609140943,
        100.6837189107066,
        100.76686565063093,
        100.85020896965302,
        100.93374401650885,
        101.01746496804556,
        101.10136618011362,
        101.18544189107334,
        101.26968665708995,
        101.35409489990242,
        101.43866092777296,
        101.52337929193519,
        101.60824404485611,
        101.69324966502629,
        101.77838990113774,
        101.8636590528905,
        101.94905203315463,
        102.03739713409381,
        102.12288114150857,
        102.20844825595302,
        102.29409824281625,
        102.37982785353698,
        102.46563297258379,
        102.55150957137579,
        102.63745556382356,
        102.72346781944901,
        102.8095430942627,
        102.89567783802816,
        102.98186931663678,
        103.06811410996096,
        103.15440966680693,
        103.24075363865013,
        103.32714312133663
    ]
}