{
    "yield_linear": 27.395085590847536,
    "error_linear": 4.079570323220089,
    "error_log": 0.14891613715501728
}