{
    "yield_post": 608.8408104048186,
    "error_post": 18.148016850099296
}