{
    "start": 450,
    "stop": 750,
    "anchors": [],
    "levels": [
        219.4922679358287,
        219.2284154102072,
        218.96756065134016,
        218.70969880795138,
        218.45482501599474,
        218.20293419296246,
        217.95402105320028,
        217.70808018413425,
        217.46510718586364,
        217.2251017301574,
        216.98806259035385,
        216.7539880629696,
        216.52287489530005,
        216.2947196611636,
        216.0695178845698,
        215.84726475857912,
        215.627955890436,
        215.41159006372686,
        215.1981655864048,
        214.9876793622995,
        214.78012722688283,
        214.5755040977558,
        214.37380410143956,
        214.1750205817431,
        213.97914614080045,
        213.78617282315622,
        213.5960923887991,
        213.40889620122385,
        213.22457498693308,
        213.04311970609655,
        212.86452070792834,
        212.68876822207415,
        212.5158522827336,
        212.34576275038728,
        212.17848937414033,
        212.0140217717975,
        211.85234947910544,
        211.69346199120574,
        211.53734864468598,
        211.38399898528377,
        211.2334024247108,
        211.08554837779292,
        210.9404263694564,
        210.79802602618668,
        210.6583371079793,
        210.5213492623246,
        210.3870525490193,
        210.25543715522406,
        210.12649340007863,
        210.0002118601784,
        209.87658337405642,
        209.75559892687772,
        209.63725010849788,
        209.52153773616936,
        209.40850102075933,
        209.29817068019864,
        209.1905616573605,
        209.08567963281092,
        208.98352426758402,
        208.88409048377412,
        208.78736986122647,
        208.69335197037975,
        208.60202496113297,
        208.51337559469695,
        208.42738949368135,
        208.34405107133688,
        208.26334384218387,
        208.18525011231316,
        208.10975117833516,
        208.03682688480336,
        207.96645601873513,
        207.89861605256857,
        207.83328321836925,
        207.77043253480272,
        207.7100379883504,
        207.65207296731108,
        207.596510466103,
        207.54332376517635,
        207.49248748359759,
        207.4439783792359,
        207.39777710089209,
        207.35386967405458,
        207.3122497435664,
        207.27292055977298,
        207.2358972633642,
        207.20120842795382,
        207.1688968275758,
        207.13901871492257,
        207.11164145642536,
        207.08683975550173,
        207.06469112964282,
        207.04527156002038,
        207.0286520944049,
        207.01489662901017,
        207.00406099009956,
        206.99619278583856,
        206.9913319468011,
        206.98951145511967,
        206.99075821753152,
        206.99509390927992,
        207.002535732179,
        207.01309709071816,
        207.02678816605314,
        207.04361640928155,
        207.06358695404546,
        207.08670295578872,
        207.11296593178645,
        207.14237592653933,
        207.17493181425274,
        207.21063141658777,
        207.24947169910808,
        207.29144887096396,
        207.33655852908544,
        207.3847957032005,
        207.436155044943,
        207.49063068181823,
        207.5482164879529,
        207.60890605168788,
        207.6726925850792,
        207.73956923302285,
        207.80952864463603,
        207.88256344312393,
        207.9586658327098,
        208.03782778935272,
        208.1200409583554,
        208.20529666679482,
        208.29358574825577,
        208.38489859678026,
        208.47922513324096,
        208.57655448665707,
        208.6768756992823,
        208.7801786862118,
        208.8864536033194,
        208.995690654747,
        209.10787961608366,
        209.22301031254088,
        209.34107238250388,
        209.46205523038282,
        209.5859480996094,
        209.712739966068,
        209.84241954045973,
        209.97497541879562,
        210.1103955890486,
        210.248668033575,
        210.38978010990195,
        210.5337191100138,
        210.68047161356034,
        210.83002394149327,
        210.98236200970254,
        211.1374712329974,
        211.2953365002473,
        211.45594232000389,
        211.61927259917127,
        211.78531085286454,
        211.95404004804737,
        212.12544296896814,
        212.29950162417833,
        212.47619892933852,
        212.65551679296206,
        212.83743708471133,
        213.0219416284824,
        213.20901206022705,
        213.39863024961068,
        213.5907780826764,
        213.78543792910946,
        213.9825924180825,
        214.18222473562886,
        214.38431883023185,
        214.58885909998452,
        214.795830626845,
        215.00521926895988,
        215.21700765039822,
        215.43117719951556,
        215.64770991592414,
        215.86658727350567,
        216.0877909760178,
        216.31130254282445,
        216.53710280623403,
        216.7651732028002,
        216.99549448035788,
        217.22804756738026,
        217.4628130742331,
        217.6997714917843,
        217.93890347475286,
        218.18018927468137,
        218.42360893945266,
        218.6691431904717,
        218.91677198238736,
        219.16647593503762,
        219.41823441040268,
        219.67202879914424,
        219.92783928751658,
        220.18564620826749,
        220.44543039862197,
        220.70717316983547,
        220.97085586247948,
        221.23645871308275,
        221.50396051863436,
        221.77334075869945,
        222.04457792876156,
        222.3176510611573
    ]
}