{
    "start": 0,
    "stop": 20,
    "levels": [
        135.76011248010246,
        135.694180544776,
        135.6330275303117,
        135.57641742111002,
        135.52412792596806,
        135.47595081056872,
        135.43169088877482,
        135.3911644290946,
        135.3541993646062,
        135.3206331030102,
        135.2903134869752,
        135.26309740031635,
        135.23885115377726,
        135.21744626162928,
        135.19876469340795,
        135.18269357395212,
        135.16912638228496,
        135.1579631482364,
        135.14910868944386,
        135.1424742773074,
        135.13797466065938,
        135.13552985180473,
        135.1350638285801,
        135.13650456072997,
        135.139784016389,
        135.14483680924184,
        135.15160173802994,
        135.16002006846165,
        135.1700360542947,
        135.18159662338041,
        135.1946512178356,
        135.20915164178518,
        135.22505192241474,
        135.24230818092113,
        135.26087850748902,
        135.28072285584605,
        135.30180320018508,
        135.3240820987566,
        135.34752528549146,
        135.3720989004276,
        135.3977707514294,
        135.42450997113784,
        135.45228694725466,
        135.4810732566687,
        135.51084160398645,
        135.54156576447048,
        135.5732208274046,
        135.6057817471673,
        135.63922613894388,
        135.67353063177998,
        135.708674385999,
        135.74463672021045,
        135.78139625345818,
        135.81893493168275,
        135.8572336495437,
        135.89627438900393,
        135.936039756416,
        135.97651295449285,
        136.01767775593046,
        136.0595184771452,
        136.10201995474657,
        136.14516752343806,
        136.18894699468612,
        136.2333446363975,
        136.2783471540704,
        136.32394167260765,
        136.37011570355227,
        136.41685718934954,
        136.46415439829977,
        136.51199596896348,
        136.5603708810364,
        136.60926844242755,
        136.65867827549215,
        136.70859030584072,
        136.7589947526505,
        136.8098821115291,
        136.86124315100167,
        136.91306889865942,
        136.96535063248942,
        137.01807987157267,
        137.0712483772453,
        137.12484811126973,
        137.1788712506915,
        137.23331023361953,
        137.28815763379959,
        137.3434062561539,
        137.39904909638932,
        137.4550792875042,
        137.5114901960239,
        137.56827533519103,
        137.62542833900193,
        137.68294307407243,
        137.74081351193956,
        137.79903378353137,
        137.85759816272144,
        137.9165010620425,
        137.97573702815913,
        138.0353007375694,
        138.0951869947102,
        138.15539071635374,
        138.2159069541817,
        138.27673086183466,
        138.33785770766855,
        138.39928286759198,
        138.46100182166995,
        138.52301015183463,
        138.58530355478237,
        138.64787775882556,
        138.71072869546828,
        138.7738522705569,
        138.83724488204157,
        138.90090167990644,
        138.96481983599867,
        139.02899534944913,
        139.0934245789671,
        139.15810397146396,
        139.22303004919794,
        139.2881994027562,
        139.35360869648989,
        139.41925466520385,
        139.4851340963049,
        139.5512438558067,
        139.6175808699081,
        139.68414212143423,
        139.7509246544943,
        139.81792557112203,
        139.88514202960522,
        139.95257124310507,
        140.02021047828154,
        140.08805705397236,
        140.15610833982902,
        140.22436175502682,
        140.2928147670813,
        140.3614648906479,
        140.4303096863679,
        140.49934675967395,
        140.5685737597985,
        140.63798837866375,
        140.70758835023074,
        140.777371449937,
        140.84733548681808,
        140.91747832047307,
        140.98779783720917,
        141.05829196489648,
        141.12895869438864,
        141.19979596429974,
        141.2708018321936,
        141.34197438984083,
        141.4133117271077,
        141.48481197254222,
        141.5564732900043,
        141.62829387422622,
        141.70027194995657,
        141.77240577142936,
        141.8446936216703,
        141.91713381179096,
        141.9897246805671,
        142.062464593618,
        142.13535194301807,
        142.20838514660826,
        142.28156264751564,
        142.35488291360465,
        142.428344436901,
        142.50194573324472,
        142.57568534157093,
        142.64956182360507,
        142.72357376331797,
        142.79771976651375,
        142.8719984603501,
        142.94640849290957,
        143.02094853277927,
        143.09561726869387,
        143.17041340896674,
        143.245335681292,
        143.320382832287,
        143.39555362696933,
        143.47084684881003,
        143.54626129902425,
        143.62179579628844,
        143.69744917635194,
        143.77322029185552,
        143.8491080118884,
        143.92511122178297,
        144.00122882266942,
        144.07745973135997,
        144.15380287987637,
        144.23025721525437,
        144.30682169923443,
        144.38349530798953,
        144.46027703196165,
        144.53716587543613,
        144.61416085636887,
        144.6912610061616,
        144.76846536933095,
        144.84577300343435,
        144.92318297863238,
        145.00069437760715,
        145.07830629531185,
        145.1560178387128,
        145.23382812662845,
        145.31173628945595
    ]
}