{
    "start": 0.1,
    "stop": 30,
    "anchors": [],
    "levels": [
        116.65666750322417,
        65.77996477713019,
        54.63890492783755,
        50.31719872917809,
        48.24880168674603,
        46.16391781231748,
        44.9283142680129,
        44.404919387371436,
        44.35615871042587,
        44.474076005084356,
        44.61678499234688,
        44.75859413385613,
        44.894088902924736,
        45.021926230439455,
        45.141962460613826,
        45.2544771759796,
        45.35990573930883,
        45.45873547146381,
        45.551467022655316,
        45.638600455251854,
        45.720631581204145,
        45.79804523343235,
        45.87130744791659,
        45.94085194293686,
        46.00707282875265,
        46.070318233298934,
        46.13089270283798,
        46.18905844905307,
        46.24504112259158,
        46.29903466897571,
        46.351206196494026,
        46.40170005300621,
        46.45064236419219,
        46.49814285005427,
        46.54429821408001,
        46.58919055586165,
        46.6328894235823,
        46.6754582452193,
        46.71695535729914,
        46.7574341795351,
        46.796945277137716,
        46.83553233437132,
        46.87324076821393,
        46.910109533083414,
        46.94617602414431,
        46.98147490240212,
        47.01603907572987,
        47.04989899175259,
        47.08308361138107,
        47.115619941859435,
        47.147533730920586
    ]
}