{
    "start": 0,
    "stop": 15,
    "levels": [
        46.08944219290999,
        46.0799634760368,
        46.084790636843124,
        46.10324418420903,
        46.13451186593192,
        46.17775363132411,
        46.23214381303561,
        46.29690837927057,
        46.371310768919344,
        46.45468758548941,
        46.546406743684095,
        46.645918997134366,
        46.752712980730706,
        46.8662777091853,
        46.98621857856892,
        47.11212734410746,
        47.24364197569868,
        47.3804268340393,
        47.522180464681824,
        47.668616750812504,
        47.819481974203555,
        47.97453115071193,
        48.13354772692205,
        48.29632476733892,
        48.46267369668869,
        48.63241834388773,
        48.805395000613515,
        48.98144770239263,
        49.16043782222958,
        49.342231272402515,
        49.52670419069782,
        49.71374080171334,
        49.90322996767158,
        50.09506921806366,
        50.289163149328026,
        50.485422288790225,
        50.683759210947144,
        50.884095382835184,
        51.0863539860752,
        51.29046268363859,
        51.49635350051384,
        51.7039631985057,
        51.913231413942135,
        52.12409978577768,
        52.33651088213215,
        52.55041628923415,
        52.76576460360825,
        52.98250899524711,
        53.200605031112204,
        53.420009106211836,
        53.640684065407214
    ]
}