{
    "yield_pre": 15.158582838203078,
    "error_pre": 2.7416331301523167
}