{
    "yield_post": 15.105559527143505,
    "error_post": 2.2180464352366625
}