{
    "start": 0,
    "stop": 12,
    "levels": [
        105.01606837258652,
        104.65878625493553,
        118.50847777058402,
        103.89722774166955,
        112.02293307954773,
        102.76578245216919,
        102.22288483111979,
        101.63973786546129,
        105.8873194279349,
        102.79924630573775,
        100.22027478047536,
        98.09313516233709,
        96.36054713368593,
        94.96927339149403,
        93.74483411591721,
        92.7175005231845,
        91.88984685083744,
        91.23572251318228,
        90.73210286523155,
        90.35978422881892,
        90.10291641401744,
        89.9481466949529,
        89.88378682875957,
        89.89914137731566,
        89.98381598382338,
        90.12356235068046,
        90.29437236878903,
        90.48711277643476,
        90.69790544213828,
        90.92243608984377,
        91.15635299030833,
        91.39579876208755,
        91.61146028128042,
        91.87948388167901,
        92.11955145862197,
        92.35658643095213,
        92.58973455889387,
        92.81845685255176,
        93.04244937804914,
        93.261557221363,
        93.47578133975199,
        93.68531053727136,
        93.89037917947914,
        97.11259587872688,
        97.4096096752163,
        97.69796746750191,
        97.97837862272507,
        98.25143083817841,
        98.51762915341253,
        98.7774137823365,
        99.03117283825057
    ]
}