{
    "start": 0,
    "stop": 15,
    "levels": [
        91.63113540622696,
        91.6553247445879,
        91.69252244262596,
        91.74167486357732,
        91.80191597311796,
        91.87227686618228,
        91.95188677401039,
        92.0403502626926,
        92.13683516475267,
        92.24088798232071,
        92.35200871184551,
        92.46964479209271,
        92.5934006019152,
        92.72297462231342,
        92.8579188773635,
        92.99799940832129,
        93.14279614081312,
        93.2921755717235,
        93.44582264894129,
        93.60353505658024,
        93.76507551914933,
        93.93023256469066,
        94.09886954229871,
        94.27077674625018,
        94.44584243346264,
        94.62389294406687,
        94.80478580944188,
        94.98839467898009,
        95.17459839107083,
        95.36331544900055,
        95.55442004504205,
        95.74778937756808,
        95.94338546087475,
        96.14103660902077,
        96.34073424435735,
        96.54240318120833,
        96.74600707098368,
        96.95128152146052,
        97.15833761056176,
        97.36712356622708,
        97.57745641806639,
        97.78939897418644,
        98.00280700519158,
        98.21772479822927,
        98.43400246422078,
        98.65170979680506,
        98.87071233711613,
        99.09096600259963,
        99.31249971599817,
        99.53522187413138,
        99.75910250196205
    ]
}