{
    "start": 0,
    "stop": 20,
    "levels": [
        91.63108659012147,
        91.63764980725315,
        91.64573965290643,
        91.65531322390488,
        91.66632907559264,
        91.67874718649882,
        91.69252907493762,
        91.70763715250062,
        91.72403538282859,
        91.74168897214047,
        91.76056497106636,
        91.78063107132198,
        91.80185470659345,
        91.82420717543208,
        91.847658401415,
        91.87218072879669,
        91.89774675421393,
        91.92433038544303,
        91.95190583644825,
        91.9804488369919,
        92.00993590626031,
        92.04034378997942,
        92.07165027943677,
        92.10383430754274,
        92.13687473409425,
        92.17075174112381,
        92.2054458091834,
        92.24093834032807,
        92.27721087401478,
        92.3142458853243,
        92.35202627351164,
        92.39053542825236,
        92.4297575104213,
        92.46967720080718,
        92.51027860061664,
        92.5515482468328,
        92.5934708422456,
        92.63603340555032,
        92.67922232771112,
        92.72302477670524,
        92.76742812814506,
        92.81242018700678,
        92.85798910733696,
        92.90412337502667,
        92.95081180280265,
        92.99804354055873,
        93.04580806799275,
        93.09409527342181,
        93.14289435596082,
        93.19219648774921,
        93.24199197690224,
        93.2922715446154,
        93.34302628326942,
        93.39424742078317,
        93.44592651679308,
        93.4980552958734,
        93.55062570682374,
        93.60362990776657,
        93.65706025740991,
        93.71090930436952,
        93.76516954717978,
        93.81983439195444,
        93.87489684554193,
        93.93034987028587,
        93.98618696353698,
        94.04240189746092,
        94.09898843273062,
        94.15594026621291,
        94.21325161924645,
        94.27091655473959,
        94.32892943434061,
        94.38728471528644,
        94.44597697006785,
        94.50500090187175,
        94.56435134641012,
        94.62402324758472,
        94.68401166333261,
        94.74431166207147,
        94.80491855587883,
        94.86582794652111,
        94.92703515859971,
        94.98853577100145,
        95.0503254589822,
        95.11239999134415,
        95.17475549497594,
        95.2373873658134,
        95.30029192407869,
        95.36346528569841,
        95.4269036475942,
        95.49060328545772,
        95.55456055156941,
        95.61877187283528,
        95.68323374868078,
        95.7479427492034,
        95.81289551274794,
        95.87808876111835,
        95.94351925387987,
        96.00918348806641,
        96.07507901106285,
        96.14120291697823,
        96.20755128938652,
        96.27412169168345,
        96.34091091645952,
        96.40791680408087,
        96.47513625609939,
        96.54256674851959,
        96.61020526830463,
        96.67804937370536,
        96.74609650135342,
        96.814344134914,
        96.88278980403906,
        96.95143108329201,
        97.02026559090562,
        97.0892909880117,
        97.15850497725354,
        97.22790530213715,
        97.29748974603704,
        97.36725613110258,
        97.43720231750257,
        97.50732620232182,
        97.577625719093,
        97.64809883665815,
        97.71874355853869,
        97.7895579221117,
        97.86053999774485,
        97.93168788790732,
        98.00299972786064,
        98.07447368324522,
        98.14610794979826,
        98.21790075303323,
        98.289850347428,
        98.36195501585915,
        98.43421306895164,
        98.50662284454371,
        98.57918239075498,
        98.65189104793726,
        98.72474627260704,
        98.79774683234439,
        98.87089097420976,
        98.94417766697387,
        99.01760526138324,
        99.09117202358006,
        99.16487677697707,
        99.23871790879073,
        99.31269396872341,
        99.38680390472044,
        99.46104616712343,
        99.5354194653664,
        99.6099229449243,
        99.68455390882087,
        99.75931243460141,
        99.83419682000637,
        99.90920582303009,
        99.98433823462095,
        100.05959308606175,
        100.13496859395937,
        100.21046411686655,
        100.28607826165629,
        100.36180996700647,
        100.43765810867285,
        100.5136215806935,
        100.58969918462287,
        100.6658900789263,
        100.74219320514369,
        100.81860729801946,
        100.89513158920276,
        100.97176439255225,
        101.04850568752182,
        101.12535387298217,
        101.20230806455424,
        101.27936739833896,
        101.35653090716809,
        101.4337975974103,
        101.51116658906669,
        101.58863696870344,
        101.66620781678174,
        101.74387796740845,
        101.8216474263738,
        101.89951438659365,
        101.97747834846272,
        102.05553841784665,
        102.13369383982861,
        102.21194379969553,
        102.29028764464957,
        102.3687242175939,
        102.44725294430705,
        102.5258730606393,
        102.60458325517467,
        102.68338363854994,
        102.76227307872406,
        102.84125083374164,
        102.92031617753028,
        102.99946837232548,
        103.07870668872931,
        103.15803044125951,
        103.23743897941088,
        103.31693161883123,
        103.39650735296755,
        103.47616593804185,
        103.55590660535503,
        103.63572853090085
    ]
}