{
    "yield_post": 6.497157765534552,
    "error_post": 1.438853056083538
}