{
    "start": 0,
    "stop": 30,
    "levels": [
        90.46942276818207,
        88.37618396784448,
        85.96198919613683,
        83.20347506329807,
        81.19186514074899,
        80.30554551227175,
        80.0606382125238,
        80.16819854373152,
        80.43657314640546,
        80.71407320019337,
        80.95220257519456,
        81.2090528174832,
        81.53193952504287,
        81.91471895002006,
        82.3472003556102,
        82.82190110517578,
        83.33024439870908,
        83.86273988170409,
        84.41115386676378,
        84.96945697979778,
        85.53259422371362,
        86.09660145347578,
        86.65848122725299,
        87.21604597154197,
        87.76775869063124,
        88.31258783784776
    ]
}