{
    "start": 0,
    "stop": 30,
    "levels": [
        90.85947413424265,
        89.4594430853487,
        88.37618394291694,
        87.21308985995923,
        85.96198918795169,
        84.60847535721301,
        83.20347488571319,
        82.02172777361727,
        81.19186514710755,
        80.64480240842097,
        80.30554552082401,
        80.12343800454562,
        80.06063832404149,
        80.0849190698651,
        80.16819860789002,
        80.28994247999702,
        80.43657315035402,
        80.58301538245472,
        80.71407319584732,
        80.8361302631647,
        80.95220268211281,
        81.07227738066835,
        81.20905284631523,
        81.36245088123178,
        81.5319394959794,
        81.71655964392887,
        81.91471898367647,
        82.1252065056078,
        82.3472003308099,
        82.57977592308531,
        82.82190108771528,
        83.07245132782083,
        83.33024439870908,
        83.59407765916507,
        83.86273976100077,
        84.1353501724463,
        84.41115381451965,
        84.68941184100694,
        84.96945681914004,
        85.25069346066297,
        85.53259422174682,
        85.81469729529431,
        86.09660145347578,
        86.377961021961,
        86.65848116832088,
        86.93791249657352,
        87.21604581657621,
        87.49270818595718,
        87.76775868467783,
        88.04108198767699,
        88.31258781091661
    ]
}