{
    "start": 0,
    "stop": 30,
    "anchors": [],
    "levels": [
        90.47112481763432,
        89.46130290346304,
        88.37822028376796,
        87.2153114409354,
        85.96440861533286,
        84.61108760031352,
        83.20576939187383,
        82.0231172411185,
        81.19257331809239,
        80.6451264908513,
        80.30566677937263,
        80.12346564782192,
        80.0606387591971,
        80.08492653537714,
        80.16822382287012,
        80.28998588802186,
        80.43662850163581,
        80.5830595334071,
        80.71411005927803,
        80.83616302078396,
        80.95223236757133,
        81.0723158190571,
        81.20910234137618,
        81.36251291370851,
        81.53201493681762,
        81.71664882438894,
        81.91482139814818,
        82.12532250169222,
        82.34732969419451,
        82.57991828776166,
        82.82205562768152,
        83.07261756598007,
        83.33042097689732,
        83.59426322098493,
        83.8629326323277,
        84.13554911247897,
        84.41135823813681,
        84.68962053078904,
        84.96967482035029,
        85.25090765806041,
        85.53280989462283,
        85.81491372159836,
        86.09681797355547,
        86.37817738288813,
        86.65869690411026,
        86.93812623210275,
        87.21625813093571,
        87.49291881248845,
        87.76796672936621,
        88.04128785911192,
        88.3127910658981
    ]
}