{
    "nbins": 50,
    "range_": [
        0.0,
        30.0
    ],
    "nburnin": 100,
    "nsamples": 100000,
    "nrepeats": 100,
    "seed": 0,
    "step_size": 0.5,
    "prob_eye": 0.1,
    "yields": [
        18,
        90,
        426,
        1533,
        6861,
        28184,
        96939,
        248414,
        481201,
        738743,
        954806,
        1063616,
        1074418,
        1006713,
        889520,
        757033,
        618717,
        494452,
        385539,
        297922,
        225741,
        168977,
        125521,
        93272,
        67947,
        49974,
        35847,
        25238,
        18074,
        13022,
        9136,
        6547,
        4596,
        3151,
        2232,
        1619,
        1207,
        724,
        511,
        389,
        340,
        215,
        134,
        99,
        101,
        68,
        49,
        41,
        16,
        22
    ],
    "errors": [
        7.922120928135348,
        14.177446878757827,
        41.96712999479474,
        67.83885317426878,
        166.01141527015545,
        310.8913636626145,
        695.5571795330704,
        1231.1133335318893,
        1552.4570815323686,
        1887.112744379625,
        3580.197709624428,
        2077.824689428827,
        2079.023992165555,
        2261.6740061290884,
        1833.9143927675573,
        1561.8444576845677,
        1562.2260111776402,
        1255.3983272252676,
        1147.7437823835073,
        1380.4568664032936,
        1082.5997367448415,
        803.6763714331784,
        653.6563240725205,
        683.9401728221555,
        547.2192522198027,
        533.4859323356146,
        334.70421270130436,
        303.5746366217046,
        283.25119593745757,
        231.3809845255223,
        195.67074385303488,
        157.50844421807992,
        141.90785742868502,
        108.62315591069888,
        88.27094652262431,
        66.16184701170306,
        67.91546215700811,
        45.95911226296697,
        39.21466562397287,
        33.22333517273663,
        32.64965543462901,
        27.216722800513644,
        21.735684944348996,
        12.999615378925638,
        17.2333978077453,
        16.054905792311587,
        14.31747184386965,
        11.410083259994202,
        4.630334761116094,
        6.569627082262741
    ]
}