{
    "start": 0,
    "stop": 30,
    "levels": [
        82.0730862193792,
        82.10860175889833,
        82.14606324425989,
        82.18542835144014,
        82.22665476110723,
        82.26970030843236,
        82.31452311249744,
        82.3610816875054,
        82.40933503768704,
        82.45924273749294,
        82.51076499849046,
        82.5638627251982,
        82.61849756198805,
        82.67463128570454,
        82.73222834023233,
        82.79125224071574,
        82.85166790080635,
        82.91344111414288,
        82.97653844871088,
        83.0409274929987,
        83.10657641949042,
        83.17345452226766,
        83.2415318381062,
        83.31077924967639,
        83.38116840663746,
        83.45267183730998,
        83.5252626854341,
        83.59891502146135,
        83.67360365164897,
        83.74930409107324,
        83.82599256672918,
        83.90364600209374,
        83.98224199682997,
        84.06175880766865,
        84.1421753311263,
        84.22347108606796,
        84.30562619418161,
        84.38862135928527,
        84.47243784844349,
        84.55705747526221,
        84.6424625836624,
        84.72863603137401,
        84.8155611734495,
        84.90322230786204,
        84.99160268190488,
        85.08068768474683,
        85.1704624916042,
        85.26091270108155,
        85.35202432242654,
        85.44378376175571,
        85.53617780779355,
        85.62919361803019,
        85.7228186771134,
        85.81704091024187,
        85.91184848547275,
        86.00722992366845,
        86.10317407398475,
        86.19967006070453,
        86.29670724702927,
        86.3942752417891,
        86.49236436287264,
        86.59096442448586,
        86.69006646832145,
        86.78966085937218,
        86.88973840503476,
        86.9902907311284,
        87.09130923714032,
        87.19278519280525,
        87.29471088230474,
        87.39707828171208,
        87.49987961050232,
        87.60310737790412,
        87.70675422169873,
        87.81081297226928,
        87.91527664154596,
        88.02013839691969,
        88.12539157852929,
        88.23102968681698,
        88.33704637606019,
        88.44343544976195,
        88.5501908564044,
        88.65730668525458,
        88.7647771623167,
        88.87259664636444,
        88.98075962513195,
        89.08926071153692,
        89.19809464007946,
        89.30725626338277,
        89.41674054877652,
        89.52654257507524,
        89.63665752938934,
        89.74708070413514,
        89.85780749405367,
        89.96883339339699,
        90.08015399318028,
        90.1917649785369,
        90.3036621261572,
        90.41584130181002,
        90.52829845794915,
        90.6410296313733,
        90.75403094097676,
        90.86729858553375,
        90.98082884157797,
        91.09461806131472,
        91.20866267061314,
        91.32295916706055,
        91.4375035136463,
        91.55229349650699,
        91.6673252646778,
        91.78259558443014,
        91.8981012850954,
        92.01383925746599,
        92.12980645225934,
        92.24599987863292,
        92.36241660270164,
        92.47905374617781,
        92.59590848497324,
        92.7129780478895,
        92.83025971532592,
        92.9477508180534,
        93.06544873597585,
        93.18335089697784,
        93.30145477576704,
        93.41975789279027,
        93.53825781312669,
        93.65695214547239,
        93.77583854111214,
        93.89491469292375,
        94.01417833443926,
        94.13362723890828,
        94.25325921837515,
        94.3730721228294,
        94.49306383932472,
        94.61323229113982,
        94.73357543700884,
        94.85409127028942,
        94.97477781822545,
        95.0956331411752,
        95.21665533192305,
        95.33784251491984,
        95.45919284565181,
        95.58070450993004,
        95.70237572326107,
        95.82420473018986,
        95.94618980371467,
        96.06832924464811,
        96.19062138105849,
        96.31306456768539,
        96.43565718538056,
        96.5583976405835,
        96.68128436476736,
        96.80431581393465,
        96.92749046812568,
        97.05080683091657,
        97.17426342893562,
        97.29785881141466,
        97.42159154972927,
        97.54546023694787,
        97.66946348741605,
        97.79359993629456,
        97.91786823922516,
        98.04226707183898,
        98.16679512944559,
        98.2914511265769,
        98.41623379668172,
        98.54114189171405,
        98.66617418180299,
        98.7913294548981,
        98.9166065164237,
        99.04200418896062,
        99.16752131191011,
        99.2931567411966,
        99.41890934893084,
        99.54477802313802,
        99.67076166744415,
        99.79685920080482,
        99.92306955719803,
        100.04939168537082,
        100.17582454857558,
        100.30236712428362,
        100.42901840394063,
        100.55577739272944,
        100.6826431089764,
        100.80961458434058,
        100.93669086426046,
        101.06387100640157,
        101.19115408097977,
        101.31853917055207,
        101.446025369779,
        101.57361178522737,
        101.70129714595149,
        101.82908135559089,
        101.95696317072117,
        102.08494174351902,
        102.21301623705813,
        102.34118582515926,
        102.46944969218836,
        102.59780703288287,
        102.72625705217845,
        102.85479896503934,
        102.98343199629582
    ]
}