{
    "start": 0,
    "stop": 20,
    "levels": [
        82.07364795144575,
        82.09670042635062,
        82.12397438578158,
        82.14947424254909,
        82.17234986057713,
        82.20485893397476,
        82.22670917938397,
        82.25549291594987,
        82.28451471318974,
        82.31454785762969,
        82.34567839705318,
        82.37694014390503,
        82.40936148723029,
        82.44369802993393,
        82.47656471089937,
        82.51071674895204,
        82.54607886730908,
        82.58349002774254,
        82.61841666622982,
        82.65571545130652,
        82.69371027423398,
        82.73220659867589,
        82.7714627418366,
        82.81144196559413,
        82.85197639727276,
        82.89265416950569,
        82.93444879317418,
        82.97668156551723,
        83.01921881001351,
        83.0628552012298,
        83.1065711442617,
        83.15098928495232,
        83.1962105460208,
        83.2425814213804,
        83.28749340538918,
        83.33447282665922,
        83.38115244615015,
        83.42911644613658,
        83.47773858457495,
        83.52523919499198,
        83.57434704661989,
        83.62371975477417,
        83.67363448850008,
        83.72390786929117,
        83.7746091830672,
        83.82590164030668,
        83.87755008940573,
        83.92966082984931,
        83.98227861632276,
        84.0351723922137,
        84.08836217046665,
        84.14217830036665,
        84.19628452821887,
        84.25067492047647,
        84.30569727282652,
        84.36077119959661,
        84.41633655840262,
        84.47243632750721,
        84.52917600596939,
        84.58568424079282,
        84.64232537467959,
        84.6997556578441,
        84.75795779433722,
        84.8155572458785,
        84.87383111431691,
        84.93247129612054,
        84.99147385786482,
        85.05102208103892,
        85.11048820427995,
        85.17031633112052,
        85.2307537614088,
        85.29108976120324,
        85.35203579864591,
        85.4131086657895,
        85.4747171918657,
        85.53624881400961,
        85.59805966597976,
        85.66011844929291,
        85.72269344256954,
        85.78558329485017,
        85.84844688753711,
        85.91164151802442,
        85.97524957900436,
        86.03899844923926,
        86.10313422002008,
        86.167532805995,
        86.23183173133259,
        86.2967598804423,
        86.36219871290757,
        86.42681754753019,
        86.4923612776779,
        86.55782731299725,
        86.62385525224563,
        86.6898868879544,
        86.7562103906631,
        86.82295973106727,
        86.8899434906465,
        86.95657223112838,
        87.02377872706236,
        87.09106528131946,
        87.15879334948178,
        87.22649340573939,
        87.29464193588038,
        87.36289605532092,
        87.4329136978497,
        87.49992064454042,
        87.56853155368316,
        87.63753434433367,
        87.70670697189394,
        87.77583733722433,
        87.84598730510794,
        87.9151048574272,
        87.98513270480073,
        88.05508258640637,
        88.12541681316571,
        88.1958565973307,
        88.26615044481264,
        88.33704692259295,
        88.40798834361438,
        88.47992049809997,
        88.55002611284556,
        88.62198853909184,
        88.69333899537092,
        88.7650308950638,
        88.83645735254386,
        88.90861080124164,
        88.98088728879584,
        89.05332197681959,
        89.1252754068719,
        89.19791656965373,
        89.27247206900608,
        89.34346673928523,
        89.4165959571398,
        89.48971020156945,
        89.56296678144321,
        89.63644022088786,
        89.71024049302372,
        89.78404885534127,
        89.85757303877634,
        89.93162895640302,
        90.00589350553982,
        90.08004570997666,
        90.15439597756531,
        90.22900205044037,
        90.30341583378645,
        90.37831226266523,
        90.45298797416532,
        90.52804714099588,
        90.60325970785011,
        90.67854837087675,
        90.75391087435986,
        90.8295226170323,
        90.90512633681394,
        90.98123989012953,
        91.05658148118277,
        91.13242506577166,
        91.20862642955629,
        91.28466588483495,
        91.36090331544025,
        91.4376220023864,
        91.51377959260181,
        91.59039405989604,
        91.66720394945109,
        91.74438365733019,
        91.82188477759428,
        91.89777693738075,
        91.974952955475,
        92.05219348505042,
        92.12948887971001,
        92.20699593878602,
        92.28465673978235,
        92.36219442182664,
        92.44027249092998,
        92.51780774190838,
        92.59569784844483,
        92.67365039954419,
        92.75191997169064,
        92.8300677260353,
        92.90848399662572,
        92.98674623779911,
        93.06516012434739,
        93.14372480843056,
        93.22264809953218,
        93.30124111730692,
        93.37994506846877,
        93.45894030514995,
        93.5380550310467,
        93.61704915459751,
        93.69685493650236,
        93.77576335494172,
        93.85530090804119,
        93.93484835426977,
        94.01402656889093,
        94.09356434161148,
        94.17328984370099,
        94.25307945750343,
        94.33323301233023,
        94.41266710463248,
        94.49277542356576,
        94.57300905919489,
        94.65329987703842
    ]
}