{
    "start": 0,
    "stop": 30,
    "levels": [
        82.07364795144575,
        82.22668597524732,
        82.40949770478608,
        82.61851245964327,
        82.85163070580631,
        83.1065711442617,
        83.38120702142857,
        83.67363448850008,
        83.98215033948858,
        84.30568341457976,
        84.64232537467959,
        84.99162211378834,
        85.35188453289976,
        85.72271233288436,
        86.10313422002008,
        86.4923612776779,
        86.88976788937738,
        87.29453740200246,
        87.70654750784601,
        88.12541681316571,
        88.55002611284556,
        88.98055845970404,
        89.41662433014474,
        89.85767933823418,
        90.30375285589717,
        90.75391087435986,
        91.20835622097188,
        91.66720394945109,
        92.12948887971001,
        92.59578184483598,
        93.06516012434739,
        93.53795386901373,
        94.01407638185468,
        94.49277542356576,
        94.97445198829216,
        95.45905547910436,
        95.94590418466619,
        96.43539074814451,
        96.92723928614235,
        97.42137341351057,
        97.9175933889709,
        98.41596716523087,
        98.91621650526318,
        99.4186530518613,
        99.9230285266571,
        100.42924511391915,
        100.93655960633265,
        101.44578905938883,
        101.95666738126064,
        102.46906080014028,
        102.98322754174478
    ]
}