{
    "start": 0,
    "stop": 30,
    "levels": [
        82.07364795144575,
        82.11173463601538,
        82.14947424254909,
        82.18538828536404,
        82.22668597524732,
        82.26981692522449,
        82.31470947835805,
        82.36180602387729,
        82.40949770478608,
        82.4593634758578,
        82.51071674895204,
        82.56443295212203,
        82.61851245964327,
        82.67460282756376,
        82.73220659867589,
        82.79120652383426,
        82.85163070580631,
        82.91346065031432,
        82.97646186413411,
        83.0410089343585,
        83.1065711442617,
        83.17473588717048,
        83.24149395171057,
        83.31072985289325,
        83.38120702142857,
        83.45261690983727,
        83.52539258371279,
        83.59891621901896,
        83.67363448850008,
        83.74926258967598,
        83.82590164030668,
        83.90369259303255,
        83.98215033948858,
        84.061791220852,
        84.14221364413234,
        84.22357873811406,
        84.30568341457976,
        84.38968387002151,
        84.47243632750721,
        84.55688537009705,
        84.64232537467959,
        84.72869668587805,
        84.81540491077486,
        84.90311747120987,
        84.99162211378834,
        85.08058369568668,
        85.17078077317649,
        85.2609689898089,
        85.35188453289976,
        85.44384181649207,
        85.53624881400961,
        85.6290590099763,
        85.72271233288436,
        85.81704210842659,
        85.91164151802442,
        86.00721173753337,
        86.10313422002008,
        86.19981285200465,
        86.29672655073374,
        86.40093643523821,
        86.4923612776779,
        86.59096334550895,
        86.68983134097438,
        86.78985182262025,
        86.88976788937738,
        86.99034635848129,
        87.09106528131946,
        87.19289389814975,
        87.29453740200246,
        87.39695630343282,
        87.49992064454042,
        87.60288325195086,
        87.70654750784601,
        87.81068808100095,
        87.91533187143371,
        88.01999814175778,
        88.12541681316571,
        88.23119587177713,
        88.33679759338857,
        88.44361105461184,
        88.55002611284556,
        88.6570548953953,
        88.76452927719791,
        88.87294693624297,
        88.98055845970404,
        89.08899061068553,
        89.19791656965373,
        89.30732286789859,
        89.41662433014474,
        89.52631946845692,
        89.63644022088786,
        89.74705061120471,
        89.85767933823418,
        89.96855996866766,
        90.08013171551761,
        90.1915556947702,
        90.30375285589717,
        90.41573956082271,
        90.52856213992544,
        90.64108297935564,
        90.75391087435986,
        90.86721407687094,
        90.98082691900464,
        91.09432076645781,
        91.20835622097188,
        91.32277059960501,
        91.43767670694872,
        91.55208836191613,
        91.66720394945109,
        91.78241219164576,
        91.89777693738075,
        92.01384184132738,
        92.12948887971001,
        92.24581208355474,
        92.36244884314823,
        92.47886954523895,
        92.59578184483598,
        92.71332698799776,
        92.8300677260353,
        92.9474492534137,
        93.06516012434739,
        93.18321181860298,
        93.30124111730692,
        93.41961781898037,
        93.53795386901373,
        93.65679923366501,
        93.77554415307127,
        93.89465552469389,
        94.01407638185468,
        94.13357012782896,
        94.25307945750343,
        94.37278186040501,
        94.49277542356576,
        94.61292810625417,
        94.73347312672396,
        94.85388924628481,
        94.97445198829216,
        95.09566981321547,
        95.21631803765581,
        95.33761178565136,
        95.45905547910436,
        95.5805607125549,
        95.70229757862099,
        95.8238629042614,
        95.94590418466619,
        96.06796903366651,
        96.19082453913603,
        96.31296022030043,
        96.43539074814451,
        96.55809693586643,
        96.68172078181203,
        96.80396235372073,
        96.92723928614235,
        97.05050524199964,
        97.17406023830517,
        97.2976884679883,
        97.42137341351057,
        97.54541829644727,
        97.6692135711813,
        97.79338852804499,
        97.9175933889709,
        98.04501273620855,
        98.16668311014217,
        98.29113646547266,
        98.41596716523087,
        98.54158978363876,
        98.66607318753451,
        98.7909400225067,
        98.91621650526318,
        99.04178911524868,
        99.16739627532392,
        99.29286699566417,
        99.4186530518613,
        99.54450020772794,
        99.67073476114265,
        99.79656370833796,
        99.9230285266571,
        100.04913669983966,
        100.17553277928872,
        100.30215594629134,
        100.42924511391915,
        100.55566344918653,
        100.68233696191454,
        100.80950075349267,
        100.93655960633265,
        101.0637871357029,
        101.19112910010514,
        101.3187307193802,
        101.44578905938883,
        101.5740758068742,
        101.70110524485841,
        101.82890391691852,
        101.95666738126064,
        102.0847350671308,
        102.21262028075286,
        102.3408627461927,
        102.46906080014028,
        102.59753535910002,
        102.7261360675188,
        102.85472491128951,
        102.98322754174478
    ]
}