{
    "yield_linear": 2.0571790072241303,
    "error_linear": 0.3529228317258446,
    "error_log": 0.17155669510844546
}