{
    "yield_post": 22.15430958570252,
    "error_post": 2.5426098232510954
}