{
    "start": 5,
    "stop": 40,
    "anchors": [],
    "levels": [
        57.910658859779886,
        57.37872847088321,
        56.90203679366096,
        56.47630237251406,
        56.09778048886587,
        55.763140573358,
        55.442958258280555,
        55.11229431616868,
        54.772832932392355,
        54.430845520017506,
        54.09370736398619,
        53.7663680397001,
        53.451550348976696,
        53.150636462829496,
        52.86424448769967,
        52.59254531950674,
        52.33544245200318,
        52.09267299398599,
        51.86387013632887,
        51.64860411972581,
        51.44640922549314,
        51.25679864173372,
        51.07927976667436,
        50.913360903120704,
        50.758558615103254,
        50.614401377916224,
        50.47725319389849,
        50.33882969164443,
        50.198720845787925,
        50.056921130730984,
        49.91343342337984,
        49.76826865345103,
        49.6214480813535,
        49.4730042850591,
        49.322985297083235,
        49.1714553942549,
        49.01849647877631,
        48.86421314177032,
        48.70873239351498,
        48.552207538609295,
        48.394819992460754,
        48.2368444903065,
        48.07870868942531,
        47.92082530373334,
        47.763598154775586,
        47.607606052708604,
        47.453341430630324,
        47.301162651797064,
        47.151340761513666,
        47.004088495445295,
        46.85966726073182,
        46.71832542429071,
        46.5801959397111,
        46.44534450266944,
        46.313792097211184,
        46.18553640766967,
        46.060554626081895,
        45.93881240256387,
        45.82027002394311,
        45.70488368513902,
        45.59261082763384,
        45.48341185029365,
        45.37725070423016,
        45.27410156876972,
        45.17394577795139,
        45.07677476941213,
        44.98259324917836,
        44.89141684004487,
        44.80327384773226,
        44.718204791111354,
        44.636261935234984,
        44.55750863202054,
        44.482016454528974,
        44.40986563061102,
        44.341141274410646,
        44.27592964270801,
        44.214316762676795,
        44.15638430202314,
        44.1022077681591,
        44.0518536067147,
        44.00537686243342,
        43.96282137202774,
        43.924216483863006,
        43.88957927076652,
        43.85891315445109,
        43.83220960226812,
        43.80944936286999,
        43.79060379808458,
        43.77563632610503,
        43.76450377447001,
        43.75715757771221,
        43.75354481825707,
        43.75360912945456,
        43.757291483456555,
        43.76453067588882,
        43.7752640800778,
        43.789427903468535,
        43.806957538621134,
        43.827787901635304,
        43.85185354416749,
        43.87908908964334,
        43.909429031162425,
        43.94280804647552,
        43.97916122010112,
        44.01842334648124,
        44.0605300378663,
        44.10541706313549,
        44.153020511763316,
        44.20327653131908,
        44.25612230565419,
        44.31149449765634,
        44.369330623623675,
        44.42956734173071,
        44.49214233699338,
        44.55699302335166,
        44.62405679457778,
        44.693270765808926,
        44.764571775453504,
        44.83789632392954,
        44.91318037104903,
        44.99035919305402,
        45.06936712741769,
        45.15013772248459,
        45.23260300061774,
        45.3166937399835,
        45.40233915615196,
        45.48946652991058,
        45.57800119692544,
        45.66786619517109,
        45.75898226004658,
        45.851267763367595,
        45.94463881071741,
        46.03900944648343,
        46.13429223706963,
        46.230399133718116,
        46.32724272559083,
        46.42473768576256,
        46.52280423044169,
        46.62136738626699,
        46.7203624643153,
        46.81973518638008,
        46.91944329600795,
        47.01945692516477,
        47.11975778929394,
        47.22032187377741,
        47.321100928980954,
        47.42204510081653,
        47.52310685017125,
        47.62424037715196,
        47.72540266247668,
        47.826552870538364,
        47.92765253472868,
        48.028665563660624,
        48.129558228509204,
        48.230298866986274,
        48.33085884612765,
        48.43121168818842,
        48.531331505626326,
        48.631195618716305,
        48.73078455051932,
        48.83007935507645,
        48.92906206888388,
        49.02771740852399,
        49.12603267381965,
        49.2239956134441,
        49.321594477122744,
        49.418820150511756,
        49.515664534074446,
        49.612119091208704,
        49.70817958268647,
        49.80384064710603,
        49.89909623724641,
        49.993943762555524,
        50.088380319435075,
        50.18240378376184,
        50.27601309878854,
        50.36947523773392,
        50.46198288406869,
        50.55434345830695,
        50.646287806249354,
        50.737817117034886,
        50.828932071000764,
        50.91963435796939,
        51.00992551778769,
        51.09980781552541,
        51.1893140511316,
        51.27835176263154,
        51.367018903115124,
        51.45528622705659,
        51.54315673142412,
        51.63063286724869,
        51.717717109991696,
        51.80441263826697,
        51.89072288977041,
        51.97664967229325,
        52.06219608726424,
        52.14736517439008,
        52.23215955941867,
        52.31658225004156,
        52.40063603854328,
        52.48432420572824
    ]
}