{
    "yield_linear": 7.003599729181921,
    "error_linear": 2.646376076649589,
    "error_log": 0.3778594121567121
}