{
    "yield_post": 83.85511472093056,
    "error_post": 6.544561001615963
}