{
    "yield_pre": 77.54932191291745,
    "error_pre": 10.78185097382858
}