{
    "start": 20,
    "stop": 150,
    "anchors": [],
    "levels": [
        123.64402540934127,
        123.02496162215907,
        122.4142907807136,
        121.81223143566709,
        121.21898616870877,
        120.63474136988833,
        120.05966721769802,
        119.49391771869773,
        118.93763081985196,
        118.39092858183135,
        117.85391742204555,
        117.32668844849923,
        116.80931782687661,
        116.30186704730224,
        115.80438385446203,
        115.31690205286081,
        114.83944208819038,
        114.37201266035613,
        113.9146088392512,
        113.46721633761175,
        113.02980817710186,
        112.60234786556549,
        112.1847889793313,
        111.77707654454287,
        111.37914450255138,
        110.99092230326013,
        110.61232959685022,
        110.24327969418769,
        109.88367949800714,
        109.53343042730228,
        109.1924271908216,
        108.8605611024785,
        108.53771827146885,
        108.22378141532995,
        107.91862936546494,
        107.62213739903316,
        107.33417864281952,
        107.05462363427918,
        106.78334083785197,
        106.52019734083997,
        106.2650576100526,
        106.0177862327257,
        105.77824650763453,
        105.54630131607665,
        105.32181211901806,
        105.10464080544395,
        104.89465052346138,
        104.6917028301576,
        104.495660667657,
        104.30638709791133,
        104.12374736684218,
        103.94760688058227,
        103.77783255211841,
        103.61429324621864,
        103.45685907536941,
        103.30540229601657,
        103.15979806255841,
        103.0199221713719,
        102.88565383406883,
        102.75687421327922,
        102.63346723224362,
        102.51531840990535,
        102.4023171773004,
        102.29435533955234,
        102.1913278424773,
        102.09313335491935,
        101.99967512151414,
        101.91086076826205,
        101.82660311582032,
        101.7468207354078,
        101.67143841877622,
        101.60038755964699,
        101.53360635273253,
        101.47103973278142,
        101.4126390086331,
        101.3583611843893,
        101.30816810321005,
        101.26202491901144,
        101.21989958158736,
        101.1817612253332,
        101.14757939705353,
        101.11732291650051,
        101.09095992014693,
        101.06845682525162,
        101.04977840202167,
        101.03488780118117,
        101.02374626939746,
        101.0163132659302,
        101.01254692300294,
        101.01240362929393,
        101.01583871678709,
        101.02280641820484,
        101.03326002634589,
        101.04715205494894,
        101.064434419095,
        101.08505856858989,
        101.10897568450801,
        101.13613646352448,
        101.16649180866676,
        101.1999924996144,
        101.23658932279673,
        101.27623322417877,
        101.31887530362332,
        101.36446701159205,
        101.41296005480764,
        101.46430649520278,
        101.51845879856467,
        101.57536987073817,
        101.63499305621785,
        101.69728218544478,
        101.76219165122328,
        101.82967628082221,
        101.89969157462124,
        101.9721934801704,
        102.04713854940782,
        102.12448392199968,
        102.2041873333697,
        102.28620711437388,
        102.37050219727459,
        102.45703211863719,
        102.54575702032233,
        102.63663762580391,
        102.72963529511728,
        102.82471200528398,
        102.92183033009056,
        103.02095358581275,
        103.12204528727021,
        103.22506992589126,
        103.32999247324454,
        103.43677847544544,
        103.54539409532676,
        103.65580606754526,
        103.76798168290385,
        103.8818887235188,
        103.99749574778147,
        104.11477165405765,
        104.23368599562734,
        104.35420884806831,
        104.47631094824561,
        104.59996320974706,
        104.72513739237547,
        104.85180567059724,
        104.97994072600564,
        105.10951573822993,
        105.24050441939374,
        105.37288078810485,
        105.50661962699803,
        105.6416959814454,
        105.77808541343225,
        105.91576393825429,
        106.05470801810783,
        106.19489455354811,
        106.3363008762314,
        106.47890474143583,
        106.62268440434468,
        106.76761828267662,
        106.91368550896618,
        107.06086533068625,
        107.2091375711683,
        107.35848229277214,
        107.50888028647228,
        107.66031213344851,
        107.81275918348427,
        107.96620303541117,
        108.12062562033464,
        108.27600922081471,
        108.43233630190232,
        108.58959006404503,
        108.74775376662379,
        108.906810835763,
        109.06674488739071,
        109.22754079727588,
        109.38918237799766,
        109.55165471093949,
        109.71494258253004,
        109.87903164543229,
        110.04390735219548,
        110.20955564155707,
        110.37596248323055,
        110.54311442801011,
        110.71099793035864,
        110.87959994664311,
        111.04890768976601,
        111.21890824588658,
        111.38958945927902,
        111.56093882635783,
        111.73294510299174,
        111.90559580797502,
        112.07887965007984,
        112.25278530358713,
        112.42730164561523,
        112.60241775399125,
        112.77812290275928,
        112.95440655827902,
        113.13125820888904,
        113.30866802349087,
        113.48662587500974,
        113.6651219519431,
        113.8441466244332,
        114.02369039212809,
        114.2037438974596
    ]
}