{
    "start": 0,
    "stop": 100,
    "levels": [
        104.55061525584603,
        104.52182704035252,
        104.49418417178842,
        104.46769078280633,
        104.4423497575545,
        104.41816507714327,
        104.39514061592115,
        104.3732786179229,
        104.35258295425872,
        104.33305671653915,
        104.31470284280746,
        104.29752437803981,
        104.2815239334859,
        104.26670431159728,
        104.25306804930665,
        104.24061749183966,
        104.22935533196876,
        104.2192836928043,
        104.21040430200242,
        104.2027196343461,
        104.19623148014088,
        104.19094179593367,
        104.1868518911638,
        104.18396383137474,
        104.18227856899698,
        104.18179786052448,
        104.18252265594387,
        104.18445479220674,
        104.1875933879227,
        104.1919416550385,
        104.1974982618151,
        104.20426532500687,
        104.21224276109423,
        104.22143107790892,
        104.23183057345179,
        104.24344141686936,
        104.25626390998254,
        104.27029736172355,
        104.28554222323277,
        104.30199813220044,
        104.31966454024571,
        104.33854103031807,
        104.35862722434258,
        104.37992231412969,
        104.4024257444575,
        104.42613672086513,
        104.45105414405022,
        104.47717719811338,
        104.50450495228634,
        104.53303618012495,
        104.56276991615874,
        104.59370479203176,
        104.62583984343016,
        104.65917371966222,
        104.69370523446557,
        104.7294335189427,
        104.76635626629837,
        104.80447328438869,
        104.84378305286819,
        104.88428452084949,
        104.92597608316086,
        104.96885744773314,
        105.01292662636283,
        105.05818304111057,
        105.10462584769354,
        105.152253576389,
        105.2010663007891,
        105.25106233113733,
        105.30224112465184,
        105.35460285500554,
        105.4081455450064,
        105.46286961808812,
        105.51877420283977,
        105.57585879414582,
        105.6341229732273,
        105.69356628415252,
        105.75418815582205,
        105.81598863154865,
        105.87896645186578,
        105.94312211237117,
        106.00845484888808,
        106.07496423790792,
        106.14265018494365,
        106.21151195043724,
        106.28154893462622,
        106.35276119108568,
        106.42514786906851,
        106.4987084817387,
        106.57344243646754,
        106.6493486744107,
        106.72642738724332,
        106.8046774052614,
        106.88409804046037,
        106.96468841593071,
        107.04644775517838,
        107.12937495249432,
        107.21346907709732,
        107.2987292005144,
        107.38515413207007,
        107.47274272399784,
        107.56149375063556,
        107.65140592770453,
        107.74247793918477,
        107.83470822135807,
        107.92809572933045,
        108.02263815484383,
        108.11833472253726,
        108.21518381878518,
        108.31318293253655,
        108.41233073313653,
        108.51262603413208,
        108.61406592181797,
        108.7166489610756,
        108.8203731825554,
        108.92523655340102,
        109.03123697958583,
        109.13837231129541,
        109.24664010940485,
        109.35603863661929,
        109.4665653641972,
        109.57821795966558,
        109.69099404093632,
        109.80489118740726,
        109.91990693164162,
        110.03603876291321,
        110.153284322694,
        110.27164061660481,
        110.39110521419362,
        110.51167544089525,
        110.6333485840193,
        110.75612188822038,
        110.87999232504626,
        111.00495733510796,
        111.13101440535132,
        111.25816008791335,
        111.38639164023219,
        111.51570612557329,
        111.64610066018417,
        111.77757147627563,
        111.91011663581249,
        112.04373282487734,
        112.1784163644918,
        112.3141642846758,
        112.45097330843647,
        112.58884092318698,
        112.7277635133337,
        112.86773786057876,
        113.0087607293413,
        113.15082868695788,
        113.29393866204609,
        113.43808741496153,
        113.58327122484755,
        113.72948693990504,
        113.87673130763702,
        114.02500083821315,
        114.1742923284119,
        114.3246019313731,
        114.47592640002287,
        114.62826243333026,
        114.78160630042109,
        114.93595487363596,
        115.09130450307214,
        115.24765169710942,
        115.40499272898079,
        115.56332481759517,
        115.72264363814203,
        115.88294595108846,
        116.0442282183204,
        116.20648707276536,
        116.36971859550358,
        116.53391926154724,
        116.69908583098322,
        116.86521456774236,
        117.03230190007314,
        117.20034425247619,
        117.3693380466943,
        117.5392797032675,
        117.71016564411852,
        117.8819922757144,
        118.05475600806209,
        118.22845324961027,
        118.40307987494722,
        118.57863332914332,
        118.75510952869455,
        118.93250488706246,
        119.11081633358812,
        119.29003875695761,
        119.4701705222631,
        119.65120675420275,
        119.8331441912797,
        120.01597931333419,
        120.19970855851886,
        120.38432836445656,
        120.56983517279997,
        120.75622536909525,
        120.94349554562622,
        121.13164150026068,
        121.32066079528991,
        121.51054936794854,
        121.7013042341652,
        121.89292081166792
    ]
}