{
    "yield_post": 319.3575608371947,
    "error_post": 13.164433700244405
}