{
    "yield_pre": 40.27873449617718,
    "error_pre": 3.860788984467003
}