{
    "yield_post": 39.15195127928134,
    "error_post": 3.1833715377544154
}