{
    "start": 25,
    "stop": 65,
    "anchors": [],
    "levels": [
        73.24216664162985,
        72.935509981073,
        72.6347449399343,
        72.33980989819302,
        72.0506419404317,
        71.76717898650838,
        71.48935624072041,
        71.21710869161507,
        70.95037370785093,
        70.68908493240892,
        70.43317838294489,
        70.18259016631195,
        69.93725588677236,
        69.69711256381511,
        69.46209637557234,
        69.23214442323498,
        69.0071944343183,
        68.78718434310662,
        68.57205297996074,
        68.36173984779892,
        68.15618524183424,
        67.95532943819865,
        67.75912064840645,
        67.5674892734169,
        67.38039272775819,
        67.19776643503495,
        67.01956439621488,
        66.84572900924822,
        66.6762100165772,
        66.51095695955414,
        66.34991771731016,
        66.1930421463481,
        66.04028244012153,
        65.89158155972196,
        65.74689653025533,
        65.60617628022699,
        65.46937063239481,
        65.33643222091979,
        65.20731348767391,
        65.08196751607127,
        64.96035107838394,
        64.84241779217017,
        64.72812831230407,
        64.61744261455789,
        64.51032396889572,
        64.40673857388578,
        64.30665609782038,
        64.21004908530317,
        64.11689449471828,
        64.02717293586215,
        63.94086887945034,
        63.85797020476488,
        63.7784683610244,
        63.70235666752012,
        63.62963054392212,
        63.560286146562945,
        63.494320397714745,
        63.431728701168616,
        63.37250546523032,
        63.31664358915516,
        63.26413359391659,
        63.21496352348578,
        63.16911878580333,
        63.12658199884298,
        63.087334135054,
        63.051351696319536,
        63.0186094495094,
        62.9890791075082,
        62.96272878471153,
        62.939524533117606,
        62.91942798692338,
        62.90239679357255,
        62.88838653501551,
        62.877344513015196,
        62.86921600449726,
        62.86393930313511,
        62.86144512636089,
        62.86165656148519,
        62.86448773063356,
        62.8698429982624,
        62.87761665915552,
        62.8876934519904,
        62.89995096150602,
        62.91426246648043,
        62.9305020347608,
        62.948550890741316,
        62.96830157705793,
        62.989661806755436,
        63.01255674806913,
        63.03692831549344,
        63.0627337464544,
        63.08994336816592,
        63.118538574420214,
        63.14850866335077,
        63.17984909089403,
        63.21256032655253,
        63.24664511119183,
        63.28210787589942,
        63.31895382762645,
        63.35718805789291,
        63.3968150828031,
        63.43783849402506,
        63.48026087690046,
        63.524083490660644,
        63.569306361174554,
        63.61592877105021,
        63.663948419465385,
        63.71336230721717,
        63.76416689673131,
        63.81635760303902,
        63.869929179057976,
        63.92487572030697,
        63.98119062834057,
        64.03886656775092,
        64.09789539991411,
        64.15826812830534,
        64.21997471800984,
        64.28300342084347,
        64.34734183023205,
        64.4129750025775,
        64.47988598584197,
        64.54805435712603,
        64.61745524900186,
        64.68805769596388,
        64.75982211404538,
        64.83272602259272,
        64.90676059502381,
        64.98191696608254,
        65.05818691895631,
        65.13556157425137,
        65.21403327427957,
        65.29359388298603,
        65.37423594758276,
        65.4559513149953,
        65.5387328272989,
        65.6225734817654,
        65.70746524155254,
        65.79340234867863,
        65.88037801456832,
        65.96838470773264,
        66.05741682035428,
        66.14746823946464,
        66.2385322891634,
        66.33060323163502,
        66.42367572050766,
        66.5177436409897,
        66.61280168027675,
        66.70884536243003,
        66.80586691724966,
        66.90386374038243,
        67.00282994470231,
        67.10276189262548,
        67.20365051334016,
        67.30549560550793,
        67.40829097810816,
        67.51203207200821,
        67.61671366069473,
        67.72233197993181,
        67.82888286679446,
        67.93636164497899,
        68.04476340335705,
        68.15408495650298,
        68.26432116715114,
        68.37546812565901,
        68.48752131355069,
        68.60047659341414,
        68.71432964055143,
        68.82907613714116,
        68.9447120699263,
        69.06123210548073,
        69.17863278871606,
        69.29690929942302,
        69.41605703006283,
        69.53607122829877,
        69.65694693012756,
        69.77867880421687,
        69.90126119782538,
        70.02468782771466,
        70.14895179769235,
        70.27404612662492,
        70.39996428342626,
        70.5266999389384,
        70.65424090885273,
        70.78258841995748,
        70.91173339222591,
        71.0416693814875,
        71.17238939653313,
        71.3038882388424,
        71.43616099189092,
        71.56920543734535,
        71.70301736817028,
        71.83759180875398,
        71.97292684534733,
        72.10901685546193,
        72.24586069269994,
        72.38345266054932,
        72.52179012965802,
        72.6608690947462,
        72.80068625210063,
        72.94123782543244,
        73.0848207503096
    ]
}