{
    "start": 5,
    "stop": 40,
    "levels": [
        86.87643564835645,
        85.5603438002878,
        84.32669794232235,
        83.2019040019596,
        82.2152999044209,
        81.39663845775002,
        80.7563879254223,
        80.33952049320132,
        80.13606122620732,
        80.06889293231136,
        80.07777158260335,
        80.1285825612787,
        80.20336356516094,
        80.29257490179609,
        80.3909135824492,
        80.49525897235866,
        80.60367068416635,
        80.7148833973597,
        80.82803607643574,
        80.94252466555794,
        81.05791154243522,
        81.17387413756555,
        81.29016976788861,
        81.40661427344618,
        81.52306697213173,
        81.63941908692968,
        81.75558754496615,
        81.8715088800476,
        81.98713416098035,
        82.10242700008729,
        82.21736017497312,
        82.33960608926935,
        82.48144392572978,
        82.64311344101073,
        82.82454278717144,
        83.0255382917967,
        83.24622817342285,
        83.4875421776035,
        83.75014205325131,
        84.03407383683128,
        84.33890857355591,
        84.66416654279053,
        85.00987254196546,
        85.37607126305589,
        85.76279801945434,
        86.17007617921948,
        86.59791514106158,
        87.04631497466772,
        87.51526331163957,
        88.00472701453916,
        88.51464739582762
    ]
}