{
    "start": 4.392945890847896,
    "stop": 39.3853151740984,
    "levels": [
        88.06553004878982,
        85.39070232168662,
        83.06242051484031,
        81.30184990360107,
        80.30218786074717,
        80.06668598793055,
        80.13721878704476,
        80.30489093954131,
        80.50906809695786,
        80.72935773602214,
        80.95728775295596,
        81.18873125187575,
        81.42145706142745,
        81.65418450283359,
        81.88616049769834,
        82.11694417601103,
        82.35634484705386,
        82.6647504901552,
        83.05197871714273,
        83.51900863103175,
        84.07068582031917,
        84.7056820665708,
        85.42245840076221,
        86.22130777295821,
        87.1023537492346,
        88.06552158808438
    ]
}