{
    "start": 5,
    "stop": 40,
    "anchors": [],
    "levels": [
        86.87643564835645,
        85.56034482837401,
        84.32669794232235,
        83.20190543520137,
        82.21530032137746,
        81.3966387018309,
        80.75638795426006,
        80.33952049320132,
        80.13606122620732,
        80.06889295178374,
        80.07777161521919,
        80.1285825612787,
        80.20336356516094,
        80.29257496341093,
        80.39091364499973,
        80.49525899226423,
        80.60367084368592,
        80.71488349811558,
        80.82803629734573,
        80.94252466555794,
        81.05791154243522,
        81.17387414493034,
        81.2901698070432,
        81.40661463246383,
        81.52306697213173,
        81.63941908692968,
        81.75558760115479,
        81.8715088800476,
        81.98713416098035,
        82.10242728124473,
        82.21736017497312,
        82.33960609133172,
        82.48144405608623,
        82.64311344101073,
        82.82454278717144,
        83.02553833968203,
        83.24622825028293,
        83.4875422252548,
        83.75014212400444,
        84.03407408467451,
        84.3389087046472,
        84.66416658307605,
        85.00987265657726,
        85.37607126305589,
        85.76279844981765,
        86.17007617921948,
        86.59791546016429,
        87.04631535132157,
        87.51526336708793,
        88.00472737389101,
        88.51464743174806
    ]
}