{
    "nbins": 25,
    "range_": [
        4.392945890847896,
        39.3853151740984
    ],
    "nburnin": 100,
    "nsamples": 100000,
    "nrepeats": 100,
    "seed": 0,
    "step_size": 0.5,
    "yields": [
        2928,
        16917,
        108224,
        487425,
        1168605,
        1678709,
        1690568,
        1381647,
        1040470,
        761411,
        549397,
        389760,
        269739,
        180621,
        116810,
        70762,
        41689,
        22636,
        11095,
        5545,
        2397,
        998,
        407,
        120,
        44
    ],
    "errors": [
        99.4794451130484,
        241.59492958255555,
        760.9298522202948,
        3642.444611795765,
        3060.641885291385,
        2997.735843932883,
        2602.738895855671,
        2015.840497162412,
        1861.4556132231576,
        1828.4003363596275,
        1562.6672422496097,
        1411.267515391749,
        1194.9827571977764,
        976.9834133699508,
        742.2486106420139,
        612.2789886971461,
        443.32131687975476,
        280.6546632429256,
        186.73711468264688,
        165.51963629732882,
        87.01097631908286,
        57.427867799527434,
        39.68009576601347,
        16.613247725836146,
        11.164228589562303
    ]
}