{
    "nbins": 25,
    "range_": [
        4.392945890847896,
        39.3853151740984
    ],
    "nburnin": 100,
    "nsamples": 100000,
    "nrepeats": 100,
    "seed": 0,
    "step_size": 0.5,
    "yields": [
        2997,
        16990,
        109460,
        485109,
        1169406,
        1679426,
        1688547,
        1381232,
        1039843,
        757847,
        549021,
        390754,
        270693,
        181694,
        116480,
        72625,
        41478,
        23186,
        11724,
        5823,
        2690,
        1207,
        493,
        170,
        39
    ],
    "errors": [
        93.91969974398343,
        304.4289736539543,
        843.5034084104223,
        1680.583288623328,
        2711.147292199375,
        3065.352384310815,
        2313.593505782725,
        2233.8065627981314,
        1896.2622471588681,
        1680.5424451646554,
        1489.4605030010027,
        1310.4117062969178,
        1079.2786989466622,
        951.8201720913463,
        793.5552910793299,
        606.6817534754115,
        405.80680132299403,
        335.21640771298763,
        214.58387637471733,
        152.23570540448125,
        110.42191811411354,
        72.07294915569919,
        47.649868835076546,
        27.367864366808014,
        10.573079021741973
    ]
}