{
    "start": 0,
    "stop": 40,
    "levels": [
        82.19903502667248,
        82.23843434766445,
        82.31360792838504,
        82.42334990126909,
        82.56605672468936,
        82.73991452529198,
        82.94273503949137,
        83.17313686968524,
        83.42851159617365,
        83.70676894093829,
        84.0077617289933,
        84.32779239574164,
        84.66715061570564,
        85.02391320636865,
        85.39691880068295,
        85.78512730158054,
        86.18783669025707,
        86.6031928726756,
        87.03137785633267,
        87.47123954751342,
        87.92220599342025,
        88.3834883251777,
        88.8546240706635,
        89.33499970045442,
        89.82419817045796,
        90.32178381235973,
        90.82729408403674,
        91.34017086774679,
        91.86023885908162,
        92.38706114786883,
        92.92049394451045,
        93.46015875490518,
        94.00549482973484,
        94.55664035428349,
        95.11317722260262,
        95.67495038381045,
        96.24162712387034,
        96.81314765113865,
        97.38926776177749,
        97.96972096889918,
        98.55442329528421,
        99.14321222827569,
        99.73678770608035,
        100.33258463718747,
        100.93272213135509,
        101.53629629173383,
        102.14342008743462,
        102.75391921040276,
        103.36739655325474,
        103.98410244387117,
        104.60361528317495
    ]
}