{
    "start": 0,
    "stop": 40,
    "levels": [
        82.19903502667248,
        82.20624971805084,
        82.21399852229791,
        82.22780374031046,
        82.23843434766445,
        82.25397607271894,
        82.27163496792959,
        82.29172509611021,
        82.31360792838504,
        82.3379370071483,
        82.36422921420119,
        82.39274120205422,
        82.42334990126909,
        82.4559561565575,
        82.49079357588658,
        82.52738943267057,
        82.56605672468936,
        82.60666638784073,
        82.64916824151116,
        82.69365708109463,
        82.73991452529198,
        82.78807580495699,
        82.83777772418551,
        82.88936527972135,
        82.94273503949137,
        82.99803843114988,
        83.05473954204241,
        83.11286153492166,
        83.17313686968524,
        83.23461378069827,
        83.2977924886571,
        83.36265517690757,
        83.42851159617365,
        83.4956012135919,
        83.56503666290203,
        83.6349972981908,
        83.70676894093829,
        83.77991398597004,
        83.85516408454868,
        83.93016078914127,
        84.0077617289933,
        84.086227726784,
        84.16505246357906,
        84.24588747990357,
        84.32779239574164,
        84.41098542205765,
        84.49598154479055,
        84.58113878958288,
        84.66715061570564,
        84.75475309713569,
        84.84338832324107,
        84.93328768619018,
        85.02391320636865,
        85.11566999151793,
        85.20843107605906,
        85.30219873287129,
        85.39691880068295,
        85.49363553286612,
        85.5892262555389,
        85.6870832162251,
        85.78512730158054,
        85.88441905779365,
        85.98560687435473,
        86.08573110245004,
        86.18783669025707,
        86.29147362080214,
        86.39377031862148,
        86.49806216157789,
        86.6031928726756,
        86.70913064544237,
        86.81575631683825,
        86.92318454920745,
        87.03137785633267,
        87.14025059899618,
        87.24986898431672,
        87.36018785192064,
        87.47123954751342,
        87.58300747115983,
        87.6955971841826,
        87.80847224394564,
        87.92220599342025,
        88.03654578912074,
        88.15156376469878,
        88.26722685545616,
        88.3834883251777,
        88.50167989429302,
        88.61787164963312,
        88.73594348956887,
        88.8546240706635,
        88.97385587696577,
        89.09367622062256,
        89.21407246520408,
        89.33499970045442,
        89.4565506558876,
        89.5785590156001,
        89.70121926979607,
        89.82419817045796,
        89.94782119165389,
        90.07210038317308,
        90.19667154185922,
        90.32178381235973,
        90.44740663297706,
        90.57365992851054,
        90.70006670780366,
        90.82729408403674,
        90.95476905211008,
        91.08270629262302,
        91.21121145483963,
        91.34017086774679,
        91.46946348838071,
        91.59930388433705,
        91.72953739304204,
        91.86023885908162,
        91.9913140742802,
        92.12322937386115,
        92.25479956618275,
        92.38706114786883,
        92.51982987385679,
        92.65301034676516,
        92.78654398853085,
        92.92049394451045,
        93.05488618226303,
        93.18951862962152,
        93.32454446058362,
        93.46015875490518,
        93.5958978338868,
        93.7320785104249,
        93.86861998085077,
        94.00549482973484,
        94.14276389216356,
        94.28047522037106,
        94.41839083141207,
        94.55664035428349,
        94.69537297720426,
        94.83427684610726,
        94.97355100349044,
        95.11317722260262,
        95.25318382153098,
        95.39348531527878,
        95.53402185764023,
        95.67495038381045,
        95.81624149966521,
        95.95768435432515,
        96.09956027685064,
        96.24162712387034,
        96.38414325435934,
        96.52682668857487,
        96.66978048770895,
        96.81314765113865,
        96.95683853849562,
        97.10065027438651,
        97.24475665148692,
        97.38926776177749,
        97.53429700374171,
        97.67890550724573,
        97.82422897554613,
        97.96972096889918,
        98.11554827292339,
        98.26161480593161,
        98.40812503441317,
        98.55442329528421,
        98.7012432185992,
        98.8483703903232,
        98.99573456218046,
        99.14321222827569,
        99.29103752479304,
        99.43915057333751,
        99.5874285358906,
        99.73678770608035,
        99.88472370539455,
        100.0337251974351,
        100.18295843353738,
        100.33258463718747,
        100.48218834767118,
        100.63229903117696,
        100.78226054049883,
        100.93272213135509,
        101.08329995055915,
        101.23406183092176,
        101.38505977556844,
        101.53629629173383,
        101.68781233448405,
        101.83949629271741,
        101.99138607178622,
        102.14342008743462,
        102.29571662924363,
        102.4482005531771,
        102.60098420912938,
        102.75391921040276,
        102.90700844063694,
        103.06022248344874,
        103.2137614749257,
        103.36739655325474,
        103.52127539913211,
        103.67534494723799,
        103.82960156298734,
        103.98410244387117,
        104.13869325403851,
        104.29343870127533,
        104.44856666934488,
        104.60361528317495
    ]
}