{
    "start": 0,
    "stop": 2.5,
    "anchors": [],
    "levels": [
        82.18868368363434,
        5.250838052013089,
        5.041354849068997,
        4.83280475512015,
        4.625853602376959,
        4.421341995402292,
        4.2202681040817875,
        4.0238026644243154,
        3.8332418140844435,
        3.6499195918758494,
        3.4750907240134556,
        3.3097859258878657,
        3.154766668968834,
        3.010460080283526,
        2.8769814179471935,
        2.7541957510910144,
        2.641783397445178,
        2.539302902439885,
        2.446243286151812,
        2.3620621348034914,
        2.2862123540896384,
        2.2181577650621183,
        2.1573858610466585,
        2.103412151908965,
        2.0557830033528504,
        2.0140763983411407,
        1.977901337336775,
        1.946896494813378,
        1.920728463526556,
        1.8990894841031416,
        1.8816972154692817,
        1.8682892951954024,
        1.858624906791545,
        1.8524815992526802,
        1.8496535497574116,
        1.8499505034316135,
        1.853196237898237,
        1.8592273311470027,
        1.8678921256213297,
        1.8790494433373521,
        1.8925686765500112,
        1.9083271542043547,
        1.9262096211839794,
        1.9461139895784545,
        1.9679364564589514,
        1.9915853626745572,
        2.0169734807825535,
        2.0440189983794306,
        2.0726451016406333,
        2.1027795963625633,
        2.134354562743277,
        2.1673060405373463,
        2.20157374157818,
        2.237100786981398,
        2.2738334666282616,
        2.3117210187827344,
        2.3507154279219913,
        2.3907712390616735,
        2.4318453870362426,
        2.473897039353968,
        2.5168874513877677,
        2.5607798327890468,
        2.6055392241237225,
        2.6511323828292594,
        2.697527677680197,
        2.744694991028426,
        2.7926056281547527,
        2.8412322331309796,
        2.8905487106482832,
        2.9405301533186865,
        2.9911527740029302,
        3.0423938427604025,
        3.094231628055194,
        3.1466453418867215,
        3.1996150885439283,
        3.2531218167086413,
        3.3071472746570962,
        3.3616739683290557,
        3.416685122052245,
        3.4721646417263883,
        3.5280970802865097,
        3.5844676052793476,
        3.641261968399759,
        3.698466476846229,
        3.756067966365441,
        3.8140537758656405,
        3.8724117234866866,
        3.9311300840194403,
        3.99019756756012,
        4.049603299221008,
        4.109336799415647,
        4.169387979846157,
        4.229747064659508,
        4.290404725365137,
        4.35135184459816,
        4.412579688906872,
        4.474079814513759,
        4.53584406496791,
        4.597864560943156,
        4.660133688462018,
        4.722644087861985,
        4.7853886433132224,
        4.848360472855855,
        4.911552918926713,
        4.974959539347385,
        5.038574098747267,
        5.102390560396812,
        5.166403078428072,
        5.23060599042089,
        5.29499381033459,
        5.359561221766281,
        5.424303071518118,
        5.489214363456941,
        5.554290252650783,
        5.6195260397676545,
        5.684917165722962,
        5.750459206562678,
        5.816147868570233,
        5.881978983585688,
        5.947948504526567,
        6.014052501100167,
        6.0802871556979,
        6.146648759462626,
        6.213133708520492,
        6.27973850036925,
        6.346459730415402,
        6.413294088652959,
        6.480238356476959,
        6.547289403625173,
        6.6144441852417355,
        6.681699739056744,
        6.749053182675926,
        6.8165017109748245,
        6.884042593591843,
        6.9516731725146474,
        7.019390859754551,
        7.087193135103718,
        7.155077543971856,
        7.22304169530418,
        7.291083259599296,
        7.359199967096471,
        7.427390083717723,
        7.495650497933443,
        7.56397957119369,
        7.632375241843837,
        7.700835542901098,
        7.769358718595662,
        7.837942338863233,
        7.906585240912094,
        7.975285418718241,
        8.04404033766662,
        8.11284933066166,
        8.181710491539846,
        8.250621935373756,
        8.319582063046205,
        8.388589341996717,
        8.457642266281319,
        8.526739348508052,
        8.595879153951842,
        8.66506026798376,
        8.734281307079506,
        8.803540919902058,
        8.87283778644248,
        8.942170617182022,
        9.01153815227729,
        9.080939160768963,
        9.150372439814193,
        9.219836813942162,
        9.289331134332443,
        9.35885427811538,
        9.428405147693947,
        9.497982670086335,
        9.56758579628855,
        9.637213500656404,
        9.706864780306216,
        9.776538654533553,
        9.846234164249386,
        9.915950371433105,
        9.985686358601784,
        10.055441228295088,
        10.125214102575395,
        10.195004122542523,
        10.264810447862624,
        10.334632256310705,
        10.404468743326454,
        10.474319121582752,
        10.544182620566653,
        10.61405848617224,
        10.683945980305158,
        10.753844380498261,
        10.823752979538268,
        10.89367108510279,
        10.963598019407677,
        11.03353311886419,
        11.103475733745812,
        11.173425227864284,
        11.243380978254716,
        11.313342374869396,
        11.383308820280082,
        11.45327972938854,
        11.523254529144982
    ]
}