{
    "yield_post": 1.588342715505877,
    "error_post": 0.2662892617973878
}