{
    "yield_linear": 1.6664022159398175,
    "error_linear": 0.2697328421519964,
    "error_log": 0.161865388542989
}