{
    "ndata": 2,
    "start": 0,
    "stop": 10,
    "rtol": 0.001,
    "integrals": [
        [
            0.8303684258754213,
            0.8307550800249716
        ],
        [
            0.8430295154420719,
            0.8434230307526552
        ],
        [
            0.8544443128946209,
            0.8547658181389179
        ],
        [
            0.8645013985298946,
            0.8648799865682256
        ],
        [
            0.8733092903474278,
            0.8736709104468476
        ],
        [
            0.8808517917855947,
            0.8811972789146348
        ],
        [
            0.8871130013008973,
            0.887519762338197
        ],
        [
            0.8921829658636293,
            0.8926004301580832
        ],
        [
            0.8960651252190153,
            0.8964951528913662
        ],
        [
            0.8987927420070073,
            0.8992399668240469
        ],
        [
            0.9004815739822386,
            0.9008071619333079
        ],
        [
            0.9010204895203257,
            0.90136384610261
        ],
        [
            0.9005252072754273,
            0.9008878926300187
        ],
        [
            0.8990385961883125,
            0.8994219626646027
        ],
        [
            0.8966372426645441,
            0.897002585357155
        ],
        [
            0.8933019967875346,
            0.8936886889982913
        ],
        [
            0.8891094045035739,
            0.8895185568698629
        ],
        [
            0.8841030475296534,
            0.884537586202826
        ],
        [
            0.8783672335595684,
            0.8787560329580877
        ],
        [
            0.8719120807703222,
            0.8722468394717692
        ],
        [
            0.8647413369384893,
            0.8650948815087355
        ],
        [
            0.8569345835260499,
            0.8573082533481129
        ],
        [
            0.8485360013473072,
            0.8489315645419193
        ],
        [
            0.8395865785311692,
            0.8400062386420629
        ],
        [
            0.8301570171519479,
            0.8305425467670602
        ],
        [
            0.8202600335991163,
            0.8206068496574673
        ],
        [
            0.8099037167962708,
            0.8102698669689136
        ],
        [
            0.7991521854938901,
            0.7995398691319313
        ],
        [
            0.7880432216380892,
            0.7884540425488087
        ],
        [
            0.7766502398371363,
            0.7770242092098362
        ],
        [
            0.7649309858209073,
            0.7653269672082187
        ],
        [
            0.7529548911454246,
            0.7533746251748937
        ],
        [
            0.7407832540795474,
            0.7411684109802442
        ],
        [
            0.7284144928439317,
            0.7287659015155362
        ],
        [
            0.7158516559863509,
            0.7162229460848952
        ],
        [
            0.7031733541706127,
            0.7035139452635559
        ],
        [
            0.690383754322869,
            0.6906935167364356
        ],
        [
            0.6774733595184921,
            0.6778041046436059
        ],
        [
            0.6644949359939631,
            0.6648669538839166
        ],
        [
            0.651499871120275,
            0.6518398432693603
        ],
        [
            0.6384528150334399,
            0.6388111462425539
        ],
        [
            0.6254253650069614,
            0.6257525803185202
        ],
        [
            0.6123871712078094,
            0.6127313337705697
        ],
        [
            0.5994021073825807,
            0.5997161961608617
        ],
        [
            0.5864386615059807,
            0.5867693410245489
        ],
        [
            0.5735783634643741,
            0.5738418450642903
        ],
        [
            0.5607499823764954,
            0.5610306682446289
        ],
        [
            0.5479898679109563,
            0.5483271107493258
        ],
        [
            0.5353695006429773,
            0.5356840454128777
        ],
        [
            0.5228608456159386,
            0.5231513062518409
        ],
        [
            0.5104534692876677,
            0.5107588596408983
        ],
        [
            0.49819925434175794,
            0.498483351244994
        ],
        [
            0.48608146375906863,
            0.48634229803307405
        ],
        [
            0.47409326800534407,
            0.47436637100394474
        ],
        [
            0.46225937391409544,
            0.4625452007134848
        ],
        [
            0.45060334595923923,
            0.4508690180928596
        ],
        [
            0.4391124557246989,
            0.43936041387082203
        ],
        [
            0.42779563051616976,
            0.4280251423268596
        ],
        [
            0.4166676306482801,
            0.4168612019544442
        ],
        [
            0.4056934721838237,
            0.40589517363902095
        ],
        [
            0.3949032022701922,
            0.3951134963076227
        ],
        [
            0.3843142006670978,
            0.38450579152955106
        ],
        [
            0.3738888425000516,
            0.37411270170122807
        ],
        [
            0.3636818497878839,
            0.36388624586549984
        ],
        [
            0.35366719444691763,
            0.35385312553645215
        ],
        [
            0.3438352369798134,
            0.34402589299221914
        ],
        [
            0.3342187713631696,
            0.3343743384430106
        ],
        [
            0.32477018347178754,
            0.3249470456523436
        ],
        [
            0.31553632321872305,
            0.3156967292664205
        ],
        [
            0.30649961934739417,
            0.30664497880380337
        ],
        [
            0.2976498910416018,
            0.2977938528081126
        ],
        [
            0.2889948066421535,
            0.2891376990200763
        ],
        [
            0.2805336438028255,
            0.2806760409681725
        ],
        [
            0.2722672879364899,
            0.27240490121356853
        ],
        [
            0.26419389549679917,
            0.2643239483957103
        ],
        [
            0.25630637339744333,
            0.25644132979009904
        ],
        [
            0.24861503320275433,
            0.24874131645670597
        ],
        [
            0.2410999012195857,
            0.24123365441086198
        ],
        [
            0.23377187942702635,
            0.2339040196186054
        ],
        [
            0.22663187071282456,
            0.22675543768429043
        ],
        [
            0.21965659325569878,
            0.21978674760807457
        ],
        [
            0.21287825649400427,
            0.21298411942822518
        ],
        [
            0.2062679597598603,
            0.2063640050430694
        ],
        [
            0.19982331844354456,
            0.19992154791694647
        ],
        [
            0.19354778333475858,
            0.1936498847667403
        ],
        [
            0.1874389936003392,
            0.18754551235883646
        ],
        [
            0.18149942845028633,
            0.18159917121794597
        ],
        [
            0.17571583077348277,
            0.17581889628259317
        ],
        [
            0.17009650178332109,
            0.17019127125539302
        ],
        [
            0.16463283789565175,
            0.16471980846506876
        ],
        [
            0.15931568640875013,
            0.1594043274367706
        ],
        [
            0.1541520207518552,
            0.15423393911027763
        ],
        [
            0.14913473389231346,
            0.14920978962867662
        ],
        [
            0.14425989432716918,
