{
    "yield_pre": 5.349349646351361,
    "error_pre": 0.8612056484517221
}