{
    "yield_post": 5.305851787346437,
    "error_post": 0.7999839737273863
}