{
    "start": 0,
    "stop": 12,
    "anchors": [],
    "levels": [
        105.05308005052476,
        104.95208857487465,
        104.84991382799424,
        104.74652874158791,
        104.64190362883798,
        104.53600778368829,
        104.42880863706193,
        104.32027149659999,
        104.28752528194869,
        104.09903591116725,
        104.09519747499712,
        121.21349878830453,
        117.56240143601609,
        117.61174299821451,
        116.79124847710591,
        116.40196420047198,
        115.33775364613476,
        103.15216273317425,
        103.02596946791226,
        102.89782483148184,
        102.76765309636177,
        102.6353740893744,
        102.50090063239355,
        102.36413884488937,
        102.22498724294127,
        102.0833357988163,
        101.93906512623019,
        101.79204433357779,
        101.64213033525513,
        101.48916518050804,
        107.6587286690474,
        101.17336332633025,
        101.01011507806722,
        100.84298546523596,
        104.2949792977833,
        103.53949225650577,
        102.81667345879288,
        102.12568746769942,
        101.46562032290507,
        100.83561825931253,
        100.23475733038654,
        99.66212841645974,
        99.11682149160907,
        98.59793645449795,
        98.10458035639262,
        97.63587712244336,
        97.19096565387777,
        96.76900342811227,
        96.36916909284308,
        95.99066273336496,
        95.63270819544536,
        95.29454882441989,
        94.97545041335782,
        94.6659969719084,
        94.34740751113415,
        94.04189360400923,
        93.75046365972719,
        93.4730554597215,
        93.20937208646066,
        92.95903029419256,
        92.72161509936689,
        92.49669874728079,
        92.28385576324223,
        92.08266514448142,
        91.89271806208181,
        91.71361620500234,
        91.54497630890285,
        91.3864296202166,
        91.23762347144972,
        91.09821966248276,
        90.96789593746593,
        90.84634506198937,
        90.7332748165767,
        90.62840710623007,
        90.531476639076,
        90.44223163104887,
        90.36043090315555,
        90.28584477357094,
        90.21825224848996,
        90.15744166327373,
        90.10321053880423,
        90.05536136143915,
        90.01370385219377,
        89.97805478334504,
        89.9482340114584,
        89.9240667624395,
        89.90538214341397,
        89.89201161627665,
        89.88379091710979,
        89.88055686638033,
        89.88214801635421,
        89.88840387796128,
        89.89916399426943,
        89.91426671762369,
        89.93354721293058,
        89.95683299454298,
        89.98393491267204,
        90.01461750198267,
        90.04852723350463,
        90.08511115315511,
        90.12379474942148,
        90.16423144034273,
        90.20625052380257,
        90.24975838220071,
        90.29468934212532,
        90.34098652288304,
        90.38859483422726,
        90.43745625629701,
        90.48751225702338,
        90.5386990614654,
        90.5909515577096,
        90.64420130230474,
        90.69837911283886,
        90.75341464088105,
        90.8092377213639,
        90.86577818664435,
        90.9229685926143,
        90.98074155834506,
        91.03903289485702,
        91.09778059951717,
        91.15692551806114,
        91.21641120731884,
        91.27618380440691,
        91.33619365589792,
        91.39639311279305,
        91.45673782536647,
        91.5171864296296,
        91.57770031441773,
        91.63824336577548,
        91.69878248751438,
        91.75928666839003,
        91.81972724022398,
        91.88007865111274,
        91.94031544946783,
        92.00041626658107,
        92.06036096695797,
        92.12013061000427,
        92.17970856717695,
        92.23907897121464,
        92.29822838621187,
        92.35714427128782,
        92.41581571457981,
        92.4742319161336,
        92.53238502120251,
        92.5902670583501,
        92.64787113926336,
        92.70519142683716,
        92.76222299814265,
        92.81896200237502,
        92.87540471158636,
        92.93154737676365,
        92.98738862919605,
        93.04292676549369,
        95.54400555932196,
        95.6355036329694,
        95.72567734826804,
        95.81462289560389,
        95.90241793339987,
        95.98912962667401,
        96.07481377349316,
        96.15952177580093,
        96.24329977767798,
        96.326189572059,
        96.40822986327453,
        96.4894569756504,
        96.56990233428334,
        96.6495962581808,
        96.72857014593777,
        96.80683848084108,
        96.88443491428181,
        96.96137789834603,
        97.03768780356562,
        97.11338180132816,
        97.18847807862213,
        97.26299335134861,
        97.33694123958482,
        97.4103385158867,
        97.48319466779857,
        97.5555241531504,
        97.62733776818988,
        97.69864485957994,
        97.76945657961934,
        97.83978222606734,
        97.90963097242312,
        97.97901194766085,
        98.04793364817117,
        98.11640414132702,
        98.1844319907369,
        98.25202512505035,
        98.31918940211122,
        98.38593340615282,
        98.45226357669624,
        98.51818746302126,
        98.5837106076102,
        98.64883968152361,
        98.71358082317204,
        98.77793993710901,
        98.84192279797966,
        98.90553526131524,
        98.96878260896383,
        99.03167003359329
    ]
}