{
    "start": 2,
    "stop": 18,
    "anchors": [
        9.0,
        2.0
    ],
    "levels": [
        100.78636635046696,
        100.55506830039891,
        100.31547683672926,
        100.06665309032564,
        99.80740625489943,
        99.53616072745912,
        99.2507312493195,
        98.76801788906795,
        98.10458035561354,
        97.48497197941677,
        96.9071586748559,
        96.36916835053376,
        95.86909869173257,
        95.40511466635927,
        94.97545027305777,
        94.55856743227427,
        94.14217674793903,
        93.75046362472608,
        93.38365407886903,
        93.04102008495352,
        92.72161417739186,
        92.42443054650089,
        92.14845960733781,
        91.89271768188864,
        91.65625895629495,
        91.43817919957661,
        91.23762347144972,
        91.05378457315646,
        90.88590556351396,
        90.73327474232217,
        90.59522761850243,
        90.47114089140203,
        90.36043090324944,
        90.26254736743101,
        90.1769712491938,
        90.1032105385406,
        90.04079658868868,
        89.98928132091156,
        89.9482340114584,
        89.91723771170123,
        89.89588811242434,
        89.88379091711899,
        89.8805590401907,
        89.88581015746918,
        89.89916399426943,
        89.9202376315083,
        89.94863719722196,
        89.98393470466594,
        90.02558536566238,
        90.07265833673297,
        90.12379464632016,
        90.17806713700182,
        90.23509457813293,
        90.29468934212532,
        90.35671270859295,
        90.42103324665146,
        90.48751205565372,
        90.55600160633583,
        90.62634487145127,
        90.69837911283886,
        90.7719382615492,
        90.84685570335745,
        90.92296844203133,
        91.00011748522147,
        91.07815103717458,
        91.15692551807314,
        91.23630588849484,
        91.31616704292513,
        91.39639311278714,
        91.47687803094277,
        91.55752400916904,
        91.63824336577548,
        91.71895584799826,
        91.76304073320279,
        91.88007829467506,
        91.96036530908972,
        92.04039816472633,
        92.06226278162715,
        92.1362245582304,
        92.27853730338033,
        92.28292418523723,
        92.35561145458817,
        92.51303039163247,
        92.590266966522,
        92.57075631930638,
        92.64142318201851,
        92.71154096938415,
        92.78111058352985,
        92.85013480440963,
        92.91861700214778,
        92.98656048228216,
        93.05397161637416,
        93.12085454738265,
        93.1872170867627,
        93.2530660657358,
        93.31840750697631,
        93.38324935089318,
        93.44759937999241,
        93.5114663180499,
        93.57485605542608,
        93.63777959577997,
        93.70024346561071,
        93.762256319324,
        93.82382633609922,
        93.88496148233804,
        93.94566981238543,
        94.00595925977674,
        94.06583633004871,
        94.12530781987049,
        94.18437871296891,
        94.24305438823579,
        94.30133920320439,
        94.35923931406896,
        94.41675908513918,
        94.47390369041901,
        94.53067757480459,
        94.58708609894602,
        94.64313394485987,
        94.69882590553313,
        94.75416580020608,
        94.80915927365008,
        94.86381036356671,
        94.91812352195535,
        94.97210263243757,
        95.02575273670766,
        95.07907723099284,
        95.1320808602023,
        95.18476789212153,
        95.23714150909178,
        95.28920645286614,
        95.34096597211509,
        95.39242457880533,
        95.44358527767591,
        95.49445227040688,
        95.54502885330926,
        95.5953193546757,
        95.6453259790139,
        95.69505326729492,
        95.74450430220996,
        95.79368223049491,
        95.84259073861804,
        95.89123253077761,
        95.93961071583307,
        95.98772935986965,
        96.03559059906863,
        96.08319776055279,
        96.1305539159899,
        96.17766197165787,
        96.22452463020144,
        96.27114459428054,
        96.31752530436015,
        96.36366850959567,
        96.40957775940319,
        96.45525534159938,
        96.50070331185842,
        96.54592536258465,
        96.59092337076905,
        96.6356995710735,
        96.68025691023396,
        96.72459782671254,
        96.7687244759401,
        96.81263843240785,
        96.85634318579568,
        96.89984083810424,
        96.9431324365466,
        96.98622180318188,
        97.02910955517557,
        97.07179900836417,
        97.11429154158985,
        97.15658933239612,
        97.19869453039644,
        97.24060931131272,
        97.2823353316416,
        97.8407938089425,
        97.88594182323456,
        97.93088821133475,
        97.9756388742278,
        98.02019383255823,
        97.52883298383011,
        97.56929008172531,
        98.15270658284331,
        98.19649879817658,
        98.24010526863046,
        98.2835278232061,
        98.32676723046715,
        98.36982597381738,
        98.41270549847111,
        98.45540801680801,
        98.4979336789487,
        98.5402855851443,
        98.58246507207261,
        98.62447319116066,
        98.6663112295933,
        98.70798190852523,
        98.74948580378174,
        98.79082439286913,
        98.83200020659986,
        98.87301335330636,
        98.91386592132712,
        98.95455893205839,
        98.995094301778
    ]
}