{
    "start": 0,
    "stop": 3,
    "anchors": [],
    "levels": [
        92.21160717464554,
        92.04998049631793,
        91.89111994923765,
        91.7350677322193,
        91.5818656760338,
        91.43155434857499,
        91.28417951586263,
        91.13978337423146,
        90.99841041511368,
        90.86010663820036,
        90.72492090290825,
        90.5928980810921,
        90.46409069577354,
        90.3385510117557,
        90.2163332850396,
        90.09749414441465,
        89.9820908655576,
        89.87018416717224,
        89.76183600822456,
        89.65711001330475,
        89.55607120169549,
        89.45878589866294,
        89.3653215269496,
        89.27574433081413,
        89.19012230646223,
        89.10852156426537,
        89.03100693139228,
        88.95764050587361,
        88.8884806287636,
        88.82358061086893,
        88.76298770737563,
        88.70674007282537,
        88.65486952863571,
        88.60739537984756,
        88.56432883778804,
        88.52567009143752,
        88.49140927759916,
        88.46152676866501,
        88.43599455694692,
        88.41477506165032,
        88.3978252874412,
        88.38509513282834,
        88.3765285711882,
        88.37206636176103,
        88.37164386288715,
        88.37519473997915,
        88.38264946435876,
        88.39393757412356,
        88.40898882736498,
        88.42772758272083,
        88.4500828225224,
        88.47598118267575,
        88.50535002581456,
        88.53811711849517,
        88.57421159854198,
        88.61356166494028,
        88.65610019563897,
        88.70175740019918,
        88.75046711097716,
        88.80216271836616,
        88.8567807455789,
        88.91425811122147,
        88.9745330480981,
        89.03754544511253,
        89.10323726141526,
        89.17154974071661,
        89.24242715925877,
        89.31581455701189,
        89.39165820005306,
        89.46990545228157,
        89.55050489861598,
        89.63340607894818,
        89.71855957955118,
        89.805916924288,
        89.89543053020914,
        89.98705363924736,
        90.08074026267808,
        90.17644526033362,
        90.27412438810578,
        90.37373303998282,
        90.47522835389499,
        90.57856764977817,
        90.6837088632652,
        90.79060877565706,
        90.89922937608712,
        91.0095313527489,
        91.12147167639489,
        91.23501759844234,
        91.35012444232858,
        91.4667562103898,
        91.58488175229888,
        91.7044674902837,
        91.82547522045772,
        91.94787666390691,
        92.07164024215939,
        92.19674272328443,
        92.32315567186487,
        92.45085768998112,
        92.57982651821095,
        92.71004190872365,
        92.8414735508909,
        92.97409742683533,
        93.10789057995936,
        93.24282246445861,
        93.37887397856538,
        93.51601452536731,
        93.65422660614121,
        93.79348140311708,
        93.93375912024587,
        94.07503833017508,
        94.21729491412748,
        94.36050446369342,
        94.50465215112504,
        94.64971373426535,
        94.79566908135196,
        94.94249749253522,
        95.09018005903265,
        95.2387003077174,
        95.38803625999896,
        95.53816952041963,
        95.68908410912151,
        95.84076197893404,
        95.99318374777869,
        96.14633606656744,
        96.30019983135918,
        96.45475667435632,
        96.60999546861854,
        96.76589673257288,
        96.92244663633392,
        97.07962993722144,
        97.23742910403809,
        97.39583212915898,
        97.55482706251463,
        97.71439448228193,
        97.87452457176198,
        98.03520128298771,
        98.19641431044263,
        98.35814749110594,
        98.52039043440905,
        98.68313025815073,
        98.84635327104506,
        99.01004653258269,
        99.1742031331843,
        99.33880782620938,
        99.5038482738036,
        99.66931617570125,
        99.83519898805153,
        100.0014848868892,
        100.16816581002305,
        100.33522951315028,
        100.5026665618583,
        100.67046738984425,
        100.8386230473563,
        101.00712059803064,
        101.17595549318912,
        101.34511315296407,
        101.51458832362466,
        101.68437134490108,
        101.85445240902521,
        102.02482580330062,
        102.19547978961572,
        102.36640840669992,
        102.53760215073498,
        102.70905497594974,
        102.88075618055646,
        103.05270204891042,
        103.22488377712486,
        103.39729326503655,
        103.56992373184758,
        103.74276973748196,
        103.91582190753351,
        104.08907412172397,
        104.26252084309819,
        104.43615498009959,
        104.60997050649715,
        104.78396036540613,
        104.95811897110309,
        105.13243981097452,
        105.30691855163496,
        105.48154603241035,
        105.65632025354387,
        105.83123399058675,
        106.00628140378012,
        106.18145793358872,
        106.35676068045755,
        106.53217458404816,
        106.70770619722595,
        106.8833449738203,
        107.05908822223641,
        107.23493207962618,
        107.41086532408403,
        107.58688582942867,
        107.76299557607845,
        107.93918393617571,
        108.11544531152472,
        108.29178010865792,
        108.46818179945718,
        108.64464526605215,
        108.82116892181404,
        108.99774616016721,
        109.17437755313996
    ]
}