{
    "yield_pre": 15.451683827526434,
    "error_pre": 1.2975960165963698
}