{
    "start": 10,
    "stop": 25,
    "anchors": [],
    "levels": [
        128.39079657435258,
        128.24265973316682,
        128.09327976279786,
        127.94260699085284,
        127.79058791839327,
        127.63716417467094,
        127.48227323580498,
        127.32584699495624,
        127.16781036487319,
        127.00808284533615,
        126.84657370760533,
        126.68318497320959,
        126.5178088726799,
        126.35032600779223,
        126.18060318506866,
        126.0084929022452,
        125.83383002770586,
        125.65643332673187,
        125.47610381761126,
        125.29263123208025,
        125.10585670344224,
        124.91580466297228,
        124.7226184757979,
        124.52665119701274,
        124.3285781302599,
        124.12941401518401,
        123.9303816570206,
        123.73269445496419,
        123.5373891541422,
        123.34526978158277,
        123.15692686520774,
        122.97278144328256,
        122.79312287101664,
        122.61815104684663,
        122.44801662661956,
        122.2828028115879,
        122.12253928118912,
        121.96722074304603,
        121.816819029741,
        121.67128986787728,
        121.53057774445512,
        121.39462153340236,
        121.26343027605778,
        121.13682271290227,
        121.01517167642157,
        120.89842226815443,
        120.78651900945445,
        120.67940514246634,
        120.57702633987108,
        120.47932809984005,
        120.3862567163759,
        120.29775981777055,
        120.21378631976197,
        120.13428622623414,
        120.05920909890665,
        119.9885069458146,
        119.9221319242385,
        119.86003545209351,
        119.80217063630515,
        119.74849008763613,
        119.69894609141315,
        119.65348969757622,
        119.61207231596771,
        119.57464392713305,
        119.54115341208544,
        119.51154731786468,
        119.48577157041763,
        119.46376977576779,
        119.44548349641178,
        119.43085218707706,
        119.41981288913686,
        119.41230079568112,
        119.4082484583675,
        119.40758653316041,
        119.41024232884402,
        119.41614284441889,
        119.42521193841499,
        119.43737152933272,
        119.45254242212957,
        119.47064362925228,
        119.49159268234003,
        119.51530626964062,
        119.54169995459759,
        119.57068845588127,
        119.60218679155179,
        119.63610846694243,
        119.67236766759686,
        119.71087845088462,
        119.7515552489539,
        119.79431298074184,
        119.83906650252447,
        119.88573250795093,
        119.93422828033636,
        119.98447194108897,
        120.03638284767803,
        120.08988182035243,
        120.14489105668193,
        120.20133443187329,
        120.2591373982522,
        120.31822700348498,
        120.37853386501297,
        120.43998949943932,
        120.50252816732595,
        120.56608798548349,
        120.6306083349344,
        120.69603343775266,
        120.7623104775669,
        120.8293893587482,
        120.89722328118005,
        120.96576905467737,
        121.03498555433694,
        121.10483612640526,
        121.17528489846343,
        121.24629918389192,
        121.31784767086768,
        121.38990246796948,
        121.46243553883605,
        121.53542329119526,
        121.6088452233146,
        121.68254393678505,
        121.75668307744179,
        121.83117536017375,
        121.9060067864931,
        121.98116268729754,
        122.05662795281334,
        122.13238624868518,
        122.20842311724398,
        122.28472323842598,
        122.3612733498017,
        122.4380594463562,
        122.51506822240081,
        122.59228695931361,
        122.66970292267925,
        122.74730511254904,
        122.82508115431659,
        122.90302065632017,
        122.9811127654987,
        123.05934707768604,
        123.13771407314394,
        123.2162040828905,
        123.29480811110244,
        123.37351757694447,
        123.45232417952806,
        123.53121926769948,
        123.61019595702251,
        123.68924637239057,
        123.76836402874088,
        123.84754186430298,
        123.92677364847881,
        124.00605311686388,
        124.08537442619215,
        124.16473198918669,
        124.24412030625558,
        124.32353472630567,
        124.4029699060182,
        124.48242161109978,
        124.56188460944496,
        124.64135551810006,
        124.72083001935374,
        124.80030420922023,
        124.8797742983377,
        124.95923723698677,
        125.03868939633473,
        125.1181269392542,
        125.19754802405583,
        125.27694938384138,
        125.35632867065056,
        125.435682015543,
        125.51500718703954,
        125.59430286544804,
        125.67356640981795,
        125.75279509578922,
        125.83198822093948,
        125.91114132238982,
        125.99025506818671,
        126.06932680446701,
        126.14835566130095,
        126.22733816902256,
        126.30627374376394,
        126.38516167387269,
        126.46399998316977,
        126.54278799436054,
        126.62152310937864,
        126.70020532072631,
        126.77883336140408,
        126.85740792892642,
        126.93592294063187,
        127.01438207073315,
        127.09278270232946,
        127.17112621507884,
        127.24940740395098,
        127.32763179281261,
        127.40578956781917,
        127.48388868132346,
        127.56192486243253,
        127.63989812912874,
        127.71780797888889,
        127.79565329584767,
        127.87343465925757,
        127.95115026532372,
        128.0288009021677
    ]
}