{
    "yield_post": 2.0553144394350054,
    "error_post": 0.45828067274133966
}