{
    "yield_pre": 2.061247674676426,
    "error_pre": 0.4882844117111994
}