{
    "start": 0,
    "stop": 12,
    "levels": [
        131.57731181717529,
        131.5796645243052,
        131.58348334086153,
        131.58870396653057,
        131.59526609397457,
        131.6031120153272,
        131.6121870044657,
        131.62244006583796,
        131.63382219000775,
        131.64628718246786,
        131.65979139113358,
        131.67429347789727,
        131.68975428205792,
        131.70613679905748,
        131.7234057665315,
        131.74152818164012,
        131.76047186008333,
        131.78020712820827,
        131.8007053710758,
        131.82193983075203,
        131.8438840733815,
        131.86651437340092,
        131.88980712400203,
        131.9137401516951,
        131.93829223953372,
        131.96344327989755,
        131.9891740357099,
        132.0154661434306,
        132.0423021149254,
        132.06966518153527,
        132.09753923490055,
        132.1259090178625,
        132.15475986560173,
        132.1840777351312,
        132.2138491717301,
        132.24406127759983,
        132.27470168238833,
        132.30575851588443,
        132.3372203820523,
        132.36907633494764,
        132.40131585613017,
        132.4339288305906,
        132.466905533856,
        132.50023660727632,
        132.53391304193278,
        132.56792615930252,
        132.60226759832113,
        132.63692937654474,
        132.67190356527814,
        132.7071827482626,
        132.74275969098866,
        132.7786274096843,
        132.81477915911762,
        132.85120842126778,
        132.8879088978512,
        132.92487449919903,
        132.96209933500435,
        132.99957778973172,
        133.03730417825847,
        133.07527325320834,
        133.11347984099243,
        133.15191893221882,
        133.1905856720565,
        133.2294753542979,
        133.26858341556513,
        133.30790542957766,
        133.34743710176016,
        133.38717417590982,
        133.4271125610657,
        133.4672486813216,
        133.50757850104245,
        133.54809831258902,
        133.5888045121802,
        133.62969359762064,
        133.67076237870347,
        133.71200690388665,
        133.75342480139184,
        133.7950120661008,
        133.8367663226909,
        133.87868435742652,
        133.9207632882635,
        133.96300030135777,
        134.0053926442018,
        134.04793764320107,
        134.0906326983777,
        134.13347526344583,
        134.1764628632141,
        134.21959308207926,
        134.26286356382914,
        134.30627200978716,
        134.34981617695948,
        134.39349387624094,
        134.43730297075064,
        134.48124137421132,
        134.52530704929754,
        134.56949800623653,
        134.61381250708024,
        134.65824826669856,
        134.70280358221953,
        134.74747666648625,
        134.7922657462758,
        134.83716905684503,
        134.88218499922078,
        134.92731181363584,
        134.97254791764823,
        135.01789171587555,
        135.06334144030725,
        135.10889601899368,
        135.1545537388795,
        135.20031314400524,
        135.2461728088168,
        135.29213133751713,
        135.33818736312264,
        135.38433954669503,
        135.43058657656354,
        135.4769271675908,
        135.52336006052704,
        135.56988402118097,
        135.616497839902,
        135.6632003309606,
        135.7099903317492,
        135.75686670234998,
        135.80382832482024,
        135.85087431874695,
        135.89800317664498,
        135.94521405943075,
        135.99250593190294,
        136.0398777782471,
        136.08732860166143,
        136.1348574237142,
        136.18246328399903,
        136.23014523970406,
        136.27790236513863,
        136.32573375136445,
        136.37363850576364,
        136.4216157516338,
        136.4696643990553,
        136.51778405996887,
        136.56597367429114,
        136.61423242552783,
        136.6625595112931,
        136.7109541430519,
        136.75941554578966,
        136.80794318335532,
        136.85653585516476,
        136.9051930511076,
        136.95391404731322,
        137.00269813201444,
        137.05154460523485,
        137.10045277853894,
        137.14942197483663,
        137.19845152801938,
        137.24754078411218,
        137.2966888740936,
        137.34589576578688,
        137.39516029914088,
        137.4444820167877,
        137.49386031421372,
        137.54329459638674,
        137.59278427793305,
        137.64232878167502,
        137.6919273897098,
        137.74157984430042,
        137.79128544454895,
        137.8410438565826,
        137.89085407936682,
        137.94071596355738,
        137.99062882234682,
        138.04059217940426,
        138.0906055510071,
        138.1406684422119,
        138.1907801516227,
        138.24094062887048,
        138.2911491837711,
        138.34140534972494,
        138.39170866685214,
        138.44205868189476,
        138.49245494809662,
        138.54289702505787,
        138.59338447862058,
        138.64391688080215,
        138.69449380954936,
        138.7451148488454,
        138.79577958833596,
        138.8464876234266,
        138.8972385551726,
        138.94803198995473,
        138.99886753955175,
        139.04974482106886,
        139.1006634568566,
        139.15162307430882,
        139.20262330581272,
        139.25366378870007,
        139.30474416513385,
        139.35586408198932,
        139.40702319081143,
        139.4582211477486,
        139.50945761340841,
        139.56073225286468,
        139.6120447354716,
        139.6633947349386
    ]
}