{
    "yield_post": 9.24728033958971,
    "error_post": 1.3090712391369344
}