{
    "start": 0,
    "stop": 20,
    "anchors": [],
    "levels": [
        195.18611675037195,
        194.39153213485542,
        193.5705335107063,
        192.71988073597834,
        191.8354550651512,
        190.9118589879805,
        189.9425312315049,
        188.917349689572,
        187.81635514943918,
        186.56266930695557,
        185.0994014922885,
        183.70874171809518,
        182.42251652328136,
        181.2591123394173,
        180.22496684605812,
        179.3189843783904,
        178.5378624669891,
        177.87642832902424,
        177.328653102377,
        176.88892539956615,
        176.55274492286614,
        176.31551789579197,
        176.17110043585546,
        176.11186427343293,
        176.12931304454972,
        176.2146574811476,
        176.3594356361919,
        176.5561681797563,
        176.7987484435027,
        177.08235899084556,
        177.40310488499802,
        177.7576177026318,
        178.14270135902922,
        178.55494232850018,
        178.9901208627826,
        179.4420671203306,
        179.90272284731566,
        180.3674683028734,
        180.83195110208305,
        181.2914979628171,
        181.7429082729583,
        182.18441580080764,
        182.61542053275676,
        183.0358854034439,
        183.4460412714664,
        183.84625091425625,
        184.23693507314306,
        184.61853427763276,
        184.99148546004622,
        185.3562098441862,
        185.71311230418866
    ]
}