{
    "start": 0,
    "stop": 8,
    "anchors": [],
    "levels": [
        212.24962467191477,
        207.92958957632555,
        203.61674376730457,
        199.10361778611508,
        194.18682445363618,
        188.7891120618925,
        183.4542784645277,
        178.8089785180863,
        174.8410085505227,
        171.44130077181217,
        168.3932245240532,
        165.295002359048,
        162.39424194030605,
        159.74964975511955,
        157.3544273481287,
        155.18851943812717,
        153.2276602770534,
        151.44883776520015,
        149.8312295433626,
        148.3567516683139,
        147.0099808546114,
        145.77740058297584,
        144.64715672730864,
        143.60895909231797,
        142.6535355178753,
        141.5823134799657,
        140.78050397829895,
        140.03979994321296,
        139.35449400080373,
        138.71952141078373,
        138.13037710317718,
        137.5830467849958,
        137.07394815558268,
        136.5999453777909,
        136.15826478371872,
        135.74635356528523,
        135.36187819512816,
        135.00271455379448,
        134.6669413732862,
        134.35288992577247,
        134.05912574572028,
        133.78428541832267,
        133.5270702083841,
        133.28626883183273,
        133.06075808590774,
        132.84950117781298,
        132.65154151049438,
        132.46599535780854,
        132.2920485741171,
        132.1289486535567,
        131.97599709201614,
        131.83255168783504,
        131.69800873359108,
        131.57181336024715,
        131.45344922497856,
        131.34243793745972,
        131.23833705171558,
        131.14073886173054,
        131.04926840697232,
        130.9635822404842,
        130.88336764540315,
        130.80834120984446,
        130.73824727825408,
        130.67285802440924,
        130.6119711680991,
        130.55540926343411,
        130.50301972806562,
        130.45467190655498,
        130.41025688559057,
        130.36968510615858,
        130.33288269041293,
        130.2997915768019,
        130.27036196041712,
        130.24455346705273,
        130.2223298454046,
        130.20365593059682,
        130.18849734829837,
        130.17681974545712,
        130.16858499662243,
        130.16375276063397,
        130.16227966835024,
        130.16411947330116,
        130.1692225512179,
        130.17753742044454,
        130.18901012524617,
        130.20358402663277,
        130.22120187172095,
        130.24180434543393,
        130.26533170515881,
        130.2917233596283,
        130.3209168782377,
        130.3528515717981,
        130.38746442420057,
        130.4246940398728,
        130.4644780009952,
        130.50675419288888,
        130.55146064574478,
        130.59853554193668,
        130.64791722085135,
        130.69954444582666,
        130.7533562554733,
        130.80929219998262,
        130.86729186410176,
        130.9272959897467,
        130.98924596742074,
        131.05308390458927,
        131.11875323530057,
        131.18619862198244,
        131.25536893058666,
        131.3262024921594,
        131.39865872254262,
        131.47268587054984,
        131.54823742329333,
        131.62526952427595,
        131.70374004432423,
        131.78360864506547,
        131.86483837013236,
        131.94739344530132,
        132.03124056091295,
        132.11634731621103,
        132.20268800572185,
        132.29022349629457,
        132.3789359843391,
        132.46879827456002,
        132.5597850388924,
        132.6518730128769,
        132.74504019471956,
        132.8392632083132,
        132.93452292037023,
        133.03079845180662,
        133.12806984494637,
        133.22631887801953,
        133.3255255238991,
        133.42567252134657,
        133.52674058551446,
        133.6287139715751,
        133.73157460346889,
        133.83530549118115,
        133.9398898987721,
        134.04531131318492,
        134.1515537565257,
        134.25860086127258,
        134.3664370007275,
        134.47504649391632,
        134.58441397372698,
        134.6945245144397,
        134.80536227057675,
        134.91691392345604,
        135.02916289056446,
        135.1420976507571,
        135.25570342063568,
        135.36996582438562,
        135.48487208034052,
        135.60040902142802,
        135.7165649945606,
        135.8333268149065,
        135.95068423398686,
        136.06862490076782,
        136.1871386273757,
        136.30621531149228,
        136.42584535808604,
        136.54601948335258,
        136.6667290475748,
        136.78796581464093,
        136.9097216897615,
        137.03198946495436,
        137.15476220608247,
        137.2780330903857,
        137.40179580404634,
        137.5260416243241,
        137.65076313375667,
        137.7759496870705,
        137.90159340930796,
        138.02768467974073,
        138.15421540932994,
        138.28117589305938,
        138.40855820401578,
        138.5363528513651,
        138.66455155331533,
        138.79314584585808,
        138.92212655924988,
        139.05148515365175,
        139.18121283547504,
        139.31130068478,
        139.44173963270686,
        139.57252044950383,
        139.70363346915684,
        139.83506879542705,
        139.9668160722274,
        140.0988667434613,
        140.23121365234311,
        140.363849744469,
        140.4967679107144,
        140.62996102645513,
        140.7634218915595,
        140.89714319620865,
        141.03111743259765,
        141.16533680474808,
        141.29979305672438,
        141.4344771978479,
        141.56937898917477
    ]
}