{
    "nbins": 50,
    "range_": [
        0.0,
        7.0
    ],
    "nburnin": 100,
    "nsamples": 100000,
    "nrepeats": 100,
    "seed": 0,
    "step_size": 0.2,
    "prob_eye": 0.1,
    "yields": [
        0,
        0,
        0,
        0,
        0,
        0,
        0,
        0,
        0,
        0,
        48,
        439,
        2451,
        9908,
        29545,
        75355,
        159298,
        281259,
        439930,
        619369,
        788592,
        916516,
        983139,
        989003,
        938343,
        843380,
        720021,
        590657,
        464335,
        350423,
        256700,
        182096,
        125810,
        84507,
        55675,
        35554,
        22713,
        13804,
        8583,
        5158,
        3145,
        1874,
        1054,
        576,
        366,
        177,
        82,
        45,
        36,
        22
    ],
    "errors": [
        0.0,
        0.0,
        0.0,
        0.0,
        0.0,
        0.0,
        0.0,
        0.0,
        0.0,
        0.0,
        10.628264204469144,
        34.02631334717295,
        98.73697382439873,
        174.58338981701553,
        356.12743505661,
        544.7061134226418,
        1691.1487101967111,
        1184.959151194673,
        1296.5820452250603,
        1587.6187798083013,
        1752.1339446514926,
        1527.2168935681666,
        1951.4219917793278,
        1491.90110597184,
        1680.2060915256802,
        1514.2938948566095,
        1645.1785890899507,
        1527.2120055840319,
        1289.925094724496,
        1116.557974312127,
        1127.1104648613639,
        1047.8481951122499,
        740.5963813036087,
        632.7136081988438,
        478.6593256168734,
        347.224480703766,
        276.39339717149545,
        251.82501861411626,
        179.56088104038696,
        132.1527903602493,
        92.65392598265875,
        70.59206754303206,
        54.68857284661943,
        43.33866633850194,
        30.79675307560847,
        18.322390673708494,
        13.88380351344688,
        8.291561975888502,
        9.002221947941518,
        7.820485918406864
    ]
}