{
    "yield_linear": 3.6756429547104816,
    "error_linear": 0.6289788959174789,
    "error_log": 0.17112078177000778
}