{
    "yield_linear": 3.675760022172225,
    "error_linear": 0.6290377057614258,
    "error_log": 0.1711313311987354
}