{
    "start": 0,
    "stop": 20,
    "levels": [
        135.304908283993,
        135.02981112342295,
        134.80675133858875,
        134.6292365952346,
        134.4916799063502,
        134.38936013170158,
        134.31825692879488,
        134.2749737036525,
        134.2565855869202,
        134.26054031637966,
        134.28470600956493,
        134.3271910329462,
        134.38634999992487,
        134.46074992898122,
        134.54911984947682,
        134.6503459913267,
        134.7634439996201,
        134.88750371229793,
        135.02175497679087,
        135.1654931499398,
        135.31805694335776,
        135.4788640710473,
        135.64744894978338,
        135.82329552245255,
        136.00587146368133,
        136.1949258891522,
        136.39005305110638,
        136.59089667133392,
        136.79717033115276,
        137.0085827362567,
        137.22486263543192,
        137.44584428967082,
        137.67113123287143,
        137.90063067917626,
        138.1341549098228,
        138.37148701593415,
        138.61248959041444,
        138.8570127817112,
        139.10481561739874,
        139.3558315211599,
        139.60994026853132,
        139.86701085525615,
        140.12689111312713,
        140.389511465365,
        140.65473805709138,
        140.9225082063312,
        141.1926814669011,
        141.46522294062152,
        141.74000210027594,
        142.01699992316478,
        142.29610811264502
    ]
}