{
    "yield_pre": 38.92417669802812,
    "error_pre": 6.129983225918893
}