{
    "start": 10,
    "stop": 90,
    "anchors": [],
    "levels": [
        76.52697915280775,
        76.16702704626701,
        75.8104003582845,
        75.45719318075828,
        75.10749416347869,
        74.76138456715012,
        74.41896203020903,
        74.08033501559873,
        73.74559824684428,
        73.41484274262271,
        73.08816869018428,
        72.76566353301385,
        72.44740517527741,
        72.13346557659929,
        71.82391036547645,
        71.5188360788747,
        71.21833420820073,
        70.92247264883491,
        70.6313102080416,
        70.34489202762619,
        70.06325441615344,
        69.7864368220942,
        69.51450728184756,
        69.24752500746365,
        68.98552378176723,
        68.72852224851997,
        68.4765237418261,
        68.22952827127676,
        67.98752324706317,
        67.75049400054309,
        67.51841572633654,
        67.2912628691877,
        67.06900859171195,
        66.85161973442594,
        66.6390635237471,
        66.4313045056982,
        66.22830893212787,
        66.03004295361931,
        65.83647303828123,
        65.64756809781098,
        65.46329846880792,
        65.28363738138394,
        65.10856115313307,
        64.93804703375314,
        64.7720791126888,
        64.61064221494195,
        64.45372821478472,
        64.30133359751441,
        64.15346312652449,
        64.01013674864535,
        63.8713911744191,
        63.73730160164166,
        63.60801379334958,
        63.48379875550111,
        63.36513428506912,
        63.25274407171645,
        63.14714896129398,
        63.04868531281542,
        62.957539013547816,
        62.87373783152025,
        62.79714568661675,
        62.72748151323381,
        62.66436609628229,
        62.607383722249594,
        62.556151811970196,
        62.51038935844511,
        62.46998638926681,
        62.43507110669984,
        62.406031221530206,
        62.383376062258236,
        62.367378260212675,
        62.35775319593815,
        62.353704317387525,
        62.354224955087,
        62.3583649390103,
        62.36535278979264,
        62.374611970761435,
        62.385730740336015,
        62.398421745158515,
        62.41248700631236,
        62.42779143662241,
        62.44424376446872,
        62.46178370344046,
        62.4803727310625,
        62.49998780787803,
        62.52061696845908,
        62.542256201302706,
        62.564907225154165,
        62.588576065413065,
        62.61327216797214,
        62.63900662050065,
        62.66579426112821,
        62.69365068179615,
        62.722593420461834,
        62.75264145386417,
        62.78381490130144,
        62.816134911918496,
        62.84962315337385,
        62.88430152104546,
        62.92019175446699,
        62.957315377013586,
        62.99569145892163,
        63.03533970974613,
        63.076276855388016,
        63.118516868122214,
        63.162071110960056,
        63.2069464055709,
        63.2531445128559,
        63.30065952061714,
        63.34947535878162,
        63.39956082641284,
        63.45086201543407,
        63.5033365959539,
        63.55698309180009,
        63.61180306860597,
        63.667797849899216,
        63.72496876266901,
        63.783316939548996,
        63.84284288378648,
        63.90354747791572,
        63.96543054396862,
        64.02849203631844,
        64.09273113990156,
        64.15814672022694,
        64.2247369606992,
        64.29249937708383,
        64.36143071640686,
        64.43152700171825,
        64.50278275569774,
        64.57519179644459,
        64.64874605662848,
        64.72343536077545,
        64.79924693730169,
        64.87616374059104,
        64.95416695772698,
        65.03324918662395,
        65.1134070406233,
        65.19463694088873,
        65.27693538077745,
        65.36029864159286,
        65.44472308173626,
        65.53020499755787,
        65.61674066478608,
        65.70432575013595,
        65.79295685390922,
        65.8826301245052,
        65.97334058532908,
        66.06508500526834,
        66.15785892243966,
        66.25165811572701,
        66.34647825466048,
        66.44231500508239,
        66.53916379400282,
        66.63702013797295,
        66.73587953670497,
        66.83573724743837,
        66.9365884970938,
        67.03842874823398,
        67.1412528070519,
        67.24505597132799,
        67.34983307811837,
        67.45557891970634,
        67.56228854081238,
        67.66995646633377,
        67.77857742619302,
        67.88814610105322,
        67.99865666392171,
        68.1101036360519,
        68.22248125314859,
        68.33578355111638,
        68.45000434299249,
        68.56513792347266,
        68.68117746100005,
        68.7981167545754,
        68.91594831859398,
        69.03466560688918,
        69.1542609190823,
        69.27472846431682,
        69.39606313317474,
        69.51825972291743,
        69.64131309279097,
        69.76521798372565,
        69.88996931619225,
        70.01556184838319,
        70.14199000586946,
        70.26924911770503,
        70.39733342883517,
        70.52623767927884,
        70.65595653928001,
        70.78648442545894,
        70.91781599117466,
        71.04994584895974,
        71.18286815390388,
        71.31657765877766,
        71.45106813425795,
        71.586333927517,
        71.72236904747781,
        71.85916734079196,
        71.9967224116975,
        72.13502779074305,
        72.27407727033577
    ]
}