{
    "yield_linear": 38.945569455599085,
    "error_linear": 6.174887032699402,
    "error_log": 0.15855172023455055
}