{
    "yield_post": 9.609455696925764,
    "error_post": 1.4693848259139082
}