{
    "start": 0,
    "stop": 30,
    "anchors": [
        25.0
    ],
    "levels": [
        117.1922836120421,
        116.72600294920736,
        116.25855569341391,
        115.79026272815578,
        115.32148824320186,
        114.85264514789783,
        114.3842071736528,
        113.91671053411407,
        113.45076791263152,
        112.98707534698794,
        112.5264206177145,
        112.06969200942216,
        111.61788523660248,
        111.17199471654871,
        110.72591512333963,
        110.27564125551775,
        109.82118020662755,
        109.36257441735671,
        108.89989896978678,
        108.43327413252501,
        107.96289021961707,
        107.48903870787997,
        107.01212479078342,
        106.53272180812039,
        106.05160171329416,
        105.569763682423,
        105.08841862714041,
        104.60892577975385,
        104.1327518769136,
        103.66138753469643,
        103.19636883736294,
        102.73924767457122,
        102.2915696235387,
        101.85485558742829,
        101.43055891589273,
        101.02002709816016,
        100.6244660718474,
        100.24491303563056,
        99.88221691780872,
        99.53703030321255,
        99.20981255380826,
        98.90083913841627,
        98.61021674705809,
        98.33790581167771,
        98.08373455559949,
        97.8474231151007,
        97.62860256575463,
        97.42682906932194,
        97.24160139167712,
        97.07237417879873,
        96.91857268937366,
        96.77960530592316,
        96.65487571752175,
        96.54379412036617,
        96.44578368408504,
        96.36028057952181,
        96.28672970183744,
        96.22457227182365,
        96.17324144066384,
        96.13216554282789,
        96.10077386303807,
        96.07850849174133,
        96.06483316555347,
        96.05924078755619,
        96.06125903241227,
        96.07045239433543,
        96.0864227835018,
        96.10880832882907,
        96.13728002584291,
        96.17153866289416,
        96.21131031074998,
        96.2563425769158,
        96.3064005414375,
        96.36126364924827,
        96.42072340966956,
        96.48457912087271,
        96.55263895665234,
        96.62471631227235,
        96.7006289682323,
        96.78019970078971,
        96.86325257812514,
        96.94961506837234,
        97.0391160016219,
        97.13158456877997,
        97.22685188990876,
        97.3247466276032,
        97.42509588543557,
        97.52772427670783,
        97.63245186219457,
        97.73909106173276,
        97.84744479361206,
        97.95730282903824,
        98.06843538548236,
        98.18058839552285,
        98.29347555132092,
        98.40677026467583,
        98.52010715620155,
        98.63309157302498,
        98.74535251560008,
        98.85661979880985,
        98.96681497704843,
        99.07605115991694,
        99.1844232413515,
        99.29191568099361,
        99.39837199540226,
        99.50363080918056,
        99.60754016203016,
        99.70996154497013,
        99.81077377246066,
        99.90987956803266,
        100.00720247069859,
        100.10269234427797,
        100.19632109731572,
        100.28808488947409,
        100.37799572037046,
        100.4660802653753,
        100.55237827740221,
        100.63693435858883,
        100.71980274875838,
        100.80103677427513,
        100.88069420280104,
        100.95883133663875,
        101.0355046640225,
        101.1107690229588,
        101.18467730452815,
        101.25728208347616,
        101.32863054658456,
        101.39877179032344,
        101.46774859559325,
        101.53560446757514,
        101.60237954906462,
        101.668112556472,
        101.73283970855822,
        101.79659534649525,
        101.85941320786617,
        101.9213237426011,
        101.98235696749556,
        102.04254086455292,
        102.10190258539502,
        102.16046744622294,
        102.21825981625703,
        102.2753026197505,
        102.33161872413245,
        102.38722844293507,
        102.44215259698287,
        102.49640982537429,
        102.55001890039341,
        102.60299718764087,
        102.65536164743726,
        102.7071285464932,
        102.75831292580672,
        102.8089305023804,
        102.85899482046854,
        102.90851988402,
        102.95751873721782,
        103.00600408144425,
        103.05398813328195,
        103.10148245095196,
        103.14849874650513,
        103.19504753665434,
        103.24113934100262,
        103.28678475881699,
        103.33199232087271,
        103.37677292719046,
        103.42113462811251,
        103.46508717016265,
        103.50863802639748,
        103.55179618371794,
        103.59468179101607,
        103.63696516271916,
        103.67899132758055,
        103.72065492779433,
        103.76196303742833,
        103.80292228289805,
        103.84353961905627,
        103.8838211328713,
        103.92377304716514,
        103.96340173565275,
        104.00271248344735,
        104.04171159145167,
        104.0804041477072,
        104.11879567482984,
        104.1568914039551,
        104.19469641949163,
        104.23221553096762,
        104.26945389551116,
        104.30641606907052,
        104.34310635332906,
        104.37952947685152,
        104.41568975845894,
        104.45159130345957,
        104.48723797550855,
        104.52263414351052,
        104.55778409558464,
        104.59269085038434,
        104.62735891664775,
        104.66179089145452,
        104.69599129832551,
        104.72996314536525,
        104.76371044625273,
        104.79723506665059
    ]
}