{
    "nbins": 50,
    "range_": [
        0.0,
        30.0
    ],
    "nburnin": 100,
    "nsamples": 100000,
    "nrepeats": 100,
    "seed": 0,
    "step_size": 0.5,
    "prob_eye": 0.1,
    "yields": [
        0,
        0,
        0,
        0,
        15,
        129,
        900,
        6036,
        30408,
        116774,
        327549,
        678062,
        1082595,
        1377370,
        1463584,
        1347499,
        1101862,
        826917,
        579914,
        386504,
        250395,
        157756,
        98455,
        60869,
        38160,
        23427,
        14742,
        9542,
        6292,
        4124,
        2762,
        1882,
        1362,
        969,
        718,
        514,
        364,
        283,
        219,
        179,
        138,
        146,
        86,
        62,
        55,
        57,
        45,
        46,
        30,
        24
    ],
    "errors": [
        0.0,
        0.0,
        0.0,
        0.0,
        4.974937185533102,
        18.182134088164673,
        43.840620433565945,
        123.34115290526515,
        252.77135913706678,
        607.9648345093653,
        981.4708299282255,
        1591.3697119148649,
        1746.2115421677863,
        1931.9619561471698,
        1850.007956739646,
        1892.96724483019,
        1604.2436099296142,
        1633.5728052339755,
        1235.223072971032,
        1017.6472080244706,
        866.2913770781744,
        702.7706880626141,
        492.2730441533438,
        388.40106848462716,
        333.4606423552861,
        269.63625498066835,
        178.32655438829067,
        149.39999999999998,
        114.53977475095712,
        97.1403108909993,
        76.15484226232762,
        67.91730265550893,
        57.961711499920355,
        46.253540405032794,
        37.29289476562527,
        31.113341189914028,
        25.239651344660054,
        24.29217981161839,
        17.475411297019583,
        18.016381434683268,
        17.65106229097841,
        16.758281534811374,
        12.167168939404098,
        10.562196741208714,
        9.630680142129107,
        8.397023282092288,
        8.529361054615993,
        8.175573374387877,
        7.000000000000001,
        6.019966777316967
    ]
}