{
    "yield_linear": 9.484029126280033,
    "error_linear": 1.731432218038157,
    "error_log": 0.18256293764855658
}