{
    "yield_linear": 9.484029126280033,
    "error_linear": 1.7314322180381563,
    "error_log": 0.18256293764855652
}