{
    "start": 0,
    "stop": 40,
    "levels": [
        98.14802346312663,
        98.14149045277259,
        98.13812910656564,
        98.13787976809803,
        98.14068268718297,
        98.14647766345203,
        98.15520525358683,
        98.166805070876,
        98.18121735257067,
        98.1983837112227,
        98.21824508835017,
        98.2407434475314,
        98.26582210103564,
        98.29342425060557,
        98.32349445876318,
        98.35597836825269,
        98.39082264620134,
        98.42797403094505,
        98.46738191415561,
        98.50899531795653,
        98.55276527569696,
        98.59864363365428,
        98.64658328209143,
        98.69653815448132,
        98.74846396914351,
        98.80231669524514,
        98.85805321185416,
        98.91563257312698,
        98.9750146911367,
        99.03615919819069,
        99.09902778826041,
        99.16358376910851,
        99.22979082549556,
        99.29761246721685,
        99.36701492749248,
        99.43796477118006,
        99.51042899594313,
        99.58437618398777,
        99.65977461339726,
        99.73659513092527,
        99.81480808275184,
        99.89438497055804,
        99.97529806587832,
        100.05752038825723,
        100.14102566033498,
        100.225788318428,
        100.31178384369818,
        100.39898725004437,
        100.48737533492537,
        100.5769252186257,
        100.66761450770278,
        100.75942140924761,
        100.85232470604882,
        100.94630375524251,
        101.041338463726,
        101.13740918051822,
        101.23449679407003,
        101.33258272596656,
        101.43164883136257,
        101.53167742297899,
        101.63265126088203,
        101.73455307961824,
        101.83736733420925,
        101.94107762342547,
        102.04566834814284,
        102.15112428717507,
        102.25743059023777,
        102.36457277118598,
        102.47253665147625,
        102.58130849654964,
        102.69087479848717,
        102.80122238795363,
        102.91233842230044,
        103.02421038562181,
        103.1368260147339,
        103.25017326640068,
        103.36424046163823,
        103.47901617901609,
        103.59448923885475,
        103.71064871399791,
        103.82748392063993,
        103.94498442332966,
        104.06314002997865,
        104.18194074001637,
        104.30137676338214,
        104.42143893907915,
        104.54211673073856,
        104.66340227553545,
        104.7852861211901,
        104.90775950116766,
        105.03081384874699,
        105.15444076177248,
        105.27863201801827,
        105.40337956646137,
        105.52867552035175,
        105.65451215332334,
        105.78088189620154,
        105.9077773353124,
        106.03519120234104,
        106.16311637469018,
        106.29154587244702,
        106.42047285517833,
        106.54989061699706,
        106.67979258496145,
        106.81017231790769,
        106.94102350949919,
        107.07233999518395,
        107.20411570598775,
        107.33634448255404,
        107.46902032059023,
        107.60213775342508,
        107.73569147973245,
        107.86967532889615,
        108.00408430039347,
        108.13891324028162,
        108.27415628015194,
        108.40980864397044,
        108.5458652641028,
        108.68232117711216,
        108.81917151358313,
        108.95641102168804,
        109.09403591805102,
        109.23204115569676,
        109.37042220463863,
        109.50917461422245,
        109.64829400990045,
        109.78777609405729,
        109.92761664186774,
        110.06781148412023,
        110.20835678446822,
        110.34924786118992,
        110.4904814316883,
        110.63205337714528,
        110.77395989641225,
        110.91619723651606,
        111.05876170604998,
        111.20164967459816,
        111.34485757101504,
        111.48838188215375,
        111.63221915147463,
        111.77636597733323,
        111.92081936078411,
        112.0655752642911,
        112.21063064297869,
        112.3559829883844,
        112.50162856950963,
        112.64756387253438,
        112.79378679062813,
        112.94029392034935,
        113.08708231142114,
        113.23414905828429,
        113.38149129950503,
        113.52910621703987,
        113.67699103527644,
        113.8251430202209,
        113.97355947870321,
        114.12223775754491,
        114.27117524283683,
        114.42036935907616,
        114.56981756853672,
        114.71951737048217,
        114.86946630052196,
        115.01966192980666,
        115.17010186444811,
        115.32078374478033,
        115.47170524488416,
        115.62286407181934,
        115.77425796499196,
        115.92588469561484,
        116.07774206617293,
        116.22982790974427,
        116.38214008945067,
        116.53467649790838,
        116.68743505671085,
        116.84041371607661,
        116.99361045414845,
        117.14702327654422,
        117.30065021600345,
        117.45448933202229,
        117.60853871043446,
        117.76279685438097,
        117.91726098841824,
        118.0719298370201,
        118.22680157354549,
        118.38187439681522,
        118.53714651280774,
        118.69261616726806,
        118.84828157389073,
        119.00414117189924,
        119.16019321423173,
        119.31643606413792,
        119.47286815850885,
        119.62948771986899,
        119.78629319804732,
        119.9432829482833,
        120.10045562285538,
        120.2578096139496,
        120.41534333634482,
        120.57305552722025,
        120.73094394935664,
        120.88900802739028
    ]
}