{
    "yield_post": 3.4899708285179316,
    "error_post": 0.6092727483323515
}