{
    "start": 0,
    "stop": 15,
    "levels": [
        132.1012127085399,
        132.0909710369975,
        132.08230724637224,
        132.07517219618228,
        132.06951997027306,
        132.06530214887636,
        132.06247542292266,
        132.06099858601587,
        132.06083079402654,
        132.06193289116317,
        132.06426610500642,
        132.06779499742763,
        132.07248321360711,
        132.07829829581246,
        132.08520748114162,
        132.09317947437543,
        132.102184213903,
        132.1121927690901,
        132.12317715649237,
        132.1351108290054,
        132.14796781745434,
        132.1617232378327,
        132.1763530963541,
        132.19183427508895,
        132.20814449196877,
        132.22526233432546,
        132.24316705771895,
        132.2618386842668,
        132.28125793767484,
        132.30140621371388,
        132.32226555205864,
        132.3438186091587,
        132.36604863274934,
        132.38893943702556,
        132.41247537950917,
        132.43664133844274,
        132.46142269191122,
        132.48680529986035,
        132.5127754757329,
        132.53931997719695,
        132.566425985233,
        132.59408108739885,
        132.62227326158322,
        132.650990860755,
        132.68022202126684,
        132.70995693316962,
        132.74018443699083,
        132.77089424570028,
        132.80207638002562,
        132.83372115730512,
        132.8658191798105,
        132.89836132437583,
        132.93133873208916,
        132.96474279856176,
        132.99856516472502,
        133.03279770779884,
        133.06743253274814,
        133.10246196430396,
        133.1378785388972,
        133.1736749973784,
        133.20984427771506,
        133.2463795081907,
        133.28327400077325,
        133.32052124487373,
        133.3581149012238,
        133.39604879610118,
        133.4343169158132,
        133.47291340122405,
        133.51183254275824,
        133.55106877541354,
        133.59061667404683,
        133.63047094920248,
        133.67062644175803,
        133.71107811957083,
        133.75182107321788,
        133.7928505121305,
        133.83416175854364,
        133.87575025683213,
        133.91761153694648,
        133.95974126296767,
        134.00213517674828,
        134.04478912932493,
        134.0876990653146,
        134.13086102196843,
        134.17427112639334,
        134.2179255930146,
        134.261820720965,
        134.30595289154328,
        134.35031856598562,
        134.39491428302787,
        134.43973665674616,
        134.4847823744333,
        134.53004819453815,
        134.57553094466883,
        134.62122751955414,
        134.66713487942073,
        134.71325004779035,
        134.75957011039023,
        134.8060922129433,
        134.85281355971088,
        134.8997314118909,
        134.94684307884808,
        134.99414594641485,
        135.04163742845586,
        135.0893150054492,
        135.13717619270068,
        135.18521856713306,
        135.23343974876863,
        135.28183740378427,
        135.33040924331354,
        135.3791530222865,
        135.42806653825645,
        135.47714763056265,
        135.5263941790047,
        135.57580410306156,
        135.62537536086265,
        135.67510594819586,
        135.7249938976236,
        135.77503727761396,
        135.82523419167867,
        135.87558277755426,
        135.9260812063052,
        135.97672768164614,
        136.02752043909967,
        136.07845774532367,
        136.12953789739223,
        136.1807592219184,
        136.23212007467,
        136.2836188396491,
        136.3352539286091,
        136.3870237803632,
        136.43892686017963,
        136.49096165924396,
        136.54312669394102,
        136.59542050553227,
        136.64784165937164,
        136.7003887445823,
        136.7530603733332,
        136.80585518054986,
        136.85877182327062,
        136.9118089802582,
        136.96496535071006,
        137.01823965436,
        137.0716306377651,
        137.12513705812927,
        137.17875769635663,
        137.23249135106545,
        137.28633684153456,
        137.3402930044308,
        137.3943586944108,
        137.44853278368709,
        137.50281416165373,
        137.5572017346465,
        137.61169442558918,
        137.66629117052145,
        137.7209909302351,
        137.7757926735119,
        137.830695384365,
        137.88569806255967,
        137.94079972633799,
        137.99599940767322,
        138.0512961444977,
        138.1066889975423,
        138.1621770382298,
        138.21775935126323,
        138.27343503444152,
        138.32920319842074,
        138.38506296648694,
        138.44101347440898,
        138.49705386958195,
        138.55318331159108,
        138.60940097172409,
        138.66570603267934,
        138.72209768839545,
        138.7785751439299,
        138.83513761500214,
        138.8917843282889,
        138.94851452071217,
        139.00532743953485,
        139.0622223419903,
        139.11919849540195,
        139.17625517677004,
        139.233391672675,
        139.29060727907375,
        139.3479013011542,
        139.40527305315698,
        139.4627218583244,
        139.520247048561,
        139.57784796444224,
        139.63552395474602,
        139.69327437196398,
        139.7510985942077,
        139.80899598327278,
        139.86696592700818,
        139.9250078132666,
        139.98312103906346,
        140.04130500781636,
        140.09955913139274,
        140.15788282908434,
        140.21627552699138,
        140.2747366589277
    ]
}