{
    "yield_pre": 54.752856981103555,
    "error_pre": 4.557159100176081
}