{
    "start": 40,
    "stop": 110,
    "anchors": [],
    "levels": [
        71.43340720498648,
        69.61712872962066,
        68.02571744607559,
        66.64815461982748,
        65.47465429840875,
        64.49850220327143,
        63.72239897121274,
        63.13537844204927,
        62.71520493754042,
        62.4435570118089,
        62.316274573989475,
        62.30945276437906,
        62.37216241744893,
        62.47129751870146,
        62.59857503601038,
        62.75378020008177,
        62.93930637195059,
        63.15855461464754,
        63.41394659601751,
        63.70357993573161,
        64.02479306268,
        64.37661104936441,
        64.75753714222189,
        65.16537720736633,
        65.59879007959427,
        66.05679840372981,
        66.53842967248505,
        67.04270198651997,
        67.56864248886116,
        68.11531310272903,
        68.6818127995508,
        69.26720198720486,
        69.8705365639835,
        70.49105048499113,
        71.12804813889221,
        71.78088713530785,
        72.4489536574529,
        73.13177143354874,
        73.82903999924193,
        74.54054472443937,
        75.26610518187097,
        76.01000569003756,
        84.84430326993024,
        85.99586017125336,
        78.30577340466871,
        79.09931021335309,
        79.90991569522139,
        80.72576214185437,
        81.5584248556177,
        82.40388273488489,
        83.26201818570239
    ]
}