{
    "start": 0,
    "stop": 80,
    "levels": [
        65.2741855981273,
        65.26400023923536,
        65.25575643328011,
        65.24949065504298,
        65.24523108142176,
        65.24300076062342,
        65.24281617849368,
        65.24468969480697,
        65.24863054542766,
        65.25464273929671,
        65.26272824960365,
        65.27288588323701,
        65.28511236990238,
        65.29940254552275,
        65.31574961284788,
        65.33414538596833,
        65.35458048147424,
        65.37704451779031,
        65.40152625017222,
        65.42801390287205,
        65.4564943040367,
        65.48695482499545,
        65.5193813345856,
        65.5537607849139,
        65.5900782699741,
        65.6283193725345,
        65.66846954966971,
        65.7105132794994,
        65.75443584072714,
        65.80022219154901,
        65.8478564991058,
        65.89732421729082,
        65.9486091486695,
        66.00169662954232,
        66.05657036097485,
        66.11321583008052,
        66.17161742032548,
        66.23175992329377,
        66.29362807809123,
        66.3572069629475,
        66.42248145995148,
        66.48943678777604,
        66.55805821552133,
        66.62833114739146,
        66.70024114428242,
        66.77377357972624,
        66.84891500495006,
        66.92565119432567,
        67.00396841783949,
        67.08385301549477,
        67.16529208357201,
        67.24827165169242,
        67.33277917356344,
        67.41880128635702,
        67.5063262172969,
        67.59534113047336,
        67.68583375677714,
        67.77779200544495,
        67.8712040123932,
        67.96605791390164,
        68.06234211959338,
        68.16004533741199,
        68.25915615484583,
        68.35966346192805,
        68.46155623819966,
        68.56482362419447,
        68.66945507192062,
        68.77543958793974,
        68.88276631749858,
        68.99142589222707,
        69.10140755318008,
        69.2127011307103,
        69.32529659747127,
        69.43918423260325,
        69.55435326356293,
        69.67079489165957,
        69.78849910699064,
        69.9074563251842,
        70.02765705050442,
        70.14909187422222,
        70.27175147307747,
        70.39562660780282,
        70.5207081218158,
        70.64698704475445,
        70.77445418699492,
        70.90310072565981,
        71.03291782413687,
        71.16389672341664,
        71.29602874129452,
        71.42930527163001,
        71.5637177836599,
        71.69925782134388,
        71.83591700275299,
        71.97368701948753,
        72.1125591127547,
        72.25252610447015,
        72.39357943549825,
        72.53571130663494,
        72.67891335243823,
        72.82317789312538,
        72.9684971203163,
        73.11486329507284,
        73.26226832952645,
        73.41070539860789,
        73.56016660083881,
        73.71064446901352,
        73.86213160289932,
        74.01462066876252,
        74.16810439891844,
        74.3225755912751,
        74.47802710887478,
        74.63445187943103,
        74.79184320039658,
        74.95019323033355,
        75.10949597488698,
        75.26974432118371,
        75.43093151251199,
        75.5930508537496,
        75.75609571085832,
        75.92005951814423,
        76.08493574720457,
        76.25071795190235,
        76.41739973720766,
        76.58497456801551,
        76.75343654205315,
        76.92277926024816,
        77.09299655901714,
        77.26408233129919,
        77.43603050750166,
        77.60883523300343,
        77.78249028573751,
        77.95699032598182,
        78.13232876245256,
        78.30850020879302,
        78.48549866774442,
        78.6633190206433,
        78.84195529930452,
        79.02140194256434,
        79.20165359294522,
        79.38270463312271,
        79.56454945045488,
        79.74718305352135,
        79.93060049094494,
        80.11479485391226,
        80.29976259846308,
        80.4854979782119,
        80.67199586401827,
        80.85925117367282,
        81.04725887084089,
        81.23601396504073,
        81.42551151104651,
        81.61574660605517,
        81.80671439645988,
        81.99841007015488,
        82.19082885928076,
        82.38396603675989,
        82.5778169185308,
        82.7723768624868,
        82.96764126957467,
        83.16360558137305,
        83.36026528026304,
        83.55761588897852,
        83.75565328079395,
        83.95437241155936,
        84.15376895435516,
        84.35383959271998,
        84.554578608839,
        84.7559828660675,
        84.95804784680422,
        85.16076920587076,
        85.36414294239083,
        85.56816512809831,
        85.77283121069212,
        85.97813761943206,
        86.18408023471392,
        86.39065506194157,
        86.59785825432695,
        86.80568606817383,
        87.01413401007231,
        87.22319897397037,
        87.43287680961073,
        87.64316393049762,
        87.854056589635,
        88.06555146142907,
        88.27764387336629,
        88.49033097228055,
        88.70360916439213,
        88.91747422488226,
        89.13192351709085,
        89.34695311977731,
        89.56255959004461,
        89.77873938946246,
        89.99548929584513,
        90.2128058390573,
        90.43068568358957,
        90.64912537861079,
        90.86812166608102,
        91.0876714262674,
        91.30777115511572,
        91.52841788862888,
        91.74960822446053
    ]
}