{
    "yield_pre": 97.23162756129273,
    "error_pre": 14.87065270000658
}