{
    "nbins": 50,
    "range_": [
        50.0,
        250.0
    ],
    "nburnin": 100,
    "nsamples": 100000,
    "nrepeats": 100,
    "seed": 0,
    "step_size": 0.5,
    "prob_eye": 0.1,
    "yields": [
        0,
        0,
        0,
        0,
        0,
        0,
        0,
        24,
        207,
        1142,
        5786,
        22288,
        71769,
        187729,
        389837,
        654072,
        895683,
        1040468,
        1060199,
        993328,
        877353,
        754430,
        639568,
        532363,
        435244,
        348671,
        277276,
        214634,
        164130,
        123829,
        90954,
        67159,
        47678,
        33831,
        23344,
        16085,
        10712,
        7375,
        4554,
        3228,
        1846,
        1202,
        799,
        514,
        268,
        187,
        103,
        62,
        31,
        22
    ],
    "errors": [
        0.0,
        0.0,
        0.0,
        0.0,
        0.0,
        0.0,
        0.0,
        10.688311372709906,
        37.18211935863799,
        63.736645660091014,
        168.34500289583886,
        281.32998418227663,
        576.3257672532089,
        999.0548483441738,
        1352.703703698633,
        1725.3800045207433,
        1783.2481908023908,
        1924.4712936284602,
        1644.6011644164676,
        1936.2784303916624,
        1522.1461526410662,
        1612.4648833385486,
        1516.9521284470386,
        1312.6398249329477,
        1281.1138278857193,
        1166.5601527568137,
        961.2836418040205,
        792.2186819306903,
        834.3362631457414,
        568.1501474082357,
        579.300302088649,
        463.8579416157495,
        393.19608339860156,
        330.9915255712749,
        289.2691480265394,
        230.70489808411088,
        197.1764691843324,
        164.64735041900917,
        120.80082781173316,
        86.61501024649252,
        78.10787412290773,
        60.8601675975346,
        44.57566600736325,
        40.66989058259195,
        28.7360400890589,
        24.72468402224787,
        14.659809002848572,
        16.04867595784774,
        6.587108622149782,
        7.152621896899072
    ]
}