{
    "nbins": 50,
    "range_": [
        0.0,
        8.0
    ],
    "nburnin": 100,
    "nsamples": 100000,
    "nrepeats": 100,
    "seed": 0,
    "step_size": 0.5,
    "prob_eye": 0.1,
    "yields": [
        4899,
        9263,
        18168,
        38751,
        88981,
        213094,
        452954,
        1189388,
        1091426,
        1165671,
        1167555,
        994277,
        822527,
        795168,
        447014,
        340039,
        256510,
        252627,
        147436,
        111714,
        86052,
        65071,
        50795,
        38917,
        30719,
        23797,
        18235,
        14771,
        11580,
        8857,
        7098,
        5924,
        4802,
        3844,
        3172,
        2471,
        1853,
        1468,
        1369,
        1066,
        831,
        716,
        487,
        462,
        371,
        283,
        200,
        243,
        141,
        107
    ],
    "errors": [
        233.96365102297406,
        397.10365145639236,
        689.8157435141645,
        1389.048231703997,
        3060.9638008313664,
        7197.109255805417,
        15239.063318983879,
        142400.50622999904,
        42112.58010666171,
        41299.589545054805,
        44555.496055481206,
        67047.88974837316,
        63914.724764407765,
        123462.0423440338,
        14980.998499432542,
        11546.300697193017,
        8660.984066490364,
        57452.29439900552,
        5042.332896586658,
        3860.6862136153973,
        2952.896367975008,
        2246.6616545443608,
        1777.5170182026395,
        1383.0286005719474,
        1092.3513125364022,
        881.532137814612,
        701.5089094231089,
        582.6891023521891,
        455.3943346156165,
        377.6963198126241,
        304.6768123766559,
        275.387436169481,
        238.37776741969878,
        191.10897414825916,
        182.86650868871533,
        145.85811598947788,
        124.79146605437408,
        99.5176366278862,
        88.57420617764521,
        78.25880142194872,
        62.68484665371689,
        70.62180966245484,
        52.6052278770846,
        46.36334759268357,
        62.16582662524484,
        35.918101286120354,
        31.04834939252005,
        33.204066016077,
        25.73305267549887,
        21.82910900609552
    ]
}