{
    "yield_linear": 1.1790373650033725,
    "error_linear": 0.3224077501045906,
    "error_log": 0.27344998527987147
}