{
    "yield_post": 2.0537347440286204,
    "error_post": 0.3830919583937469
}