{
    "yield_pre": 2.056433724267844,
    "error_pre": 0.3988101709566761
}