{
    "start": 0,
    "stop": 8,
    "levels": [
        209.6647274105116,
        187.19561199712422,
        172.19714375361548,
        160.5503736946555,
        152.8592930913471,
        146.94758999873005,
        141.94480625718407,
        138.22253170277537,
        135.6291422081594,
        133.87513078554335,
        132.73593770193654,
        132.06457219905295,
        131.72138757972544,
        131.6372625235728,
        131.7331990449062,
        131.90183644343057,
        132.10723989250374,
        132.33751626139312,
        132.5829989810097,
        132.8328654225743,
        133.08072820003585,
        133.32510285469934,
        133.56544888511243,
        133.80164966830688,
        134.03377417546875,
        134.2619795470368,
        134.48644717376044,
        134.70737060530087,
        134.92493997718054,
        135.1393346390807,
        135.35072393655594,
        135.55926393193596,
        135.76510048898186,
        135.9683672272394,
        136.16918830683574,
        136.367677734183,
        136.5639417484919,
        136.75807842930763,
        136.9501786391431,
        137.14032586633198,
        137.32860196414796,
        137.51507694102895,
        137.69982070317042,
        137.88289754022492,
        138.06436775397498,
        138.24428686320726,
        138.42270930380363,
        138.59968355492487,
        138.77525818438926,
        138.94947639281958,
        139.12238125355753
    ]
}