{
    "nbins": 50,
    "range_": [
        0.0,
        8.0
    ],
    "nburnin": 100,
    "nsamples": 100000,
    "nrepeats": 100,
    "seed": 0,
    "step_size": 0.2,
    "prob_eye": 0.1,
    "yields": [
        0,
        0,
        0,
        0,
        0,
        0,
        5,
        248,
        3358,
        26339,
        115066,
        320575,
        644952,
        986188,
        1223686,
        1285713,
        1192095,
        1011004,
        803211,
        611660,
        453361,
        332893,
        242684,
        178684,
        132145,
        99045,
        74919,
        57167,
        43766,
        33716,
        26193,
        20711,
        15920,
        12941,
        10082,
        8078,
        6549,
        5236,
        4014,
        3391,
        2541,
        2173,
        1812,
        1388,
        1114,
        944,
        791,
        626,
        514,
        443
    ],
    "errors": [
        0.0,
        0.0,
        0.0,
        0.0,
        0.0,
        0.0,
        2.179449471770336,
        29.171218692402956,
        95.78287947227311,
        344.5747959442187,
        782.6419615635235,
        1509.628679510296,
        2236.4429257193224,
        2505.1204681611625,
        2254.0079946619535,
        1974.6856230802919,
        2005.5913716407938,
        1941.2789186513098,
        1774.85937189401,
        1601.9488131647652,
        1308.914737482927,
        1231.927152878773,
        1048.2229915433072,
        868.8644543310539,
        714.9718525928137,
        598.5271505955265,
        502.33394271141975,
        463.4718006524238,
        374.278559364546,
        318.87527342207017,
        309.1900871632207,
        265.61210439285327,
        225.41960873003035,
        216.0282157497025,
        183.09221720215203,
        148.34810413348734,
        156.2401676906422,
        132.26125660978727,
        113.31390029471231,
        100.23068392463458,
        85.38260947054735,
        77.14732659010294,
        71.1516689895606,
        56.60883323298583,
        58.24122251464164,
        51.07484703843958,
        45.49934065456334,
        35.65445273735106,
        31.906739100071,
        32.47321973565294
    ]
}