{
    "yield_linear": 2.0571057397987964,
    "error_linear": 0.35287235396916083,
    "error_log": 0.17153826715960405
}