{
    "start": 0,
    "stop": 15,
    "levels": [
        132.94284775654344,
        132.94605016046654,
        132.95161875052503,
        132.95941000809475,
        132.96929385707745,
        132.9811496314304,
        132.99486634063098,
        133.01034183271062,
        133.02748164843078,
        133.04619836504367,
        133.0664110802056,
        133.0880447242201,
        133.111029494358,
        133.13530043929563,
        133.16079710975185,
        133.18746330615008,
        133.21524581181717,
        133.24409536810452,
        133.27396617396016,
        133.304814684745,
        133.33660021219143,
        133.36928424210322,
        133.4028312996961,
        133.43720721733132,
        133.47237998735807,
        133.50831967098742,
        133.54499700738563,
        133.5823856763523,
        133.6204601222663,
        133.65919559798846,
        133.69856946181923,
        133.7385597481719,
        133.77914561372043,
        133.82030817238987,
        133.86202762577483,
        133.90428651109835,
        133.94706777451813,
        133.9903551447725,
        134.0341331240465,
        134.07838647947676,
        134.12310187582827,
        134.16826536361947,
        134.2138639819989,
        134.2598853199119,
        134.3063174855559,
        134.35314907805426,
        134.40036916062456,
        134.44796723767678,
        134.49593322966052,
        134.5442579844891,
        134.59293113049804,
        134.64194424376123,
        134.69128870881144,
        134.74095623154219,
        134.79093882359683,
        134.84122878752578,
        134.89181870306095,
        134.94270141388293,
        134.99387001541433,
        135.04531784319815,
        135.09703846190828,
        135.14902565510954,
        135.201273415395,
        135.2537759352179,
        135.30652759812995,
        135.35952296825647,
        135.4127567884882,
        135.4662239693248,
        135.51991958043092,
        135.57383884571405,
        135.62797713890558,
        135.68232997009923,
        135.7368929882571,
        135.79166197291622,
        135.8466328289225,
        135.90180158172257,
        135.95716436986936,
        136.01271758336625,
        136.06845669082156,
        136.1243793383383,
        136.18048206508507,
        136.23676098837342,
        136.29321269332084,
        136.3498354482813,
        136.40662405764613,
        136.46357659751502,
        136.52069009720927,
        136.5779616987487,
        136.6353886394098,
        136.69296822797526,
        136.75069784249897,
        136.80857492770866,
        136.8665969929551,
        136.92476160994423,
        136.98306641082232,
        137.0415090859756,
        137.10008661222093,
        137.15879832451816,
        137.21764131395292,
        137.27661348617445,
        137.33571279646185,
        137.39493724819556,
        137.45428489125464,
        137.51375382061488,
        137.57334217513133,
        137.63304813598054,
        137.69286993085979,
        137.75280581888907,
        137.81285386792533,
        137.87301313548556,
        137.93328125085242,
        137.9936568791444,
        138.0541384672877,
        138.11472430068486,
        138.1754140848456,
        138.2362045640339,
        138.297094321561,
        138.35808434353584,
        138.4191701320857,
        138.48035245797732,
        138.5416295902728,
        138.60300004342366,
        138.66446262644513,
        138.72601607857516,
        138.78765918992383,
        138.84939077462795,
        138.91120967011344,
        138.9731147347943,
        139.03510485206775,
        139.0971789263522,
        139.15933588270957,
        139.22157466669984,
        139.28389424376644,
        139.34629359860872,
        139.40877173473748,
        139.4713276737402,
        139.533960455272,
        139.59666913673766,
        139.65945279324407,
        139.72231051726538,
        139.78524141810098,
        139.8482446211229,
        139.91131926710548,
        139.97446529162636,
        140.0376803140214,
        140.100964288648,
        140.1643164142881,
        140.22773590361976,
        140.29122198289886,
        140.35477389151066,
        140.4183908819367,
        140.48207221918096,
        140.5458171806858,
        140.60962505594358,
        140.67349514631138,
        140.73742676463814,
        140.80141923515262,
        140.86547189309096,
        140.92958408455712,
        140.99375516607364,
        141.05798450477448,
        141.12227147804214,
        141.1866154727745,
        141.25101588572323,
        141.3154721237773,
        141.37998359757046,
        141.44454974291742,
        141.5091699825015,
        141.57384376363518,
        141.63857053685427,
        141.70334976153086,
        141.76818090538288,
        141.83306344410337,
        141.89799686125653,
        141.96298064822227,
        142.02801430380313,
        142.09309733433824,
        142.15822925340385,
        142.2234095817773,
        142.2886378471656,
        142.3539135842226,
        142.41923552896856,
        142.48460485360036,
        142.55002029464904,
        142.61548141115787,
        142.6809877681926,
        142.74653893774493,
        142.8121344992268,
        142.87777403886327,
        142.94345714880274,
        143.00918342643624,
        143.07495247426104,
        143.14076389988475,
        143.20661731610872,
        143.2725123411285,
        143.33844859833727,
        143.40442571540427,
        143.47044332605583,
        143.53650109486796,
        143.602598617635,
        143.6687355644934
    ]
}