{
    "start": 0,
    "stop": 100,
    "anchors": [],
    "levels": [
        111.47003296140015,
        110.39739748398293,
        109.3415885790408,
        108.30440586964933,
        107.28766430334325,
        106.29307218917927,
        105.32222264237717,
        104.37658477674282,
        103.45751352309955,
        102.5663231644715,
        101.70421204749726,
        100.87228278266954,
        100.07151613825488,
        99.30276707566094,
        98.56675578662244,
        97.86406332424498,
        97.19513162852607,
        96.56026852438643,
        95.95981904493345,
        95.39473192200312,
        94.86552912157168,
        94.37205556498847,
        93.91383862883471,
        93.49019829366038,
        93.10030389228407,
        92.7432156836268,
        92.41792532064653,
        92.12346640823357,
        91.84680477550687,
        91.58073769153779,
        91.32611318297177,
        91.08348094509618,
        90.85316699586929,
        90.63523068588583,
        90.29680789925547,
        90.235636781017,
        89.95363578860427,
        89.88133046002494,
        89.64911821348329,
        89.51051934844786,
        89.38053340007855,
        89.2587967228128,
        89.14496870562394,
        89.03875478594638,
        88.9399289667399,
        88.84835082331499,
        88.76395592631363,
        88.68669083269484,
        88.61645132860413,
        88.55306524240578,
        88.49630871382129,
        88.4459223602543,
        88.40162567164799,
        88.36312545709971,
        88.33012307678085,
        88.30231939778194,
        88.27941921927004,
        88.26113440973282,
        88.24718647820629,
        88.23730827064645,
        88.23124485580551,
        88.22875426135755,
        88.22960766639864,
        88.2335892909901,
        88.24049649791016,
        88.25013845770744,
        88.26233710630726,
        88.2769253011763,
        88.2937466978264,
        88.31265528270669,
        88.33351458727438,
        88.35619698692767,
        88.38058367254978,
        88.40656286767964,
        88.43403126423145,
        88.46289155524471,
        88.49305234048109,
        88.52443010877812,
        88.55694400321596,
        88.59052099537253,
        88.62509124073702,
        88.66058968240509,
        88.69695541207085,
        88.73413157921112,
        88.77206427094308,
        88.81070363471161,
        88.85000283222911,
        88.88991672210273,
        88.93040443802101,
        88.9714269780502,
        89.01294750803606,
        89.05493190697136,
        89.09734661262002,
        89.14016215041373,
        89.18334935122994,
        89.2268811054681,
        89.27073185375696,
        89.31487745170716,
        89.35929501061929,
        89.40396327339965,
        89.44886195342299,
        89.49397171867926,
        89.53927461273817,
        89.58475362851155,
        89.63039263511465,
        89.67617584837856,
        89.72208937417653,
        89.76811933705955,
        89.81425292891046,
        89.86047751436371,
        89.906781836515,
        89.95315471924623,
        89.9995861797153,
        90.04606524974176,
        90.09258368966113,
        90.1391320187054,
        90.18570228300067,
        90.2322859059432,
        90.27887579405939,
        90.32546461756161,
        90.37204576856286,
        90.41861207082087,
        90.46515812976136,
        90.51167781958259,
        90.55816566676233,
        90.60461649253838,
        90.65102510567662,
        90.69738697463859,
        90.74369753354287,
        90.78995273787646,
        90.83614800274455,
        90.88228000240325,
        90.92834478793901,
        90.97433918379876,
        91.02026001719958,
        91.06610355582984,
        91.11186713036555,
        91.15754802496899,
        91.203143673874,
        91.24865159487393,
        91.29470312169661,
        91.34797963513199,
        91.41018982688784,
        91.48122281402456,
        91.56095460095439,
        91.64924481013438,
        91.74593474142046,
        91.8508463449644,
        91.96378207122396,
        92.08453064211011,
        92.21287534945556,
        92.3486086505613,
        92.49153910731191,
        92.64149763985566,
        92.79833630851553,
        92.96192345683082,
        93.13213923358279,
        93.3088741615066,
        93.49202412891044,
        93.68149153201418,
        93.87718337757737,
        94.07901218696318,
        94.28689541324927,
        94.50075920933784,
        94.72053783303983,
        94.94617547570455,
        95.17762705201292,
        95.41485959006818,
        95.657842113861,
        95.90652112089008,
        96.16083902158695,
        96.42073723144094,
        96.68615829438878,
        96.95704263523456,
        97.23333239407472,
        97.51496823586837,
        97.80189085142973,
        98.09403913765118,
        98.39135289913105,
        98.6937698096549,
        99.00122828737244,
        99.31366503430527,
        99.63101694223838,
        99.95321892869569,
        100.28020589551775,
        100.61191117885186,
        100.94826775764724,
        101.28920834110012,
        101.63466306882093,
        101.98456242931789,
        102.3388342982447,
        102.69740646791098,
        103.06020640247138,
        103.42715815386053,
        103.79818541638781,
        104.17321158216271,
        104.55215617042298,
        104.93493637554198,
        105.32146593643301,
        105.71166194814228,
        106.10545001530394
    ]
}