{
    "nbins": 50,
    "range_": [
        0.0,
        13.0
    ],
    "nburnin": 100,
    "nsamples": 100000,
    "nrepeats": 100,
    "seed": 0,
    "step_size": 0.2,
    "prob_eye": 0.1,
    "yields": [
        7,
        3,
        12,
        16,
        39,
        62,
        74,
        148,
        262,
        433,
        624,
        1231,
        2169,
        3948,
        7404,
        15147,
        32061,
        73842,
        170134,
        360650,
        652411,
        979349,
        1236919,
        1326153,
        1250324,
        1062136,
        834984,
        618615,
        440655,
        304487,
        207929,
        139850,
        93799,
        62114,
        40868,
        27212,
        17807,
        11793,
        8154,
        5423,
        3538,
        2418,
        1570,
        1111,
        730,
        457,
        291,
        186,
        156,
        84
    ],
    "errors": [
        3.241913015489461,
        1.7058722109231985,
        4.069397989875163,
        4.8414873747640845,
        10.573079021741961,
        12.391932859727731,
        13.38805437694363,
        17.97108789138821,
        27.596376573746078,
        37.763871623550465,
        40.301860999214426,
        62.87598905782715,
        82.22767174133048,
        97.42155818914006,
        154.77028138502558,
        234.1301133985118,
        328.17341452348023,
        528.7914144537523,
        972.0372626602335,
        1500.848759868895,
        1901.6697373624056,
        2272.651532901601,
        2210.2686239459676,
        2201.36296643693,
        1857.622738878915,
        1979.0156745210488,
        1806.3696853080762,
        1701.2532880203348,
        1593.4060217031945,
        1289.4461252801532,
        1048.397152800407,
        868.4417078883303,
        681.0088031736448,
        537.3118647489557,
        470.42933581995067,
        354.8415984633143,
        275.15179446988896,
        229.09061525955173,
        178.02482972888922,
        163.9015253132197,
        128.3649484867267,
        98.01408062110258,
        73.70888684548153,
        60.611797531503704,
        53.113086899558006,
        39.9062651722759,
        28.110318390228173,
        23.367498796405247,
        21.13385908914887,
        15.081114017207087
    ]
}