{
    "yield_pre": 3.6571971085720802,
    "error_pre": 0.47915548641521805
}