{
    "yield_linear": 3.6570706229825833,
    "error_linear": 0.410584531161415,
    "error_log": 0.11227142527167175
}