{
    "yield_linear": 3.6570706229825385,
    "error_linear": 0.410584531161412,
    "error_log": 0.11227142527167228
}