{
    "start": 0,
    "stop": 15,
    "levels": [
        136.69169139711357,
        136.70527661780412,
        136.7200500044786,
        136.7359675521023,
        136.7529882083341,
        136.77107265109055,
        136.79018364883794,
        136.81028583852543,
        136.8313457419631,
        136.85333108665046,
        136.87621160974166,
        136.89995826922728,
        136.92454356226972,
        136.94994096989495,
        136.9761250425032,
        137.00307260507884,
        137.03075954640255,
        137.05916469271097,
        137.08826672013413,
        137.1180457335618,
        137.14848208672365,
        137.17955751141855,
        137.2112540733051,
        137.243554879241,
        137.27644357489578,
        137.30990445935927,
        137.3439224424947,
        137.37848315807065,
        137.41357191448566,
        137.44917657651325,
        137.48528333746515,
        137.5218797906704,
        137.55895366963293,
        137.59649450573409,
        137.63448981315042,
        137.67292959017743,
        137.7118032291056,
        137.75110069145617,
        137.7908121871816,
        137.83092841861264,
        137.87144060640674,
        137.9123391349997,
        137.95361639886409,
        137.99526386180816,
        138.037273827925,
        138.079638113522,
        138.1223494843193,
        138.16540040506004,
        138.2087844787485,
        138.2524946147989,
        138.29652468775575,
        138.34086731240484,
        138.3855168304989,
        138.43046720825026,
        138.4757125896369,
        138.52124728778946,
        138.5670658142681,
        138.6131626486748,
        138.65953279020914,
        138.70617106730302,
        138.75307254591408,
        138.80023238807198,
        138.84764600989666,
        138.8953088209358,
        138.94321638432945,
        138.99136438938288,
        139.03974864012653,
        139.0883650487317,
        139.13720963107818,
        139.1862785036419,
        139.2355678801163,
        139.2850740682745,
        139.3347934636725,
        139.38472254635198,
        139.43485800121957,
        139.4851958272718,
        139.53573414446868,
        139.5864685401713,
        139.63739633782234,
        139.68851446359696,
        139.7398199499695,
        139.7913098979354,
        139.84298147481138,
        139.89483191236945,
        139.9468585047818,
        139.99905860685564,
        140.05142963222136,
        140.1039690516161,
        140.15667438907258,
        140.20954322561903,
        140.26257319296934,
        140.3157619759423,
        140.3691073073814,
        140.42260696768295,
        140.4762587838205,
        140.53006062822644,
        140.5840104174033,
        140.63810611076508,
        140.6923457094235,
        140.7467272550315,
        140.80124882895768,
        140.85590855100605,
        140.9107045783078,
        140.96563458919914,
        141.0206978362575,
        141.075892076365,
        141.131215605122,
        141.18666675204628,
        141.24224388228276,
        141.29794538806456,
        141.35376969561634,
        141.40971525684844,
        141.4657805496313,
        141.52196408994774,
        141.57826441488018,
        141.63468008945733,
        141.6912097049324,
        141.74785187809564,
        141.80460525072337,
        141.86146848887503,
        141.9184402824048,
        141.97551934442794,
        142.03270441068807,
        142.0899942390637,
        142.14738760905942,
        142.20488332134573,
        142.26248019720774,
        142.32017707814404,
        142.37797282534484,
        142.43586631930984,
        142.49385645932824,
        142.55194216316153,
        142.6101223665904,
        142.66839602304105,
        142.72676210311067,
        142.78521959429733,
        142.84376750060756,
        142.90240484216548,
        142.96113065491278,
        143.01994398993347,
        143.07884391421905,
        143.13782950891436,
        143.19689986990406,
        143.2560541072113,
        143.31529134472646,
        143.37461072001184,
        143.4340113839511,
        143.49349250053734,
        143.55305324645934,
        143.61269281101585,
        143.67241039577084,
        143.7322052143419,
        143.79207649210198,
        143.85202346604223,
        143.91204538446456,
        143.9721415067809,
        144.03231110332652,
        144.09255345507694,
        144.15286785354365,
        144.21325360042295,
        144.27371000759803,
        144.33423639673262,
        144.39483209926595,
        144.45549645611425,
        144.5162288175062,
        144.5770285429168,
        144.63789500066383,
        144.69882756804947,
        144.7598256308826,
        144.82088858358676,
        144.88201582887226,
        144.94320677765373,
        145.00446084889762,
        145.06577746945402,
        145.12715607387997,
        145.18859610446836,
        145.25009701084835,
        145.31165825009455,
        145.373279286483,
        145.43495959135964,
        145.49669864301094,
        145.55849592664333,
        145.62035093410867,
        145.6822631639291,
        145.74423212106706,
        145.80625731688937,
        145.8683382690586,
        145.93047450136632,
        145.99266554371485,
        146.05491093191677,
        146.11721020768502,
        146.17956291848458,
        146.2419686174013,
        146.30442686314177,
        146.36693721989963,
        146.42949925724534,
        146.49211254998966,
        146.55477667831133,
        146.61749122733724,
        146.68025578735788,
        146.74306995358177
    ]
}