{
    "start": 0,
    "stop": 4,
    "levels": [
        168.46911691063517,
        166.85061075463335,
        185.15006250783125,
        174.20878425589115,
        165.66201894066265,
        158.86866729278418,
        152.77870193566656,
        147.95932196020817,
        144.16099682842076,
        141.1509978202693,
        138.75627594021486,
        136.84419456802965,
        135.3171098752258,
        134.10389878351333,
        133.14721740613038,
        132.4041835737764,
        131.83840339854325,
        131.4170971902593,
        131.11281194186918,
        130.9055627847476,
        130.78722793608,
        130.7579105149643,
        130.81546242842876,
        130.95370717509644,
        131.16444192320205,
        131.43849357542337,
        131.76630269343744,
        132.1390873899347,
        132.55019090929298,
        132.9949857993334,
        133.47002028820498,
        133.9724373199279,
        134.49968656029236,
        135.0495029863414,
        135.6198489325696,
        136.20889032780042,
        136.81499295501624,
        137.4366770478399,
        138.07256847924288,
        138.72138321970002,
        139.3818685644035,
        140.05259947963407,
        140.73221732423946,
        141.41973169206366,
        142.11440390766333,
        142.81555903876495,
        143.52256765680087,
        144.23487578767924,
        144.9519180433764,
        145.67321501991682,
        146.39826992725648
    ]
}