{
    "start": 0,
    "stop": 100,
    "levels": [
        102.19164533466594,
        102.17738582274082,
        102.16416938647835,
        102.1520001981489,
        102.14088355040012,
        102.1308229783416,
        102.12182388985866,
        102.11388931642965,
        102.10702373367606,
        102.10123090194004,
        102.09651374248833,
        102.09287625756978,
        102.0903212999196,
        102.08885237951284,
        102.08847269241781,
        102.08918443325159,
        102.09099069534926,
        102.09389431925516,
        102.09789814802622,
        102.10300460933021,
        102.10921626981981,
        102.1165356370432,
        102.12496513640394,
        102.13450734835664,
        102.14516473103198,
        102.15693969106346,
        102.16983482287401,
        102.18385271643865,
        102.19899529383726,
        102.21526588283857,
        102.23266691174494,
        102.25120047102766,
        102.27087042481344,
        102.2916785909964,
        102.31362782904264,
        102.33672186758108,
        102.3609624046028,
        102.38635397644325,
        102.41289815713586,
        102.4405990630792,
        102.46945902560051,
        102.49948198017913,
        102.53067071722965,
        102.56302866939811,
        102.59655765402093,
        102.6312625636119,
        102.66714586252698,
        102.70421081278482,
        102.74245961247722,
        102.78189601662046,
        102.82252267514298,
        102.8643420891798,
        102.90735724920168,
        102.9515703601607,
        102.996983922413,
        103.04359985864293,
        103.09142090717799,
        103.14044841032953,
        103.19068426675386,
        103.24213028311735,
        103.29478721420551,
        103.3486573757065,
        103.40374113499675,
        103.46003984731468,
        103.51755417775341,
        103.57628472300172,
        103.63623247532101,
        103.69739767321249,
        103.75978036483457,
        103.82338113258089,
        103.88820037554012,
        103.95423748181338,
        104.02149324318711,
        104.0899670268698,
        104.15965931412116,
        104.23056956425616,
        104.30269771232136,
        104.37604364284314,
        104.4506067931508,
        104.52638668138752,
        104.60338281940419,
        104.68159558458103,
        104.7610228949311,
        104.8416650475196,
        104.92352110682387,
        105.00659007312643,
        105.09087116288956,
        105.17636282795708,
        105.26306373509793,
        105.35097267492974,
        105.4400887113386,
        105.53040954277508,
        105.6219338210376,
        105.71465941167403,
        105.8085843473216,
        105.903706625749,
        106.00002357942398,
        106.09753249187855,
        106.19623129986655,
        106.29611690189097,
        106.39718671197234,
        106.49943692517397,
        106.60286481962875,
        106.70746748881399,
        106.81324210654658,
        106.92018625081445,
        107.02829713026613,
        107.13757227563713,
        107.24800780277462,
        107.35960282550073,
        107.47235348848434,
        107.58625633847646,
        107.70130947180502,
        107.81750938225653,
        107.9348530526187,
        108.05333740514374,
        108.17295962165619,
        108.29371610890898,
        108.41560386858819,
        108.53861975314246,
        108.66276013808667,
        108.78802268606387,
        108.91440364762076,
        109.04189980594921,
        109.1705078861897,
        109.30022459918764,
        109.43104663916776,
        109.56297068528205,
        109.69599341570088,
        109.83011155542945,
        109.96532153690822,
        110.10162005943158,
        110.2390037760664,
        110.37746942007394,
        110.51701322258631,
        110.65763209043143,
        110.79932246117752,
        110.94208105010178,
        111.08590386079581,
        111.23078826059061,
        111.37672964602369,
        111.52372556454813,
        111.6717713690771,
        111.8208647896046,
        111.97100130539977,
        112.12217763171297,
        112.27439018067992,
        112.42763515813687,
        112.58190970272415,
        112.73720875898698,
        112.89353003757648,
        113.05086925589919,
        113.20922271937214,
        113.36858684753865,
        113.52895794427926,
        113.69033215465853,
        113.85270587409721,
        114.01607524895493,
        114.1804366466987,
        114.34578636630702,
        114.51212050334169,
        114.67943533985633,
        114.84772708638172,
        115.01699193999691,
        115.18722610123723,
        115.35842581389406,
        115.53058721024291,
        115.70370651990692,
        115.87778014866878,
        116.05280433940226,
        116.22877528133677,
        116.40568920242666,
        116.5835423382004,
        116.76233091803442,
        116.94205124013271,
        117.1226993548149,
        117.30427168367993,
        117.48676444019335,
        117.67017387659804,
        117.85449602312335,
        118.0397274137915,
        118.22586415974013,
        118.41290295231802,
        118.60083906921449,
        118.78966938536308,
        118.97939029185221,
        119.1699977293113,
        119.36148772113148,
        119.55385731539016,
        119.74710275074119,
        119.94121933464707,
        120.13620452687306,
        120.33205391689935,
        120.52876393573015,
        120.72633115382814,
        120.92475168183833,
        121.12402194716684,
        121.32413834936641,
        121.52509722392205,
        121.72689478563086,
        121.92952721674757
    ]
}