{
    "start": 750,
    "stop": 1250,
    "levels": [
        58.58378888861847,
        57.27136120390572,
        56.04446466373838,
        54.899691772210346,
        53.833766776529295,
        52.84360205865866,
        51.92627800125984,
        51.07901861772826,
        50.29908435643903,
        49.583715850303435,
        48.93045132766774,
        48.33708568693955,
        47.80156478370906,
        47.321912605695076,
        46.896195450485415,
        46.52255549183536,
        46.19976542240748,
        45.926584703049656,
        45.700260022622786,
        45.51771171469568,
        45.376381134723886,
        45.27466880534153,
        45.21200500223911,
        45.18857335980318,
        45.20484237334634,
        45.26112244428485,
        45.357283943213034,
        45.49265253935009,
        45.666035216883515,
        45.8758160701115,
        46.120081479889784,
        46.39678477183344,
        46.70403428479243,
        47.040573028021015,
        47.40595663096346,
        47.7995142537885,
        48.22010839170494,
        48.66649503727765,
        49.13758467524535,
        49.63238519885573,
        50.149945506452354,
        50.68935148880704,
        51.249721236191,
        51.83019923017861,
        52.42995100855629,
        53.0481577691705,
        53.68401136725008,
        54.33670939085172,
        55.005450225320715,
        55.689427923828035,
        56.387826709601256
    ]
}