{
    "yield_linear": 980.9197620660757,
    "error_linear": 50.151192547312874,
    "error_log": 0.05112670218987253
}