{
    "start": 0,
    "stop": 200,
    "levels": [
        49.560670913775596,
        49.563647553277136,
        49.56690815969796,
        49.57045290725527,
        49.57428141936592,
        49.57839352643008,
        49.58278893719841,
        49.58746753085622,
        49.59242903573336,
        49.59767324332115,
        49.60320018872882,
        49.609009129537355,
        49.61510071807614,
        49.62147430379595,
        49.628129406609546,
        49.635066442178456,
        49.6422856339302,
        49.649785833653965,
        49.6575679286032,
        49.66563153667446,
        49.67397662943031,
        49.68260330680256,
        49.69151148479052,
        49.70070144574933,
        49.710172659925405,
        49.71992582015868,
        49.72996056391861,
        49.74027747127964,
        49.750876868051364,
        49.761758317501815,
        49.772922321512475,
        49.784369130553586,
        49.79609859372605,
        49.80811188972618,
        49.82040890826312,
        49.83299001719118,
        49.845855606038405,
        49.85900609192207,
        49.87244189646231,
        49.88616382808122,
        49.900171457001164,
        49.91446619427225,
        49.929048710411955,
        49.943918606275126,
        49.95907728360432,
        49.974524879864475,
        49.9902628443748,
        50.006290912746636,
        50.02261024606244,
        50.03922168789754,
        50.05612581744249,
        50.07332342792489,
        50.09081530277221,
        50.108601760003395,
        50.12668443398043,
        50.145063810028184,
        50.16374074205476,
        50.18271609484019,
        50.2019907535919,
        50.221565615072606,
        50.241441586525994,
        50.26161958470712,
        50.28210053627938,
        50.302885376400525,
        50.32397504637986,
        50.34537049402353,
        50.36707267174404,
        50.38908253546302,
        50.41140146599394,
        50.434029521084454,
        50.4569681446453,
        50.48021829299092,
        50.50378092039795,
        50.527656977748975,
        50.5518474106873,
        50.57635316040158,
        50.60117515331769,
        50.62631431387517,
        50.65177155494645,
        50.677547777012144,
        50.70364386744599,
        50.73006069918307,
        50.756799129042676,
        50.78385999661597,
        50.81124412241515,
        50.83895230644234,
        50.86698532787514,
        50.89534394101723,
        50.92402887429709,
        50.95304082742371,
        50.98238046967023,
        51.01204839075574,
        51.042045190991246,
        51.07237151251147,
        51.10302789053824,
        51.134014801972455,
        51.165333073288465,
        51.196982227079936,
        51.22896314814696,
        51.261276122520144,
        51.293921419630315,
        51.32689922180024,
        51.360209601131146,
        51.39385248219892,
        51.427828174854824,
        51.46213617097801,
        51.49677641111157,
        51.53174856619905,
        51.56705222435647,
        51.6026868342519,
        51.638653329897636,
        51.674951829808954,
        51.71158272033618,
        51.74854640036686,
        51.785843237180686,
        51.82347359404242,
        51.86143782278354,
        51.89973626400731,
        51.938369245919276,
        51.97733708298641,
        52.01664007845012,
        52.056278566389686,
        52.096252963668604,
        52.13656369943956,
        52.177211422820996,
        52.2181963197616,
        52.25951818846062,
        52.301178522797954,
        52.34317729493591,
        52.385514924265806,
        52.428191828997456,
        52.47120842375152,
        52.51456512029677,
        52.55826232935833,
        52.60230046026865,
        52.64667992507755,
        52.69140116081112,
        52.73646450470072,
        52.78187062586785,
        52.82761903610459,
        52.8737111812737,
        52.920147059568635,
        52.966927098021486,
        53.01405163679996,
        53.06152141245898,
        53.109336167206294,
        53.15749668060308,
        53.206002833574594,
        53.254855879771625,
        53.30405578994504,
        53.35360294243864,
        53.40349772621714,
        53.45374052260577,
        53.50433171145104,
        53.55527167072033,
        53.60656077795207,
        53.65819940896634,
        53.710187938139725,
        53.76252673849395,
        53.81521618177722,
        53.86825663841057,
        53.92164847755285,
        53.97539206713059,
        54.02948777385409,
        54.083935964213794,
        54.13873700619881,
        54.19389139501701,
        54.249399130993766,
        54.30526083990654,
        54.36147689076631,
        54.41804769643872,
        54.4749733885087,
        54.53225455863983,
        54.58989125612044,
        54.64788401899112,
        54.706233610338245,
        54.76493944506813,
        54.82400269801154,
        54.883423682859686,
        54.94320241694906,
        55.003339028947934,
        55.06383424264817,
        55.12468842612232,
        55.185901919771595,
        55.24747501465939,
        55.30940806008245,
        55.37170140498324,
        55.434355397838175,
        55.497370387033016,
        55.560746721414134,
        55.624484749061494,
        55.68858481822334,
        55.7530472776031,
        55.81787247233096,
        55.88306075438595,
        55.948612475562356,
        56.01452798581012,
        56.08080763650972,
        56.14745177926991,
        56.214460764939545,
        56.281834945581856
    ]
}