{
    "start": 0,
    "stop": 35,
    "anchors": [],
    "levels": [
        170.36436303210286,
        80.22721070631965,
        79.943277818219,
        79.66191640098882,
        79.38315573732777,
        79.10702577932398,
        78.83355630370355,
        78.56277706028085,
        78.2947179120116,
        78.02940838616198,
        77.76687711836753,
        77.50715459029595,
        77.25026945161855,
        76.99625055544355,
        76.74512646544578,
        76.49692541119455,
        76.25167524232114,
        76.00940337819839,
        75.77013677530675,
        75.53390185737257,
        75.30072448285502,
        75.07062989398248,
        74.84364267018648,
        74.6197866824454,
        74.39908504880358,
        74.1815600913092,
        73.96723329458867,
        73.75612524193679,
        73.54825567125243,
        73.34364330556738,
        73.14230590649943,
        72.94426022323239,
        72.74952196464639,
        72.55810577470824,
        72.37002521049412,
        72.18529272308731,
        72.00391964139023,
        71.82591615884863,
        71.65129132310513,
        71.48005302859545,
        71.31220801202716,
        71.14776185071217,
        70.98671896369811,
        70.82908261563264,
        70.67485495341339,
        70.5240368914452,
        70.37662831399344,
        70.2326279586851,
        70.09203346610364,
        69.95484139818905,
        69.82104725855653,
        69.69064551480827,
        69.56362962265808,
        69.43999205157024,
        69.3197243119441,
        69.20281698366287,
        69.08925974587265,
        68.97904185367906,
        68.87215027071875,
        68.76857275144289,
        68.6682955513406,
        68.57130463021916,
        68.47758474968627,
        68.38712018150883,
        68.29989459925908,
        68.21589103905518,
        68.13509198694945,
        68.05747977211401,
        67.98303496614643,
        67.91173913503043,
        67.84357284463235,
        67.77851626896773,
        67.7165492227469,
        67.65765119321532,
        67.60180137120093,
        67.54897868129038,
        67.49916181106899,
        67.4523292393781,
        67.40845926358051,
        67.36753002589381,
        67.3295195390173,
        67.29440547490637,
        67.26216604841977,
        67.23277883046384,
        67.20622152644347,
        67.1824718153382,
        67.16150736928753,
        67.1433058627878,
        67.12784501732352,
        67.11510249459558,
        67.10505618564655,
        67.09768375411365,
        67.09296341689273,
        67.09087291973725,
        67.09139002540127,
        67.094493354521,
        67.10016107689157,
        67.10837147848812,
        67.11910299571544,
        67.13233420068647,
        67.14804370269303,
        67.16621047817658,
        67.1868131821101,
        67.20983089515764,
        67.23524272423641,
        67.26302788584339,
        67.29316568562703,
        67.32563556729471,
        67.3604170628301,
        67.39748981493346,
        67.43683356711828,
        67.47842815069407,
        67.52225369259438,
        67.56828964179472,
        67.61651677204682,
        67.66691480280312,
        67.71946414486561,
        67.77414512939718,
        67.83093807485531,
        67.88982393810221,
        67.95078262380781,
        68.01379499384,
        68.07884170167249,
        68.14590345872034,
        68.2149610264866,
        68.28599521346334,
        68.35898687226548,
        68.43391689706945,
        68.51076630329013,
        68.58951591669427,
        68.67014680874757,
        68.7526400236163,
        68.83697664432441,
        68.92313779387918,
        69.01110463521367,
        69.10085837010466,
        69.19238023917532,
        69.28565167356089,
        69.3806537139929,
        69.47736792730393,
        69.5757758024765,
        69.67585891480925,
        69.7775989465442,
        69.88097768006386,
        69.98597744564006,
        70.09257959440258,
        70.20076673039455,
        70.31052132695511,
        70.42182609406409,
        70.53466400963279,
        70.6490183526999,
        70.764872738046,
        70.88221115163658,
        71.00101798619009,
        71.12127807601158,
        71.24297673005847,
        71.36609976208238,
        71.49063402411282,
        71.61656534247564,
        71.74388180844332,
        71.87257135398262,
        72.0026213409195,
        72.13401760651232,
        72.26674596230671,
        72.40079233887445,
        72.53614239802572,
        72.67278325036547,
        72.8107005396331,
        72.94988058741455,
        73.09030983346565,
        73.23197561695656,
        73.37486388567817,
        73.51896173943184,
        73.66425611065914,
        73.81073405969121,
        73.9583827508641,
        74.10718945032848,
        74.25714152728429,
        74.4082264540663,
        74.56043180555389,
        74.71374526210582,
        74.86815463137526,
        75.02364759249576,
        75.18021257777897,
        75.33783723749404,
        75.49650984747757,
        75.65621867690365,
        75.81695212803854,
        75.97869868706849,
        76.14144693686787,
        76.30518551208455,
        76.46990316392399,
        76.63558872448148,
        76.80223110631204,
        76.9698193209147,
        77.13834243888637,
        77.3077896834895,
        77.47815060252678,
        77.64941453192289,
        77.82156993837313,
        77.9946094433864
    ]
}