{
    "yield_pre": 0.34483999108061286,
    "error_pre": 0.43651036575776037
}