{
    "yield_pre": 0.3456407105341501,
    "error_pre": 0.4366504692179644
}