{
    "start": 0,
    "stop": 4,
    "anchors": [],
    "levels": [
        95.13474934625505,
        95.09984125773717,
        95.06702405710334,
        95.03629746469025,
        95.00765978926842,
        94.9811105076607,
        94.95664808198124,
        94.93427140949017,
        94.91397910300998,
        94.89577011354785,
        94.87964313538157,
        94.86559679460305,
        94.85362976128924,
        94.84374058582381,
        94.835927902671,
        94.83019022775045,
        94.82652625285736,
        94.82493402338136,
        94.82541206998326,
        94.82795814601563,
        94.8325715183081,
        94.83924995478905,
        94.84799164488555,
        94.8587946365012,
        94.87165676614255,
        94.88657629639643,
        94.9035509768909,
        94.92257902002326,
        94.94365726364494,
        94.96678402181428,
        94.99195628961061,
        95.0191724510554,
        95.04842919260396,
        95.07972417454144,
        95.11305444758095,
        95.1484173809769,
        95.18580966247114,
        95.22522818529023,
        95.26666996669452,
        95.31013169808085,
        95.35560989342781,
        95.40310137373254,
        95.4526025997557,
        95.50410963854182,
        95.5576181870974,
        95.61312561886953,
        95.67062754508115,
        95.73011954184909,
        95.79159841075925,
        95.85505978844563,
        95.92049963117513,
        95.98791354799492,
        96.0572984350367,
        96.12864896298201,
        96.20196199497785,
        96.27723342264079,
        96.35445938010683,
        96.43363595475019,
        96.51475930493572,
        96.59782557097415,
        96.68283185764193,
        96.76977427005511,
        96.85864953572332,
        96.9494543253036,
        97.04218552855309,
        97.13684014927578,
        97.23341550336603,
        97.33190768253155,
        97.43231496927407,
        97.53463408874556,
        97.6388623897813,
        97.7449971453458,
        97.85303566233597,
        97.96297530415563,
        98.07481319970003,
        98.18854714557695,
        98.30417415836133,
        98.42169150425457,
        98.54109640717296,
        98.66238635401743,
        98.78555771925696,
        98.91060790541748,
        99.03753383275074,
        99.16633233693064,
        99.29700017682319,
        99.42953401733669,
        99.56393042469061,
        99.70018586491607,
        99.83829670412072,
        99.97825920992258,
        100.12006955387015,
        100.26372381391678,
        100.40921835109465,
        100.55654827147865,
        100.70570982327284,
        100.8566985583215,
        101.00951060059457,
        101.16414131542834,
        101.32058627019724,
        101.47884099983737,
        101.63890097295783,
        101.80076204739368,
        101.96441840879189,
        102.12986672137164,
        102.29710194068508,
        102.46611944192944,
        102.63691460667789,
        102.80948275501011,
        102.98381937936999,
        103.15991956232591,
        103.33777858379048,
        103.51739222753773,
        103.69875503595723,
        103.88186334962487,
        104.06671129614358,
        104.25329444934479,
        104.44160803544008,
        104.63164693251873,
        104.82340554619726,
        105.01687954156864,
        105.21206285694242,
        105.40895119419301,
        105.60753801818628,
        105.80781766636653,
        106.009784152048,
        106.21343160825118,
        106.41875252693528,
        106.62574157640418,
        106.83439033602828,
        107.04469127874385,
        107.25663616107406,
        107.47021600112147,
        107.68542130207331,
        107.9022411421924,
        108.12066328221758,
        108.34067459815688,
        108.56226080443471,
        108.78541239284768,
        109.0101209420852,
        109.23637629472135,
        109.46416884648873,
        109.6934883188629,
        109.92432403538383,
        110.15666508206631,
        110.39052271459784,
        110.62767608494484,
        110.86899287972231,
        111.11412161249818,
        111.3627092810715,
        111.61439063478099,
        111.86876333859172,
        112.1254414822018,
        112.38412664764479,
        112.64459239405716,
        112.90662338554132,
        113.17002078196315,
        113.43460015913365,
        113.70019120832919,
        113.96663756342423,
        114.23379490830709,
        114.50153120869138,
        114.7697244855817,
        115.03826374995697,
        115.30704747647121,
        115.57598265151049,
        115.84498279147425,
        116.11396744502994,
        116.38286340900866,
        116.65160343196015,
        116.92012402736805,
        117.18836624007912,
        117.45627930511307,
        117.72381944833651,
        117.99094552187807,
        118.25762183256852,
        118.52381487313744,
        118.78949321769147,
        119.05462840090732,
        119.3191948469218,
        119.58316937833678,
        119.84653122348315,
        120.10926085069634,
        120.37134009084154,
        120.63275126230373,
        120.8934767165463,
        121.1535016435322,
        121.41281250422261,
        121.67139542290278,
        121.92923934556104,
        122.18633377420669,
        122.44266925871304,
        122.69823793553442,
        122.95303181548574,
        123.20704458997166,
        123.46027046385146,
        123.7127043610597,
        123.96434188349535,
        124.2151792534257,
        124.46521326611204,
        124.71444122532029,
        124.96286099718237
    ]
}