{
    "yield_linear": 0.3453792821929113,
    "error_linear": 0.4396057001152275,
    "error_log": 1.2728201220526196
}