{
    "start": 0,
    "stop": 6,
    "anchors": [],
    "levels": [
        90.41225840198874,
        90.38249876389806,
        90.35365238319943,
        90.32571904924077,
        90.29869871109409,
        90.27259136855938,
        90.24739702151082,
        90.2231156698776,
        90.19974731368332,
        90.17729195299914,
        90.15574958799806,
        90.13512021860188,
        90.11540384506596,
        90.09660046770193,
        90.07871008663018,
        90.06173270200499,
        90.04566831388951,
        90.03051692233765,
        90.01627852737312,
        90.0029536387986,
        89.99054120493771,
        89.97904176576166,
        89.9684551574599,
        89.95878172400464,
        89.95002128884506,
        89.94217385205437,
        89.93523941368369,
        89.92921797369372,
        89.92410953202395,
        89.91991408859268,
        89.9166316432653,
        89.91426219593096,
        89.91280574652718,
        89.91226229496803,
        89.91263184125465,
        89.91391438537025,
        89.91610992738623,
        89.91921846739413,
        89.9232400054845,
        89.92817454178817,
        89.93402207639112,
        89.94078260937988,
        89.94845614076377,
        89.95704267054688,
        89.96654219865283,
        89.97695489944357,
        89.9882804339246,
        90.00051896309408,
        90.01367048694183,
        90.02773444250596,
        90.04271192900757,
        90.05860241208867,
        90.07540589169571,
        90.09312236776067,
        90.1117518401493,
        90.13129430872681,
        90.15174977326475,
        90.17311823338014,
        90.19539968920614,
        90.21859414056777,
        90.24270158739152,
        90.26772202961135,
        90.29365546731063,
        90.32050190058146,
        90.34826132961442,
        90.3769338036988,
        90.40651923364906,
        90.43701766032818,
        90.4684290827297,
        90.50075350088574,
        90.53399091471132,
        90.56814132208035,
        90.60320472456866,
        90.63918112292583,
        90.6760705173304,
        90.71387290795144,
        90.75258829491861,
        90.79221667838351,
        90.83275805843513,
        90.87421243519472,
        90.91657980871128,
        90.95986021895199,
        91.0040536018541,
        91.04916001244447,
        91.09517945466213,
        91.14211165872449,
        91.18995709361637,
        91.238715530403,
        91.28838696070311,
        91.33897137851578,
        91.3904682205783,
        91.44287855362121,
        91.49620188316584,
        91.55043821002761,
        91.60558753382891,
        91.66164985502462,
        91.71862517347306,
        91.77651348776944,
        91.83531479677103,
        91.8950294859892,
        91.95565673709736,
        92.01719700939374,
        92.07965031039132,
        92.14301661140283,
        92.20729591207603,
        92.27248821363145,
        92.33859351939749,
        92.40561182081811,
        92.47354311123239,
        92.54238736811119,
        92.61214460345136,
        92.68281490780424,
        92.75439772283477,
        92.82689394813809,
        92.90030362040005,
        92.97462591323591,
        93.04986063794927,
        93.12600887301127,
        93.20307010319507,
        93.28104432858103,
        93.3599315492104,
        93.43973176534774,
        93.52044497707818,
        93.60207114234446,
        93.6846103494358,
        93.76806255141219,
        93.85242774953878,
        93.93770594438169,
        94.02389713600974,
        94.11100132446578,
        94.19901850975593,
        94.28794869182076,
        94.37779187058368,
        94.46854804594793,
        94.56021721778086,
        94.65279938609979,
        94.74629455068234,
        94.84070295057447,
        94.93602414100359,
        95.03225832836127,
        95.12940509964855,
        95.22746524543989,
        95.32643838965336,
        95.42632453106478,
        95.52712366845631,
        95.62883580104342,
        95.7314609278354,
        95.8349990485484,
        95.93945016339399,
        96.04481427284531,
        96.15109137758398,
        96.25828147806273,
        96.36638457616678,
        96.47540067344298,
        96.58532976773829,
        96.69617185895419,
        96.80792694705335,
        96.92059548368935,
        97.03417611376037,
        97.14867019236662,
        97.2640772678771,
        97.38039734031257,
        97.49763040972624,
        97.61577647618111,
        97.73483553964263,
        97.85480759995718,
        97.97569265681042,
        98.09749070963198,
        98.22020175742816,
        98.34382579927184,
        98.46836283412819,
        98.59381286070756,
        98.72017576789962,
        98.84745178674233,
        98.97564080174863,
        99.10474327160841,
        99.23475782123327,
        99.36568582789292,
        99.49752683229971,
        99.63028083402479,
        99.76394783296689,
        99.89852783010615,
        100.03402082350654,
        100.17042679887348,
        100.30774630160462,
        100.44597827319416,
        100.58512324814248,
        100.72518122763523,
        100.86615221547873,
        101.00803618208272,
        101.1508331343834,
        101.29454252669788,
        101.43916549093618,
        101.58470145441217,
        101.73115038690366,
        101.87851233475826,
        102.02678726287775,
        102.17597517312312,
        102.32607610005891,
        102.47709004231356,
        102.62901699497819
    ]
}