{
    "start": 0,
    "stop": 15,
    "levels": [
        90.41223267273615,
        90.48723267274077,
        90.56223267273202,
        90.63723267273018,
        90.71223267273334,
        90.78723267273615,
        90.86223267274077,
        90.93723267273202,
        91.01223267273018,
        91.08723267273334,
        91.16223267273615,
        91.23723267274077,
        91.31223267273202,
        91.38723267273018,
        91.46223267273334,
        91.53723267273615,
        91.61223267274077,
        91.68723267273202,
        91.76223267273018,
        91.83723267273334,
        91.91223267273615,
        91.98723267273166,
        92.06223267273202,
        92.13723267273018,
        92.21223267273554,
        92.28723267273615,
        92.36223267273166,
        92.43723267273202,
        92.51223267273018,
        92.58723267273554,
        92.66223267273615,
        92.73723267274441,
        92.81223267273202,
        92.88723267273018,
        92.96223267273554,
        93.03723267273615,
        93.11223267274441,
        93.18723267273202,
        93.26223267273018,
        93.33723267273554,
        93.41223267273615,
        93.48723267274441,
        93.56223267273202,
        93.63723267273018,
        93.71223267273554,
        93.78723267273615,
        93.86223267274157,
        93.93723267273202,
        94.01223267273018,
        94.08723267273554,
        94.16223267273615,
        94.23723267274157,
        94.31223267273202,
        94.38723267273018,
        94.46223267273554,
        94.53723267273615,
        94.61223267273166,
        94.68723267273202,
        94.76223267273018,
        94.83723267273554,
        94.91223267273615,
        94.98723267273166,
        95.06223267273202,
        95.13723267273018,
        95.21223267273554,
        95.28723267273615,
        95.36223267273166,
        95.43723267273202,
        95.51223267273018,
        95.58723267273554,
        95.66223267273615,
        95.73723267273166,
        95.81223267273202,
        95.88723267273018,
        95.96223267273554,
        96.03723267273615,
        96.11223267273166,
        96.18723267273202,
        96.26223267273018,
        96.33723267273554,
        96.41223267273615,
        96.48723267273166,
        96.56223267273202,
        96.63723267273018,
        96.71223267273554,
        96.78723267273615,
        96.86223267273166,
        96.93723267273202,
        97.01223267273018,
        97.08723267273554,
        97.16223267273615,
        97.23723267273166,
        97.31223267273202,
        97.38723267273018,
        97.46223267273554,
        97.53723267273615,
        97.61223267274481,
        97.68723267273202,
        97.76223267273018,
        97.83723267273554,
        97.91223267273615,
        97.98723267274026,
        98.06223267273202,
        98.13723267273018,
        98.21223267273554,
        98.28723267273615,
        98.36223267274026,
        98.43723267273202,
        98.51223267273018,
        98.58723267273554,
        98.66223267273615,
        98.73723267274026,
        98.81223267273202,
        98.88723267273018,
        98.96223267273554,
        99.03723267273615,
        99.11223267274026,
        99.18723267273202,
        99.26223267273018,
        99.33723267273554,
        99.41223267273615,
        99.48723267274026,
        99.56223267273202,
        99.63723267273018,
        99.71223267273554,
        99.78723267273615,
        99.86223267274026,
        99.93723267273202,
        100.01223267273018,
        100.08723267273554,
        100.16223267273615,
        100.23723267274026,
        100.31223267273202,
        100.38723267273018,
        100.46223267273554,
        100.53723267273615,
        100.61223267274026,
        100.68723267273202,
        100.76223267273018,
        100.83723267273554,
        100.91223267273615,
        100.98723267274026,
        101.06223267273202,
        101.13723267273018,
        101.21223267273554,
        101.28723267273615,
        101.36223267274026,
        101.43723267273202,
        101.51223267273018,
        101.58723267273554,
        101.66223267273615,
        101.73723267274026,
        101.81223267273202,
        101.88723267273018,
        101.96223267273554,
        102.03723267273615,
        102.11223267274026,
        102.18723267273202,
        102.26223267273018,
        102.33723267273554,
        102.41223267273615,
        102.48723267274026,
        102.56223267273202,
        102.63723267273018,
        102.71223267273554,
        102.78723267273615,
        102.86223267274026,
        102.93723267273202,
        103.01223267273018,
        103.08723267273554,
        103.16223267273615,
        103.23723267274026,
        103.31223267273202,
        103.38723267273018,
        103.46223267273554,
        103.53723267273615,
        103.61223267274026,
        103.68723267273202,
        103.76223267273018,
        103.83723267273554,
        103.91223267273615,
        103.98723267274026,
        104.06223267273202,
        104.13723267273018,
        104.21223267273554,
        104.28723267273615,
        104.36223267274026,
        104.43723267273202,
        104.51223267273018,
        104.58723267273554,
        104.66223267273615,
        104.73723267274026,
        104.81223267273924,
        104.88723267273018,
        104.96223267273554,
        105.03723267273615,
        105.11223267274026,
        105.18723267273924,
        105.26223267273018,
        105.33723267273554,
        105.41223267273615
    ]
}