{
    "yield_post": 6.496324768530209,
    "error_post": 1.4390672947106045
}