{
    "yield_linear": 7.301112017611945,
    "error_linear": 2.0978180745657276,
    "error_log": 0.2873285698815896
}