{
    "yield_post": 5.817885908476255,
    "error_post": 0.8726143275921779
}