{
    "start": 0,
    "stop": 15,
    "anchors": [],
    "levels": [
        151.93287459625995,
        149.91963363647992,
        149.39228160899668,
        148.8624389562499,
        148.3301865582309,
        147.7956187002231,
        147.25883869033424,
        146.7199719999089,
        146.17915634788642,
        145.63654917583827,
        145.27413376702532,
        144.7214888213977,
        144.16766956263172,
        143.61293222168163,
        143.0575609688012,
        142.50186757089782,
        141.9461960970296,
        141.39092010149642,
        140.8364492174281,
        140.28322514704894,
        139.73172289128513,
        139.18245177179102,
        138.63595253700944,
        138.09279746052923,
        137.562631868673,
        137.02789231228556,
        136.48949215037416,
        135.97444841397973,
        135.4479523352606,
        134.93695783021806,
        134.43374361266612,
        133.93928363762222,
        133.45442009259597,
        132.9798312811099,
        132.51606285674086,
        132.06355630041338,
        131.62292946105737,
        131.1952029348222,
        130.78099080058456,
        130.38062074012151,
        129.99452096815094,
        129.6228691714466,
        129.26572168196347,
        128.92321166202493,
        128.5953912640099,
        128.28229712630963,
        127.98361346632062,
        127.68378639037407,
        127.41384599657852,
        127.15657977725253,
        126.91133866726607,
        126.6774782376847,
        126.45437110001657,
        126.24139987404075,
        126.03791634687846,
        125.84328036088576,
        125.65693496064077,
        125.47839720202086,
        125.30724137623089,
        125.14308878340367,
        124.98559795415565,
        124.83446022548124,
        124.68940395391053,
        124.55028181416837,
        124.41697302689174,
        124.2910144789897,
        124.17302614404646,
        124.06327904442082,
        123.96209786425634,
        123.86989577440215,
        123.78711723487837,
        123.71410527093803,
        123.65099838038684,
        123.59770166825098,
        123.55391652583235,
        123.51919385027944,
        123.49298371359541,
        123.47468253713208,
        123.46366845523085,
        123.45933439058933,
        123.46110382745795,
        123.4684452443154,
        123.48087799138955,
        123.49797375282402,
        123.5193554862614,
        123.54469393814753,
        123.57370271882593,
        123.60613431727802,
        123.64177476371863,
        123.68043908724805,
        123.72196842807469,
        123.76622388284657,
        123.81308541731279,
        123.8624475893083,
        123.9142181507833,
        123.96831490076545,
        124.02466396525949,
        124.08319822801636,
        124.14385505563197,
        124.20657581441208,
        124.27130249576706,
        124.33797770345895,
        124.40654240423683,
        124.47693457945388,
        124.54908696961655,
        124.62292597406883,
        124.69836965073293,
        124.77532538907384,
        124.85369558336463,
        124.93341393978129,
        125.01442930447243,
        125.09669408963296,
        125.18016158599633,
        125.26478746110342,
        125.35052803525161,
        125.43734218640161,
        125.5251894833516,
        125.61403121372226,
        125.70382984796142,
        125.7945490653633,
        125.8861536921396,
        125.97860964320748,
        126.07188386719893,
        126.16594429351395,
        126.26075978091868,
        126.35630006718364,
        126.45253571882355,
        126.54943808047564,
        126.64697922279036,
        126.74513188822277,
        126.84386943311641,
        126.94316576486297,
        127.04299527156061,
        127.14333274172017,
        127.24415326928786,
        127.34543213806916,
        127.4471446760492,
        127.54926606475419,
        127.65177203785515,
        127.75464302828138,
        127.85786156546806,
        127.96141079991295,
        128.0652744779037,
        128.1694369181444,
        128.27388298950854,
        128.37859808974056,
        128.48356812517483,
        128.58877949130107,
        128.69421905424144,
        128.79987413300032,
        128.90573248258642,
        129.01178227753843,
        129.11801209687283,
        129.2244109086067,
        129.33096805604418,
        129.4376732437279,
        129.54451652461466,
        129.65148828735488,
        129.75857924434627,
        129.865780420115,
        129.97308314032668,
        130.0804790210314,
        130.18795995849035,
        130.29551811934925,
        130.40314593123065,
        130.5108360736274,
        130.61858146923066,
        130.72637527548227,
        130.8342108765818,
        130.94208187571653,
        131.04998208761162,
        131.15790553132302,
        131.26584642337252,
        131.37379917105133,
        131.48175836603883,
        131.58971877829254,
        131.6976753500271,
        131.80562318997391,
        131.91355756804222,
        132.0214739098025,
        132.12936779150357,
        132.2372349350052,
        132.34507120320524,
        132.45287259529533,
        132.56063524237487,
        132.6683554032693,
        132.77602946025692,
        132.8836539152478,
        132.99122538587002,
        133.09874060177975,
        133.20619640110004,
        133.31358972696137,
        133.42091762420466,
        133.528177236147,
        133.63536580143867,
        133.74248065116828,
        133.84951920588767,
        133.95647897276098,
        134.06335754302825,
        134.17015258929186,
        134.27686186384113
    ]
}