{
    "yield_linear": 5.93977154306299,
    "error_linear": 0.9689604106248443,
    "error_log": 0.16313092239321647
}