{
    "yield_pre": 159.11384729505534,
    "error_pre": 15.93620169833986
}