{
    "start": 0,
    "stop": 60,
    "levels": [
        46.75253276350667,
        46.77152613448362,
        46.79077266997454,
        46.81027302456401,
        46.83002784803634,
        46.85003778467444,
        46.87030347277219,
        46.890825544251456,
        46.9116046236373,
        46.93264132733429,
        46.95393662892174,
        46.97549036938916,
        46.99730322811176,
        47.01937642460049,
        47.04171019068983,
        47.064305085161095,
        47.08716165180132,
        47.110280448715734,
        47.133661953190725,
        47.15730676976971,
        47.18121519975415,
        47.20538804066845,
        47.22982546692978,
        47.25452794135893,
        47.279496084300646,
        47.30473017106667,
        47.33023074796539,
        47.355998219504755,
        47.38203252269278,
        47.40833458190432,
        47.434904531869094,
        47.461742619132934,
        47.48884918961888,
        47.51622454998545,
        47.54386895403441,
        47.571782743027605,
        47.59996572514418,
        47.628418318056646,
        47.65714124561502,
        47.68613390073375,
        47.715396689798744,
        47.744929715722584,
        47.77473305430331,
        47.804806752259736,
        47.83515031045729,
        47.86576472254067,
        47.896649461993526,
        47.92780445544413,
        47.959229595029235,
        47.99092473639554,
        48.02288969645376,
        48.055124250848245,
        48.08762830490939,
        48.12040121959079,
        48.1534427787721,
        48.18675268611878,
        48.22033101804301,
        48.254177921295266,
        48.288293536701886,
        48.322677575772026,
        48.35733098489107,
        48.392253513457845,
        48.42744529141193,
        48.46290644532317,
        48.49863709840392,
        48.53463737052004,
        48.570907378203046,
        48.60744723466169,
        48.644257049794405,
        48.68133693020264,
        48.71868697920494,
        48.75630729685032,
        48.79419797993515,
        48.832359122020875,
        48.87079064988401,
        48.90949296225049,
        48.94846599385436,
        48.987709825265696,
        49.02722453380443,
        49.06701019351902,
        49.107066875166055,
        49.14739464619093,
        49.18799357071468,
        49.22886370952871,
        49.27000512010289,
        49.311417856630044,
        49.35310197014347,
        49.39505751739396,
        49.437284543574364,
        49.47978308703033,
        49.522553187159865,
        49.565594880290234,
        49.6089081996938,
        49.65249317605131,
        49.696349837793214,
        49.74047820809376,
        49.78487830822656,
        49.829550156481105,
        49.874493768176016,
        49.919709155673644,
        49.96519632839481,
        50.01095529283594,
        50.05698605252604,
        50.1032886080822,
        50.14986295729073,
        50.196709093244465,
        50.243827011653124,
        50.291216699966824,
        50.33887814461534,
        50.38681132923296,
        50.43501594622696,
        50.48349256265754,
        50.532240855220685,
        50.5812607963538,
        50.63055235558071,
        50.68011549989469,
        50.729950193530755,
        50.78005639794064,
        50.830434071859074,
        50.88108317131252,
        50.93200364977231,
        50.98319545765383,
        51.03465854286655,
        51.086392850765066,
        51.13839832421269,
        51.19067490351584,
        51.24322252592801,
        51.296041126570884,
        51.3491306380416,
        51.40249099022995,
        51.45612211048343,
        51.51002392361309,
        51.56419635189524,
        51.61863931506991,
        51.67335273034478,
        51.72833651688965,
        51.78359046395032,
        51.83911470658862,
        51.89490904450406,
        51.95097338280974,
        52.007307659147834,
        52.06391165980192,
        52.12078541743216,
        52.17792879465591,
        52.23534158311271,
        52.29302376821107,
        52.35097532025972,
        52.40919597231107,
        52.467685678767786,
        52.526444078810485,
        52.585472382701944,
        52.64476789293589,
        52.70433216596166,
        52.76416521047868,
        52.82426656732897,
        52.8846366743842,
        52.94527345523838,
        53.00617930404799,
        53.067352414808596,
        53.12879315766514,
        53.19050093345858,
        53.252476476857396,
        53.31471919565631,
        53.37722894069361,
        53.44000556076729,
        53.50304899634542,
        53.56635891573522,
        53.629935244623084,
        53.69377782367016,
        53.757886491578006,
        53.82226121194313,
        53.88690158652168,
        53.95180753369842,
        54.01697886957823,
        54.082415426373956,
        54.14811720881721,
        54.214083467718964,
        54.28031478348394,
        54.34681064674351,
        54.41357096831069,
        54.48059537603552,
        54.54788378663166,
        54.61543601351906,
        54.68325186817523,
        54.751331160611244,
        54.81967369911227,
        54.88827929024085,
        54.957147738841925,
        55.02627884802851,
        55.0956724193686,
        55.16532825237076,
        55.23524614504245,
        55.30542589371068,
        55.375867293033025,
        55.44657013601155,
        55.51753421400434,
        55.58875931673874,
        55.6602452323521,
        55.73199171567375,
        55.80399861248627,
        55.87626567669004
    ]
}