{
    "ndata": 10.741419792175293,
    "start": 0,
    "stop": 20,
    "rtol": 0.001,
    "integrals": [
        [
            0.587491737859402,
            0.5877604180820828
        ],
        [
            0.600005924752389,
            0.6003266234590469
        ],
        [
            0.6123992814274307,
            0.6126962108386609
        ],
        [
            0.6245918915094767,
            0.6248947906870135
        ],
        [
            0.6365979641447845,
            0.6368728809350039
        ],
        [
            0.6483416579792459,
            0.6486483077891083
        ],
        [
            0.6598760462259947,
            0.6601465812455756
        ],
        [
            0.6711078841620044,
            0.6714007175931648
        ],
        [
            0.682055576609494,
            0.6823542073294575
        ],
        [
            0.6926802467684244,
            0.6929905435628408
        ],
        [
            0.7029689349250468,
            0.7032880152809772
        ],
        [
            0.7129098352860116,
            0.7132299874000104
        ],
        [
            0.7224960991787864,
            0.7227861328333148
        ],
        [
            0.7316374285647758,
            0.7319890480819963
        ],
        [
            0.7404109387480681,
            0.7407377451904209
        ],
        [
            0.7487171057923508,
            0.7490850042398144
        ],
        [
            0.756618597522458,
            0.7569609259188896
        ],
        [
            0.7640650009620283,
            0.7643819642927385
        ],
        [
            0.7710343201642651,
            0.7713323306166502
        ],
        [
            0.7775094759871007,
            0.7777981697897998
        ],
        [
            0.783465202238458,
            0.7837869932991318
        ],
        [
            0.7889110623460569,
            0.7892698664243794
        ],
        [
            0.7938597606581685,
            0.7942140984257718
        ],
        [
            0.7982849213545462,
            0.7986354013248415
        ],
        [
            0.802158293520882,
            0.8025475498923251
        ],
        [
            0.8055226890531694,
            0.8058888867879509
        ],
        [
            0.8083309977465025,
            0.8087009821449848
        ],
        [
            0.8105927567235126,
            0.8109698871970749
        ],
        [
            0.8123294027402811,
            0.8126702313649046
        ],
        [
            0.8134970091850682,
            0.81384545099601
        ],
        [
            0.8141184819573454,
            0.8144748692673431
        ],
        [
            0.8141928079502732,
            0.8145596273330775
        ],
        [
            0.813747655882752,
            0.8140834070475538
        ],
        [
            0.8127427616568192,
            0.8130905365760679
        ],
        [
            0.811205374434382,
            0.8115665258705773
        ],
        [
            0.8091646494231078,
            0.8094958766076382
        ],
        [
            0.8065861828934688,
            0.8069294951710538
        ],
        [
            0.8034961672993488,
            0.8038528417143359
        ],
        [
            0.7999062366092342,
            0.8002781210682142
        ],
        [
            0.7958483569098967,
            0.796193410389243
        ],
        [
            0.791313103707577,
            0.7916315981781548
        ],
        [
            0.7862927247476772,
            0.7866249615784763
        ],
        [
            0.7808204579319546,
            0.7811664478130967
        ],
        [
            0.7749261515117024,
            0.7752478372685245
        ],
        [
            0.7685901536213566,
            0.7689255997947712
        ],
        [
            0.761862178783226,
            0.7621762308896072
        ],
        [
            0.7547214423721805,
            0.7550497615376631
        ],
        [
            0.7472125214808174,
            0.7475363294573756
        ],
        [
            0.7393331955762996,
            0.7396703573528526
        ],
        [
            0.7311072743994522,
            0.731458854056556
        ],
        [
            0.7225723101774023,
            0.72290330577738
        ],
        [
            0.713726508085739,
            0.7140371721143743
        ],
        [
            0.7045859569458183,
            0.7048767217404439
        ],
        [
            0.6951536650185318,
            0.6954568521835112
        ],
        [
            0.6854642615148123,
            0.6857798711499089
        ],
        [
            0.6755516478545979,
            0.6758462227355064
        ],
        [
            0.6654006090227826,
            0.6657070257588659
        ],
        [
            0.6550594425123433,
            0.6553463435135549
        ],
        [
            0.6445152586777457,
            0.6448144965364853
        ],
        [
            0.6338011522595223,
            0.634112938865527
        ],
        [
            0.6229509192426167,
            0.6232449318996739
        ],
        [
            0.6119497586758644,
            0.6122559105114387
        ],
        [
            0.600845596260751,
            0.6011352080454015
        ],
        [
            0.589623541357594,
            0.5899250423399934
        ],
        [
            0.5783443363837042,
            0.5786013793130855
        ],
        [
            0.5669675121156992,
            0.567235102803727
        ],
        [
            0.5555424805863902,
            0.5558068358827043
        ],
        [
            0.5440839143895384,
            0.5443333112539442
        ],
        [
            0.5325886305005351,
            0.5328472780955449
        ],
        [
            0.5210817663162626,
            0.521350332002687
        ],
        [
            0.5095895111578839,
            0.509844894543168
        ],
        [
            0.4981014416103538,
            0.49836679185984145
        ],
        [
            0.4866531209624487,
            0.4869047704099577
        ],
        [
            0.4752466174481086,
            0.47548432979107097
        ],
        [
            0.4638935231641523,
            0.46411668818065416
        ],
        [
            0.4525928437489999,
            0.4528236317656481
        ],
        [
            0.4413658902102521,
            0.4416050158114926
        ],
        [
            0.43022284199170197,
            0.43047068953160533
        ],
        [
            0.4191938423595919,
            0.4194108667902103
        ],
        [
            0.4082490199348324,
            0.40847411200670247
        ],
        [
            0.39743490421116384,
            0.39763083067551164
        ],
        [
            0.3867314007150299,
            0.3869166163970946
        ],
        [
            0.3761588766655256,
            0.37632421677411293
        ],
        [
            0.36570797651339343,
            0.3658788552232052
        ],
        [
            0.35539816605226093,
            0.3555745801100612
        ],
        [
            0.34523449684377167,
            0.3454167160665728
        ],
        [
            0.33521615535232513,
            0.33541860305006643
        ],
        [
            0.325362862543496,
            0.32557050880206895
        ],
        [
            0.3156777716263331,
            0.3158776040017766
        ],
        [
            0.30617837374374857,
            0.3063297503748692
        ],
        [
            0.29682952063325385,
            0.29697065785167026
        ],
        [
            0.28764698300032765,
            0.2877908619370354
        ],
        [
            0.2786402044155603,
            0.27878700564731945
        ],
        [
            0.26981140830451467,
            0.2699613489452397
        ],
