{
    "yield_pre": 0.8147157066486501,
    "error_pre": 0.4084359103356844
}