{
    "yield_pre": 0.8147156931029691,
    "error_pre": 0.4084359046951153
}