{
    "yield_post": 0.7002650055457599,
    "error_post": 0.3116988685256266
}