{
    "start": 0,
    "stop": 10,
    "anchors": [],
    "levels": [
        496.9570783719805,
        45.81201394269081,
        43.6547140228943,
        42.77532893262088,
        42.55986156487663,
        42.63672108695934,
        42.79608523909042,
        42.9874562065673,
        43.19905415325069,
        43.421673649026616,
        43.64552535313826,
        43.866120682485665,
        44.08184897819111,
        44.291952074550984,
        44.496144342810126,
        44.69439468773255,
        44.88682894367682,
        45.07364280861006,
        45.25507386882947,
        45.43137430729154,
        45.602799522922496,
        45.76959869909967,
        45.93205606745814,
        46.090532047208185,
        46.245225070433904,
        46.39631120701027,
        46.5439583591011,
        46.68832492525627,
        46.82956107300821,
        46.967806388502055,
        47.10319547457755,
        47.23585121913017,
        47.36589140640035,
        47.49342585892168,
        47.61855841423407,
        47.7413862971931,
        47.86200125688308,
        47.98049001156519,
        48.096933841221556,
        48.21140972908326,
        48.32398997412373,
        48.43474400206262,
        48.54373623949124,
        48.651028596166086,
        48.756679103923375,
        48.860743107379434,
        48.96327316216662,
        49.06431881808776,
        49.163928479726636,
        49.262146653147376,
        49.35901625292466
    ]
}