{
    "start": 0,
    "stop": 100,
    "anchors": [],
    "levels": [
        94.84190656787989,
        94.67792036949407,
        94.51493576196305,
        94.35297265976924,
        94.19205111138916,
        94.03219135135922,
        93.87341355912675,
        93.71573835416706,
        93.55918630573403,
        93.40377819415892,
        93.24953483084629,
        93.09647729177209,
        92.94462619994732,
        92.79400359117474,
        92.64463072002575,
        92.49652844572661,
        92.34972050967878,
        92.20423256928633,
        92.06009028885781,
        91.91731878131479,
        91.77594269937936,
        91.63598611795886,
        91.4974732704449,
        91.360427802305,
        91.22487247114975,
        91.09083095371304,
        90.95832588941992,
        90.82737992443734,
        90.69801536737478,
        90.57025436916989,
        90.44411906857815,
        90.31963132594935,
        90.19681254353658,
        90.07568465930368,
        89.95626907975735,
        89.83858758458479,
        89.72266157679702,
        89.60851241964771,
        89.49616312438533,
        89.38563615461646,
        89.27695461553085,
        89.17014267705059,
        89.0652252833005,
        88.96222831669316,
        88.86117839574521,
        88.76210269190179,
        88.66502864257271,
        88.56998315892554,
        88.4769930817354,
        88.3860836665284,
        88.29727969814297,
        88.21060468350461,
        88.12608108712475,
        88.04373040583698,
        87.9635733502308,
        87.88562982148812,
        87.809919228095,
        87.73646041203239,
        87.66527185272494,
        87.59637142025355,
        87.52977705924462,
        87.46550637519172,
        87.40357342851317,
        87.34392015050683,
        87.28643496413714,
        87.23105907672706,
        87.17779010243609,
        87.12667482084765,
        87.07779762042648,
        87.03126673213046,
        86.98720052907775,
        86.94571558725602,
        86.90691719775593,
        86.87089331802207,
        86.83771004585586,
        86.80740962893711,
        86.7800092840647,
        86.75550207138467,
        86.73385744770218,
        86.71502342120479,
        86.69892889140912,
        86.68548679336354,
        86.67459714209969,
        86.66615098463487,
        86.66003362909171,
        86.6561282982396,
        86.65431897958348,
        86.6544936135748,
        86.6565458088376,
        86.66037663769428,
        86.66589599123714,
        86.6730230166342,
        86.68168657101174,
        86.69182520535043,
        86.70338694912601,
        86.7163289343413,
        86.73061691024459,
        86.74622469099663,
        86.76313356439961,
        86.78133167815523,
        86.8008134123996,
        86.82157873925854,
        86.84363256388548,
        86.86698404566494,
        86.89164590853761,
        86.91763357686234,
        86.94496444888469,
        86.97365694329892,
        87.00372951452448,
        87.03519954364903,
        87.06808213821279,
        87.10238877534674,
        87.13812580437329,
        87.17529276911844,
        87.21388047740233,
        87.25386901786764,
        87.29522485734017,
        87.33789837207088,
        87.38184058481576,
        87.42703504981385,
        87.47347030570653,
        87.5211347064524,
        87.57001667667487,
        87.62010473525135,
        87.67138705608475,
        87.72385206848364,
        87.7774881198581,
        87.83228357425273,
        87.88822678626525,
        87.94530615494838,
        88.00351006956953,
        88.06282696920687,
        88.12324531747136,
        88.1847536173167,
        88.24734041803929,
        88.31099431640679,
        88.37570395998529,
        88.4414580519813,
        88.50824535478974,
        88.5760546932641,
        88.64487495863585,
        88.71469511105154,
        88.78550418219804,
        88.85729127776202,
        88.93004557980122,
        89.00375634895401,
        89.07841292649096,
        89.15400480227964,
        89.23052136998318,
        89.30795228298581,
        89.38628723111347,
        89.46551600135899,
        89.54562836357545,
        89.62661444543495,
        89.7084642289322,
        89.79116776860344,
        89.87471534566274,
        89.95909730971343,
        90.04430400859883,
        90.1303261077767,
        90.2171541262845,
        90.30477877506657,
        90.39319085739209,
        90.48238119875138,
        90.57234092870898,
        90.66306117333558,
        90.75453293645556,
        90.84674758412835,
        90.93969649210236,
        91.0333711302726,
        91.127763061903,
        91.22286394367428,
        91.3186654253945,
        91.41515966785504,
        91.51233828263781,
        91.61019342422367,
        91.7087171863896,
        91.80790179651163,
        91.90773958511315,
        92.00822287017108,
        92.10934400940789,
        92.21109600400092,
        92.31347109316906,
        92.41646213719116,
        92.52006202786279,
        92.62426350048734,
        92.72905987715072,
        92.83444390948155,
        92.94040888532041,
        93.04694808726777,
        93.15405475781833,
        93.26172233218136,
        93.36994421993182,
        93.47871414247653,
        93.58802570646075,
        93.69787256733304,
        93.80824849058858,
        93.91914734876435,
        94.03056311285495,
        94.14248981610206,
        94.25492159097254
    ]
}