{
    "yield_linear": 43.203950278427435,
    "error_linear": 11.354114201428109,
    "error_log": 0.26280268651955735
}