{
    "start": 0,
    "stop": 30,
    "levels": [
        91.61410338580893,
        91.64370614176127,
        91.67345521091266,
        91.70335067522853,
        91.73339114623644,
        91.76357696933579,
        91.79390740442523,
        91.82438198624118,
        91.85500025161025,
        91.88576173937543,
        91.91666599022611,
        91.94771254592723,
        91.97890095603155,
        92.0102307712416,
        92.04170154829447,
        92.07331285058356,
        92.10506388427541,
        92.13695482627577,
        92.1689850128278,
        92.20115402936315,
        92.23346089254397,
        92.26590598355942,
        92.29848895174385,
        92.33120837039317,
        92.36406455563973,
        92.39705703987576,
        92.43018542090613,
        92.46344927116215,
        92.49684817325604,
        92.53038171593003,
        92.56404947391569,
        92.59785098316914,
        92.63178586158774,
        92.6658536438186,
        92.70005437399804,
        92.73438738772518,
        92.7688520417641,
        92.80344865478276,
        92.83817627496472,
        92.8730346932202,
        92.9080226980156,
        92.94314142863345,
        92.97838940732186,
        93.01376725524082,
        93.04927346366196,
        93.0849081740504,
        93.12067101552944,
        93.1565615925748,
        93.19257903817646,
        93.22872387650351,
        93.26499531417349,
        93.30139297714948,
        93.33791648857162,
        93.37456547338746,
        93.41133955638253,
        93.44823836218862,
        93.48526151528577,
        93.52240864001432,
        93.55967936033665,
        93.59707374229579,
        93.63459042681407,
        93.67222948934642,
        93.70999073057334,
        93.74787411927358,
        93.78587853609403,
        93.82400391062728,
        93.86224934545847,
        93.9006154497406,
        93.93910136818124,
        93.97770671969909,
        94.01643142696722,
        94.05527449844203,
        94.09423585784788,
        94.13331511895805,
        94.17251189553443,
        94.21182580829762,
        94.25125646961274,
        94.29080349150198,
        94.3304664855005,
        94.37024506254326,
        94.41013883289011,
        94.45014740683786,
        94.49027039325361,
        94.53050739972409,
        94.57085765734192,
        94.61132152095897,
        94.65189822454528,
        94.69258737250274,
        94.73338856824952,
        94.774301414197,
        94.8153255116936,
        94.8564604610948,
        94.89770586166225,
        94.93906177800838,
        94.98052686317659,
        95.02210119139397,
        95.06378435741732,
        95.10557595473165,
        95.14747557534426,
        95.18948281086779,
        95.23159725059728,
        95.2738184815272,
        95.31614609007204,
        95.35857966107395,
        95.40111877776815,
        95.44376302176786,
        95.48651197307575,
        95.5293652103516,
        95.57232231071286,
        95.61538284830391,
        95.65854639682448,
        95.70181252804856,
        95.74518081159358,
        95.7886508144147,
        95.8322221005067,
        95.87589423100798,
        95.9196667634619,
        95.9635392098402,
        96.00751123515076,
        96.0515824488484,
        96.0957521115794,
        96.14001993699486,
        96.18438548095801,
        96.2288482190943,
        96.27340800098602,
        96.31806434091305,
        96.36281686390774,
        96.40766519396819,
        96.45260894006736,
        96.49764773549934,
        96.54278120445025,
        96.58800897167094,
        96.63333066326678,
        96.67874590736986,
        96.72425432751152,
        96.76985554967328,
        96.81554920015772,
        96.86133490560152,
        96.90721168581487,
        96.95318034690419,
        96.99923994262389,
        97.04539010083934,
        97.09163044974841,
        97.13796061788008,
        97.18438023409905,
        97.23088892760364,
        97.27748632792807,
        97.32417206451277,
        97.37094576804542,
        97.41780706914975,
        97.46475559883021,
        97.51179098638329,
        97.55891285912134,
        97.60612085492721,
        97.65341460544457,
        97.70079374552608,
        97.74825790879919,
        97.79580673161806,
        97.84343988763486,
        97.89115693679625,
        97.93895752539015,
        97.98684108233158,
        98.03480779827058,
        98.08285674196068,
        98.13098787438592,
        98.1792006353646,
        98.22749492776003,
        98.27587030953065,
        98.32432630996493,
        98.37286240424292,
        98.42147853085689,
        98.47017432420111,
        98.5189492455626,
        98.56780297398085,
        98.61673516462538,
        98.66574546254594,
        98.71483350956619,
        98.76399894654698,
        98.81324146125428,
        98.8625796711782,
        98.91275701376958,
        98.9625760726725,
        99.01407820247064,
        99.06477910580968,
        99.12097836097533,
        99.17657560623545,
        99.22394127203336,
        99.27645002267323,
        99.3308792781713,
        99.38406617883965,
        99.44090132943573,
        99.49465590386541,
        99.55061120221454,
        99.61255669774997,
        99.67355664529791,
        99.73258223604904,
        99.78826529975504,
        99.83794027251761,
        99.90950980101482,
        99.97368926998197,
        100.01595465929665
    ]
}