{
    "yield_post": 2.9926412859639826,
    "error_post": 0.4931752551033373
}