{
    "yield_pre": 2.825707210981017,
    "error_pre": 0.4690953928838641
}