{
    "start": 50,
    "stop": 550,
    "anchors": [],
    "levels": [
        92.80073934304646,
        91.67515261587805,
        90.65269897139459,
        89.72328089726953,
        88.87751938461234,
        88.10691998058142,
        87.40383772222305,
        86.7608496446699,
        86.17140804365437,
        85.63057465462764,
        85.13431257262835,
        84.67898326527123,
        84.26122834334345,
        83.87796384831302,
        83.526393704505,
        83.20394914376554,
        82.90826107738465,
        82.637153187755,
        82.38863268949295,
        82.16087968752174,
        81.95223548662976,
        81.76119032836885,
        81.5863713849104,
        81.4265804191486,
        81.28079921051193,
        81.14802068734177,
        81.02726914959592,
        80.91762556698762,
        80.81823833591312,
        80.72832702852375,
        80.64718212164469,
        80.57416243297706,
        80.50869115976221,
        80.45025099766863,
        80.39837872188829,
        80.35265949188492,
        80.31272122371507,
        80.27822897564631,
        80.24887983373665,
        80.22439832077573,
        80.20453210991354,
        80.18904872525863,
        80.17773226434745,
        80.17038110667275,
        80.16680587390793,
        80.16682788123157,
        80.17027781997454,
        80.17699482621036,
        80.18682569276046,
        80.19962429671153,
        80.21525095839249,
        80.23357243065234,
        80.25446117507721,
        80.27779530187563,
        80.30345833883254,
        80.33133873957506,
        80.36133023266079,
        80.39333103745174,
        80.42724401623104,
        80.46297629073472,
        80.5004394019562,
        80.53954857213414,
        80.58022313564759,
        80.62238603398514,
        80.66596340863612,
        80.71088526295625,
        80.75708446160208,
        80.80449708195498,
        80.85306209762437,
        80.9027213548711,
        80.9534195395269,
        81.00510387354342,
        81.05772427598039,
        81.1112331582137,
        81.16558544694443,
        81.22073846845467,
        81.27665197300261,
        81.33328806783308,
        81.39061119853257,
        81.44858811212536,
        81.50718781932422,
        81.56638154960285,
        81.62614269660999,
        81.68644675186772,
        81.74727122553043,
        81.80859555363989,
        81.87040099239991,
        81.93267050070818,
        81.99538841951505,
        82.05853720224472,
        82.12209765062693,
        82.18605128693208,
        82.25038039528022,
        82.3150679850458,
        82.38009775661652,
        82.44545406924401,
        82.5111219109687,
        82.5770868703343,
        82.64333510987103,
        82.709853341091,
        82.7766288028817,
        82.84364924635148,
        82.9109028592776,
        82.97837836066482,
        83.04606484944426,
        83.11395194434913,
        83.18202953478851,
        83.25028800804652,
        83.31871811442947,
        83.38731095325483,
        83.45605788914155,
        83.5249508243079,
        83.59398182342645,
        83.66314329327372,
        83.73242796546224,
        83.80182883589974,
        83.8713391864845,
        83.94095256327333,
        84.01066276746933,
        84.080463842476,
        84.1503500752284,
        84.22031597112878,
        84.2903562545067,
        84.36046585740046,
        84.43063991084823,
        84.5008736280064,
        84.57116210647128,
        84.64150055768386,
        84.71188434901755,
        84.78230899819305,
        84.85277016744988,
        84.92326365956627,
        84.99378537666851,
        85.06433145092308,
        85.13489804645583,
        85.20548147833698,
        85.27607817893885,
        85.3466846939205,
        85.41729770053696,
        85.4879139038358,
        85.55853022177936,
        85.62914359062584,
        85.69975107037473,
        85.77034981122466,
        85.8409370056863,
        85.91151006269457,
        85.98206635060902,
        86.05260335731953,
        86.12311864790173,
        86.19360991337835,
        86.26407476138161,
        86.33451101738383,
        86.40491658831893,
        86.4752892789418,
        86.54562722560328,
        86.61592830430726,
        86.68619073263099,
        86.75641263612081,
        86.82659220218737,
        86.89672773022384,
        86.96681752012593,
        87.03685991860704,
        87.10685331692693,
        87.17679622727776,
        87.2466876234277,
        87.31652573011587,
        87.38630909019395,
        87.45603756997974,
        87.52571262623557,
        87.59531165674198,
        87.66486093893064,
        87.7343485640353,
        87.80377324268909,
        87.87313388887901,
        87.94242946737587,
        88.01165901751581,
        88.08082159085457,
        88.14991627194927,
        88.21894217788832,
        88.28789848661238,
        88.35678429000875,
        88.42559887876467,
        88.49434147395054,
        88.5630112829774,
        88.63160760282341,
        88.70012977045185,
        88.7685771488088,
        88.83694895183623,
        88.90524470155194,
        88.97346375143285,
        89.04160552464644,
        89.10966947411816,
        89.17765505976539,
        89.24556176630676,
        89.31338911413566,
        89.38113660586221,
        89.44880379863743,
        89.51639025229393,
        89.58389554067037,
        89.65131927160355,
        89.71866104571508
    ]
}