{
    "yield_linear": 161.2296528887428,
    "error_linear": 42.18295525611783,
    "error_log": 0.26163273628844413
}