{
    "start": 0,
    "stop": 250,
    "levels": [
        83.6186962445324,
        83.62195686222464,
        83.62609857948718,
        83.63114073785223,
        83.63710003084341,
        83.64399624626554,
        83.65184847605963,
        83.66067655836274,
        83.67050005114245,
        83.68134025505348,
        83.69321829040915,
        83.70615637831098,
        83.72017620758521,
        83.73530195211958,
        83.75155738068392,
        83.76896722814723,
        83.78755720103203,
        83.80735304421341,
        83.8283831559883,
        83.85067534323441,
        83.87425898324157,
        83.89916447023883,
        83.92542322146438,
        83.9530675082093,
        83.98213105304127,
        84.01264847824842,
        84.04465557500393,
        84.07818927657804,
        84.11328759874661,
        84.1499896380098,
        84.18833560795865,
        84.22836674840723,
        84.2701252960226,
        84.31365442237951,
        84.35899818147863,
        84.40620146608595,
        84.45530989610444,
        84.5063698342121,
        84.55942812972197,
        84.61453205464647,
        84.6717292881442,
        84.73106779069938,
        84.79259554475911,
        84.85636051268958,
        84.92241045206724,
        84.99079282295529,
        85.0615543227732,
        85.1347409036584,
        85.21039749782136,
        85.2885682135674,
        85.3692941754516,
        85.4526155575501,
        85.53857146664221,
        85.62720733492338,
        85.71856995844797,
        85.81270651071107,
        85.90966316292071,
        86.00948682140586,
        86.11222326656502,
        86.21791814098803,
        86.32661663284092,
        86.43836344565611,
        86.55320274709752,
        86.67117785195991,
        86.79233168608619,
        86.91670681612202,
        87.04434297109918,
        87.17528206143564,
        87.30956308812145,
        87.44722460813132,
        87.5883041850224,
        87.73283834327185,
        87.88086253057678,
        88.03241108851066,
        88.18751717604202,
        88.34621283052473,
        88.50852880609516,
        88.67449483147726,
        88.84413918881843,
        89.0174889776278,
        89.19457003137748,
        89.37540691515893,
        89.56002290635163,
        89.74843999036509,
        89.9406788842766,
        90.13675900467163,
        90.33669877429736,
        90.54051591197424,
        90.74822701024513,
        90.95984746412778,
        91.17539147791237,
        91.39487207320994,
        91.61830110070932,
        91.84568921532112,
        92.07704595917976,
        92.31237978370352,
        92.55169804729174,
        92.79500694246292,
        93.0423116066339,
        93.29361558394193,
        93.5489229551307,
        93.80823536504666,
        94.07155403094461,
        94.33887927451542,
        94.61021057434944,
        94.88554668646404,
        95.16488564685389,
        95.44822488849552,
        95.73556130881539,
        96.02689146816886,
        96.32221118286449,
        96.62151635960151,
        96.9248023688775,
        97.23206450849075,
        97.54329713093647,
        97.85849586417824,
        98.17765485295145,
        98.50076814053756,
        98.82782945367792,
        99.15883231975094,
        99.49376890575843,
        99.83263182226423,
        100.17541279860755,
        100.5221027103874,
        100.87269054373046,
        101.22716504996323,
        101.58551396836752,
        101.94772379855081,
        102.31377985601667,
        102.68366699484226,
        103.05736971414593,
        103.43487172400798,
        103.81615757671037,
        104.20121039817842,
        104.59001336997045,
        104.98254938196943,
        105.3788010482951,
        105.77875072410892,
        106.18238052271157,
        106.58967233123501,
        107.00060782622064,
        107.41516848361928,
        107.83333560945188,
        108.25509033416755,
        108.68041363399105,
        109.10928634907334,
        109.54168918927576,
        109.97760273789322,
        110.41700710786554,
        110.85988380729567,
        111.30621204806039,
        111.7559724814028,
        112.20914532257055,
        112.66571070481841,
        113.12564816244047,
        113.58893907335305,
        114.05556233900457,
        114.52549791841733,
        114.99872658270705,
        115.4752279649669,
        115.95498211604348,
        116.43796910791988,
        116.92416878565177,
        117.41356137347555,
        117.90612697998186,
        118.40184617684271,
        118.9006977879622,
        119.40266338645037,
        119.90772279936847,
        120.41585636324537,
        120.92704447294298,
        121.44126775281887,
        121.95850637077415,
        122.47874112859485,
        123.00195270453592,
        123.5281218526052,
        124.05722940617834,
        124.58925628431697,
        125.12418339939288,
        125.66199200116307,
        126.20266321645995,
        126.74617833222528,
        127.29251877323225,
        127.84166593859572,
        128.3936014360528,
        128.94830694593733,
        129.5057642329014,
        130.0659552005094,
        130.62886185342808,
        131.1944663026666,
        131.76275077026958,
        132.33369756281013,
        132.9072889921266,
        133.48350772568332,
        134.06233643290528,
        134.6437578272587,
        135.22775479593471,
        135.81431024598615,
        136.40340751874302,
        136.99502976557164,
        137.58916022905407
    ]
}