{
    "start": 0,
    "stop": 100,
    "anchors": [],
    "levels": [
        89.81108962584403,
        81.22238017172431,
        79.16781359709661,
        77.26711599240541,
        75.5416714289553,
        74.01001335043136,
        72.6857186649301,
        71.57302896995837,
        70.6662663420115,
        69.95421568775261,
        69.42372510253112,
        69.06088050186676,
        68.85120740815631,
        68.77974898798603,
        68.83093929170224,
        68.98808773601824,
        69.23203943916066,
        69.53776485268564,
        69.87168139852338,
        70.20643965633505,
        70.53236038666134,
        70.84794436793489,
        71.15345852839496,
        71.449330033075,
        71.73582464260151,
        72.01291438249136,
        72.2804623400479,
        72.5389495489805,
        72.78894105471635,
        73.03096277809486,
        73.26549794639264,
        73.49297912000442,
        73.71378443106137,
        73.9283228611481,
        74.13701440031754,
        74.3402404131696,
        74.5383287665405,
        74.7315741067228,
        74.9202433893993,
        75.10458201210098,
        75.28481511294163,
        75.46115043542169,
        75.63377926656857,
        75.80287866593268,
        75.96861265422962,
        76.13113357693224,
        76.29058337172587,
        76.44709391339487,
        76.60078877324781,
        76.75178301720669,
        76.9001850764962
    ]
}