{
    "start": 0,
    "stop": 6,
    "levels": [
        231.45187461677142,
        215.86093069512972,
        202.02722279340102,
        187.70570966946744,
        176.4598441386487,
        168.51773347503055,
        162.76824874195046,
        158.4169379415044,
        154.32330322950094,
        150.51540097370142,
        147.18909800756552,
        144.37563031290767,
        142.03741403470542,
        140.1142269018368,
        138.54124342597945,
        137.26146600189418,
        136.22985782123678,
        135.40931585895902,
        134.76781825224128,
        134.2774450643537,
        133.9133414195225,
        133.65475623593824,
        133.48812430936647,
        133.40609894089403,
        133.40203197023527,
        133.46805238439808,
        133.59581239370547,
        133.777155268157,
        134.0044653964485,
        134.2708697813048,
        134.57034976583344,
        134.8977658556198,
        135.24885193425,
        135.6201446093421,
        136.00889657478567,
        136.41288957789158,
        136.83026576519615,
        137.2593580776143,
        137.6986913123333,
        138.14702703532402,
        138.6033197978987,
        139.06669471570575,
        139.53640155249644,
        140.0117451063412,
        140.49208881758307,
        140.97683178947563,
        141.4654899504933,
        141.95762274100855,
        142.45280168406663,
        142.95067056831965,
        143.45092973735836
    ]
}