{
    "yield_pre": 36.22782775918773,
    "error_pre": 4.586952254839435
}