{
    "yield_post": 33.766609151188746,
    "error_post": 3.430519397809458
}