{
    "start": 30,
    "stop": 110,
    "anchors": [],
    "levels": [
        75.16472677033676,
        74.66613204647798,
        74.18023642869156,
        73.7068874928026,
        73.24592662300503,
        72.79719301980796,
        72.36050783831017,
        71.93568090711013,
        71.52252993443489,
        71.12087899240362,
        70.73056324478893,
        70.35142183452318,
        69.98330423931098,
        69.62606335767116,
        69.27955674688391,
        68.9436435366338,
        68.61818363439963,
        68.30303725936811,
        67.99806512252151,
        67.70312680799188,
        67.41808132576176,
        67.14278796759865,
        66.87710511055396,
        66.62089114796728,
        66.37400435597769,
        66.1363035485223,
        65.90764794500708,
        65.6878977546172,
        65.47691428683329,
        65.27456075393371,
        65.08070266443914,
        64.89520834997577,
        64.71794956452217,
        64.5488023964363,
        64.38764726789834,
        64.23437039743325,
        64.08886294729001,
        63.95102042752977,
        63.820743122273996,
        63.69793177616184,
        63.582447341132465,
        63.47414869300056,
        63.37293556109647,
        63.27873410937418,
        63.191482244367606,
        63.111118340732055,
        63.03757283577629,
        62.97076355748344,
        62.91059192185929,
        62.856942279743095,
        62.80968184029196,
        62.76866165133952,
        62.73371778430361,
        62.70467211759809,
        62.68133592642744,
        62.66350892766282,
        62.65098099245354,
        62.64353271627201,
        62.64093648291998,
        62.64295511837293,
        62.649341740615036,
        62.65984161790901,
        62.67419260177356,
        62.69212979273897,
        62.71339235001124,
        62.73773304045876,
        62.76492780844251,
        62.79478363017786,
        62.827141961988346,
        62.86187831417891,
        62.89889756221005,
        62.93812888466991,
        62.979518197221445,
        63.0230259831225,
        63.06861381912667,
        63.1161793774425,
        63.16545881819714,
        63.21633874104951,
        63.26881393974995,
        63.322895552282304,
        63.378598212580336,
        63.435936683772084,
        63.49492591304035,
        63.55558006976507,
        63.61791228475721,
        63.681935107004534,
        63.74765916601787,
        63.81509451659754,
        63.88424939005926,
        63.95513079837752,
        64.0295643873826,
        64.10394600740256,
        64.18005936846093,
        64.25790574284463,
        64.33748226452624,
        64.41878769389777,
        64.50181613516106,
        64.58656194237534,
        64.67301683468142,
        64.76117018842245,
        64.85101066438104,
        64.94252404040624,
        65.0356934946557,
        65.13050022514827,
        65.22692177788807,
        65.32493088634993,
        65.42449467325801,
        65.52557725514083,
        65.62816035028557,
        65.73223217332347,
        65.83778174917921,
        65.94479761906058,
        66.05326971138248,
        66.16318719653003,
        66.27453905124447,
        66.38731553466431,
        66.5015061574364,
        66.61710067142648,
        66.73408915377749,
        66.85246178472028,
        66.9722077268976,
        67.0933180037868,
        67.21578217569362,
        67.33958984421264,
        67.46473053143416,
        67.59119392749074,
        67.71903030041315,
        67.84823765530803,
        67.97873817431464,
        68.11052010664642,
        68.24357012045958,
        68.3778759056978,
        68.513423226295,
        68.65019929002005,
        68.78818827775089,
        68.92737463186074,
        69.06774219163165,
        69.20927759636174,
        69.35197072702962,
        69.49581333497702,
        69.64079465135703,
        69.7869067351015,
        69.93413971459002,
        70.0824847747077,
        70.23193366598983,
        70.3824771258142,
        70.53410691187379,
        70.68681448127471,
        70.8405921761281,
        70.99543145953754,
        71.15132462356775,
        71.3082635451311,
        71.46624113325002,
        71.62524970625714,
        71.7852815742648,
        71.94633008133286,
        72.1083874712325,
        72.27144744543902,
        72.43550229931114,
        72.60054548542956,
        72.76657024207296,
        72.93356979909036,
        73.10153727873367,
        73.27046598242552,
        73.44034879678749,
        73.61117812678563,
        73.78294605991631,
        73.95564575958832,
        74.1292718828685,
        74.30381901980316,
        74.47928236500498,
        74.65565688023625,
        74.83293877944212,
        75.01112617325307,
        75.19021083245565,
        75.37018528325493,
        75.55105605629123,
        75.73281421758438,
        75.91545725812803,
        76.098981703631,
        76.28338400552403,
        76.46866076761833,
        76.65480396388503,
        76.84180988443457,
        77.02966999902796,
        77.21841045737186,
        77.40798614414715,
        77.59852002760123,
        77.78958500714688,
        77.9818497687683,
        78.1747957580752,
        78.36857865580515,
        78.56319358889358,
        78.75863911048006,
        78.95491210229801,
        79.15201033229582,
        79.34993332265982,
        79.54953884461325,
        79.74805661451124,
        79.94789695024349,
        80.14903658338207
    ]
}