{
    "start": 30,
    "stop": 110,
    "anchors": [],
    "levels": [
        75.16472677033676,
        73.24592662300503,
        71.52252993443489,
        69.98330423931098,
        68.61818363439963,
        67.41808132576176,
        66.37400435597769,
        65.47691428683329,
        64.71794956452217,
        64.08886294729001,
        63.582447341132465,
        63.191482244367606,
        62.91059192185929,
        62.73371778430361,
        62.65098099245354,
        62.649341740615036,
        62.71339235001124,
        62.827141961988346,
        62.979518197221445,
        63.16545881819714,
        63.378598212580336,
        63.61791228475721,
        63.88424939005926,
        64.18005936846093,
        64.50181613516106,
        64.85101066438104,
        65.22692177788807,
        65.62816035028557,
        66.05326971138248,
        66.5015061574364,
        66.9722077268976,
        67.46473053143416,
        67.97873817431464,
        68.513423226295,
        69.06774219163165,
        69.64079465135703,
        70.23193366598983,
        70.8405921761281,
        71.46624113325002,
        72.1083874712325,
        72.76657024207296,
        73.44034879678749,
        74.1292718828685,
        74.83293877944212,
        75.55105605629123,
        76.28338400552403,
        77.02966999902796,
        77.78958500714688,
        78.56319358889358,
        79.34993332265982,
        80.14903658338207
    ]
}