{
    "start": 20,
    "stop": 100,
    "anchors": [],
    "levels": [
        72.98185799832783,
        72.40659327475389,
        71.85204741713545,
        71.31780042622717,
        70.80345871751257,
        70.30864406035926,
        69.83299529216293,
        69.37615703834743,
        68.93777903754344,
        68.51751534807207,
        68.11502154455593,
        67.72995390473035,
        67.36197450331282,
        67.01074525035554,
        66.67593396217248,
        66.35721258159589,
        66.05425622812328,
        65.76674757406168,
        65.49437503543267,
        65.23683452172907,
        64.99383269841533,
        64.7650859971526,
        64.55032228978062,
        64.34928021652442,
        64.16170706402215,
        63.98735819055451,
        63.82599095171501,
        63.67730167356788,
        63.54090181797474,
        63.41653935470002,
        63.304056529077386,
        63.20331947630103,
        63.114170636772585,
        63.03640262241312,
        62.96974766980634,
        62.91387704977664,
        62.86840610125964,
        62.8329021288597,
        62.8068915966288,
        62.78986665186445,
        62.78128918626902,
        62.78059247136963,
        62.7871813605821,
        62.80043444377408,
        62.81971455403605,
        62.84439473447274,
        62.873897559119925,
        62.90773560296154,
        62.94553338832468,
        62.98702277630326,
        63.03201848329958,
        63.08038023698678,
        63.13195814707977,
        63.186531328348856,
        63.24385105255115,
        63.30376701554655,
        63.37424318204023,
        63.441246005693074,
        63.510574536024166,
        63.58238019136209,
        63.65671496765029,
        63.73360954371388,
        63.8130822714197,
        63.895144962434955,
        63.97980299947648,
        64.06705545022896,
        64.15689864528575,
        64.2493235296192,
        64.34431733439568,
        64.44186354701738,
        64.54194207617259,
        64.64453022067032,
        64.74960058965843,
        64.85712285626447,
        64.9670612636597,
        65.07937339106505,
        65.1940062000243,
        65.31089254130465,
        65.42998584163144,
        65.5512652956194,
        65.67471048595232,
        65.80030022619968,
        65.92801744477435,
        66.05784595411865,
        66.18977077013619,
        66.32377675738333,
        66.45984870465301,
        66.59797236558208,
        66.6772033466607,
        66.81771886921649,
        66.96023153059589,
        67.10472564178957,
        67.25118355077326,
        67.39958815113772,
        67.549920521718,
        67.70216036663376,
        67.85628670185065,
        68.01227773554899,
        68.17010840297388,
        68.32975287937404,
        68.49118295370602,
        68.65436855244818,
        68.81927720692364,
        68.98587325660284,
        69.15412020339016,
        69.3239787457803,
        69.49540716256305,
        69.6683635174306,
        69.84280504881644,
        70.0186932375099,
        70.1959911627031,
        70.3746668105281,
        70.55468576317367,
        70.7360203681742,
        70.91864112592681,
        71.10252102850566,
        71.28763003846623,
        71.47394362382293,
        71.66144647881998,
        71.85012251022783,
        72.03995970362135,
        72.23094904525698,
        72.4230746423528,
        72.61633686197935,
        72.81072469299706,
        73.00623019421312,
        73.20284548834144,
        73.40056289327273,
        73.59937554215857,
        73.79927704182566,
        74.00026178970704,
        74.20232472921228,
        74.40546165407012,
        74.60966749425899,
        74.81493953738322,
        75.02127196259144,
        75.22872831442115,
        75.43717411139056,
        75.64667097273423,
        75.86293937489866,
        76.07469363472248,
        76.29342394572129,
        76.50132969119723,
        76.71620672807799,
        76.93211926033926,
        77.1490642438284,
        77.36704021949646,
        77.59404015394291,
        77.81165991671232,
        78.03281559816179,
        78.257603076197,
        78.47818309302143,
        78.74093225667917,
        78.92760733097285,
        79.15384942857455,
        79.42174072963954,
        79.79816612786837,
        80.02981603684354,
        80.26243040183729,
        80.49604165495124,
        80.53224568375404,
        80.76546370849036,
        80.99271319193593,
        81.22781095616828,
        81.46389010529,
        81.70094809052554,
        81.93898127019308,
        82.16745631628213,
        82.4072510379468,
        82.6480116731174,
        82.88975606121076,
        83.13244623381394,
        83.37609455901418,
        83.6206989261899,
        83.86625506387406,
        84.1127608407764,
        84.36021321651643,
        84.60860878023585,
        84.85794421218966,
        85.10821801457996,
        85.35942516605456,
        85.61156414223015,
        85.86463218780705,
        86.11862570865426,
        86.37354226232088,
        86.6293787826383,
        86.88613176177016,
        87.1437987968862,
        87.40237687048278,
        87.66186288472991,
        87.92225273036019,
        88.18354410622763,
        88.44573396220264,
        88.7088181521237,
        88.97279444440198,
        89.23765864155129,
        89.5034073684295,
        89.77003670005507,
        90.03754352370032,
        90.3059252989454,
        90.57517690358495
    ]
}