{
    "start": 0,
    "stop": 40,
    "levels": [
        65.90413234630401,
        65.93277013626876,
        65.96214010574323,
        65.99223849042835,
        66.02306082108214,
        66.05460454568153,
        66.08686553684123,
        66.11984043578215,
        66.15352464301027,
        66.18791488620178,
        66.2230073678046,
        66.25879827151782,
        66.29528376739393,
        66.33245999796917,
        66.37032310974085,
        66.40886923951862,
        66.44809451629945,
        66.48799525177823,
        66.52856715144151,
        66.56980653934725,
        66.61170958178316,
        66.65427243089555,
        66.69749108968131,
        66.74136173137104,
        66.78588046536568,
        66.83104335577224,
        66.87684680493317,
        66.92328662984798,
        66.97035894090448,
        67.0180602866944,
        67.0663866461299,
        67.11533420456242,
        67.16489916263524,
        67.21507758006737,
        67.26586592271104,
        67.31726040609034,
        67.36925722680283,
        67.4218527214457,
        67.47504315594432,
        67.52882485046979,
        67.58319422932516,
        67.63814815952091,
        67.6936811446531,
        67.7497913890646,
        67.80647516086671,
        67.8637279892857,
        67.92154729712796,
        67.97992863895847,
        68.03886924898009,
        68.09836522627515,
        68.15841341167732,
        68.21901094515964,
        68.28015321420341,
        68.34183747011728,
        68.40405980525237,
        68.46681786220195,
        68.53010790379287,
        68.59392662977879,
        68.65827079079651,
        68.7231371624415,
        68.78852254530523,
        68.8544237649721,
        68.92083767204456,
        68.98776112739856,
        69.05519103533469,
        69.12312440777016,
        69.19155790697408,
        69.26048872974731,
        69.32991399449314,
        69.3998306634663,
        69.47023565906774,
        69.54112612020087,
        69.61249907363155,
        69.6843517873493,
        69.7566813001184,
        69.8294848188028,
        69.90275951661565,
        69.97650260010693,
        70.0507113559697,
        70.1253829145532,
        70.20051469977078,
        70.2761039390767,
        70.35214788023052,
        70.42864404616206,
        70.50558966179736,
        70.5829822153514,
        70.66081903511039,
        70.73909754454736,
        70.81781512451933,
        70.89696912836894,
        70.97655693456653,
        71.0565759922031,
        71.13702360839744,
        71.21789727007602,
        71.29919459160699,
        71.3809126186938,
        71.46304904524602,
        71.54560127875784,
        71.62856709716021,
        71.71194379520166,
        71.79572901737868,
        71.87992033650136,
        71.96451527328284,
        72.0495113542259,
        72.13490619114829,
        72.22069755699796,
        72.30688316187975,
        72.39346041362023,
        72.48042714837213,
        72.56778105308953,
        72.65551984087917,
        72.74364123042457,
        72.83214298337502,
        72.92102286880595,
        73.01027867270808,
        73.0999082105779,
        73.1899093667543,
        73.28027954567419,
        73.37101679685844,
        73.46211955837558,
        73.55358500177603,
        73.64541154598467,
        73.73759646934377,
        73.83013807963084,
        73.92303428991836,
        74.01628306056668,
        74.10988202516805,
        74.20382978877824,
        74.29812383119626,
        74.39276243818233,
        74.48774368975006,
        74.58306528495436,
        74.67872550593992,
        74.77472238307288,
        74.87105387642654,
        74.96771840827707,
        75.06471379275914,
        75.16203822424029,
        75.25968984458817,
        75.3576668059167,
        75.45596727363687,
        75.55458942645006,
        75.6535314563536,
        75.75279113975827,
        75.85236763303377,
        75.95225850497584,
        76.05246213442541,
        76.15297682935554,
        76.25380088595251,
        76.35493230920275,
        76.45636959382551,
        76.55811108297738,
        76.66015509112273,
        76.76249938470335,
        76.86514326591171,
        76.96808494139158,
        77.07132210140298,
        77.17485354131004,
        77.27867760545243,
        77.38279269476165,
        77.48719718891456,
        77.5918892618271,
        77.6968679042225,
        77.80213128043204,
        77.9076778892948,
        78.01350609481,
        78.11961443825234,
        78.22600140913724,
        78.33266550037519,
        78.43960522493377,
        78.5468191130744,
        78.654305891436,
        78.76206355734963,
        78.87009104147927,
        78.97838696167284,
        79.08695126312642,
        79.19577814319538,
        79.3048705787958,
        79.41422571329758,
        79.5238421595884,
        79.63371854104531,
        79.74385349084658,
        79.85424573782868,
        79.96489376896935,
        80.07579632467053,
        80.18695207357875,
        80.29835958781445,
        80.41001777583503,
        80.52192522979303,
        80.6340808454409,
        80.74648292519775,
        80.85913030172358,
        80.97202195080777,
        81.08515679489898,
        81.19853281920933,
        81.31214946317553,
        81.42600528803696,
        81.5400989897471,
        81.65442952452253,
        81.76899560055429,
        81.88379602130206
    ]
}