{
    "start": 0,
    "stop": 50,
    "levels": [
        65.99710992368503,
        66.02673749307121,
        66.05712660878216,
        66.08827441167452,
        66.12017851121875,
        66.15283603951623,
        66.18624429296999,
        66.22040021189392,
        66.25530149679213,
        66.29094503845046,
        66.32732795022986,
        66.36444732441014,
        66.40230022635765,
        66.44088369203759,
        66.48019458940156,
        66.52023001941146,
        66.56098692523668,
        66.60246220786044,
        66.64465329387092,
        66.6875558697543,
        66.73116808655453,
        66.77548634073212,
        66.82050755513612,
        66.86622799200279,
        66.91264548723318,
        66.95975648172126,
        67.00755782097343,
        67.05604674776292,
        67.10521927083141,
        67.15507266737339,
        67.20560363386673,
        67.25680926464793,
        67.30868628677456,
        67.36123154485531,
        67.41444188803092,
        67.4683142413657,
        67.52284526198973,
        67.57803206379229,
        67.63387132230267,
        67.69035994145494,
        67.74749522377064,
        67.80527305143788,
        67.86369143649591,
        67.92274714659843,
        67.9824365621488,
        68.04275681281152,
        68.10370560417384,
        68.16527842530277,
        68.2274739070757,
        68.29028782157215,
        68.35371807259963,
        68.41776126843213,
        68.48241513937887,
        68.5476761381288,
        68.61354006751105,
        68.68000616979234,
        68.74707112974647,
        68.81473164903443,
        68.88298518639651,
        68.95182910170216,
        69.02126014430522,
        69.09127579365544,
        69.16187331599642,
        69.2330499951888,
        69.304803134807,
        69.37713005922117,
        69.450028119112,
        69.52349467894595,
        69.59752708465882,
        69.67212276944835,
        69.74727915438275,
        69.82299367909462,
        69.89926380179719,
        69.9760869983323,
        70.05346070472983,
        70.13138226197492,
        70.20984899590871,
        70.28885825348436,
        70.36840739352562,
        70.44849358503323,
        70.52911461894905,
        70.6102676843295,
        70.69195018512418,
        70.7741595131052,
        70.85689309334761,
        70.94014856256607,
        71.02392281944911,
        71.10821408998768,
        71.19301948598343,
        71.2783362816851,
        71.36416232625726,
        71.45049502162233,
        71.53733187176813,
        71.62467044923478,
        71.71250828862334,
        71.80084333877657,
        71.88967192273219,
        71.97899308707912,
        72.06880394313919,
        72.1591014489678,
        72.24988412293334,
        72.34114937573662,
        72.43289496534925,
        72.52511780649088,
        72.61781631764848,
        72.71098807821629,
        72.80463049423503,
        72.89874158843938,
        72.99331882018559,
        73.08836023853537,
        73.18386328807769,
        73.2798259321914,
        73.37624602883474,
        73.4731210347617,
        73.57044873659682,
        73.66822742038191,
        73.76645453494616,
        73.86512787685216,
        73.9642454258606,
        74.06380503207815,
        74.1638041696647,
        74.2642414144535,
        74.3651141571162,
        74.46642050961385,
        74.56815838177808,
        74.67032566700118,
        74.77292021269487,
        74.87594018156554,
        74.97938255413742,
        75.08324700660617,
        75.1875303756463,
        75.2922306488852,
        75.39734625537996,
        75.50287479061177,
        75.60881454324404,
        75.71516344660354,
        75.82191994322363,
        75.92908143327914,
        76.03664650098986,
        76.14461294916354,
        76.25297893125044,
        76.36174254735475,
        76.47090190605371,
        76.58045512648583,
        76.69040018279196,
        76.80073551875701,
        76.91145913529171,
        77.02256919050012,
        77.13406385842721,
        77.24594132037178,
        77.35819976786847,
        77.47083740263696,
        77.58385212443268,
        77.69724277450786,
        77.81100727951554,
        77.92514388169175,
        78.0396508332331,
        78.15452639610756,
        78.26976883785527,
        78.38537663646942,
        78.5013476427426,
        78.61768042731798,
        78.73437331026572,
        78.85142461526989,
        78.9688326695734,
        79.086595806031,
        79.2047120710919,
        79.3231803181439,
        79.44199869968911,
        79.56116559252845,
        79.68067938290719,
        79.80053846502555,
        79.92074124392606,
        80.04128613511041,
        80.16217156159945,
        80.28339595543058,
        80.40495775783081,
        80.52685541912669,
        80.64908739753294,
        80.77165216065008,
        80.89454818485487,
        81.01777395537154,
        81.14132796576266,
        81.26520871903874,
        81.389414725486,
        81.51394452191737,
        81.63879662418526,
        81.7639707275106,
        81.88946176351038,
        82.01527198485606,
        82.14139868660254,
        82.26784067211264,
        82.39459612597476,
        82.52166381083335,
        82.64904232141814,
        82.77673025723001,
        82.9047262259805,
        83.0330288428436,
        83.16163675458229,
        83.2905485631616,
        83.41976291289058
    ]
}