{
    "yield_post": 31.007885938269418,
    "error_post": 3.0174496464179654
}