{
    "yield_pre": 21.006141868364118,
    "error_pre": 2.886064867561436
}