{
    "start": 0,
    "stop": 30,
    "levels": [
        46.535455389483154,
        46.51655740603647,
        46.498429348535865,
        46.4810677916778,
        46.464469283584364,
        46.44863031526781,
        46.433547391817314,
        46.41921689231498,
        46.405635236876826,
        46.39279879606289,
        46.38070389986991,
        46.36934685414528,
        46.35872387446586,
        46.348831337019746,
        46.33966541389124,
        46.331222314179854,
        46.323498226941815,
        46.31648932273619,
        46.31019175517015,
        46.30460166235609,
        46.29971516837029,
        46.29552838452388,
        46.29203741083113,
        46.28923833784462,
        46.28712728413534,
        46.2857002462464,
        46.28495333207988,
        46.2848826047205,
        46.28548412351884,
        46.28675394520038,
        46.28868812490948,
        46.29128271715098,
        46.29453377634184,
        46.298437360057584,
        46.302989527847,
        46.30818634213339,
        46.31402386876207,
        46.320498177776564,
        46.327605331489714,
        46.335341422876205,
        46.34370253790511,
        46.35268477519019,
        46.3622842467526,
        46.37249706906473,
        46.38331936883994,
        46.39474728366379,
        46.406776962610216,
        46.41940456683643,
        46.43262606865279,
        46.44643802266625,
        46.46083645663684,
        46.47581758436611,
        46.49137763423077,
        46.50751284949522,
        46.524219488827704,
        46.54149382687711,
        46.55933215507016,
        46.57773078066848,
        46.59668602817054,
        46.61619423954975,
        46.6362517744788,
        46.65685501064567,
        46.67800034406351,
        46.69968418937357,
        46.721902980139085,
        46.744653169126046,
        46.767931228564564,
        46.79173314142972,
        46.81605635088079,
        46.84089695209825,
        46.86625149513106,
        46.89211655027558,
        46.918488708237255,
        46.945364580130736,
        46.97274079794426,
        47.000614014571084,
        47.02898090375961,
        47.05783816031418,
        47.08718250019749,
        47.11701066062003,
        47.14731940012324,
        47.178105498651625,
        47.209365757620326,
        47.2410970001872,
        47.273296070716576,
        47.30595983530925,
        47.33908544382108,
        47.37266929944182,
        47.406708578965954,
        47.44120023479073,
        47.47614124201939,
        47.511528095960344,
        47.54735878400129,
        47.5836298763101,
        47.62033843441794,
        47.657481541529876,
        47.69505630249905,
        47.733059843792404,
        47.771489313454175,
        47.81034188106058,
        47.84961473767363,
        47.88930514057172,
        47.92941023672062,
        47.96992732350958,
        48.01085367737634,
        48.052186595938274,
        48.09392339791771,
        48.13606142313086,
        48.17859803223354,
        48.221530606752076,
        48.26485654901584,
        48.30857328203507,
        48.352678249404576,
        48.39716891520643,
        48.44204276390575,
        48.48729730024523,
        48.53293004913421,
        48.578938555532176,
        48.62532038433014,
        48.67207299996316,
        48.71919423060285,
        48.7666815982907,
        48.81453274596077,
        48.862745334697514,
        48.911317045714725,
        48.96024577717193,
        49.00952885557911,
        49.059164222691216,
        49.10914943869155,
        49.1594826681542,
        49.21016172433061,
        49.26118401168675,
        49.312547600510314,
        49.36424985268203,
        49.4162894409031,
        49.46866388567245,
        49.52137109154652,
        49.57440898373611,
        49.627775507674045,
        49.68146862667127,
        49.73548631907606,
        49.789826576756354,
        49.84448740533844,
        49.89946620133402,
        49.954762042858334,
        50.01037253926754,
        50.06629576238083,
        50.12252980019751,
        50.17907275677391,
        50.235922752091646,
        50.29307792220794,
        50.35053641839228,
        50.408296407546,
        50.46635607204349,
        50.52471360953171,
        50.583367232800136,
        50.64231516965317,
        50.7015556627806,
        50.7610869696301,
        50.820907362280224,
        50.88101536055988,
        50.941408807255904,
        51.002085655439785,
        51.06304538079374,
        51.12428576674534,
        51.18580517050362,
        51.24760196302656,
        51.309674528898256,
        51.37202126620455,
        51.43464058641064,
        51.49753091423744,
        51.56069068754126,
        51.624118357190014,
        51.68781238694338,
        51.75177125333296,
        51.81599344554008,
        51.8804774652788,
        51.945221826675215,
        52.010225056157104,
        52.07548569231992,
        52.14100228581712,
        52.206773399248995,
        52.27279760704348,
        52.33907349534093,
        52.40559966187901,
        52.472374715879575,
        52.53939727793549,
        52.60666597989825,
        52.67417946476654,
        52.741936386574416,
        52.809935410282776,
        52.878175211793724,
        52.946654477863255,
        53.0153719051862,
        53.084326201340716,
        53.15351608429225,
        53.22294028228902,
        53.29259753375613,
        53.362486587193615,
        53.43260620107337,
        53.50295514373654
    ]
}