{
    "start": 0,
    "stop": 5,
    "anchors": [],
    "levels": [
        181.94543260441276,
        177.0755491148579,
        172.60401033184112,
        164.49312865214262,
        156.60236786441732,
        151.79517553274667,
        148.40483124327957,
        145.7113770922772,
        141.86521097584614,
        138.83250344728887,
        136.4689017724594,
        134.6360588401169,
        133.2321101099813,
        132.17770997037573,
        131.4046104888384,
        130.85369762971868,
        130.47981383066502,
        130.25351333474643,
        130.1559833654132,
        130.17015741791016,
        130.27680348274572,
        130.45732663790807,
        130.6959341964754,
        130.97761081390667,
        131.28882637455268,
        131.62354120015732,
        131.98073088968815,
        132.36014256020593,
        132.7611559945667,
        133.18241950942394,
        133.62202479866778,
        134.07819087194696,
        134.54918438482756,
        135.03328683691473,
        135.52894111900548,
        136.03482948360474,
        136.54979792234855,
        137.07260720861416,
        137.6018452875055,
        138.13625878290452,
        138.67474342679503,
        139.21618391856217,
        139.75955694458762,
        140.30395409522905,
        140.8485809708593,
        141.39265989971216,
        141.93542652764845,
        142.47609071232776,
        143.01391965156964,
        143.5482771042094,
        144.07866537943272
    ]
}