{
    "nbins": 50,
    "range_": [
        0.0,
        5.0
    ],
    "nburnin": 100,
    "nsamples": 100000,
    "nrepeats": 100,
    "seed": 0,
    "step_size": 0.5,
    "prob_eye": 0.1,
    "yields": [
        0,
        0,
        0,
        0,
        0,
        0,
        0,
        0,
        1,
        61,
        489,
        2707,
        13796,
        46192,
        120586,
        255988,
        452094,
        671963,
        885331,
        1043202,
        1103698,
        1078161,
        986646,
        844856,
        687085,
        531831,
        395777,
        286520,
        211513,
        133965,
        89811,
        58815,
        37690,
        23859,
        14685,
        9028,
        5347,
        3327,
        2113,
        1169,
        748,
        443,
        190,
        142,
        80,
        32,
        20,
        17,
        14,
        7
    ],
    "errors": [
        0.0,
        0.0,
        0.0,
        0.0,
        0.0,
        0.0,
        0.0,
        0.0,
        0.9949874371066199,
        23.82834446620246,
        53.364688699551124,
        113.74757140264579,
        348.94962387141214,
        560.8077745538126,
        995.7299031363875,
        1493.7518401662303,
        2268.6977850740723,
        2343.7587994501478,
        2706.158788763142,
        2998.4729380136146,
        3118.3036991287418,
        3186.053638908171,
        2842.9792190587677,
        2810.522841038656,
        2400.1630673768814,
        2172.718893460449,
        1773.6436254219732,
        1424.2380419017038,
        13172.664169028223,
        1081.9116183866406,
        807.325083222366,
        587.0031941991458,
        486.98767951561166,
        419.07301273167184,
        293.25202471594287,
        214.70482062590023,
        160.86301625917622,
        130.43661295817213,
        118.23413212774054,
        76.8985695575672,
        66.62552063586446,
        47.249444441178355,
        27.110883423451924,
        24.583734460004226,
        21.02379604162863,
        10.665833300778715,
        6.480740698407854,
        10.397595875970552,
        6.636264009214818,
        3.8091993909481783
    ]
}