{
    "nbins": 50,
    "range_": [
        0.0,
        5.0
    ],
    "nburnin": 100,
    "nsamples": 100000,
    "nrepeats": 100,
    "seed": 0,
    "step_size": 0.2,
    "prob_eye": 0.1,
    "yields": [
        0,
        0,
        0,
        0,
        0,
        0,
        0,
        0,
        0,
        31,
        454,
        3010,
        13521,
        46395,
        121154,
        254123,
        449045,
        671158,
        882787,
        1036925,
        1105331,
        1083838,
        993691,
        847630,
        688511,
        530951,
        397943,
        286037,
        200152,
        136425,
        90646,
        59072,
        37949,
        24135,
        14928,
        9470,
        5793,
        3528,
        2010,
        1319,
        823,
        468,
        275,
        205,
        86,
        64,
        53,
        25,
        9,
        7
    ],
    "errors": [
        0.0,
        0.0,
        0.0,
        0.0,
        0.0,
        0.0,
        0.0,
        0.0,
        0.0,
        9.021640649017227,
        39.202550937407125,
        123.25177483509111,
        259.4120082031671,
        556.7016705561427,
        856.2142488886761,
        1406.9462356465508,
        1906.7356266666861,
        2148.700155908218,
        2406.3971638114936,
        2312.3223715563536,
        1989.645041207099,
        1852.417760657676,
        3718.825915527641,
        1812.5647574638538,
        1794.6492108487387,
        1759.6474050218126,
        1412.9460393093575,
        1266.7214808315205,
        1048.8579312757283,
        903.3984447628853,
        730.5483146240226,
        583.9898629257191,
        406.34097750534585,
        355.30937223777255,
        261.09415926060086,
        180.98894993893967,
        133.72550242941696,
        117.32075690175205,
        75.00000000000001,
        67.59726325821185,
        55.94381109649216,
        38.33744905441674,
        24.994999499899976,
        24.181604578687484,
        13.56613430568929,
        12.531560158256436,
        12.202868515230348,
        6.224949798994366,
        4.710626285325546,
        2.9171904291629636
    ]
}