{
    "start": 0,
    "stop": 12,
    "levels": [
        131.46285998167752,
        131.45739248054878,
        131.47774640472736,
        131.51919742612796,
        131.57813672880525,
        131.65178560148192,
        131.73798652927687,
        131.83500127133527,
        131.94143091515048,
        132.0561413346076,
        132.17813342816427,
        132.30666400069148,
        132.4410158739641,
        132.5806334417668,
        132.7250170246182,
        132.87374122544213,
        133.02642059077377,
        133.18274842453033,
        133.34240945716988,
        133.50515200082302,
        133.67076606224896,
        133.83903546173806,
        134.0097819751623,
        134.18284114494088,
        134.35806455253189,
        134.5352990316247,
        134.71444764984724,
        134.89539078339664,
        135.078020293257,
        135.26224864332275,
        135.4479839467206,
        135.63515261081915,
        135.82367381537318,
        136.01348901489763,
        136.2045241646633,
        136.396738077832,
        136.59006121018606,
        136.7844559216746,
        136.97985924676698,
        137.17621704617903,
        137.37351745132216,
        137.57172062714045,
        137.77076242699042,
        137.97063125242664,
        138.17128843962828,
        138.3727061095599,
        138.57485220599202,
        138.77770527711814,
        138.9812264346151,
        139.1854128553218,
        139.3902234651387
    ]
}