{
    "start": 10,
    "stop": 100,
    "anchors": [
        10.0
    ],
    "levels": [
        63.564555533560906,
        63.51879636418744,
        63.47090230619189,
        63.42063998974923,
        63.367733280732864,
        63.31185156056988,
        63.25259447667456,
        63.18946862756812,
        63.12185553054417,
        63.048962931037416,
        62.9697484487154,
        62.88279140178564,
        62.786066319208885,
        62.67649801613399,
        62.54893952407035,
        61.96707207030083,
        61.31054114129546,
        60.81551950198528,
        60.46968260498692,
        60.26712912008556,
        60.20318010665913,
        60.27163037345069,
        60.46477933332815,
        60.77399685127456,
        61.190198522773905,
        61.40580818742405,
        61.52253310963742,
        61.62188510050079,
        61.70956709304237,
        61.7884134608867,
        61.86027487146767,
        61.926442502128126,
        61.98786047658763,
        62.045244121498634,
        62.09915053820862,
        62.15002348489398,
        62.198223024251114,
        62.244045867186045,
        62.28773983702452,
        62.32951426876593,
        62.36954784041633,
        62.40799436941262,
        62.44498736753084,
        62.480643534694735,
        62.51506549849425,
        62.548344073955064,
        62.58056006889695,
        62.61178564056637,
        62.64208564451053,
        62.67151850452595,
        62.70013706778734
    ]
}