{
    "nbins": 50,
    "range_": [
        10.0,
        100.0
    ],
    "nburnin": 100,
    "nsamples": 100000,
    "nrepeats": 100,
    "seed": 0,
    "step_size": 0.5,
    "prob_eye": 0.1,
    "yields": [
        1406,
        1489,
        1720,
        1798,
        2174,
        2547,
        3022,
        3652,
        4314,
        5673,
        8011,
        14285,
        32870,
        82491,
        189190,
        379646,
        652855,
        962941,
        1216356,
        1344330,
        1304774,
        1117393,
        873135,
        617906,
        405296,
        250091,
        148057,
        86267,
        52551,
        32980,
        22619,
        16594,
        13494,
        10874,
        9211,
        8124,
        7222,
        6329,
        6033,
        5277,
        4839,
        4527,
        4262,
        3886,
        3606,
        3471,
        3303,
        3143,
        3132,
        3138
    ],
    "errors": [
        63.02094889796565,
        60.52924912800421,
        72.05553413860729,
        64.76079060666262,
        72.6446143908824,
        73.19091473673491,
        87.23049925341479,
        133.85424909206282,
        119.07157511345855,
        124.52995623543758,
        142.7788149551606,
        199.98687456930767,
        364.3199143609912,
        591.1312798355369,
        925.7769709816722,
        1155.135853482178,
        1664.0999819722374,
        1848.204585537002,
        2012.9482457331083,
        1987.7874634879856,
        1939.1088778095987,
        1817.7955083011955,
        1677.743350456201,
        1437.1386989431467,
        1335.4968513628178,
        1011.5780691572944,
        777.469298429205,
        574.7574357935702,
        361.96269144761317,
        252.71327626383226,
        245.83203615476972,
        204.33218052964637,
        208.85794215207613,
        168.11079679782614,
        184.65586911874755,
        158.4557982530144,
        131.40456613070947,
        120.19396823468306,
        132.04586324455605,
        115.73983756684643,
        111.86505263039032,
        113.23298989252206,
        116.87412031754505,
        103.05357829789315,
        93.8596825053228,
        90.45766965824401,
        97.24664518635075,
        93.50139036399406,
        92.29171143715996,
        89.31718759566941
    ]
}