{
    "start": 0,
    "stop": 60,
    "levels": [
        63.262570103934955,
        63.18954709878368,
        63.13666559696954,
        63.103594579247556,
        63.09002493021673,
        63.09562044820861,
        63.12003958914884,
        63.16293469274187,
        63.22394192235131,
        63.30272394429634,
        63.39891812841699,
        63.51216973638766,
        63.64212461879701,
        63.78843178767865,
        63.95074218234407,
        64.12871354880407,
        64.32200806266931,
        64.53029388940693,
        64.75324542258934,
        64.99054595806851,
        65.24188486893499,
        65.50695957516282,
        65.78547513285778,
        66.07714408188771,
        66.38168622931806,
        66.69882834507392,
        67.02830381348896,
        67.36985231781864,
        67.72321954570289,
        68.08815710048252,
        68.46442155755403,
        68.85177455628383,
        69.24998339052553,
        69.65882025238328,
        70.07806240148236,
        70.5074901581725,
        70.94689012878422,
        71.39605354990547,
        71.85477538341159,
        72.32285550313065,
        72.80009838400929,
        73.28631149286387,
        73.78130929340493,
        74.28490856020176,
        74.79693093700013,
        75.31720223437517,
        75.84555258278513,
        76.38181560750122,
        76.92583013839317,
        77.47743747113303,
        78.03648419860367
    ]
}