{
    "start": 0,
    "stop": 100,
    "anchors": [],
    "levels": [
        115.73833270631395,
        105.41822094040398,
        102.27632967439331,
        101.42417426010331,
        100.99188899820439,
        100.85524935416088,
        100.92791429570849,
        101.12399161577744,
        101.36458709839127,
        101.58891752698614,
        101.77508907370805,
        101.92617871812618,
        102.04980605217379,
        102.15241890914098,
        102.23881318159616,
        102.31249593696357,
        102.3760551100941,
        102.431430445952,
        102.48010019334066,
        102.52320882734786,
        102.56967942911658,
        102.63577830302316,
        102.72186228065362,
        102.82699102441376,
        102.94923089216212,
        103.0857969146154,
        103.2335507683892,
        103.38987376192088,
        103.55354344897594,
        103.72452366909226,
        103.90212474621914,
        104.0855216927012,
        104.27398635784276,
        104.46687847098505,
        104.66363012935315,
        104.86373817355516,
        105.06675645160124,
        105.2722876294861,
        105.47997951271012,
        105.6895155661806,
        105.900614084793,
        106.11302351129115,
        106.32651803793347,
        106.54089559513712,
        106.75597463882782,
        106.97159226441043,
        107.18760162072408,
        107.40387033719698,
        107.62028099965124,
        107.8367273505946,
        108.05311050038148
    ]
}