{
    "nbins": 50,
    "range_": [
        0.0,
        100.0
    ],
    "nburnin": 100,
    "nsamples": 100000,
    "nrepeats": 100,
    "seed": 0,
    "step_size": 0.1,
    "prob_eye": 0.01,
    "yields": [
        13244,
        169873,
        687455,
        1246524,
        1532946,
        1490897,
        1247185,
        962710,
        709855,
        511041,
        368916,
        267677,
        196527,
        141195,
        105171,
        80858,
        58102,
        44079,
        30386,
        24264,
        19757,
        12782,
        14671,
        9439,
        6175,
        5036,
        3108,
        2099,
        1994,
        1662,
        959,
        546,
        475,
        359,
        196,
        198,
        452,
        203,
        115,
        318,
        1372,
        209,
        75,
        25,
        20,
        172,
        15,
        21,
        23,
        15
    ],
    "errors": [
        290.7312160742289,
        2512.249531794165,
        7559.985102498549,
        11328.000893361548,
        11644.958945397791,
        8951.401728779687,
        5420.751308628723,
        4045.6738622879625,
        4286.675255953033,
        5062.171094500856,
        4804.288234483854,
        4676.4777033575165,
        4378.169447383232,
        3804.1906826551167,
        3556.6667808497327,
        4208.915342460572,
        2585.0493148100672,
        2656.8599116249993,
        1866.2647293457594,
        2085.2493951563683,
        1798.8703427429118,
        1150.1229325598197,
        6017.758435663567,
        1777.2084261560317,
        1371.900415482115,
        1504.056860627284,
        756.8615196982867,
        564.7946440964187,
        815.4616116041279,
        684.8646289596217,
        361.3311362171822,
        187.14390185095542,
        194.4395793042147,
        175.4086371875684,
        88.35066496637138,
        133.91026846362445,
        327.69034163368315,
        113.0526868322907,
        79.27641515608545,
        179.84649009641544,
        1185.6053980983706,
        134.89325409374624,
        55.88157120196246,
        6.062177826491071,
        6.324555320336755,
        124.14572082838774,
        6.538348415311016,
        6.970652767137379,
        8.928045698807773,
        7.262919523166977
    ]
}