{
    "start": 0,
    "stop": 15,
    "anchors": [],
    "levels": [
        60.25711916263066,
        56.53254567565378,
        52.613489627383174,
        48.82051669689827,
        45.610570767946804,
        43.25506510052347,
        41.576856656259025,
        40.380857587547155,
        39.52604930597376,
        38.926707891333834,
        38.51841348389074,
        38.24553321134013,
        38.06521513191876,
        37.94707090223625,
        37.87416546597089,
        37.84391704131392,
        37.86642966349805,
        37.95360274493261,
        38.107779903811384,
        38.3225246559344,
        38.58727196985322,
        38.89197530615232,
        39.2303487833594,
        39.59662521247668,
        39.985589687764595,
        40.392844728158046,
        40.81469389055342,
        41.248038392956445,
        41.690287001900785,
        42.139273614052506,
        42.59317566146794,
        43.05047258155142,
        43.51936309295274,
        43.97910213604263,
        44.4396173382175,
        44.900141232206074,
        45.36000570798134,
        45.818636660305486,
        46.264825691573066,
        46.71842023097192,
        47.16945167303317,
        47.617692879787334,
        48.06295924071761,
        48.50510669401363,
        48.94401402602741,
        49.3795939865964,
        49.811777027980256,
        50.24051403118777,
        50.66577109941237,
        51.08752789659873,
        51.505775632722475
    ]
}