{
    "yield_pre": 269.06065187946933,
    "error_pre": 14.477888492437511
}