{
    "yield_linear": 269.05552923881186,
    "error_linear": 14.575440426511634,
    "error_log": 0.05417261064192652
}