{
    "yield_linear": 1.24777803333887,
    "error_linear": 0.22031303977898603,
    "error_log": 0.17656428779200484
}