{
    "yield_post": 138.8807627992941,
    "error_post": 7.86933053159737
}