{
    "start": 80,
    "stop": 200,
    "anchors": [],
    "levels": [
        201.3120546435951,
        201.05627905610567,
        200.80343495995785,
        200.55351901622993,
        200.30652700442144,
        200.06245619124184,
        199.8213024602997,
        199.58306162694194,
        199.34772959050161,
        199.11530308422107,
        198.88577683351593,
        198.659146824513,
        198.435409292246,
        198.21455922783758,
        197.99659226830317,
        197.78150337608787,
        197.56928808439736,
        197.3599418556655,
        197.15346000834148,
        196.94983730047272,
        196.7490695352011,
        196.55115160903839,
        196.35607879966244,
        196.1638461940388,
        195.97444886248985,
        195.78788225416687,
        195.60414035061035,
        195.4232191129165,
        195.24511224088394,
        195.06981251058681,
        194.8973134040034,
        194.7276085844644,
        194.5606913200894,
        194.39655600581852,
        194.23519682101718,
        194.07660837122324,
        193.92078526502925,
        193.7677226206687,
        193.6174154694786,
        193.46985859631639,
        193.3250512816009,
        193.1830153315954,
        193.04377287301287,
        192.90733602823303,
        192.7737107467969,
        192.64289880969338,
        192.51489812973162,
        192.38970454250466,
        192.26731236932582,
        192.14771477548743,
        192.03090311970163,
        191.91686901285533,
        191.80560183774008,
        191.69709069876802,
        191.59132416864827,
        191.48828927420277,
        191.3879727655259,
        191.29035977782,
        191.19543527070658,
        191.103183351503,
        191.01359194367797,
        190.92669690230557,
        190.8425296229375,
        190.7610963763458,
        190.68238664247303,
        190.6063777690428,
        190.53303931517394,
        190.46233442401837,
        190.39422211206676,
        190.32865840548948,
        190.2655982445993,
        190.20499606733512,
        190.14680722960057,
        190.09098912144856,
        190.0375015441678,
        189.98630883290753,
        189.93737944501532,
        189.89068723557148,
        189.84621186980877,
        189.80393922332934,
        189.76386177316877,
        189.72597892293774,
        189.690297489212,
        189.65683235036792,
        189.62560725014583,
        189.59665545561523,
        189.57002086683048,
        189.54575798784612,
        189.5239318858425,
        189.50461736170587,
        189.4878970180922,
        189.47385917825198,
        189.46259376893192,
        189.45419153878225,
        189.448739243521,
        189.44631816653578,
        189.4470013894677,
        189.45085466909393,
        189.45793371496518,
        189.46828549447233,
        189.48194800282573,
        189.49895097588401,
        189.5193165203978,
        189.543059837643,
        189.5701899578445,
        189.60071043935102,
        189.63461999341905,
        189.6719131478149,
        189.7125806990286,
        189.75661028520074,
        189.80398680237988,
        189.85469277435558,
        189.90870873541195,
        189.96601369754268,
        190.02658537284992,
        190.09040062739157,
        190.15743570666962,
        190.22766660838994,
        190.301069415852,
        190.3776204938966,
        190.45729689095822,
        190.54007603567928,
        190.62593671296764,
        190.71485833631257,
        190.8068213448391,
        190.9018071054522,
        190.99979768658355,
        191.1007759870554,
        191.2047253406708,
        191.311629459247,
        191.42147225537997,
        191.53423758533467,
        191.64990908377155,
        191.76847004916158,
        191.88990339802956,
        192.01419229201417,
        192.14132140605926,
        192.27127444353096,
        192.4040348750172,
        192.5395853520601,
        192.67790835563613,
        192.81898434912677,
        192.96279396675249,
        193.10931617401275,
        193.25852849362752,
        193.41040696950975,
        193.56492781849053,
        193.7220677240093,
        193.88180039567644,
        194.04409667013178,
        194.20892224111498,
        194.37623684112455,
        194.5459884916902,
        194.71810729977156,
        194.89249940398992,
        195.06904540504547,
        195.24765854115498,
        195.42836303271054,
        195.61123981427383,
        195.7963606504782,
        195.98377455677732,
        196.17351216089187,
        196.36559349013876,
        196.56002133480976,
        196.75678547663156,
        196.95587033862734,
        197.1572608571043,
        197.36094161741443,
        197.56689596759995,
        197.7751077738149,
        197.9855590445775,
        198.1982315364105,
        198.41310458736308,
        198.6301559987598,
        198.84936660109673,
        199.07072284373527,
        199.29421047417134,
        199.51981622000244,
        199.7475264656493,
        199.97732808180479,
        200.20920750156534,
        200.4431512488389,
        200.6791466313551,
        200.91717995194455,
        201.15723824482805,
        201.3993083337412,
        201.64337749482036,
        201.88943296139635,
        202.1374613517821,
        202.38745022660015,
        202.63938625681334,
        202.89325755160723,
        203.14905140873134,
        203.40675520068274,
        203.66635636795792,
        203.92784301500043,
        204.19120217651314,
        204.45642300747107,
        204.72349211997192,
        204.99239790983864,
        205.26312877450164
    ]
}