{
    "start": 0,
    "stop": 120,
    "levels": [
        192.86913259358943,
        192.86070846915254,
        192.85373668352236,
        192.84820919699266,
        192.84411731609396,
        192.84145285749838,
        192.84020679392864,
        192.84036909284603,
        192.84193073521752,
        192.84488117279864,
        192.84920998726142,
        192.85490645873836,
        192.8619589259242,
        192.87035673710636,
        192.88008743001615,
        192.89113932359598,
        192.90350018368653,
        192.91715742706901,
        192.93209839294036,
        192.9483112315433,
        192.96578262271544,
        192.98450001745618,
        193.00445219835825,
        193.02562657264718,
        193.0480117898009,
        193.07159648692246,
        193.0963701394048,
        193.12232279532816,
        193.149444627912,
        193.1777261740317,
        193.20716027946108,
        193.23773896108426,
        193.26945529238412,
        193.3023030279444,
        193.33627649620706,
        193.37137085295427,
        193.40758209901662,
        193.4449049968117,
        193.48333768157335,
        193.52287680804028,
        193.56352011301402,
        193.60526582369135,
        193.64811231992587,
        193.6920589605523,
        193.73710457754106,
        193.78324941547743,
        193.8304931267393,
        193.87883657828706,
        193.92828036876628,
        193.97882509452978,
        194.03047204249725,
        194.08322269242137,
        194.1370787562912,
        194.1920412612586,
        194.24811244031412,
        194.30529409619,
        194.36358831886866,
        194.42299600341312,
        194.48351999288712,
        194.5451617790642,
        194.607923198911,
        194.67180608255353,
        194.73681124996202,
        194.80294083418204,
        194.87019594954683,
        194.93857785319864,
        195.00808721464193,
        195.0787254259002,
        195.15049210291187,
        195.22338876289058,
        195.29741439629447,
        195.37256985957254,
        195.4488545552919,
        195.5262677639243,
        195.60480874266733,
        195.68447627474637,
        195.76526894733962,
        195.84718456776488,
        195.9302212311637,
        196.01437616371243,
        196.0996459306549,
        196.186027241425,
        196.27351457626736,
        196.36210350691704,
        196.4517871877474,
        196.54255916233677,
        196.63441673832222,
        196.7273582993439,
        196.8213822879086,
        196.91648694261022,
        197.0126707243727,
        197.10993188579994,
        197.20826813466815,
        197.30767825878257,
        197.40816022016628,
        197.50971238356954,
        197.61233206065288,
        197.71601799978387,
        197.82076782347008,
        197.92657977805908,
        198.03345167964625,
        198.1413814383273,
        198.25036715405807,
        198.36040617490073,
        198.4714968349126,
        198.5836366997377,
        198.69682365211287,
        198.81105539495036,
        198.92632977044337,
        199.04264436491883,
        199.15999686348,
        199.27838523661532,
        199.39780633556109,
        199.51825876957784,
        199.63973940116225,
        199.76224623080716,
        199.88577660254177,
        200.01032813036028,
        200.13589829201192,
        200.2624846765866,
        200.39008487060363,
        200.51869548735124,
        200.6483150815684,
        200.77894006496376,
        200.91056843973698,
        201.04319751680416,
        201.17682379468238,
        201.3114451200349,
        201.44705860246125,
        201.58366096585135,
        201.72124949276005,
        201.85982134314114,
        201.99937286183524,
        202.13990090324245,
        202.2814014982863,
        202.42387249802346,
        202.5673100198593,
        202.71170936577616,
        202.85706696052702,
        203.00337844818915,
        203.15064283429442,
        203.29885596829365,
        203.44801635110025,
        203.59812180540544,
        203.74916928395646,
        203.90115652946633,
        204.0540809971132,
        204.2079413542242,
        204.36273342773703,
        204.51845657734748,
        204.6751069069217,
        204.83268300710964,
        204.9911824033399,
        205.15060251739777,
        205.31094110197245,
        205.47219562046502,
        205.6343641934393,
        205.79744337866612,
        205.96143195566654,
        206.12632707810857,
        206.29212645841903,
        206.45882778503434,
        206.62642861164926,
        206.79492689132906,
        206.9643202374653,
        207.13460606447597,
        207.30578224692903,
        207.47784644143576,
        207.65079613666217,
        207.8246295881017,
        207.99934379448962,
        208.1749372349908,
        208.3514070168273,
        208.52875076502187,
        208.70696698776186,
        208.8860524559314,
        209.06600596578136,
        209.2468238846237,
        209.42850502632876,
        209.61104682082328,
        209.79444692268322,
        209.97870275233964,
        210.16381237850382,
        210.3497732780424,
        210.5365831474372,
        210.72423965738835,
        210.9127405930563,
        211.102083871809,
        211.2922666767136,
        211.48328733408218,
        211.67514298415267,
        211.8678317363595,
        212.0613508787073,
        212.25569864825496,
        212.45087201489048,
        212.64687010721494,
        212.84368898950967,
        213.04132754228232,
        213.23978322700162,
        213.43905418269782,
        213.63913687599472
    ]
}