{
    "start": 0,
    "stop": 20,
    "anchors": [],
    "levels": [
        132.97424742976483,
        132.36788671191874,
        131.75608394629006,
        131.13903497709572,
        130.81370838494394,
        130.15949159799098,
        129.49956727193262,
        128.8347978132348,
        128.16592549953938,
        127.49368822808387,
        126.8188635076416,
        126.14228571675247,
        125.46486214196577,
        124.78758068475774,
        124.111518122441,
        123.43784261367958,
        122.767814715538,
        122.10277964402977,
        121.44415374263716,
        120.79340214632485,
        120.15199838935229,
        119.52136286935283,
        118.90277864977143,
        118.2975027645089,
        117.70693511827157,
        117.13257447769726,
        116.57573451619928,
        116.03745298548661,
        115.51847806935339,
        115.0194266058126,
        114.54089586049906,
        114.08303354029273,
        113.64569180647406,
        113.22853352101134,
        112.83108559715524,
        112.45272402200366,
        112.09234774795121,
        111.74879826917382,
        111.42137357065688,
        111.10976519757358,
        110.81372232846684,
        110.5329225029263,
        110.26696712725722,
        110.01538566021861,
        109.77765961679472,
        109.55321278820105,
        109.34145150535004,
        109.14177307982659,
        108.95358137836925,
        108.77629528024431,
        108.60936227598098,
        108.45226626661193,
        108.3045520586206,
        108.16585614814029,
        108.03593308661307,
        107.91460561624201,
        107.80165141231883,
        107.69676549610509,
        107.59959509198802,
        107.50977798583827,
        107.42695954619708,
        107.35079858615754,
        107.2809734999104,
        107.21717877280322,
        107.15912789046439,
        107.10655072048492,
        107.05919315174461,
        107.01681657007984,
        106.97919492712504,
        106.94611790941724,
        106.91738529770166,
        106.89280943508143,
        106.87221330066369,
        106.85542915413535,
        106.84229940236428,
        106.83267458336145,
        106.82641345390178,
        106.8233823094578,
        106.82345449069906,
        106.82650993312036,
        106.83243474200349,
        106.84112076932796,
        106.85246530725408,
        106.8663703577446,
        106.88274351791941,
        106.90149594469504,
        106.92254369121522,
        106.94580628052373,
        106.97120704807298,
        106.99867399286146,
        107.02813428162054,
        107.0595241932553,
        107.09277902539135,
        107.12783771813356,
        107.16464203508522,
        107.20313591083195,
        107.24326586301228,
        107.28498731393913,
        107.32823085185667,
        107.37296941634175,
        107.41915091622884,
        107.46673192940104,
        107.51567058985731,
        107.5659266546395,
        107.61746145683729,
        107.67023778025109,
        107.72421994702306,
        107.77937345224343,
        107.83566508248903,
        107.89306295280605,
        107.95153615293725,
        108.01105499766263,
        108.07159081802197,
        108.13311595201495,
        108.19560369110191,
        108.2590280793631,
        108.32336508600964,
        108.38858945208015,
        108.45467872408092,
        108.52161028236551,
        108.58936189300063,
        108.65791330417261,
        108.72724373009305,
        108.7973335987025,
        108.86816376199458,
        108.93971591133925,
        109.01197208154727,
        109.08491479412794,
        109.15852730027862,
        109.23279343587353,
        109.30769734956431,
        109.38322372800056,
        109.45935773792321,
        109.53608497526571,
        109.61339144055793,
        109.69126320031623,
        109.76968767452729,
        109.84865170414363,
        109.92814283869032,
        110.00814899272214,
        110.08865843282209,
        110.16965975363357,
        110.25114178377356,
        110.3330934852229,
        110.41550453615189,
        110.49836477086667,
        110.58166435592176,
        110.66539309185569,
        110.74954208821283,
        110.83410159321825,
        110.91906316523183,
        111.004418165646,
        111.09015774474035,
        111.17627358187349,
        111.26275775042829,
        111.34960238894774,
        111.4367998322873,
        111.52434260516817,
        111.6122229570868,
        111.70043518660728,
        111.78897094856947,
        111.87782395506079,
        111.96698760591988,
        112.05645545456805,
        112.14622120122912,
        112.23627871989358,
        112.32662201609524,
        112.41724522295901,
        112.50814263944879,
        112.59930864042495,
        112.69073775986314,
        112.78242481914246,
        112.87436449149455,
        112.96655158250417,
        113.0589815230926,
        113.15164903522518,
        113.24454927678099,
        113.33767808279512,
        113.43103045071021,
        113.52460246965484,
        113.61838919991514,
        113.71238662979437,
        113.80659067073975,
        113.90099698825702,
        113.99560210428851,
        114.09040157813843,
        114.18539179638256,
        114.28056903604214,
        114.37592963888892,
        114.47146984259989,
        114.56718651180115,
        114.66307572110492,
        114.75913464833282,
        114.85535971781415,
        114.95174773811671,
        115.04829547267067,
        115.14499976180424,
        115.24185812661645,
        115.33886635962247,
        115.4360231004117,
        115.53332386834914
    ]
}