{
    "start": 0,
    "stop": 20,
    "anchors": [],
    "levels": [
        132.94114319355947,
        132.34113581448358,
        131.73585169632736,
        131.1254792566824,
        130.80775950314563,
        130.16094668151138,
        129.5085617143768,
        128.85144447332925,
        128.19031118340985,
        127.52586920214125,
        126.8588593913692,
        126.190075856952,
        125.52037954332943,
        124.85070563573537,
        124.18207400562287,
        123.51558826836637,
        122.85244031514462,
        122.19390350397028,
        121.54132210510596,
        120.8960916997886,
        120.25962740565386,
        119.63331064622912,
        119.01841593922647,
        118.41346105796899,
        117.84458773375724,
        117.2873558536889,
        116.74331695148146,
        116.2139475894264,
        115.70051456106195,
        115.20441775732516,
        114.72677698073751,
        114.268079843765,
        113.82847736168311,
        113.40789343640162,
        113.00608115833073,
        112.6226672971102,
        112.25709287523796,
        111.90833831988596,
        111.51068700064651,
        111.19523221871044,
        110.89518201960817,
        110.61027367497442,
        110.34016013637776,
        110.08442767137029,
        109.84259359267949,
        109.6141315790774,
        109.39847089536278,
        109.19502951689162,
        109.00322405183417,
        108.82247869806119,
        108.6522421557912,
        108.4919913050305,
        108.34125138330124,
        108.19962575916372,
        108.06682795620921,
        107.94267684517698,
        107.82699368085433,
        107.71951411088706,
        107.61990598835203,
        107.52781253806509,
        107.44287831222884,
        107.36475930153352,
        107.29312802330837,
        107.22767437628902,
        107.168106740021,
        107.11414849623046,
        107.06554133902245,
        107.02204109340967,
        106.98341796763975,
        106.94945639141935,
        106.91995240240453,
        106.89471337238628,
        106.87355923430545,
        106.8563182986722,
        106.8428299486985,
        106.83294069686633,
        106.82650719956776,
        106.8233919255991,
        106.82346619554416,
        106.82660693638034,
        106.83269799155977,
        106.84162879326944,
        106.85329441281004,
        106.86759526561919,
        106.88443571905495,
        106.90372614863949,
        106.92538030712944,
        106.94931594053486,
        106.97545506794712,
        107.0037227645119,
        107.03404792408034,
        107.06636233414028,
        107.10060080308884,
        107.13670122197281,
        107.17460369094162,
        107.21425120968138,
        107.25558925837065,
        107.29856516104465,
        107.34312840670525,
        107.38923140681129,
        107.43682744518036,
        107.48587233069524,
        107.53632283291792,
        107.58813812288895,
        107.64127869808253,
        107.695706555721,
        107.75138512104148,
        107.80827917951397,
        107.86635481078557,
        107.92557933300874,
        107.98592124477186,
        108.04735017135064,
        108.10983683018121,
        108.1733529675732,
        108.23787125858587,
        108.30336533724879,
        108.3698097663294,
        108.43717996036546,
        108.50545212694871,
        108.57460333199457,
        108.644611324155,
        108.71545446268937,
        108.7871120893422,
        108.85956400135667,
        108.93279067372941,
        109.00677324144785,
        109.08149342581477,
        109.15693347380716,
        109.23307647081148,
        109.30990521133202,
        109.38740378508875,
        109.46555608631141,
        109.54434772468144,
        109.62376353008625,
        109.70378916646551,
        109.78441071370214,
        109.86561463782324,
        109.94738783745359,
        110.0297175341793,
        110.11259132758184,
        110.19599716757321,
        110.27992334260297,
        110.36435846619757,
        110.44929151862203,
        110.53471147822623,
        110.62060762119403,
        110.70697050305024,
        110.79378968507909,
        110.88105567020749,
        110.96875891068657,
        111.05689012808624,
        111.14544062795932,
        111.23440160600398,
        111.32376456781095,
        111.41352113660567,
        111.50366306960211,
        111.59418327139431,
        111.68507310916712,
        111.77632558599093,
        111.86793334561298,
        111.95988916267126,
        112.05218623419385,
        112.14481771197916,
        112.237777010803,
        112.33105766028096,
        112.4246532973714,
        112.51855774000323,
        112.61276498713612,
        112.7072691297901,
        112.80206443931414,
        112.89714532242603,
        112.99250629784122,
        113.08814204494405,
        113.18404739439907,
        113.28021725708167,
        113.37664661622097,
        113.47333011542969,
        113.57026352904211,
        113.6674413075677,
        113.76486030270301,
        113.86251458259329,
        113.9604008037623,
        114.05851408561563,
        114.15685013752942,
        114.2554055134485,
        114.3541758836522,
        114.45315702792928,
        114.5523449808648,
        114.65173696167614,
        114.75132799523237,
        114.85111522327087,
        114.95109477193913,
        115.05126317729174,
        115.15161722577203,
        115.25215355990099,
        115.35286873296744,
        115.45375962748132,
        115.55482310061879,
        115.65605596750797,
        115.75745535857257,
        115.85901841726772
    ]
}