{
    "yield_linear": 7.747472054461915,
    "error_linear": 1.7875124847891588,
    "error_log": 0.23072203064736407
}