{
    "start": 0,
    "stop": 30,
    "levels": [
        108.75354993035022,
        108.76514888508167,
        108.77875147780574,
        108.79432235977629,
        108.81182598223862,
        108.83122663142501,
        108.85248871746843,
        108.87557676336719,
        108.90045547844599,
        108.92708982414891,
        108.95544506755228,
        108.98548683448922,
        109.01718115420171,
        109.05049449853453,
        109.085393814831,
        109.12184655493525,
        109.15982070099413,
        109.19928478557534,
        109.24020790797955,
        109.28255974837525,
        109.32631057788016,
        109.37143126140994,
        109.41789326798202,
        109.46566867315723,
        109.51473015727947,
        109.56505100505085,
        109.61660510023869,
        109.66936692136963,
        109.72331154014036,
        109.77841461190731,
        109.83465236766973,
        109.89200160618827,
        109.95043968495959,
        110.009944511038,
        110.07049453530038,
        110.13206871944472,
        110.19464655561744,
        110.25820804949669,
        110.32273369907769,
        110.38820447963872,
        110.45460184343526,
        110.52190770467591,
        110.5901044283616,
        110.65917484286852,
        110.72910225473582,
        110.79987016259706,
        110.87146240396129,
        110.9438639166059,
        111.01705934308549,
        111.09103386068483,
        111.1657730810303,
        111.24126293203884,
        111.31748969273866,
        111.39444014868174,
        111.47210082380889,
        111.55045923737376,
        111.62950301278174,
        111.70921996599523,
        111.7895982521564,
        111.87062631756689,
        111.95229289011903,
        112.03458695922862,
        112.11749777529222,
        112.20101484254035,
        112.28512791205316,
        112.36982697478426,
        112.45510225468199,
        112.54094420206522,
        112.62734343218584,
        112.7142909313683,
        112.80177774475357,
        112.88979516694164,
        112.97833468919936,
        113.06738799407935,
        113.15694695014997,
        113.24700360689543,
        113.33755018978681,
        113.42857909549271,
        113.52008294639963,
        113.6120543466191,
        113.70448624106614,
        113.79737166611734,
        113.8907038074867,
        113.98447599623353,
        114.07868170489985,
        114.17331454378115,
        114.26836825727692,
        114.36383672036708,
        114.45971393522309,
        114.55599402786173,
        114.65267124495172,
        114.74973995068571,
        114.84719462377416,
        114.94502985448712,
        115.0432403418282,
        115.14182089076452,
        115.24076640954512,
        115.34007190711027,
        115.43973249055848,
        115.5397433627027,
        115.64009981968327,
        115.74079724867288,
        115.84183112563308,
        115.94319701312529,
        116.04489055821364,
        116.14690749040037,
        116.24924361964774,
        116.35189483442453,
        116.4548570998419,
        116.55812645581122,
        116.66169901528467,
        116.76557096251142,
        116.86973855137293,
        116.97419810375364,
        117.07894600795946,
        117.18397871716098,
        117.28929274790696,
        117.39488467868152,
        117.50075114846764,
        117.60688885537317,
        117.71329455530167,
        117.81996506063858,
        117.92689723899403,
        118.03408801195766,
        118.14153435390207,
        118.24923329081783,
        118.35718189916862,
        118.46537730480105,
        118.57381668184378,
        118.68249725167354,
        118.79141628188695,
        118.9005710853123,
        119.00995901903238,
        119.11957748342954,
        119.22942392130244,
        119.33949581693595,
        119.44979069523146,
        119.56030612087532,
        119.67103969748604,
        119.78198906682367,
        119.89315190799198,
        120.00452593666928,
        120.1161089043769,
        120.22789859771683,
        120.33989283768707,
        120.45208947896268,
        120.56448640926384,
        120.67708154862584,
        120.78987284881289,
        120.90285829266197,
        121.01603589347303,
        121.12940369440456,
        121.24295976790539,
        121.35670221512298,
        121.4706291653541,
        121.5847387755074,
        121.69902922956173,
        121.81349873805657,
        121.928145537568,
        122.04296789024367,
        122.15796408328336,
        122.27313242849137,
        122.3884712618139,
        122.50397894287661,
        122.6196538545488,
        122.73549440251081,
        122.85149901485083,
        122.9676661416206,
        123.08399425446598,
        123.20048184620505,
        123.31712743047231,
        123.43392954131826,
        123.55088673285556,
        123.66799757890735,
        123.78526067262985,
        123.90267462618809,
        124.02023807042048,
        124.13794965449874,
        124.25580804560869,
        124.37381192865257,
        124.49196000590828,
        124.610250996766,
        124.72868363739602,
        124.84725668048641,
        124.9659688949467,
        125.084819065637,
        125.20380599309229,
        125.32292849326065,
        125.44218539724693,
        125.5615755510544,
        125.68109781532209,
        125.80075106510333,
        125.92053418961584,
        126.0404460920114,
        126.16048568913396,
        126.28065191130426,
        126.40094370211482,
        126.52136001818826,
        126.64189982896349,
        126.76256211652449,
        126.88334587535883
    ]
}