{
    "SRMET": {
        "n": 0,
        "bkg": 0.43,
        "bkg_hi": 0.2262741699796952,
        "bkg_lo": -0.2262741699796952,
        "s95obs": 3.0,
        "s95exp": 3.0,
        "s95exp_hi": 1.1,
        "s95exp_lo": -0.0
    },
    "SRMU": {
        "n": 1,
        "bkg": 1.88,
        "bkg_hi": 0.3440930106817051,
        "bkg_lo": -0.3440930106817051,
        "s95obs": 3.6,
        "s95exp": 4.2,
        "s95exp_hi": 1.7,
        "s95exp_lo": -1.1
    }
}
