{
    "start": 0,
    "stop": 8,
    "anchors": [],
    "levels": [
        139.74356459649582,
        137.55757762104338,
        135.89156092104187,
        134.29400190590974,
        132.75327659035258,
        131.3008658438955,
        129.98731840877818,
        128.87595662335843,
        128.0100151420442,
        127.38745216364578,
        126.97631307660669,
        126.74667193809488,
        126.66631274715158,
        126.66702760768588,
        126.69220803703894,
        126.72653675322917,
        126.76617650742384,
        126.80970076741885,
        126.8564077572437,
        126.90585811917659,
        126.95772877694736,
        127.01174468580803,
        127.06765156897107,
        127.12520845734738,
        127.18417937467659,
        127.24433271865266,
        127.30543926352699,
        127.36726762884155,
        127.42958110692709,
        127.49212810336513,
        127.55469042537152,
        127.61719247572574,
        127.67959072206736,
        127.74185246016813,
        127.80395083693149,
        127.86586446843106,
        127.92757699536624,
        127.98907417165522,
        128.05034688106446,
        128.11138651340173,
        128.17218621463525,
        128.23274237713437,
        128.29305168452973,
        128.3531123184079,
        128.4129227670139,
        128.47248146645012,
        128.53179019307788,
        128.59084939583062,
        128.64965980578356,
        128.70822227904574,
        128.76653927168655,
        128.82461232773028,
        128.88244457161863,
        128.94003743295093,
        128.99739293833795,
        129.05451592734795,
        129.11140554285114,
        129.16806680332434,
        129.22450136025708,
        129.28071247004777,
        129.33670320125395,
        129.39247643582695,
        129.44803316723034,
        129.503378131909,
        129.55851178295205,
        129.6134391514227,
        129.66816269767264,
        129.7226838701027,
        129.77700532478968,
        129.83113061726664,
        129.8850612487691,
        129.93880065060344,
        129.992351165279,
        130.0457141796932,
        130.0988931516937,
        130.1518902632214,
        130.2047076631731,
        130.25734763603438,
        130.30981224489292,
        130.36210434762904,
        130.41422545230003,
        130.4661777119715,
        130.5179635108914,
        130.5695846822274,
        130.621043340573,
        130.672341548759,
        130.72348069352321,
        130.77446319973515,
        130.82529097994947,
        130.87596586545737,
        130.92648906783626,
        130.97686298089155,
        131.027088758118,
        131.07716956259,
        131.12710467403372,
        131.17689694551336,
        131.22654831749003,
        131.276060851842,
        131.325434593799,
        131.374672247445,
        131.42377393690003,
        131.47274317146773,
        131.52157975818488,
        131.5702855135732,
        131.61886199354,
        131.66731059427792,
        131.71563327223885,
        131.7638297537903,
        131.81190245729186,
        131.85985332411457,
        131.90768100782853,
        131.95538965186483,
        132.00297868910945,
        132.0504504459505,
        132.09780499173803,
        132.14504420912098,
        132.19216895567084,
        132.23918057109805,
        132.28608002083075,
        132.33286856332893,
        132.37954611370407,
        132.42611583950492,
        132.47257698112696,
        132.51893112692926,
        132.56517953682868,
        132.61132286452056,
        132.6573620894469,
        132.70329789373142,
        132.74913222038717,
        132.79486473582577,
        132.84049691225698,
        132.88602999343055,
        132.93146439197275,
        132.97680063093927,
        133.02204108030242,
        133.0671839938514,
        133.1122322664827,
        133.15718634351967,
        133.20204695424582,
        133.24681443792895,
        133.29148986808588,
        133.3360748716221,
        133.38056794815043,
        133.42497196474957,
        133.46928711312418,
        133.51351348165312,
        133.55765258338664,
        133.60170478524606,
        133.64567065399143,
        133.68955172871074,
        133.73334795849684,
        133.7770581685886,
        133.82068623141956,
        133.86423117932668,
        133.90769411117236,
        133.951075464059,
        133.99437566030565,
        134.03759512500216,
        134.08073516711633,
        134.1237960404029,
        134.16677838177742,
        134.2096829017648,
        134.2525094355259,
        134.29525957078033,
        134.3379338512703,
        134.38053112324036,
        134.42305430815946,
        134.46550256099204,
        134.50787697636943,
        134.55017692198837,
        134.59240382170918,
        134.63455849671035,
        134.6766417345582,
        134.71865275075882,
        134.76059270023416,
        134.80246432495102,
        134.8442632894968,
        134.88599142818023,
        134.92765207040128,
        134.96924389386155,
        135.01076808059753,
        135.05222355952,
        135.09361247557555,
        135.13493400323722,
        135.17618952627436,
        135.2173787864763,
        135.25850319374874,
        135.29956124428458,
        135.34055568019076,
        135.38148473039925,
        135.42235060778347,
        135.46315306821532,
        135.50389203841937,
        135.5445684895995,
        135.58518254781478,
        135.62573509627123,
        135.6662254071049,
        135.70665530801324,
        135.74702342201505,
        135.78733258202607,
        135.8275804934355
    ]
}