{
    "start": 0,
    "stop": 12,
    "levels": [
        127.83201208152185,
        127.7888121462748,
        127.752798021839,
        127.7236975751125,
        127.70097157680243,
        127.68398856974954,
        127.6721291225295,
        127.66482867541899,
        127.66158982894585,
        127.66197961112957,
        127.66562500530026,
        127.67220143235674,
        127.6814295156454,
        127.69306516563839,
        127.70689541976459,
        127.72273389639135,
        127.74041570141723,
        127.7597959549554,
        127.78074516657189,
        127.8031488035224,
        127.82690221865067,
        127.85191342796554,
        127.87809883145654,
        127.9053828363698,
        127.93369677718475,
        127.96297825296031,
        127.99316950217538,
        128.02421996873326,
        128.05608108996134,
        128.08870893062564,
        128.12206301296314,
        128.15610596542277,
        128.19080321478194,
        128.22612271489427,
        128.26203470769335,
        128.29851151134378,
        128.33552733239847,
        128.3730580985634,
        128.41108130951525,
        128.44957590335486,
        128.48852213708838,
        128.52790147912074,
        128.56769651233964,
        128.6078908468555,
        128.64846905643878,
        128.68941654877557,
        128.73071958252407,
        128.7723651568824,
        128.81434096993087,
        128.85663536941155,
        128.89923730799197,
        128.94213630204158,
        128.9853223941558,
        129.02878611845586,
        129.0725184688277,
        129.11651086978625,
        129.16075514935082,
        129.2052435143005,
        129.24996852699226,
        129.29492308428368,
        129.3401003976231,
        129.38549397487319,
        129.43109760327135,
        129.47690533367646,
        129.52291146590366,
        129.5691105349245,
        129.61549729831273,
        129.6620667241505,
        129.70881398004232,
        129.75573442260932,
        129.80282358787184,
        129.85007718205318,
        129.89749107310854,
        129.94506128266372,
        129.99278397850043,
        130.04065546753785,
        130.08867218909455,
        130.13683070874683,
        130.18512771254998,
        130.23356000142704,
        130.28212448487395,
        130.3308181776313,
        130.37963819436783,
        130.4285817452321,
        130.47764613172765,
        130.5268287427932,
        130.57612705102542,
        130.62553860918038,
        130.67506104676642,
        130.72469206693498,
        130.77442944291738,
        130.82427101657825,
        130.8742146944784,
        130.92425813189723,
        130.97439998429675,
        131.02463802559197,
        131.07497039768322,
        131.12539529588813,
        131.1759109666709,
        131.22651570594851,
        131.27720785707805,
        131.327985809268,
        131.37884799575662,
        131.42979289233352,
        131.48081901575299,
        131.53192492227362,
        131.5831092063717,
        131.63437049922942,
        131.6857074675883,
        131.73711881256162,
        131.7886032683348,
        131.84015960116702,
        131.8917866082584,
        131.94348311674275,
        131.99524798266154,
        132.04708009012845,
        132.09897835035417,
        132.15094170062977,
        132.20296910383942,
        132.2550595472902,
        132.30721204224466,
        132.3594256229486,
        132.41169934601695,
        132.4640322897811,
        132.51642355357438,
        132.56887225708203,
        132.62137753984666,
        132.6739385605329,
        132.7265544964446,
        132.7792245429641,
        132.83194791300278,
        132.8847238365532,
        132.93755156014288,
        132.9904303463719,
        133.04335947351214,
        133.09633823495906,
        133.14936593895615,
        133.20244190805556,
        133.2555654787837,
        133.3087360012536,
        133.36195283877757,
        133.4152153675609,
        133.46852297630244,
        133.52187506588103,
        133.57527104915724,
        133.62871035046217,
        133.68219240432063,
        133.73571665876028,
        133.78928257039928,
        133.84289004091326,
        133.89653763763727,
        133.9502253077593,
        134.0039525669896,
        134.05771893194887,
        134.11152372477142,
        134.16536687918733,
        134.21924770174908,
        134.27316613574197,
        134.32712095589247,
        134.38111208171352,
        134.43513906579952,
        134.48920115771847,
        134.54329864979076,
        134.59743076726255,
        134.65159711782144,
        134.705797251724,
        134.76003087334055,
        134.81429754486203,
        134.86859689613652,
        134.9229285385312,
        134.97729214255298,
        135.03168733286293,
        135.0861137573132,
        135.14057106974394,
        135.19505892970068,
        135.2495770024512,
        135.3041249584238,
        135.3587024738725,
        135.41330923003846,
        135.46794491331795,
        135.5226096527337,
        135.5773022748092,
        135.6320229096819,
        135.68677126429426,
        135.74154705239656,
        135.79634998706427,
        135.85117978781906,
        135.90603617843755,
        135.96091888686033,
        136.01582764535112,
        136.07076219017213,
        136.12572226138536,
        136.18070760308333,
        136.23571751862735,
        136.29075264814153,
        136.34581230296072,
        136.40089624202236,
        136.4560042277672,
        136.5111360260911,
        136.56629140636488,
        136.6214701412365
    ]
}