{
    "start": 0,
    "stop": 50,
    "levels": [
        90.11178010068593,
        89.84532018967757,
        89.6124834310092,
        89.48520849827204,
        89.4992731857584,
        89.59657159562602,
        89.73380387246601,
        89.89138469551527,
        90.05997702026214,
        90.23468005207575,
        90.41271773527875,
        90.5924245445056,
        90.77275944633864,
        90.95305200426733,
        91.13286159328487,
        91.3118956519368,
        91.48995918912325,
        91.66692339755097,
        91.84270508499264,
        92.01725280594012,
        92.19053790856998,
        92.36254765930113,
        92.53328056520854,
        92.70274394833851,
        92.87095060505203,
        93.03791750194482,
        93.20366490521424,
        93.36821452193031,
        93.5315892132004,
        93.69381375952838,
        93.85491180930296,
        94.01490809792838,
        94.17382695832784,
        94.33169245294023,
        94.48852777365468,
        94.6443565905222,
        94.79920127221241,
        94.9530839729305,
        95.10602605307909,
        95.25804834708532,
        95.40917099396621,
        95.55941364181396,
        95.70879538374201,
        95.85733475822306,
        96.00504897859919,
        96.15195583264256,
        96.29807182338504,
        96.44341317468296,
        96.58799552026906,
        96.73183398989687,
        96.87494365704153
    ]
}