{
    "start": 0,
    "stop": 50,
    "levels": [
        90.111776793573,
        89.84531743552466,
        89.61248171283249,
        89.48520838172944,
        89.49927299116982,
        89.5965710222414,
        89.73380284112343,
        89.89138345196385,
        90.0599754875255,
        90.23467863375188,
        90.41271625282997,
        90.59242305261962,
        90.77275794464951,
        90.9530504622207,
        91.13286010306052,
        91.31189417384685,
        91.48995772622112,
        91.66692195108317,
        91.84270362583892,
        92.01725140957042,
        92.19053650589909,
        92.36254618536472,
        92.53327921988321,
        92.70274262197864,
        92.87094928820059,
        93.0379162820539,
        93.20366357070534,
        93.36821309101424,
        93.53158805569964,
        93.69381243690664,
        93.85491058074398,
        94.01490692001852,
        94.17382576185723,
        94.33169112958628,
        94.48852665024629,
        94.64435547084526,
        94.7992002021187,
        94.95308288049924,
        95.10602494396554,
        95.25804721953658,
        95.40916991933821,
        95.55941264252742,
        95.7087943822867,
        95.85733353617417,
        96.00504791953325,
        96.1519547805295,
        96.29807081548387,
        96.44341218692372,
        96.58799454042735,
        96.73183302263632,
        96.87494229807753
    ]
}