{
    "start": 0,
    "stop": 50,
    "levels": [
        90.111776793573,
        89.61248171283249,
        89.49927299116982,
        89.73380284112343,
        90.0599754875255,
        90.41271625282997,
        90.77275794464951,
        91.13286010306052,
        91.48995772622112,
        91.84270362583892,
        92.19053650589909,
        92.53327921988321,
        92.87094928820059,
        93.20366357070534,
        93.53158805569964,
        93.85491058074398,
        94.17382576185723,
        94.48852665024629,
        94.7992002021187,
        95.10602494396554,
        95.40916991933821,
        95.7087943822867,
        96.00504791953325,
        96.29807081548387,
        96.58799454042735,
        96.87494229807753
    ]
}