{
    "nbins": 25,
    "range_": [
        0.0,
        54.258161806115204
    ],
    "nburnin": 100,
    "nsamples": 100000,
    "nrepeats": 100,
    "seed": 0,
    "step_size": 0.5,
    "yields": [
        1710863,
        2633700,
        1655421,
        981821,
        594702,
        371036,
        232537,
        148474,
        96756,
        63394,
        41599,
        28154,
        19160,
        12948,
        8819,
        6196,
        4207,
        2974,
        2202,
        1516,
        1093,
        796,
        563,
        387,
        284
    ],
    "errors": [
        2843.0556290723534,
        2747.927582743039,
        2245.481371554883,
        1839.9088537207488,
        1346.5511353082732,
        1182.154406158519,
        900.5816509345503,
        769.3537807796879,
        591.6693671299877,
        485.0954957531558,
        391.4115353435563,
        323.82532328401993,
        235.41452801388454,
        191.81491078641412,
        157.10948411855978,
        154.2654854463564,
        117.7731293631956,
        92.64577702194524,
        84.95857814252778,
        62.50951927506722,
        62.48607844952347,
        52.13290707413119,
        36.04594290624118,
        34.34108326771303,
        33.69629059703753
    ]
}