{
    "nbins": 25,
    "range_": [
        0.0,
        54.258161806115204
    ],
    "nburnin": 100,
    "nsamples": 100000,
    "nrepeats": 100,
    "seed": 0,
    "step_size": 0.5,
    "yields": [
        1710468,
        2623141,
        1673983,
        982502,
        593353,
        369795,
        229557,
        149016,
        96367,
        62600,
        43669,
        27836,
        19001,
        12894,
        9110,
        6405,
        4289,
        2799,
        2007,
        1414,
        1056,
        727,
        520,
        372,
        238
    ],
    "errors": [
        5816.720189247544,
        7110.731761921552,
        14822.735851049902,
        3028.825178183779,
        2884.6030766814347,
        1409.8045077243864,
        1385.0503637052338,
        1220.0137048410563,
        787.5354658680459,
        629.880941130941,
        1218.607972237175,
        448.13283744889765,
        385.31414456258943,
        241.68913918502835,
        242.73648263085636,
        264.5689891124807,
        133.13823643116203,
        113.09725902956268,
        108.09491199866899,
        68.62973116660156,
        56.99684201778201,
        42.13917417320847,
        39.572717874818764,
        35.24429031772381,
        24.404098016521747
    ]
}