{
    "yield_linear": 3.357413951878735,
    "error_linear": 2.802618095294039,
    "error_log": 0.8347550035424603
}