{
    "start": 0,
    "stop": 35,
    "levels": [
        91.30836846921252,
        91.24944559619888,
        91.21940990795643,
        91.22513975396294,
        91.27106746754205,
        91.35652071622175,
        91.477313845058,
        91.62685261272584,
        91.79671600132666,
        91.9796336955995,
        92.17302672261923,
        92.49247845139368,
        92.79240084344842,
        93.02320369331385,
        93.55754143995094,
        93.64504361384304,
        94.33123137860734,
        94.77024886557076,
        94.83364962742739,
        95.26317384700921,
        96.20209483579333,
        96.16235121691813,
        96.63057266176644,
        97.1390505349277,
        97.5943109741846,
        98.08897073414121,
        98.60034020751526,
        99.11791119037255,
        99.6294786811273,
        100.21715423280752,
        101.2767639293769,
        101.86091739516715,
        102.29038180608214,
        102.87079700348941,
        103.02784718404658,
        103.92909105705345,
        103.96650062470981,
        104.53346327778758,
        105.10640624848673,
        105.67009313263696,
        106.24908470895853,
        107.41488674762209,
        108.03998641540556,
        107.9783753008913,
        108.58131895328548,
        109.151035880384,
        109.74560985786793,
        110.33681389334225,
        111.4801047417603,
        111.52526527136443,
        112.12381632342945
    ]
}