{
    "start": 0,
    "stop": 20,
    "levels": [
        91.30838061614887,
        91.27125642106361,
        91.24283275855927,
        91.22447155552405,
        91.2168654927851,
        91.22211702699599,
        91.24022642269445,
        91.27220443004633,
        91.31526593504191,
        91.37184208049266,
        91.4395105145587,
        91.51738897572221,
        91.60403185992159,
        91.69803224742077,
        91.79713812886082,
        91.90022268700999,
        92.00640483516509,
        92.11522968065253,
        92.23059186226838,
        92.45963856520363,
        92.50911060547301,
        92.66193550529348,
        93.06739499974704,
        93.00525153726218,
        93.19430141375919,
        93.38814071380408,
        93.9523715677983,
        94.11352021342574,
        94.02394597392545,
        94.25003551600399,
        94.79177443206957,
        94.75604208302515,
        94.95455290818279,
        95.2003175149804,
        95.45205955763149,
        96.1941408217959,
        95.96973691205913,
        96.31192746479431,
        96.49465513368797,
        96.83734936931364,
        97.03878721645644,
        97.83484585132024,
        97.59363579233512,
        97.87727446167548,
        98.73669969778051,
        98.7027573261715,
        99.19507338990786,
        99.03270688200242,
        99.32656120474306,
        100.03737085827288,
        100.36217716268557
    ]
}