{
    "yield_post": 47.69483291991741,
    "error_post": 4.067158197243347
}