{
    "start": 10,
    "stop": 100,
    "anchors": [
        10.0
    ],
    "levels": [
        63.564555503334546,
        63.55330443753927,
        63.54192958677103,
        63.53042794555235,
        63.51879633792485,
        63.507031475748114,
        63.49512998163043,
        63.48308807955776,
        63.47090229940308,
        63.458568775388414,
        63.44608331492667,
        63.433441853715024,
        63.42063997285396,
        63.407673514886774,
        63.39453636369444,
        63.38122485768737,
        63.36773328252492,
        63.35405617138541,
        63.34018762234023,
        63.32612162328488,
        63.31185179353143,
        63.297371407468766,
        63.28267326833698,
        63.267750263112234,
        63.25259439152414,
        63.23719727150559,
        63.22155025937995,
        63.205643792023295,
        63.1894683064356,
        63.173013204530925,
        63.15626762277677,
        63.139218936811474,
        63.12185521909744,
        63.10416283380337,
        63.0861272586376,
        63.06773270413709,
        63.048962890564816,
        63.02979973422548,
        63.01022393040982,
        62.99021448652826,
        62.96974856820812,
        62.94880155445445,
        62.927346489405,
        62.90535385057916,
        62.8827913189156,
        62.8596231352505,
        62.83580965048924,
        62.811307136954724,
        62.78606630901065,
        62.76003195306065,
        62.7331416858172,
        62.70532424686789,
        62.67649798522366,
        62.64656822058935,
        62.615424315797895,
        62.582934128318975,
        62.54893961978746,
        62.51324622304877,
        62.361895353472846,
        62.15864590047666,
        61.96707207030083,
        61.78681276932195,
        61.61752051841403,
        61.45886529128406,
        61.31054090926911,
        61.1722706943339,
        61.04381033855822,
        60.92495086331039,
        60.81551951130044,
        60.71537689931513,
        60.62441263872934,
        60.54253886815185,
        60.469682600480716,
        60.40577878273997,
        60.35076350048659,
        60.30457081361122,
        60.26712909692732,
        60.238359431904726,
        60.21817527123004,
        60.20648261071588,
        60.20318012954579,
        60.208159990003196,
        60.221308443734365,
        60.24250646580613,
        60.2716303617747,
        60.30855237121983,
        60.35314117123956,
        60.4052624566579,
        60.464779338215266,
        60.53155250182602,
        60.60544150988774,
        60.68630398554875,
        60.773996848872436,
        60.86837649655606,
        60.969299032103606,
        61.07662103338366,
        61.190198522773905,
        61.29844702359864,
        61.336871297055566,
        61.37247834482614,
        61.405807196211356,
        61.43727997655054,
        61.46701574981343,
        61.49537812709923,
        61.52253270945056,
        61.54867852676509,
        61.573903376109726,
        61.59828349565106,
        61.621885087563186,
        61.64476597933693,
        61.66697728926965,
        61.68856418151398,
        61.70956709304231,
        61.73002228697318,
        61.74996244766922,
        61.769417211404,
        61.78841344496439,
        61.80697575995059,
        61.82512660043001,
        61.8428866376602,
        61.86027487835811,
        61.877308895539734,
        61.89400495950544,
        61.910378152474436,
        61.926442496024066,
        61.942211089650556,
        61.95769611705609,
        61.9729090166599,
        61.987860504865736,
        62.00256055349155,
        62.0170186767791,
        62.031243749936955,
        62.04524412533146,
        62.05902771830872,
        62.072601975252006,
        62.08597403559156,
        62.09915053820862,
        62.11213784241901,
        62.12494201324519,
        62.137568737867234,
        62.15002349305101,
        62.1623114599045,
        62.17443760094771,
        62.186406620006636,
        62.19822301460427,
        62.209891117069134,
        62.22141503894994,
        62.23279869332198,
        62.24404587233969,
        62.25516017174269,
        62.26614510195113,
        62.2770038874785,
        62.28773984201952,
        62.298355946760815,
        62.30885518287021,
        62.319240378569646,
        62.32951427150076,
        62.33967947163809,
        62.349738524724756,
        62.359693861155264,
        62.3695478379759,
        62.37930272341556,
        62.38896070915538,
        62.39852390603414,
        62.40799437241507,
        62.41737406091124,
        62.42666491143534,
        62.435868747839564,
        62.44498737454584,
        62.45402251108303,
        62.462975830077,
        62.47184898446318,
        62.480643535018274,
        62.48936098636482,
        62.49800286070672,
        62.506570562425956,
        62.51506549958931,
        62.52348901368505,
        62.53184243980867,
        62.54012705278106,
        62.54834407395512,
        62.55649473288515,
        62.56458020295075,
        62.57260160735894,
        62.58056006648266,
        62.588456660624516,
        62.59629245368766,
        62.60406844845788,
        62.61178565626892,
        62.61944504404411,
        62.62704756135602,
        62.63459413560986,
        62.6420856474829,
        62.64952301130367,
        62.65690705033184,
        62.66423862362814,
        62.671518503555475,
        62.67874753350401,
        62.6859264524792,
        62.693056057525965,
        62.70013706779412
    ]
}