{
    "start": 0,
    "stop": 60,
    "levels": [
        63.262570103934955,
        63.24241002680093,
        63.22352255733378,
        63.205903439197066,
        63.18954709878368,
        63.17444948447883,
        63.160605203821774,
        63.14801002157016,
        63.13666559696977,
        63.1265517750202,
        63.11767214514843,
        63.11002139961135,
        63.103594579247556,
        63.09838691563786,
        63.0943929739351,
        63.09160720597516,
        63.09002493021673,
        63.08964004358682,
        63.09044809313556,
        63.09244363089579,
        63.09562044820861,
        63.09997397463971,
        63.10549866898734,
        63.11218903016756,
        63.12003958914884,
        63.12904485997354,
        63.13919936714135,
        63.150497555320385,
        63.1629346927415,
        63.1764965523183,
        63.191191990248996,
        63.20700888610912,
        63.22394192235128,
        63.24198582582953,
        63.261134021846004,
        63.28138230372863,
        63.30272394429634,
        63.32515381859068,
        63.34866657813969,
        63.37325703205468,
        63.39891812841699,
        63.425645795832814,
        63.453433959095776,
        63.48227711517288,
        63.512169736388714,
        63.54310630120111,
        63.57508129932438,
        63.608089233439216,
        63.64212461879744,
        63.67718199295837,
        63.71325624641962,
        63.75034099873837,
        63.78843178767842,
        63.82752230357705,
        63.867607750895544,
        63.90868302140515,
        63.950742182336924,
        63.99377997878213,
        64.03779141289027,
        64.08277102578901,
        64.12871354881176,
        64.17561370660019,
        64.22346631909853,
        64.27226615643647,
        64.32200806266931,
        64.37268686147245,
        64.4242975311294,
        64.4768349087602,
        64.53029388940693,
        64.58466948232827,
        64.6399566958581,
        64.69614997133503,
        64.75324542258987,
        64.81123762477358,
        64.87012168218591,
        64.92989327904392,
        64.9905459580676,
        65.05207653868229,
        65.11447970751874,
        65.17775072184352,
        65.24188486893499,
        65.30687746577325,
        65.37272385946436,
        65.43941942708946,
        65.50695957516282,
        65.5753397395013,
        65.64455538543814,
        65.71460200928324,
        65.78547513285778,
        65.85717030676412,
        65.92968311256601,
        66.0030091588135,
        66.07714408188801,
        66.1520835457898,
        66.2278232416673,
        66.3043588878418,
        66.38168622932534,
        66.45980103661675,
        66.53869910675301,
        66.61837626046604,
        66.69882834507392,
        66.78005123355646,
        66.86204082291434,
        66.94479303391303,
        67.02830381348896,
        67.11256912937583,
        67.19758497265994,
        67.28334735666388,
        67.3698523178179,
        67.45709594970835,
        67.54507427639051,
        67.6337834362923,
        67.72321954570386,
        67.81337876753496,
        67.90425780244009,
        67.9958512362717,
        68.08815710048252,
        68.18117039276201,
        68.27488809697063,
        68.36930667072664,
        68.46442155755415,
        68.56022941884275,
        68.65672662795421,
        68.75390955079106,
        68.85177455628383,
        68.95031803041728,
        69.04953633587306,
        69.1494259723561,
        69.24998339052553,
        69.35120503985894,
        69.45308739675927,
        69.5556269659761,
        69.65882025238328,
        69.76266448112574,
        69.86715483692605,
        69.97228861390109,
        70.07806240148236,
        70.1844728094364,
        70.29151646766836,
        70.39919002017015,
        70.50749015817192,
        70.61641357022758,
        70.72595661805528,
        70.83611666551084,
        70.94689012878386,
        71.05827376507222,
        71.1702643493247,
        71.28285867416486,
        71.39605354990547,
        71.5098458044336,
        71.62423228326944,
        71.73920984942296,
        71.85477538341902,
        71.97092578323998,
        72.08765805236342,
        72.20496894564965,
        72.32285550313065,
        72.44131475325062,
        72.56034402230395,
        72.67993892945081,
        72.80009838400929,
        72.92081792545707,
        73.04209541930356,
        73.16392764970028,
        73.28631149286262,
        73.40924461874576,
        73.5327239308159,
        73.6567464108471,
        73.78130929340576,
        73.90640975270281,
        74.03204497896878,
        74.15821217584363,
        74.28490856020176,
        74.41213136511399,
        74.53987784762425,
        74.66814527723767,
        74.79693093700043,
        74.92623213245167,
        75.05604618579234,
        75.18637043513111,
        75.31720223437517,
        75.44853895369025,
        75.58037798002925,
        75.71271671761406,
        75.84555258278513,
        75.97888302330378,
        76.11270550685745,
        76.24701684428096,
        76.38181560750122,
        76.5170988059512,
        76.65286393803869,
        76.7891085112139,
        76.92583013839317,
        77.06302634605359,
        77.20069471354542,
        77.33883220591983,
        77.47743747113245,
        77.61650766518815,
        77.75604041879416,
        77.89603337687802,
        78.03648419860367
    ]
}