{
    "yield_pre": 595.6483944119763,
    "error_pre": 26.887081739145778
}