{
    "start": 10,
    "stop": 40,
    "anchors": [],
    "levels": [
        115.11919526114812,
        110.20937117736776,
        105.88173087520136,
        102.06405312577829,
        98.69355754757154,
        95.7182091232958,
        93.09379824328305,
        90.78242259467183,
        88.72059111514677,
        86.84678759681832,
        85.18535983242356,
        83.7272609367983,
        82.45818767374888,
        81.35980252899324,
        80.41725826741286,
        79.61500007267904,
        78.94312655671426,
        78.38646345591457,
        77.93860272885989,
        77.59142325958939,
        77.33939152265108,
        77.17776477354306,
        77.10213606028253,
        77.10919802819315,
        77.19274482272817,
        77.34944040247163,
        77.5739255786857,
        77.86373072206526,
        78.21349703545249,
        78.61899628279055,
        79.07628491497466,
        79.58182625853172,
        80.13355292484066,
        80.72575246961111,
        81.35868500416407,
        82.0288854394822,
        82.7340317714112,
        83.47195425769274,
        84.24057760929112,
        85.03887556566129,
        85.86201543477618,
        86.71113126033953,
        87.5835731024955,
        88.47780786693582,
        89.393410212645,
        90.32614120928716,
        91.27771173810828,
        92.24606023306573,
        93.23012922316084,
        94.22889880830655,
        95.241367517637
    ]
}