{
    "start": 10,
    "stop": 40,
    "anchors": [],
    "levels": [
        115.11919526114812,
        113.83248761079449,
        112.58526384309326,
        111.3779801394353,
        110.20937117736679,
        109.07616641889966,
        107.97712368559229,
        106.91301363426473,
        105.88173087519834,
        104.88220004816704,
        103.91339111832099,
        102.97529863371432,
        102.06405312577829,
        101.18168481409612,
        100.32635538997913,
        99.49723765447136,
        98.69355754757063,
        97.91451256423034,
        97.16038557383706,
        96.42753290125766,
        95.71820912329676,
        95.03078518896486,
        94.36464257060932,
        93.72014962086462,
        93.09379824328215,
        92.48795863369847,
        91.9011168312762,
        91.33275389576553,
        90.78242259467183,
        90.24956159396413,
        89.73142341016447,
        89.22082443449638,
        88.72059111514677,
        88.23246157552201,
        87.7582242493373,
        87.29531359669235,
        86.8467875968179,
        86.41164991430449,
        85.99078990825214,
        85.58209209174385,
        85.1853598324239,
        84.80232634238698,
        84.43276828934378,
        84.07449625035605,
        83.7272609367983,
        83.39276155518237,
        83.07073354148518,
        82.75799306133516,
        82.45818767374888,
        82.1671553699116,
        81.88854876255836,
        81.61821137240734,
        81.35980252899324,
        81.10917450951106,
        80.86902008909081,
        80.63813108742599,
        80.41725826741286,
        80.20325193111498,
        79.99882814168134,
        79.80280851157548,
        79.61500007267904,
        79.43618977601344,
        79.26423911317919,
        79.09994272601435,
        78.94312655671426,
        78.7926471119423,
        78.65029741804952,
        78.51495032404293,
        78.38646345591457,
        78.26470435238681,
        78.14954963517025,
        78.04088478085353,
        77.93860272885989,
        77.84260549218612,
        77.75280054459323,
        77.66910070206536,
        77.59142325958993,
        77.51968900197178,
        77.45382426595796,
        77.39374780014214,
        77.33939152265108,
        77.29070652089965,
        77.24757080869946,
        77.20994052757587,
        77.17776477354306,
        77.15096318662619,
        77.1294688694365,
        77.11328966897983,
        77.10213606028253,
        77.0971371171669,
        77.0952292437195,
        77.09927329000425,
        77.10919802819313,
        77.12201389829701,
        77.14058175909221,
        77.1638551711488,
        77.19274482272817,
        77.2242544407648,
        77.26124475413451,
        77.30267074806655,
        77.34944040247157,
        77.39855505959991,
        77.45287925070261,
        77.51138687966423,
        77.5739255786857,
        77.64051692292948,
        77.71106119730098,
        77.78548854174527,
        77.86373072206526,
        77.94571972440639,
        78.03138795825001,
        78.12066918535255,
        78.21349703545249,
        78.30980675975746,
        78.40953460455685,
        78.5126181973134,
        78.61899628279055,
        78.72860920274394,
        78.84139837158975,
        78.95730893896926,
        79.07628491497466,
        79.19827416469403,
        79.32322605628798,
        79.45109220445799,
        79.58182625853172,
        79.71538428059613,
        79.85172433602625,
        79.99080285272836,
        80.13355292484067,
        80.27700062038781,
        80.42403256885072,
        80.5736301689105,
        80.7257524696114,
        80.88035815825837,
        81.03740870604295,
        81.19784010768464,
        81.35868500416407,
        81.52283427095068,
        81.68927560291003,
        81.85797118212736,
        82.0288854394822,
        82.20198336400615,
        82.37722907982085,
        82.55556676646673,
        82.73403177141148,
        82.91649791421096,
        83.09902662963744,
        83.28451479568727,
        83.4719542576932,
        83.6613117597542,
        83.85353229219979,
        84.04565475560881,
        84.24057760929117,
        84.43729361122445,
        84.63577241886198,
        84.83598405309972,
        85.0388755656613,
        85.24148812047176,
        85.44672276954233,
        85.65357432876728,
        85.86201543477475,
        86.07201794006765,
        86.28355558596542,
        86.49660234725759,
        86.71113126033953,
        86.9271165753684,
        87.14453502108852,
        87.36336031876732,
        87.5835731024952,
        87.80514500141238,
        88.02805629095421,
        88.25228446986415,
        88.47780786693627,
        88.7046053293947,
        88.93265555330838,
        89.16194006877512,
        89.39341021264407,
        89.62412063823979,
        89.85697981256894,
        90.09099405561261,
        90.32614120928699,
        90.56240305449786,
        90.79976305251976,
        91.0382044857165,
        91.27771173810828,
        91.5182679525837,
        91.75985428353962,
        92.00245868700136,
        92.24606023306524,
        92.49162066996703,
        92.7361927082946,
        92.98269820171379,
        93.23012922308112,
        93.47848528576651,
        93.72773925051172,
        93.97788444152502,
        94.22889880830655,
        94.48076744990166,
        94.73348032624178,
        94.98701845404737,
        95.24136751770169
    ]
}