{
    "yield_linear": 23.453314428710776,
    "error_linear": 2.122254130557996,
    "error_log": 0.09048845258135464
}