{
    "yield_post": 25.89214461423274,
    "error_post": 4.128965359081627
}