{
    "yield_post": 9.118044646550175,
    "error_post": 2.178889029104721
}