{
    "yield_post": 9.118002958317263,
    "error_post": 2.1788846195438882
}