{
    "start": 0,
    "stop": 30,
    "anchors": [],
    "levels": [
        139.75580193158746,
        124.63962182380187,
        123.25955261714121,
        121.73190912069919,
        120.03849932503005,
        118.20730651780121,
        116.29611570846662,
        114.37417884649378,
        108.76145809006906,
        108.4134815625288,
        108.01795335614929,
        107.97228713886196,
        106.7810074052251,
        105.71955972975753,
        104.7740931852476,
        103.93155121700433,
        103.18016196455982,
        102.50947874957451,
        101.91033916670357,
        101.37466744188615,
        100.8953298297381,
        100.46602659211204,
        100.08119460469644,
        99.73592443083383,
        99.4258906209436,
        99.1472820476679,
        98.89675248653049,
        98.67136427600082,
        98.46854616959354,
        98.28604851929467,
        98.12190414010324,
        97.97439408551841,
        97.84201416845832,
        97.72344649231172,
        97.61753300264522,
        97.52325338511912,
        97.43970636652165,
        97.36608926241588,
        97.30168829095474,
        97.24586181613557,
        97.19803025923792,
        97.15766632098831,
        97.12428632489814,
        97.09744200618437,
        97.07671444900386,
        97.06170706552427,
        97.05203992993687,
        97.04734442287354,
        97.04725819656832,
        97.05142094565792,
        97.05947148208924,
        97.0710469847705,
        97.08578548365823,
        97.10333216726721,
        97.12334886029937,
        97.14552458184464,
        97.16958394531122,
        97.19529273640825,
        97.22245664241564,
        97.25091876257598,
        97.28055434450658,
        97.31126463514796,
        97.34297180406881,
        97.37561434038348,
        97.40914303448247,
        97.44351807186347,
        97.47870635999809,
        97.51468002057635,
        97.55141487633776,
        97.5888893980549,
        97.62708334513916,
        97.6659774726287,
        97.70555295638337,
        97.74579159768108,
        97.78667385948592,
        97.82818048809902,
        97.87029127280559,
        97.91298558286445,
        97.95624103735402,
        98.00003519320259,
        98.04434402191195,
        98.08914241921406,
        98.13440424657928,
        98.18010085204995,
        98.226203502194,
        98.27268043351674,
        98.31949774281628,
        98.3666184909106,
        98.41400175967006,
        98.46160443065668,
        98.50940080292223,
        98.55737448351434,
        98.60550987131589,
        98.65379244383202,
        98.70220799985158,
        98.75074327712292,
        98.79938566688674,
        98.84812343285613,
        98.89694512782611,
        98.9458396178498,
        98.99479720238477,
        99.04380788568128,
        99.09286270374109,
        99.14195274188468,
        99.19106979425524,
        99.24020602087944,
        99.28935399012083,
        99.33850665903704,
        99.38765735482303,
        99.43679975699534,
        99.48592788075533,
        99.5350360608326,
        99.58411893640427,
        99.63317143636533,
        99.6821887659312,
        99.73116639311073,
        99.78010003630196,
        99.82898565240319,
        99.87781942668016,
        99.92659775513683,
        99.97531725134097,
        100.02397470492762,
        100.07256715704014,
        100.1210916435205,
        100.16956160074245,
        100.21792655672931,
        100.26623208169717,
        100.31445999812397,
        100.36269290902655,
        100.41067676722236,
        100.45865805603604,
        100.50665217270893,
        100.55445337105822,
        100.60209071814329,
        100.64972438342042,
        100.69727031688404,
        100.74471823697625,
        100.79207582291087,
        100.8393395043858,
        100.88650806060802,
        100.93358049422163,
        100.98055586044738,
        101.02743328465037,
        101.07421196168188,
        101.12089097072241,
        101.16747001629547,
        101.21394833333261,
        101.26032518520526,
        101.30660016965591,
        101.35277282869131,
        101.39884275164843,
        101.44480957393861,
        101.49067305997697,
        101.5364328054149,
        101.58208861736439,
        101.6276402969273,
        101.67308766693972,
        101.71843058487899,
        101.76366879330665,
        101.80880259550493,
        101.8538317825649,
        101.89875632799237,
        101.94357618288467,
        101.98829146349073,
        102.03290202827179,
        102.07740843389607,
        102.12181037084683,
        102.16610816781376,
        102.2103017905236,
        102.25439158905436,
        102.2983775838085,
        102.34569583467551,
        102.38603929268274,
        102.42971544392948,
        102.47328868497922,
        102.5167592626715,
        102.56044202966044,
        102.60339357744233,
        102.6474663650663,
        102.6899152302799,
        102.73258090837547,
        102.77544044207589,
        102.81819891388601,
        102.86085653510257,
        102.90341345747915,
        102.94730762283295,
        102.99008077950887,
        103.03273811891279,
        103.07264096583914,
        103.1179465868782,
        103.156658487552,
        103.2031070030596,
        103.24028142416567,
        103.28194572935779,
        103.32893261652177,
        103.37002483733221,
        103.40635367496557,
        103.44762929259389,
        103.48880838542794,
        103.52989141377374,
        103.57087869205347
    ]
}