{
    "yield_linear": 7.127319789451798,
    "error_linear": 2.255344095966817,
    "error_log": 0.31643649542772767
}