{
    "yield_linear": 7.127319789451798,
    "error_linear": 2.2553440959668176,
    "error_log": 0.3164364954277278
}