{
    "start": 5,
    "stop": 15,
    "levels": [
        131.9035731278764,
        130.55602014384806,
        129.3381250755927,
        128.24947503837637,
        127.2859742590298,
        126.44099987094911,
        125.70756081872042,
        125.07766033526592,
        124.54350084433413,
        124.0983623277937,
        123.73680948804403,
        123.45451054636843,
        123.24793577428524,
        123.11400330589618,
        123.04967813250398,
        123.05158673682661,
        123.11574759357283,
        123.23743630455866,
        123.41103480872728,
        123.62920976097166,
        123.88020117246081,
        124.15242215870961,
        124.44261244584644,
        124.75010024898565,
        125.07413543410009,
        125.41363924196253,
        125.76731283275285,
        126.13375614201368,
        126.51153820848191,
        126.89924956706126,
        127.29553135598269,
        127.6990988295695,
        128.1087560686093,
        128.52340036427913,
        128.94201231324823,
        129.36364182340208,
        129.7873592270882,
        130.2121616579966,
        130.63725382266333,
        131.06218243260824,
        131.4865836394783,
        131.91016285000993,
        132.33268299770418,
        132.7539563884329,
        133.1738360153168,
        133.59221225198667,
        134.00900059515052,
        134.4241486204888,
        134.83762049669895,
        135.24939620949831,
        135.65947204894192
    ]
}