{
    "nbins": 50,
    "range_": [
        5.0,
        15.0
    ],
    "nburnin": 100,
    "nsamples": 100000,
    "nrepeats": 100,
    "seed": 0,
    "step_size": 0.2,
    "prob_eye": 0.1,
    "yields": [
        2,
        19,
        93,
        355,
        1108,
        3164,
        7793,
        18292,
        38383,
        72923,
        128721,
        210138,
        312390,
        433968,
        563645,
        685758,
        779813,
        842779,
        866462,
        844875,
        788269,
        708475,
        608830,
        507124,
        408411,
        319606,
        242177,
        181224,
        131016,
        94027,
        64515,
        44585,
        30570,
        20592,
        13665,
        9164,
        6031,
        3993,
        2520,
        1688,
        1040,
        730,
        361,
        266,
        155,
        112,
        63,
        39,
        26,
        18
    ],
    "errors": [
        1.399999999999999,
        5.778408085277463,
        18.23485673099736,
        30.27787971440536,
        60.47611098607449,
        110.58498993986481,
        167.47092284931136,
        264.4680699063689,
        438.06404782862506,
        671.1912618620718,
        927.3729508671255,
        1172.9934185663617,
        1394.3984366026805,
        1688.6982442106105,
        1851.7588260894024,
        1747.9388890919497,
        1866.5490376628204,
        1788.341295726294,
        1655.9908091532395,
        1505.0590519976286,
        1496.5458195457963,
        1630.834985521221,
        1628.0525175804373,
        1524.9564715099245,
        1592.644276039066,
        1479.3078246260984,
        1236.6485798317972,
        1166.9208370750778,
        888.7977497721292,
        740.3254081821046,
        698.6392130420393,
        532.0646107382073,
        421.3585171798477,
        323.36876781779654,
        258.8450308582338,
        201.47714510584075,
        149.2628218948041,
        120.87394260137296,
        96.03124491539198,
        80.32782830377029,
        59.27900134111574,
        46.032597145935625,
        34.4643293856126,
        26.989627637297996,
        20.365411854416294,
        19.24993506482554,
        11.887388274974453,
        10.573079021741972,
        8.2,
        5.362835071116766
    ]
}