{
    "yield_linear": 7.893936453623214,
    "error_linear": 0.7873842914346536,
    "error_log": 0.09974545602951422
}