{
    "yield_linear": 7.893518795576476,
    "error_linear": 0.7873988077612324,
    "error_log": 0.09975257273125014
}