{
    "yield_post": 43.973384068501566,
    "error_post": 4.9391918920367965
}