{
    "nbins": 50,
    "range_": [
        0.0,
        100.0
    ],
    "nburnin": 100,
    "nsamples": 1000000,
    "nrepeats": 100,
    "seed": 0,
    "step_size": 0.1,
    "prob_eye": 0.01,
    "yields": [
        0,
        0,
        0,
        0,
        8,
        18,
        552,
        2046,
        6749,
        24860,
        80693,
        215231,
        513441,
        1056569,
        1958514,
        3164764,
        4697558,
        6299880,
        7713296,
        8734145,
        9249760,
        9182822,
        8646558,
        7793810,
        6756626,
        5653346,
        4677355,
        3643523,
        2822946,
        2119236,
        1567862,
        1135310,
        795465,
        547260,
        376108,
        233580,
        142424,
        84643,
        52150,
        26402,
        13139,
        6659,
        2352,
        1077,
        470,
        341,
        214,
        238,
        0,
        0
    ],
    "errors": [
        0.0,
        0.0,
        0.0,
        0.0,
        5.418486873657625,
        7.794870107962041,
        187.35783944100118,
        350.4837228745439,
        678.0611993028358,
        1456.348859305352,
        2872.548782875584,
        4752.53610086236,
        7158.972285880147,
        10158.298449543605,
        16653.512963936475,
        15760.519948275816,
        19925.317923686936,
        20640.104214853178,
        24616.923484464915,
        25105.46746726697,
        26824.461672137986,
        24556.67854494985,
        20833.904347481293,
        17033.421001079027,
        14773.60244625528,
        13615.341745251935,
        85260.79195474317,
        17656.73847883578,
        21510.113361858414,
        22188.169303482427,
        23006.658852601788,
        21336.77049133725,
        17183.569034109292,
        15483.360875468865,
        18746.924850758856,
        9501.941170097825,
        6720.184241521954,
        4220.932421870789,
        4147.743844549709,
        2075.1207097419656,
        1338.4266098669736,
        869.104245761117,
        395.113857008331,
        196.06557576484454,
        152.15452671544153,
        147.02445374834784,
        152.95764119520155,
        137.8606542854052,
        0.0,
        0.0
    ]
}