{
    "start": 0,
    "stop": 40,
    "levels": [
        96.37896937114654,
        96.38498782960397,
        96.39138327289156,
        96.39815746396928,
        96.4053110847315,
        96.41284720919317,
        96.42076619347775,
        96.42906955690842,
        96.43775904409863,
        96.44683676148189,
        96.4563026905633,
        96.46615983558202,
        96.47640851325853,
        96.48705050615683,
        96.49808652500079,
        96.50951820955729,
        96.5213471422929,
        96.53357386258112,
        96.54620052332088,
        96.55922851177604,
        96.57265646439298,
        96.58648869671428,
        96.600723594938,
        96.61536432569373,
        96.630411029025,
        96.64586439178912,
        96.6617259785961,
        96.67799607959331,
        96.69467668765685,
        96.71176746032155,
        96.72926980730296,
        96.74718554569748,
        96.76551326175624,
        96.78425545939264,
        96.80341211653528,
        96.82298405421497,
        96.84297216793765,
        96.86337689200636,
        96.88419935071467,
        96.90543910705912,
        96.92709805746522,
        96.9491750777858,
        96.9716723411671,
        96.99458932049346,
        97.01792737036592,
        97.04168586423476,
        97.06586507704468,
        97.09046644563047,
        97.11548967987022,
        97.14093546813842,
        97.16680465339236,
        97.19309386062983,
        97.21980771108994,
        97.24694510753035,
        97.27450497454295,
        97.30248877862314,
        97.33089654195646,
        97.35972777950037,
        97.38898341405508,
        97.41866195491009,
        97.44876507195862,
        97.47929128949657,
        97.51024159994589,
        97.54161617095016,
        97.57341341325755,
        97.60563493636948,
        97.63828009212311,
        97.67134748053671,
        97.70483859798692,
        97.73875254400215,
        97.7730889209454,
        97.80784797168477,
        97.84302907361361,
        97.87863174428047,
        97.91465627197452,
        97.95110148581935,
        97.98796817694696,
        98.02525459705484,
        98.06296127328201,
        98.10108724445428,
        98.13963262878922,
        98.1785973469823,
        98.21797849535899,
        98.25777921996003,
        98.29799588076528,
        98.33862884883033,
        98.3796789275409,
        98.42114449562509,
        98.46302413691322,
        98.505317671242,
        98.54802589806592,
        98.59114627104628,
        98.63467975749333,
        98.6786245153622,
        98.72298188575604,
        98.76778827378782,
        98.81306036432034,
        98.85879497911306,
        98.90499149629241,
        98.95164717600927,
        98.99876121045959,
        99.04633114081265,
        99.09435611193491,
        99.14283404999489,
        99.19176270696353,
        99.24114167769909,
        99.29096742086092,
        99.34124006466082,
        99.39195713964536,
        99.44311727541168,
        99.49471783590774,
        99.54675759375984,
        99.59923581328903,
        99.65214910852139,
        99.70549721168163,
        99.75927718686694,
        99.81348861174828,
        99.86812860239391,
        99.92319630249052,
        99.9786892230396,
        100.03460622017684,
        100.09094566840972,
        100.14770555809038,
        100.20488411678936,
        100.262479691723,
        100.3204904658702,
        100.3789159596419,
        100.43775238548051,
        100.49699966548913,
        100.55665524947656,
        100.61671768427118,
        100.67718521610166,
        100.73805639887125,
        100.79932983247998,
        100.86100295151213,
        100.92307532088799,
        100.98554322143569,
        101.04840711409811,
        101.11166433053585,
        101.17531319304585,
        101.23935237620398,
        101.30377978480497,
        101.36859406184585,
        101.43379331586065,
        101.49937661091003,
        101.56534131917661,
        101.63168636239529,
        101.69841023963274,
        101.76551095844228,
        101.83298724551898,
        101.90083685926999,
        101.96905922843952,
        102.03765212656569,
        102.1066127873906,
        102.17594195713016,
        102.2456368973627,
        102.31569537300925,
        102.38611700522026,
        102.45689886469081,
        102.52804108051741,
        102.59953980558431,
        102.6713958959728,
        102.74360622529854,
        102.81617036013088,
        102.88908505531343,
        102.96235070472953,
        103.03596427415893,
        103.10992531224647,
        103.18423226115296,
        103.25888251183046,
        103.33387562210962,
        103.4092093718042,
        103.4848828833573,
        103.56089473286664,
        103.63724267233066,
        103.7139255790547,
        103.79094207051237,
        103.86829121134701,
        103.94597051414357,
        104.02397890035935,
        104.10231553425196,
        104.18097846756315,
        104.25996556921159,
        104.33927580850786,
        104.41890865774995,
        104.4988625157316,
        104.57913499949608,
        104.659725124804,
        104.74063264652574,
        104.82185351250368,
        104.90338961718652,
        104.98523608600269,
        105.06739445729941,
        105.14986230382183,
        105.23263743198635,
        105.31572006477586,
        105.39910826483509,
        105.48280068771146,
        105.56679470813894,
        105.6510910474675,
        105.73568678556859
    ]
}