{
    "yield_pre": 0.49714595886220186,
    "error_pre": 0.18877207434633952
}