{
    "yield_pre": 2.0617874617662624,
    "error_pre": 0.4884187758497565
}