{
    "yield_pre": 44.72553245531518,
    "error_pre": 8.41360307334793
}