{
    "yield_post": 45.34756451096864,
    "error_post": 4.74025692273217
}