{
    "yield_linear": 44.715149072953466,
    "error_linear": 6.682121692829816,
    "error_log": 0.14943753585452282
}