{
    "yield_linear": 44.72645141449336,
    "error_linear": 8.44405893838656,
    "error_log": 0.1887934023679399
}