{
    "ndata": 0.9922685623168945,
    "start": 0,
    "stop": 10,
    "rtol": 0.001,
    "integrals": [
        [
            0.8047226084581071,
            0.8051183891432032
        ],
        [
            0.7948593376177868,
            0.795220119802514
        ],
        [
            0.7840070413692116,
            0.784387032244995
        ],
        [
            0.7723380083971214,
            0.7726871540777982
        ],
        [
            0.7599353808423656,
            0.7602527277761029
        ],
        [
            0.7468733591790994,
            0.7472121177638146
        ],
        [
            0.7332950564679093,
            0.7336051665329548
        ],
        [
            0.7192338077104349,
            0.7195656948000139
        ],
        [
            0.7048208547303701,
            0.7051228735694262
        ],
        [
            0.6900728795529038,
            0.6903945273294952
        ],
        [
            0.6751022795040065,
            0.6754020726312724
        ],
        [
            0.6599249744276315,
            0.6602455152412003
        ],
        [
            0.6446380593313719,
            0.6449376183271208
        ],
        [
            0.6292698561214466,
            0.629549453668464
        ],
        [
            0.6138682070642371,
            0.6141264207996207
        ],
        [
            0.59844809412908,
            0.598721933269521
        ],
        [
            0.583067633337832,
            0.5833586903059222
        ],
        [
            0.5677592890092429,
            0.5680694185595514
        ],
        [
            0.5525703031528215,
            0.5528639561141694
        ],
        [
            0.5374899249611277,
            0.5378191214566347
        ],
        [
            0.5226049247164157,
            0.5228768498998528
        ],
        [
            0.5078772843898384,
            0.5081260605592495
        ],
        [
            0.4933244322993297,
            0.4935837506251176
        ],
        [
            0.4789804670329489,
            0.4792514933354394
        ],
        [
            0.4648581750314242,
            0.46514213724572245
        ],
        [
            0.4509718033549638,
            0.45126920815657956
        ],
        [
            0.43736217143610273,
            0.43761416528739544
        ],
        [
            0.42400816593762924,
            0.424213145900982
        ],
        [
            0.41088932639142967,
            0.4111026495833308
        ],
        [
            0.3980395777249155,
            0.3982619283089731
        ],
        [
            0.38546355509417946,
            0.38569620551577677
        ],
        [
            0.3731762419194318,
            0.3733980476394797
        ],
        [
            0.36119532994706033,
            0.3613593863393621
        ],
        [
            0.34946397285859826,
            0.3496338435246731
        ],
        [
            0.3380067387160188,
            0.3382008799249474
        ],
        [
            0.3268435013782442,
            0.32704235170995366
        ],
        [
            0.31597153467054456,
            0.31616558482788304
        ],
        [
            0.3054005198934818,
            0.30554825917663025
        ],
        [
            0.29509605033847947,
            0.29522751011291515
        ],
        [
            0.28506208541468414,
            0.28519301976283146
        ],
        [
            0.2753038138214858,
            0.27543491213136995
        ],
        [
            0.2658120747627499,
            0.26595604692741964
        ],
        [
            0.25659606725742223,
            0.2567416849094845
        ],
        [
            0.24766226842078448,
            0.24777775091801554
        ],
        [
            0.23897232201756477,
            0.23909283865770228
        ],
        [
            0.23054877906535415,
            0.2306571807261627
        ],
        [
            0.22236958942271387,
            0.22248470736086645
        ],
        [
            0.2144396071205554,
            0.214560437928368
        ],
        [
            0.2067651479782308,
            0.20687548963076208
        ],
        [
            0.19932751698618445,
            0.1994321078814128
        ],
        [
            0.1921165620670718,
            0.19221717991679893
        ],
        [
            0.18513307429223128,
            0.18522778552959032
        ],
        [
            0.1783771074245077,
            0.17846886678826007
        ],
        [
            0.1718357483773818,
            0.17192988066630213
        ],
        [
            0.16550262999672077,
            0.1656095377397854
        ],
        [
            0.1593930295572808,
            0.15948360195251882
        ],
        [
            0.15348153568879672,
            0.15356425701030474
        ],
        [
            0.1477670614057745,
            0.14784265631751042
        ],
        [
            0.14224481026983385,
            0.14231397968857346
        ],
        [
            0.13690260678463584,
            0.13698012775854182
        ],
        [
            0.1317563938056819,
            0.13181396243883847
        ],
        [
            0.12677458131023847,
            0.12683767316998396
        ],
        [
            0.12196772234757133,
            0.12203073423823642
        ],
        [
            0.11732786084090482,
            0.11739073063876249
        ],
        [
            0.11284925625802844,
            0.11291422047409007
        ],
        [
            0.10853516211030222,
            0.10858922925748264
        ],
        [
            0.10436872874294649,
            0.10442118662906813
        ],
        [
            0.10035245396452067,
            0.10040136894500964
        ],
        [
            0.0964761165914562,
            0.09652618135268098
        ],
        [
            0.09273971590145932,
            0.09279240637061639
        ],
        [
            0.08914064894020604,
            0.08919217434534406
        ],
        [
            0.08566914863505663,
            0.08571683119778031
        ],
        [
            0.08232628836062408,
            0.08237018712386529
        ],
        [
            0.07910366299660487,
            0.07914772909412088
        ],
        [
            0.0760016153605985,
            0.0760418817993264
        ],
        [
            0.07301393251748851,
            0.07305104735599527
        ],
        [
            0.0701366070314867,
            0.07017111589669595
        ],
        [
            0.06736471362420188,
            0.06739981748916603
        ],
        [
            0.06469835086656042,
            0.06472990235187734
        ],
        [
            0.06213002425735516,
            0.06216161908629149
        ],
        [
            0.059656737193151094,
            0.05969153371223711
        ],
        [
            0.05728135048241895,
            0.05731048428160365
        ],
        [
            0.05499576184655685,
            0.055019691633241795
        ],
        [
            0.05279201610834948,
            0.052820324617892
        ],
        [
            0.05067486398766771,
            0.05070236885352504
        ],
        [
            0.04863838566796273,
            0.048666068258413506
        ],
        [
            0.04667952631145297,
            0.046706866183298563
        ],
        [
            0.04479841978484798,
            0.044822728471014185
        ],
        [
            0.042989083324797964,
            0.04301130868738462
        ],
        [
            0.041248150721152815,
            0.041269114736761224
        ],
        [
            0.0395756264598509,
            0.039594949926501026
        ],
        [
            0.03796620881608865,
            0.0379876441487877
        ],
        [
            0.03642142037975112,
