{
    "ndata": 1.558119773864746,
    "start": 0,
    "stop": 10,
    "rtol": 0.001,
    "integrals": [
        [
            0.874193650242819,
            0.8745924905071029
        ],
        [
            0.8778675307700606,
            0.8782681646273
        ],
        [
            0.8800850523886466,
            0.8804994396040602
        ],
        [
            0.8809191630294025,
            0.8813492379388154
        ],
        [
            0.8804736378125438,
            0.8808534610052808
        ],
        [
            0.8787430038155731,
            0.8791454354696691
        ],
        [
            0.8758737587508417,
            0.876225983159255
        ],
        [
            0.8718651467420019,
            0.8722370055949302
        ],
        [
            0.8668190942267722,
            0.8672140818372155
        ],
        [
            0.8608067476325159,
            0.8612252849681384
        ],
        [
            0.8539265713695335,
            0.8543101976262832
        ],
        [
            0.8461833257519421,
            0.8465906565823997
        ],
        [
            0.8377009323600776,
            0.8380742746422664
        ],
        [
            0.8285200493868438,
            0.8288572982062693
        ],
        [
            0.8186867539204528,
            0.8189878692206243
        ],
        [
            0.8082362666448457,
            0.8085585094991918
        ],
        [
            0.7972524831005718,
            0.7975958535090926
        ],
        [
            0.7858144304829602,
            0.7861287790392792
        ],
        [
            0.7739212025758763,
            0.7742578292936539
        ],
        [
            0.7616475253485264,
            0.7620064302277626
        ],
        [
            0.7490650009013534,
            0.74939462781016
        ],
        [
            0.7361946606702158,
            0.7364931694173596
        ],
        [
            0.7230447929866667,
            0.7233836710406926
        ],
        [
            0.7096875822817508,
            0.710044430171162
        ],
        [
            0.696154546437033,
            0.6965321459111948
        ],
        [
            0.6825077228334627,
            0.6828540824115318
        ],
        [
            0.668730106596019,
            0.6690943901242065
        ],
        [
            0.6548738709518703,
            0.6552593877342873
        ],
        [
            0.6410192631449991,
            0.6413289220744867
        ],
        [
            0.6271199291258801,
            0.6273992322115474
        ],
        [
            0.6131988794013614,
            0.6134973795911162
        ],
        [
            0.5993252304388603,
            0.5996012904880293
        ],
        [
            0.5854801511521567,
            0.5857730515512557
        ],
        [
            0.571700789345153,
            0.5720131234892798
        ],
        [
            0.5580274916106596,
            0.558320002113628
        ],
        [
            0.5444565155079432,
            0.5447289939034233
        ],
        [
            0.5309907475367037,
            0.5312768484508199
        ],
        [
            0.5176526499911283,
            0.5179533907574371
        ],
        [
            0.5044775132926328,
            0.5047564186006863
        ],
        [
            0.4914416138058922,
            0.4917334965841577
        ],
        [
            0.4785883935103314,
            0.4788614408900118
        ],
        [
            0.46589512305143527,
            0.4661809511323748
        ],
        [
            0.4534188537886253,
            0.453666590165248
        ],
        [
            0.44110340329440445,
            0.4413622207055273
        ],
        [
            0.42900147978161257,
            0.4292416598820253
        ],
        [
            0.41710511858276766,
            0.41732490476540773
        ],
        [
            0.4054158229977781,
            0.40561817948059187
        ],
        [
            0.39392685341470035,
            0.39413794775761446
        ],
        [
            0.3826692435632531,
            0.3828620042644168
        ],
        [
            0.37161691845077244,
            0.37181783745351327
        ],
        [
            0.36079766922763906,
            0.360985375082095
        ],
        [
            0.3501921704327326,
            0.35038512149590606
        ],
        [
            0.3398115412210849,
            0.3400090739718512
        ],
        [
            0.32967610498410727,
            0.32983972134663997
        ],
        [
            0.3197585198470576,
            0.31990658172265335
        ],
        [
            0.3100468287887087,
            0.31021419882852963
        ],
        [
            0.30056833094320057,
            0.30073827059129815
        ],
        [
            0.29133051944454924,
            0.29146933065072866
        ],
        [
            0.28230061317273714,
            0.2824369824075399
        ],
        [
            0.27349643955146674,
            0.2736251618966786
        ],
        [
            0.26490918077871883,
            0.2650321294743056
        ],
        [
            0.25653270364057873,
            0.2566602337508852
        ],
        [
            0.24836678336431733,
            0.2485081620108943
        ],
        [
            0.24042128715244698,
            0.24055858642086286
        ],
        [
            0.23269437103177187,
            0.23281223525601835
        ],
        [
            0.22517407180805096,
            0.22527549122712326
        ],
        [
            0.21784691850402987,
            0.21795525765243487
        ],
        [
            0.21071316775017362,
            0.21083520846130474
        ],
        [
            0.20378080570998852,
            0.20389045498919153
        ],
        [
            0.19704160738924414,
            0.19715465864061416
        ],
        [
            0.19049266186720049,
            0.19060940736051366
        ],
        [
            0.18414192781320438,
            0.18424071307773104
        ],
        [
            0.17797525501859512,
            0.17805652500387836
        ],
        [
            0.17197715943849265,
            0.17206129117295024
        ],
        [
            0.16615098430106956,
            0.16624647268372805
        ],
        [
            0.1605045436918448,
            0.16059832962516357
        ],
        [
            0.1550237010821662,
            0.15511977109882244
        ],
        [
            0.1497210760228268,
            0.14979342962748207
        ],
        [
            0.1445721305006136,
            0.14463611120413175
        ],
        [
            0.13957631456545552,
            0.13964001601077303
        ],
        [
            0.13473117547571928,
            0.13480123271119684
        ],
        [
            0.13003916084432723,
            0.13010930056729955
        ],
        [
            0.12549979308140544,
            0.1255576775204506
        ],
        [
            0.12109904364565698,
            0.1211537177683566
        ],
        [
            0.11683710601847357,
            0.11688917550718403
        ],
        [
            0.11270739839300346,
            0.1127642924870806
        ],
        [
            0.10871197040502896,
            0.10877068318383006
        ],
        [
            0.10484238658346455,
            0.10490555765995004
        ],
        [
            0.1011080915087825,
            0.10116018155331195
        ],
        [
            0.09749225153314825,
            0.09753990283107393
        ],
        [
            0.09399115935596779,
            0.09403550930992823
        ],
        [
            0.09060501695109188,
            0.0906502358375565
        ],
        [
            0.08733232439172586,
            0.0873764322198462
        ],
        [
