{
    "ndata": 2.4025259017944336,
    "start": 0,
    "stop": 10,
    "rtol": 0.001,
    "integrals": [
        [
            0.7452192337555716,
            0.7455664528126305
        ],
        [
            0.7631915445014446,
            0.7635169477850922
        ],
        [
            0.7801896970953145,
            0.7805816133107529
        ],
        [
            0.7962844894817691,
            0.796657126932313
        ],
        [
            0.8113384313704338,
            0.8117699902470177
        ],
        [
            0.8254455449002515,
            0.8257991141354245
        ],
        [
            0.8384678011568392,
            0.8388071611862923
        ],
        [
            0.8504174392002456,
            0.8508120206242771
        ],
        [
            0.8613480412822878,
            0.8617033458491474
        ],
        [
            0.8712149551878393,
            0.8715430902133587
        ],
        [
            0.8799927489889533,
            0.8803577908809076
        ],
        [
            0.8877422088828356,
            0.8880911982063318
        ],
        [
            0.8944371141209254,
            0.8947938520610488
        ],
        [
            0.9001060987487784,
            0.9004707713357842
        ],
        [
            0.904765394097866,
            0.9051408274000343
        ],
        [
            0.9084798585185263,
            0.908799053616711
        ],
        [
            0.9111818220043602,
            0.9115177740179972
        ],
        [
            0.9129438482532671,
            0.9132967027364772
        ],
        [
            0.9137883559481158,
            0.9141622468304254
        ],
        [
            0.9137478272988013,
            0.9141445399703688
        ],
        [
            0.9128522327212559,
            0.9132717864518722
        ],
        [
            0.9111278448975024,
            0.9115735320701748
        ],
        [
            0.9086494761429637,
            0.909045597917005
        ],
        [
            0.905419801923024,
            0.9057596314902028
        ],
        [
            0.9014181799715011,
            0.9017769550136755
        ],
        [
            0.8967207217419509,
            0.8971016994801353
        ],
        [
            0.8913623841700623,
            0.8917655646042566
        ],
        [
            0.8853750227675925,
            0.8858017148591133
        ],
        [
            0.8788269302558168,
            0.8792383683567389
        ],
        [
            0.871684738535346,
            0.8721211887488959
        ],
        [
            0.8640524532272359,
            0.8644381111297417
        ],
        [
            0.8559264333098613,
            0.8562590080130826
        ],
        [
            0.8472995543755679,
            0.8476502391270233
        ],
        [
            0.8382390846873089,
            0.8386082164809081
        ],
        [
            0.8287727012327808,
            0.8291643123797656
        ],
        [
            0.8189345937565333,
            0.8193502760069215
        ],
        [
            0.8088147796291715,
            0.8091341637104674
        ],
        [
            0.7983208586807852,
            0.7986583208971372
        ],
        [
            0.7875392257860306,
            0.7878962065431658
        ],
        [
            0.7764980163325045,
            0.7768745156304226
        ],
        [
            0.7652199250908767,
            0.7656185201175647
        ],
        [
            0.7537312038076692,
            0.7541546309056703
        ],
        [
            0.7420958335354407,
            0.7424843729080659
        ],
        [
            0.7302610752744524,
            0.7306713218300978
        ],
        [
            0.7183428034565541,
            0.7186642676446645
        ],
        [
            0.7062522991161324,
            0.7065907405372241
        ],
        [
            0.6940630673817911,
            0.6944193042475488
        ],
        [
            0.6817936635965882,
            0.6821709513958806
        ],
        [
            0.6694642739593056,
            0.6698631589686015
        ],
        [
            0.6571229157664027,
            0.6574903828758829
        ],
        [
            0.6447265596306005,
            0.6451152089333182
        ],
        [
            0.632346285687098,
            0.6327060069605532
        ],
        [
            0.619997781421208,
            0.6202956017102759
        ],
        [
            0.6076228022581976,
            0.6079359784676593
        ],
        [
            0.5952804787600878,
            0.5956102283190522
        ],
        [
            0.5829855176809103,
            0.5833318671780385
        ],
        [
            0.5707741304756506,
            0.5710911027485462
        ],
        [
            0.5586080122436748,
            0.5589419839623873
        ],
        [
            0.5465450023373427,
            0.5468508892202187
        ],
        [
            0.5345715652614261,
            0.5348523423682882
        ],
        [
            0.5226782373884896,
            0.5229733852175454
        ],
        [
            0.5109117475606252,
            0.5111847113774326
        ],
        [
            0.49924396140627364,
            0.49952927555384896
        ],
        [
            0.4876988150882068,
            0.48799870272093565
        ],
        [
            0.47630113211939373,
            0.4765802311841421
        ],
        [
            0.4650460413491412,
            0.46530133116330974
        ],
        [
            0.45391135213134737,
            0.4541784051859984
        ],
        [
            0.44292305180269265,
            0.44320282865813226
        ],
        [
            0.4321195383711207,
            0.4323470075935712
        ],
        [
            0.4214406926412288,
            0.4216783781857104
        ],
        [
            0.41095018037689013,
            0.41114314618676856
        ],
        [
            0.40059501736154157,
            0.4007954657446929
        ],
        [
            0.3904178751673067,
            0.3906110852348978
        ],
        [
            0.3803843114505522,
            0.38061054762269864
        ],
        [
            0.3705482469304436,
            0.3707527438402704
        ],
        [
            0.36087162115860294,
            0.36108000483737696
        ],
        [
            0.3513793710662837,
            0.35157086962094564
        ],
        [
            0.3420617814684928,
            0.3422345589655704
        ],
        [
            0.3329093403768656,
            0.33308410309020486
        ],
        [
            0.3239431261685856,
            0.3240991410693186
        ],
        [
            0.3151422565147883,
            0.31530024224153513
        ],
        [
            0.3065191721494612,
            0.3066770515534915
        ],
        [
            0.29807227475927434,
            0.29822827658158724
        ],
        [
            0.2898093298731961,
            0.2899496421879061
        ],
        [
            0.28171442274224356,
            0.2818494600544764
        ],
        [
            0.27379540752626746,
            0.2739208314196558
        ],
        [
            0.26603763093544075,
            0.26617657323613364
        ],
        [
            0.2584635080200185,
            0.2585971664489537
        ],
        [
            0.25105392760184014,
            0.25119272169916174
        ],
        [
            0.24381431969918987,
            0.24395187707041815
        ],
        [
            0.2367543619997886,
            0.23687831649585192
        ],
        [
            0.22984556582126267,
            0.2299673537310961
        ],
        [
            0.22309238329117295,
            0.223224059284327
        ],
        [
            0.2165221551951558,
