{
    "yield_post": 25.233280637936552,
    "error_post": 3.624031162536296
}