{
    "start": 10,
    "stop": 60,
    "anchors": [],
    "levels": [
        108.20124380960418,
        107.5494674697564,
        106.9275759472471,
        106.33400688288796,
        105.76729366353561,
        105.22606240679343,
        104.70908811992435,
        104.21524933385805,
        103.74345228041756,
        103.29261923779822,
        102.86176448571427,
        102.44992399340657,
        102.05619481873927,
        101.67972495436135,
        101.3197057828076,
        100.97537953893467,
        100.64602709016252,
        100.3309699157551,
        100.02956885484633,
        99.74121226625493,
        99.46533667140908,
        99.20142088805866,
        98.94896532156123,
        98.70748986993611,
        98.47653819963844,
        98.25567285427896,
        98.04447675185594,
        97.84255187006863,
        97.64952040015928,
        97.46502215466282,
        97.28871708945886,
        97.1202828849579,
        96.95941586380431,
        96.80583094939448,
        96.6592620867477,
        96.51948119022714,
        96.38627788535366,
        96.25944377268178,
        96.1387767996381,
        96.02408320747884,
        95.9151818911973,
        95.81190574603528,
        95.71409801062808,
        95.62161416481248,
        95.53431378804936,
        95.45205814303236,
        95.37470951296737,
        95.30212841228766,
        95.23417590260486,
        95.1707143447332,
        95.1116080041988,
        95.05672631955653,
        95.00594337651495,
        94.95913932454836,
        94.91620081561315,
        94.87702124364333,
        94.84150032821691,
        94.80954458635563,
        94.78106640977073,
        94.75598398997101,
        94.73422070170943,
        94.71570463233803,
        94.70036761240667,
        94.68814544808387,
        94.67897672963555,
        94.67280262471704,
        94.66956640301922,
        94.66921302184642,
        94.67168881803433,
        94.67694104039361,
        94.68491807688882,
        94.69556832749194,
        94.70884029706362,
        94.72468441866064,
        94.74305002435915,
        94.76388558055216,
        94.78714158589952,
        94.81276701508605,
        94.84071141552425,
        94.87092391860216,
        94.9033533876503,
        94.93794888779668,
        94.97465922633613,
        95.01343277288603,
        95.05421846297055,
        95.09696464384066,
        95.141619804211,
        95.18813242574775,
        95.23645106175898,
        95.2865244113708,
        95.338301375486,
        95.39173103574018,
        95.4467629975146,
        95.50334810542216,
        95.56143648811303,
        95.6209801918572,
        95.68193165259441,
        95.74424561406411,
        95.8078774628517,
        95.87278461653308,
        95.93892651484879,
        96.00626486758897,
        96.07476354131178,
        96.14439004991752,
        96.21511350375067,
        96.28690714895563,
        96.35974630378357,
        96.4336094158113,
        96.50847765497932,
        96.58433424296246,
        96.66115774418071,
        96.73892276224373,
        96.81760455673691,
        96.89717914283936,
        96.97762326818713,
        97.05891438785335,
        97.14103063810596,
        97.2239508141427,
        97.30765435926423,
        97.39212132058756,
        97.47733233884892,
        97.56326862900292,
        97.64991196537099,
        97.73724467039638,
        97.82524960728362,
        97.91391017653459,
        98.00321031638184,
        98.09313450650306,
        98.18366777455806,
        98.27479570457285,
        98.36650444613541,
        98.45878072302222,
        98.5516118402085,
        98.64498568752296,
        98.7388907392504,
        98.83331604829212,
        98.92825123460874,
        99.02368646746721,
        99.1196124418474,
        99.2160203494071,
        99.31290184501327,
        99.41024900988938,
        99.50805431259829,
        99.60631056066649,
        99.70500990994108,
        99.80414292432809,
        99.90370014147219,
        100.00367227006996,
        100.10405018600369,
        100.20482492874035,
        100.30598769792313,
        100.4075298501414,
        100.50944289590535,
        100.61171849669347,
        100.71434846220595,
        100.81732474763555,
        100.92063945112857,
        101.02428481123351,
        101.12825320451157,
        101.23253714316476,
        101.33712927270318,
        101.44202236973175,
        101.54720933972638,
        101.65268321487626,
        101.75843715196476,
        101.8644644302802,
        101.97075844958111,
        102.07731272805606,
        102.1841209003615,
        102.29117671563986,
        102.39847403561701,
        102.50600683268252,
        102.6137691880216,
        102.72175528974307,
        102.82995943110147,
        102.9383760086526,
        103.04699952050055,
        103.15582456455563,
        103.26484583676626,
        103.37405812948339,
        103.48345632971981,
        103.59303541754127,
        103.70279046441291,
        103.81271663159168,
        103.92280916856535,
        104.0330634114687,
        104.14347478157347,
        104.25403878374757,
        104.36475100499437,
        104.4756071129734,
        104.58660285454472,
        104.69773405439054,
        104.80899661358104,
        104.92038650821843,
        105.03189978807538,
        105.14353257528003,
        105.25528106299386,
        105.36714151414247,
        105.47911026014152,
        105.59118369967135,
        105.70335829742419
    ]
}