{
    "yield_linear": 26.655726939378468,
    "error_linear": 4.683630050189448,
    "error_log": 0.17570820937808784
}