{
    "yield_pre": 43.157345799473774,
    "error_pre": 11.274497873709985
}