{
    "yield_post": 22.411659348350224,
    "error_post": 4.7229788260341685
}