{
    "start": 0,
    "stop": 80,
    "levels": [
        48.572607506147875,
        48.508349201537214,
        48.44575001711897,
        48.38481107412272,
        48.32553298215103,
        48.26791669507328,
        48.21196266935121,
        48.1576708314873,
        48.10504148965079,
        48.05407424500487,
        48.0047689281037,
        47.95712484918275,
        47.91114156971983,
        47.866817532208735,
        47.82415222193509,
        47.783144214828674,
        47.74379203034388,
        47.706094106210315,
        47.6700484267362,
        47.63565324380322,
        47.602906388066216,
        47.57180584751424,
        47.54234829320377,
        47.514532063134325,
        47.48835409431658,
        47.46381161203639,
        47.44090124886176,
        47.419620133955085,
        47.3999647943978,
        47.38193191645693,
        47.36551804590839,
        47.35071883553634,
        47.337531024180706,
        47.325950748911566,
        47.315973328782235,
        47.307595145024905,
        47.30081169237023,
        47.29561862413322,
        47.29201122115278,
        47.28998545273375,
        47.28953562939076,
        47.29065759356202,
        47.293346139567305,
        47.29759636475755,
        47.303403336195814,
        47.31076176315232,
        47.319666449047766,
        47.33011184370899,
        47.34209288600722,
        47.3556033743163,
        47.3706389071391,
        47.387192454662184,
        47.4052592004258,
        47.42483330610702,
        47.44590889830492,
        47.468479969577665,
        47.49254062235464,
        47.51808519409754,
        47.545107099064424,
        47.57360016379131,
        47.6035588316263,
        47.634976851350565,
        47.667847744954315,
        47.702164871058756,
        47.73792266262002,
        47.775114750772396,
        47.81373423934382,
        47.853774793052985,
        47.89523046168517,
        47.93809427476657,
        47.98235974188824,
        48.02802086540281,
        48.075070970124344,
        48.123503086539905,
        48.17331109467559,
        48.22448819369235,
        48.277027714220466,
        48.33092325884668,
        48.38616807603012,
        48.44275557000228,
        48.50067909879304,
        48.559932011103534,
        48.62050765181107,
        48.68239931903139,
        48.74560041819919,
        48.81010474829449,
        48.87590471832958,
        48.94299355439398,
        49.01136626568439,
        49.081013907318365,
        49.15193158082794,
        49.22411209353192,
        49.297548780669445,
        49.372235010756555,
        49.44816417498386,
        49.52532958371761,
        49.603724915994334,
        49.68334338456529,
        49.76417793850069,
        49.84622276097821,
        49.929471031228964,
        50.01391622624084,
        50.09955183200223,
        50.1863715916607,
        50.27436862092784,
        50.36353663073143,
        50.45386918053547,
        50.545359847678085,
        50.63800157767918,
        50.73178922193256,
        50.826715852758305,
        50.922775137951916,
        51.019960768054915,
        51.11826645724486,
        51.21768506064731,
        51.31821181390942,
        51.41983984487635,
        51.52256295667091,
        51.62637497784179,
        51.7312691518213,
        51.83724050373723,
        51.94428240375213,
        52.052388785101144,
        52.16155360788379,
        52.271770859331184,
        52.38303455405375,
        52.495338734269374,
        52.60867747001609,
        52.72304520823945,
        52.838435449858345,
        52.95484263870142,
        53.07226027098429,
        53.190683810381884,
        53.31010691768259,
        53.43052386186501,
        53.55192894078623,
        53.67431648124621,
        53.79768083903687,
        53.92201639898131,
        54.04731757496164,
        54.17357880993927,
        54.30079457597135,
        54.428959374224924,
        54.55806773499636,
        54.68811421774011,
        54.81909279875421,
        54.950999198434076,
        55.08382754879997,
        55.21757252104377,
        55.35222881472593,
        55.48779115761724,
        55.62425430566697,
        55.76161304294613,
        55.89986218161049,
        56.03899656188668,
        56.17901105129501,
        56.31990054648884,
        56.46165997207573,
        56.60428428084223,
        56.747768454006575,
        56.89210750135402,
        57.03729640106561,
        57.18333035790676,
        57.33020428641801,
        57.477912868555734,
        57.62645232358433,
        57.775817308646694,
        57.92600339558256,
        58.0770051756198,
        58.22881823646168,
        58.38143736698817,
        58.534858929357696,
        58.689077821547826,
        58.84408945745232,
        58.99988928896777,
        59.15647280396985,
        59.313835532162244,
        59.471973042138075,
        59.63088093950293,
        59.79055486529165,
        59.95099050220212,
        60.11218329655421,
        60.2741291829544,
        60.436824446454324,
        60.600264211102385,
        60.76444408697454,
        60.929360957426184,
        61.09500959820997,
        61.26138692822547,
        61.42848845148532,
        61.596310067507275,
        61.76484805834774,
        61.93409852009076,
        62.10405748151632,
        62.27472098885522,
        62.446085340259884,
        62.61814674834736,
        62.790901181511444,
        62.964345404186766,
        63.138474684219105,
        63.31328664878181
    ]
}