{
    "yield_post": 7.337813015233305,
    "error_post": 1.203655683977829
}