{
    "yield_post": 535.448945916346,
    "error_post": 18.63238319186672
}