{
    "start": 400,
    "stop": 700,
    "levels": [
        60.11026510218642,
        58.718821917464105,
        57.419372384179354,
        56.20837641965182,
        55.082432040584614,
        54.03815260278941,
        53.071863630476756,
        52.18014511549554,
        51.36015356068408,
        50.609223093218986,
        49.92494792608921,
        49.305160318801306,
        48.74750823985538,
        48.24810911371877,
        47.80447227352086,
        47.41637138236861,
        47.08317939330637,
        46.803412518531694,
        46.575095986924154,
        46.396019319757045,
        46.26381696262946,
        46.1759425335484,
        46.129608231215784,
        46.12176103894648,
        46.14916642602096,
        46.20864659309028,
        46.29743261916764,
        46.413465602714574,
        46.555470019336205,
        46.72278406657465,
        46.91508159339389,
        47.13211569893379,
        47.373526866410884,
        47.63867489448734,
        47.92640302752906,
        48.235495880795156,
        48.56518407291277,
        48.9147080656327,
        49.283264469857365,
        49.670005831802314,
        50.0741813551824,
        50.495056982605874,
        50.93190852249988,
        51.384028802243,
        51.85072933390225,
        52.331341072864376,
        52.82521267405747,
        53.33170097659673,
        53.85013982972865,
        54.379854718171735,
        54.920169554617104
    ]
}