{
    "start": 0,
    "stop": 150,
    "levels": [
        50.181015925086704,
        50.18649265760742,
        50.19798999485984,
        50.215618228841066,
        50.239443668514475,
        50.26956630219493,
        50.3060571978497,
        50.348987088320214,
        50.39842214881142,
        50.45442340871426,
        50.51704768011927,
        50.58634873170357,
        50.6623757247652,
        50.745169222282506,
        50.834777188611305,
        50.93125026436064,
        51.03460435858946,
        51.1448918970992,
        51.2621252990824,
        51.386338476862846,
        51.51763008676045,
        51.65593009434026,
        51.801336387740065,
        51.95368098156438,
        52.113296813456685,
        52.279923369415684,
        52.45374190809272,
        52.63469389551594,
        52.822794420019136,
        53.01802607024717,
        53.2203947517196,
        53.42989550503106,
        53.646474635835865,
        53.87014163870302,
        54.10087149044045,
        54.338650779591575,
        54.58346919832528,
        54.83532021057081,
        55.09425016644842,
        55.36026550150574,
        55.6334849207241,
        55.913929941092974,
        56.201625644791044,
        56.496601286158636,
        56.79886020354325,
        57.108438238450546,
        57.425238114027735,
        57.74937409699613,
        58.08087793071268,
        58.4196536530104,
        58.765728369685164
    ]
}