{
    "yield_pre": 5.976558791835172,
    "error_pre": 1.7000367220756287
}