{
    "nbins": 50,
    "range_": [
        0.0,
        50.0
    ],
    "nburnin": 100,
    "nsamples": 100000,
    "nrepeats": 100,
    "seed": 0,
    "step_size": 0.2,
    "prob_eye": 0.1,
    "yields": [
        0,
        1,
        2227,
        61955,
        418864,
        1148532,
        1675865,
        1674657,
        1329275,
        955791,
        640071,
        428981,
        293779,
        210238,
        145148,
        108612,
        81858,
        63595,
        53139,
        42571,
        36236,
        32245,
        27013,
        22636,
        22081,
        18237,
        16980,
        16100,
        14391,
        13173,
        11757,
        11145,
        10120,
        9823,
        9030,
        9061,
        8032,
        7446,
        6993,
        6924,
        6528,
        8271,
        5905,
        5729,
        5468,
        5301,
        5171,
        4903,
        4668,
        4551
    ],
    "errors": [
        0.0,
        0.9949874371066199,
        1066.134001896572,
        6512.806825785643,
        3588.5109781077726,
        4478.433851247554,
        5097.995954294197,
        6246.11147114747,
        4435.935386138982,
        10126.15732595539,
        2730.4769894653937,
        2027.0464696202698,
        1862.078030051372,
        6257.365704511765,
        1272.2652868014595,
        1536.4057276644085,
        755.2723747099452,
        589.6106766333188,
        1320.5437478554054,
        379.4029388394349,
        531.1356135677592,
        1495.2728011971594,
        318.2598152453432,
        268.5014711319103,
        1269.802106629218,
        202.68524859989196,
        186.49932975750883,
        829.9168633061988,
        232.12537560551195,
        334.20608911269096,
        183.94159399113624,
        283.21149341084305,
        127.96874618437114,
        237.0057172306187,
        201.14422686221943,
        451.53935598129203,
        141.6889551094227,
        154.0222061911853,
        116.16587278542694,
        160.89201347487702,
        137.0917940651446,
        1927.2717997210452,
        158.51419494796045,
        114.35291863350056,
        161.138946254467,
        178.4124154872637,
        151.6924190590947,
        116.16759444871015,
        108.22088523016247,
        155.52810035488764
    ]
}