{
    "nbins": 50,
    "range_": [
        0.0,
        50.0
    ],
    "nburnin": 100,
    "nsamples": 100000,
    "nrepeats": 100,
    "seed": 0,
    "step_size": 0.1,
    "prob_eye": 0.01,
    "yields": [
        0,
        0,
        1752,
        73025,
        428358,
        1155175,
        1676428,
        1669554,
        1332109,
        945025,
        642414,
        429098,
        291148,
        203704,
        144091,
        107326,
        81581,
        64654,
        52463,
        43189,
        35496,
        31147,
        26887,
        23199,
        20974,
        19297,
        16999,
        16001,
        13892,
        12958,
        11827,
        11094,
        10213,
        9584,
        9112,
        8359,
        8025,
        7481,
        7263,
        6793,
        6489,
        6185,
        5832,
        5591,
        5702,
        5113,
        4917,
        4762,
        4541,
        4818
    ],
    "errors": [
        0.0,
        0.0,
        470.74723578583024,
        18011.792491309687,
        6418.539114159857,
        6149.83030253681,
        7646.426234522896,
        6397.699339606387,
        5254.367344409791,
        3400.815894752317,
        2889.049331527587,
        2215.965694680312,
        2000.1337355287021,
        1511.9754759915916,
        1256.9153471893005,
        1053.812715808649,
        731.4324233994552,
        967.4062435192365,
        631.3773119141991,
        599.8298008602106,
        317.3733448164795,
        315.9128202526767,
        399.01291959033097,
        303.10887482883106,
        287.63386448747644,
        500.68444153977845,
        254.82344868555566,
        755.16553814379,
        170.64981687654983,
        176.86254549790917,
        147.59983062320902,
        192.18126859816488,
        178.94499154768204,
        125.95014886851067,
        233.05055245589958,
        139.9292321139511,
        117.39143921087262,
        123.85229105672613,
        140.9017742968484,
        117.45854587896103,
        119.05372736710093,
        115.76160848917053,
        109.64378687367558,
        86.9263481344983,
        138.2170756455222,
        87.75710797422622,
        78.44813573310715,
        103.09975751668865,
        91.60889694784015,
        428.432911901035
    ]
}