{
    "ndata": 19.16020107269287,
    "start": 0,
    "stop": 30,
    "rtol": 0.001,
    "integrals": [
        [
            0.7907586656567306,
            0.7910665876824713
        ],
        [
            0.7920525349132045,
            0.7923656957553488
        ],
        [
            0.7927550592976171,
            0.7930321320704026
        ],
        [
            0.7928247195650406,
            0.7931070849470816
        ],
        [
            0.792283560498413,
            0.7925724545997551
        ],
        [
            0.7911357292381749,
            0.7914341860424257
        ],
        [
            0.7893831008091039,
            0.7896933265267165
        ],
        [
            0.7870331853172076,
            0.7873565730641697
        ],
        [
            0.7840963795289595,
            0.7844332953189654
        ],
        [
            0.7805821260526978,
            0.7809329774479095
        ],
        [
            0.7765203042100104,
            0.7768457345495131
        ],
        [
            0.7718794845400685,
            0.7722209379378947
        ],
        [
            0.7667131084570229,
            0.767033458260241
        ],
        [
            0.7609994417732014,
            0.7613356887150989
        ],
        [
            0.7547885726377985,
            0.755103836983491
        ],
        [
            0.7480713994666736,
            0.7483838190616038
        ],
        [
            0.7408638256977625,
            0.7411919420139951
        ],
        [
            0.7331900333801665,
            0.7335358040256426
        ],
        [
            0.7250891756436161,
            0.7254179320696414
        ],
        [
            0.7165622701642018,
            0.7168729605680084
        ],
        [
            0.7076135493838372,
            0.707939697983448
        ],
        [
            0.6982979334796606,
            0.6986051344692886
        ],
        [
            0.688617476697845,
            0.6889065499097903
        ],
        [
            0.6785751867987768,
            0.678879297129376
        ],
        [
            0.668228747239762,
            0.668515786932337
        ],
        [
            0.6575683270893087,
            0.6578688034292413
        ],
        [
            0.6466308620623595,
            0.6469462868845769
        ],
        [
            0.6354529752631307,
            0.6357527116351671
        ],
        [
            0.624025204810031,
            0.6243406715132169
        ],
        [
            0.6124020703156765,
            0.6127033409286547
        ],
        [
            0.6006056106275361,
            0.6008657473557074
        ],
        [
            0.5886222364766196,
            0.5888803843521699
        ],
        [
            0.576487889736572,
            0.5767574347810442
        ],
        [
            0.5642405545931983,
            0.5644980226859985
        ],
        [
            0.5518781889536953,
            0.552148297048394
        ],
        [
            0.5394469564679754,
            0.5397053532834981
        ],
        [
            0.5269534720341997,
            0.5272000840353646
        ],
        [
            0.514419088987457,
            0.514653386318107
        ],
        [
            0.5018613461495212,
            0.5020820390268825
        ],
        [
            0.4892868691273103,
            0.489517424185464
        ],
        [
            0.476726426459652,
            0.4769668506875691
        ],
        [
            0.46419703602036055,
            0.46444741105891274
        ],
        [
            0.45171530080736544,
            0.45197601526810754
        ],
        [
            0.4393053994931371,
            0.4395576534110334
        ],
        [
            0.4269828932532071,
            0.42720763812490775
        ],
        [
            0.41476877200101686,
            0.4149374586511415
        ],
        [
            0.40262992256752556,
            0.4028051142453127
        ],
        [
            0.39061110546303157,
            0.39079301524592186
        ],
        [
            0.3787244200074603,
            0.3789128079113869
        ],
        [
            0.3669798896422787,
            0.3671761458336635
        ],
        [
            0.35539005925654055,
            0.35559489272630285
        ],
        [
            0.3439646018765396,
            0.3441780126246796
        ],
        [
            0.33274995469328156,
            0.332898529998648
        ],
        [
            0.32168203595335093,
            0.32183524413490144
        ],
        [
            0.31081039463093646,
            0.31095531931086756
        ],
        [
            0.3001288930315267,
            0.3002794995233207
        ],
        [
            0.28964557432398996,
            0.2898131080587103
        ],
        [
            0.2793802242759664,
            0.2795467316918917
        ],
        [
            0.26934148770293964,
            0.26948029948305485
        ],
        [
            0.25951104396483005,
            0.25964262857161524
        ],
        [
            0.24990247220059453,
            0.25002756727120057
        ],
        [
            0.2405141266460685,
            0.24064227077182893
        ],
        [
            0.23135346477454752,
            0.23148457291096142
        ],
        [
            0.22242250388835053,
            0.22255657320839284
        ],
        [
            0.2137257003612668,
            0.21385488620149076
        ],
        [
            0.20526901253245117,
            0.20537729155414916
        ],
        [
            0.1970367108863442,
            0.1971395909602379
        ],
        [
            0.1890363705077199,
            0.1891340615180335
        ],
        [
            0.1812649822592727,
            0.18136123301498336
        ],
        [
            0.17372538085662867,
            0.1738175790607569
        ],
        [
            0.16641515937516202,
            0.16650326071096969
        ],
        [
            0.15933226180220034,
            0.15941578058629355
        ],
        [
            0.1524747239058166,
            0.1525536288198321
        ],
        [
            0.14583705632129848,
            0.1459166054887067
        ],
        [
            0.1394192629765231,
            0.13949989009963842
        ],
        [
            0.13322311297931522,
            0.1332956055004211
        ],
        [
            0.12723850169124007,
            0.12730757663123557
        ],
        [
            0.12146397537961164,
            0.12152953719366101
        ],
        [
            0.115894327352465,
            0.11596001103839661
        ],
        [
            0.11052836472998194,
            0.11059219876798601
        ],
        [
            0.10536370676021313,
            0.10542088733780253
        ],
        [
            0.10039169925268825,
            0.10044598328731875
        ],
        [
            0.09560985963101154,
            0.09566127154508795
        ],
        [
            0.0910153114919602,
            0.0910609903753199
        ],
        [
            0.08659937464971741,
            0.08664486936001133
        ],
        [
            0.08236003193008096,
            0.08240564949986065
        ],
        [
            0.07829405401382812,
            0.07833734963676085
        ],
        [
            0.07439670087914842,
            0.07443535330273485
        ],
        [
            0.07066098787058676,
            0.07069732628311277
        ],
        [
            0.06708294131587139,
            0.06711773870137047
        ],
        [
            0.06365765378346579,
            0.0636922616687977
        ],
        [
            0.06038166755509966,
            0.0604143850360176
        ],
        [
            0.05724973068704123,
            0.057280566175932295
        ],
        [
