{
    "yield_post": 1.0942172455815042,
    "error_post": 0.28026714503547523
}