{
    "yield_pre": 1.1792437936230917,
    "error_pre": 0.3229702192102634
}