{
    "start": 120,
    "stop": 300,
    "anchors": [],
    "levels": [
        133.2834337377684,
        132.94084907992067,
        132.6040034566742,
        132.27284003412427,
        131.9473019730907,
        131.62733295233036,
        131.31287649576922,
        131.00387596234296,
        130.70027503616166,
        130.40201721290433,
        130.109046198788,
        129.82130575181043,
        129.53873973122165,
        129.26129206747976,
        128.98890689000558,
        128.72152820430352,
        128.45910052793568,
        128.20156805806366,
        127.94887548611422,
        127.70096762587599,
        127.45778931337568,
        127.21928588624154,
        126.98540189488011,
        126.75608349696148,
        126.5312761483056,
        126.31092584243943,
        126.09497923347425,
        125.88338134752166,
        125.67607958564594,
        125.47302149001322,
        125.27415414480987,
        125.07942531568955,
        124.88878308248643,
        124.70217599043517,
        124.51955303589061,
        124.34086364070407,
        124.1660576652608,
        123.99508571199655,
        123.82789860872847,
        123.66444813718067,
        123.50468649882153,
        123.34856590709649,
        123.19604103596487,
        123.04706540091193,
        122.901594290274,
        122.75958355412112,
        122.62099043660164,
        122.48577276244072,
        122.35388962747955,
        122.22530139743073,
        122.099969679058,
        121.97785759797735,
        121.85892980087647,
        121.74315258683635,
        121.63049399786121,
        121.52092385990757,
        121.41441375100513,
        121.31093737422995,
        121.21046995880835,
        121.11298877248804,
        121.018472804471,
        120.92690240021841,
        120.83825959470842,
        120.7525280187493,
        120.66969227210578,
        120.58973774032327,
        120.51265103396963,
        120.43841931787308,
        120.3670302149161,
        120.2984717634136,
        120.23273206812515,
        120.16979949817697,
        120.10966234021602,
        120.05230879515057,
        119.99772690523376,
        119.94590451455619,
        119.89682920839658,
        119.85048810299433,
        119.80686821939402,
        119.76595614782815,
        119.72773810102274,
        119.69219980400328,
        119.65932703444489,
        119.62910435203695,
        119.60151695790219,
        119.5765491416416,
        119.5541851334925,
        119.53440797785082,
        119.5172015695028,
        119.50254870339302,
        119.49043276976374,
        119.48083608556774,
        119.47374103755068,
        119.46912991528174,
        119.46698444154069,
        119.46728650964596,
        119.47001806030381,
        119.47516018084389,
        119.48269447921538,
        119.49260225022148,
        119.50486469389968,
        119.51946293181454,
        119.5363780211454,
        119.5555909667541,
        119.57708271333713,
        119.6008342304327,
        119.6268264115025,
        119.65504018216643,
        119.68545637890773,
        119.71805593049123,
        119.75281962509322,
        119.78972853105904,
        119.82876352940497,
        119.8699055844983,
        119.91313562944335,
        119.9584347582798,
        120.00578399191859,
        120.05516444649265,
        120.10655725161752,
        120.15994366007759,
        120.21530488509697,
        120.27262228574483,
        120.33187720804425,
        120.39305108048059,
        120.45612547319607,
        120.52108189126713,
        120.58790205405687,
        120.65656772666213,
        120.7270606920419,
        120.79936288853027,
        120.87345633124121,
        120.94932313642371,
        121.02694552838896,
        121.10630583591401,
        121.18738650938485,
        121.27017012344632,
        121.3546393935197,
        121.44077711329673,
        121.52856629056522,
        121.61799001634392,
        121.70903156097245,
        121.80167434222498,
        121.89590194821271,
        121.99169813064243,
        122.08904678399841,
        122.18793201784987,
        122.2883380797713,
        122.39024956782326,
        122.49365057981161,
        122.59852644697123,
        122.70486182855456,
        122.81264197412813,
        122.92185215776331,
        123.0324778450915,
        123.14450472131784,
        123.25791853814687,
        123.37270529742088,
        123.4888511392688,
        123.60634232078374,
        123.72516546677053,
        123.84530679970229,
        123.96675334358673,
        124.0894918652526,
        124.21350942426321,
        124.33879314801081,
        124.46533024010361,
        124.59310819057144,
        124.72211436158616,
        124.85233643572576,
        124.98376214229812,
        125.11637930804083,
        125.25017583901774,
        125.38513986393298,
        125.52125963060341,
        125.65852305884474,
        125.79691862101747,
        125.93643505036016,
        126.0770605200724,
        126.21878360955628,
        126.36159332497267,
        126.50547829777497,
        126.65042747632441,
        126.79642997179681,
        126.94347465422624,
        127.091550814726,
        127.24064771015574,
        127.3907547290853,
        127.54186134812142,
        127.69395714639683,
        127.84703184911143,
        128.00107518693034,
        128.1560770847345,
        128.3120275498214,
        128.46891671782444,
        128.6267348378281,
        128.7854722803847,
        128.94511965340533,
        129.10566739993942,
        129.26710636846343,
        129.4294274608725,
        129.59262172346976
    ]
}