{
    "yield_linear": 204.9389982621513,
    "error_linear": 18.21727860134883,
    "error_log": 0.08889122497830249
}