{
    "yield_linear": 204.90519241628218,
    "error_linear": 15.425629944801665,
    "error_log": 0.07528179136360388
}