{
    "start": 0,
    "stop": 200,
    "levels": [
        124.72577760355102,
        124.64582186210811,
        124.56790109379848,
        124.49201870139862,
        124.41817858702846,
        124.34638445278568,
        124.27663949787993,
        124.20894690385495,
        124.14330975303892,
        124.07973039243387,
        124.01821244982571,
        123.95875772452956,
        123.90136839018463,
        123.84604762461593,
        123.79279692893748,
        123.74161822914743,
        123.69251360200875,
        123.64548423586908,
        123.60053221681044,
        123.557658596051,
        123.51686467298393,
        123.47815133279005,
        123.44151954261069,
        123.40697037087783,
        123.37450436761958,
        123.34412194730689,
        123.31582394908693,
        123.28960969425285,
        123.26547987680377,
        123.24343414076048,
        123.22347287614026,
        123.20559586265797,
        123.18980184252598,
        123.17609022796708,
        123.16446127109216,
        123.15491349300777,
        123.14744629412156,
        123.14205796350497,
        123.13874766940623,
        123.1375141728079,
        123.13835524836833,
        123.14127001469255,
        123.14625644708994,
        123.15331185087257,
        123.16243498372786,
        123.1736236967943,
        123.18687525265388,
        123.20218694354121,
        123.21955647719875,
        123.23898112241991,
        123.26045785331566,
        123.28398353774172,
        123.30955506303152,
        123.33716910272668,
        123.36682219768124,
        123.3985107369249,
        123.43223088253656,
        123.46797894141551,
        123.50575095016173,
        123.54554257860892,
        123.58734987070942,
        123.63116892560618,
        123.67699408893768,
        123.72482205223145,
        123.77464791856028,
        123.8264669086089,
        123.88027441112932,
        123.93606569742228,
        123.99383512847766,
        124.0535791162003,
        124.11529157508751,
        124.17896829407266,
        124.24460441657274,
        124.31219462410002,
        124.38173379904599,
        124.4532180125575,
        124.52664104437916,
        124.60199916044115,
        124.6792872715099,
        124.75850068495323,
        124.839634898119,
        124.92268513261106,
        125.00764739552588,
        125.09451702764083,
        125.18329013461391,
        125.27396267146389,
        125.36653073839715,
        125.46099065265463,
        125.55733867803656,
        125.65557231427687,
        125.75568675303859,
        125.8576807345659,
        125.96155005288105,
        126.06729333074915,
        126.17490706847205,
        126.28438891946328,
        126.3957375904502,
        126.5089507012097,
        126.6240264743456,
        126.74096332661534,
        126.85976033585953,
        126.9804142450874,
        127.10292590461945,
        127.22729336861403,
        127.35351552736768,
        127.48159155667071,
        127.61152024642745,
        127.74330138860344,
        127.87693423927684,
        128.01241687820135,
        128.14974996797753,
        128.2889322032073,
        128.4299630321245,
        128.57284171160433,
        128.71756753143475,
        128.86414008351016,
        129.01255832006876,
        129.1628211244195,
        129.3149280129735,
        129.46887824756232,
        129.62467030729616,
        129.78230411989227,
        129.94177815592843,
        130.1030913875906,
        130.2662426756192,
        130.4312308134936,
        130.5980545624017,
        130.76671261718187,
        130.9372032555474,
        131.109525419964,
        131.28367724033092,
        131.45965730222133,
        131.6374639528229,
        131.8170953154278,
        131.9985493874894,
        132.18182455254387,
        132.36691875013983,
        132.5538299602614,
        132.74255605650984,
        132.93309489202932,
        133.1254442062824,
        133.3196010961853,
        133.5155643983157,
        133.71333087027153,
        133.91289859614358,
        134.11426444086567,
        134.31742599537301,
        134.522380589369,
        134.72912545837355,
        134.93765780107748,
        135.1479746950468,
        135.36007335923847,
        135.57395067501875,
        135.78960367580706,
        136.007029186161,
        136.22622416987633,
        136.44718491757544,
        136.6699092044858,
        136.8943931100585,
        137.12063350992142,
        137.34862686465476,
        137.57836974135577,
        137.80985880044526,
        138.04309020403628,
        138.27806076794326,
        138.51476673230104,
        138.75320436068458,
        138.99337006325678,
        139.2352598893421,
        139.4788703243177,
        139.72419753742417,
        139.97123754572584,
        140.2199866596119,
        140.47044055790536,
        140.72259615389618,
        140.97644884498044,
        141.23199396815875,
        141.48922940673393,
        141.74814869337712,
        142.0087494881358,
        142.27102708256567,
        142.53497750345673,
        142.8005964794112,
        143.06787968657474,
        143.3368231150515,
        143.60742245826043,
        143.87967331560094,
        144.1535710713646,
        144.4291123737545,
        144.70629256488292,
        144.98510656008673,
        145.26555131928376,
        145.5476212144458,
        145.8313126301648,
        146.11662076542132,
        146.4035413272202,
        146.6920698926762,
        146.98220193102276,
        147.27393253784246,
        147.56725825814067,
        147.86217448853088
    ]
}