{
    "yield_post": 7.181193387248681,
    "error_post": 1.7604112209810114
}