{
    "start": 0,
    "stop": 40,
    "anchors": [
        36.0
    ],
    "levels": [
        75.93046782734538,
        69.38800953353609,
        69.1776233107598,
        68.97459982435649,
        68.77908351146705,
        68.5912086065391,
        68.41109851992596,
        68.2388646843039,
        68.07460612286751,
        67.91840939075121,
        67.77034732893065,
        67.63047947334384,
        67.49885079374987,
        67.37549256796306,
        67.26042154104394,
        67.15364077987881,
        67.05513796797248,
        66.96488938625956,
        66.88285700351358,
        66.808990596598,
        66.74322815106498,
        66.6854966673764,
        66.63571262736065,
        66.59378324774819,
        66.55960683437692,
        66.53307364833573,
        66.51406658348104,
        66.5024617046027,
        66.49812879841566,
        66.5009316142046,
        66.51072814229563,
        66.527370354456,
        66.55070413748322,
        66.58056834265832,
        66.61679363119568,
        66.65920030453773,
        66.70759558612589,
        66.76176803423331,
        66.82147947802339,
        66.88646036012302,
        66.95658738553496,
        67.03167090256989,
        67.11142636768716,
        67.19551342421612,
        67.28350108720058,
        67.37480189011187,
        67.46853756963412,
        67.56325198026204,
        67.65645449862072,
        67.74499765114842,
        67.82743816974042,
        67.90432097896739,
        67.97656917682114,
        68.04493110158258,
        68.10996624660264,
        68.17209764006496,
        68.23165282711822,
        68.28889287222712,
        68.34403106791028,
        68.39725975416377,
        68.44875012895861,
        68.49864776845224,
        68.5470780985739,
        68.59415013755523,
        68.63995911693145,
        68.68458956924259,
        68.72811637693948,
        68.77060656537599,
        68.81212090768346,
        68.85271360827824,
        68.89243432802185,
        68.93132848494739,
        68.96943736956666,
        69.00679893169544,
        69.04344830973925,
        69.0794177600327,
        69.11473723594241,
        69.14943452188197,
        69.18353558936468,
        69.21706460290788,
        69.25004399042807,
        69.28249512373465,
        69.31443764739942,
        69.345890201636,
        69.3768704354895,
        69.4073948069386,
        69.43747886588048,
        69.467137374765,
        69.49638433402879,
        69.52523293803702,
        69.55369571946342,
        69.58178458638557,
        69.60951089519418,
        69.63688535279,
        69.66391832322171,
        69.69061951700562,
        69.71699829781527,
        69.74306365985794,
        69.76882401602485,
        69.79428757738691,
        69.8194621579255,
        69.84435524489471,
        69.86897401760177,
        69.89332535342865,
        69.91741587730583,
        69.94125198086769,
        69.96483967872844,
        69.9881849783545,
        70.01129340939218,
        70.03417051705799,
        70.05682148520242,
        70.07925139422754,
        70.10146515429926,
        70.12346744057697,
        70.14526281565509,
        70.16685567400769,
        70.18825024698359,
        70.20945064483983,
        70.23046092175272,
        70.2512848079586,
        70.27192606760252,
        70.29238830451023,
        70.31267501029211,
        70.33278956912221,
        70.35273526225855,
        70.3725152723221,
        70.39213268734994,
        70.41159050463651,
        70.43089163437736,
        70.45003890312685,
        70.46903505708157,
        70.48788276520031,
        70.50658462217014,
        70.5251431512279,
        70.54356080684565,
        70.56183997728802,
        70.57998298704875,
        70.59799209917338,
        70.61586951747462,
        70.63361738864604,
        70.65123780428034,
        70.66873280279674,
        70.68610436061633,
        70.70335443146737,
        70.7204848872593,
        70.73749760199114,
        70.75439435583921,
        70.77117690417644,
        70.7878469605359,
        70.80440619796774,
        70.8208562503404,
        70.83719871358883,
        70.85343514691237,
        70.86956707392488,
        70.88559598375896,
        70.90152333212694,
        70.91735054234032,
        70.93307900628949,
        70.94871008538604,
        70.96424511146883,
        70.97968538767581,
        70.9950321892832,
        71.01028676451318,
        71.02545033531202,
        71.04052409809954,
        71.05550922449137,
        71.07040686199521,
        71.08521813468215,
        71.09994415209844,
        71.11458597565604,
        71.12914467242979,
        71.14362127891958,
        71.15801681134967,
        71.17233226603305,
        71.18656860285257,
        71.20072683100943,
        71.21480783913304,
        71.22881255575554,
        71.2427418651334,
        71.2565967695898,
        71.2703780004449,
        71.28408649276652,
        71.29772304217782,
        71.31128848112097,
        71.32478364594174,
        71.33820933300494,
        71.35156627587656,
        71.36485523074438,
        71.3780770475303,
        71.3912323882092,
        71.40432197527737,
        71.4173465669132,
        71.43030681468922,
        71.44320345403708,
        71.45603707821061,
        71.4688084558816,
        71.48151826347409,
        71.49416701452186,
        71.50675539264965,
        71.51928406230354,
        71.531753669685
    ]
}