{
    "yield_post": 287.87811099890126,
    "error_post": 11.278646956579585
}