{
    "start": 0,
    "stop": 7,
    "anchors": [],
    "levels": [
        147.67499357188325,
        147.50546394141296,
        147.3374872606126,
        147.17106236402887,
        147.00618917439039,
        146.84286607805126,
        146.68109294726793,
        146.52086889221707,
        146.3621928123723,
        146.20506358960452,
        146.04948079852932,
        145.895442245238,
        145.7429484860164,
        145.59199742004347,
        145.44258716039923,
        145.29471788936274,
        145.1483872167134,
        145.00359431290045,
        144.86033729498587,
        144.7186155340516,
        144.57842667950985,
        144.43977025702208,
        144.30264402872075,
        144.16704630692053,
        144.03297610002463,
        143.90043126149985,
        143.7688559467779,
        143.63620560982486,
        143.50224359115532,
        157.751996393649,
        156.41146060918865,
        155.12754774189614,
        153.8999309327604,
        152.7285889138854,
        151.61272842433965,
        150.55117089036884,
        149.54268691476864,
        148.58572541902777,
        147.67831117068124,
        146.81841733314812,
        146.00395397766638,
        145.23290057672642,
        144.50332394116484,
        143.81325542651868,
        143.16075452458,
        142.54394025492678,
        141.96102074196045,
        141.41037568463352,
        140.89044596411458,
        140.39970484785397,
        139.93668283173835,
        139.49997130530986,
        139.08822718826582,
        138.7001698328109,
        138.33462731821993,
        137.99030100474664,
        137.66623341801554,
        137.3613343184004,
        137.0746179003366,
        136.80515299263578,
        136.55206317427638,
        136.3145262865272,
        136.09177440268923,
        135.88310739690218,
        135.68809785348702,
        135.50634431381576,
        135.33732536481892,
        135.18049119691705,
        135.03529893051618,
        134.90122462888718,
        134.77776914746627,
        134.66445422546587,
        134.56081228314756,
        134.4663785177289,
        134.38068725646178,
        134.30328511850144,
        134.23374913120233,
        134.17172337974205,
        134.1169577924228,
        134.06934586342004,
        134.0289478802484,
        133.99597083835866,
        133.97070865714454,
        133.9534547329003,
        133.94442836101356,
        133.94373718216798,
        133.95137007045432,
        133.96720965960589,
        133.99105034255942,
        134.02261355207207,
        134.06156207225325,
        134.10751183037237,
        134.16003952089622,
        134.21869548989346,
        134.2830068017131,
        134.35248854067916,
        134.4266503580691,
        134.50500436884616,
        134.58707429029985,
        134.67240113101838,
        134.7605496901461,
        134.85111566637073,
        134.94372727092852,
        135.03804898165626,
        135.13378259761672,
        135.23066540032968,
        135.32846956616117,
        135.4269988792825,
        135.5260856331405,
        135.6255876353162,
        135.72538430330587,
        135.82537408676444,
        135.92547209116933,
        136.02560682207076,
        136.1257183584157,
        136.2257564460813,
        136.32567969210373,
        136.4254521937788,
        136.52505129492857,
        136.6244344148393,
        136.72359932864435,
        136.82252239459345,
        136.9211902603929,
        137.01959103846838,
        137.11771469259833,
        137.21555341266196,
        137.31310061862985,
        137.41035141744524,
        137.5073010027649,
        137.60394602926135,
        137.7002848828629,
        137.79631684279082,
        137.89204191719597,
        137.98745998907467,
        138.08257196263867,
        138.17737920356768,
        138.27188256959613,
        138.36608401698916,
        138.45998568153414,
        138.55358949224512,
        138.64689774844106,
        138.73991249088095,
        138.83263684741564,
        138.92507295671058,
        139.01722380021602,
        139.10909099270248,
        139.20067837194918,
        139.291989596687,
        139.38302550357378,
        139.47379105326152,
        139.5642849362647,
        139.65451734367096,
        139.74593575616444,
        139.83977442012923,
        139.93602573629036,
        140.03468101004955,
        140.1357327469766,
        140.23917329829516,
        140.3449943492396,
        140.4531883971822,
        140.56374822136792,
        140.67666575557521,
        140.79193405378587,
        140.9095459848558,
        141.02949462717356,
        141.15177395201147,
        141.27637634008852,
        141.40329640764025,
        141.5325275486148,
        141.66406410729897,
        141.7979004568423,
        141.93402963932675,
        142.0724469698147,
        142.21314680424575,
        142.35612243760733,
        142.50136875151742,
        142.64888029740155,
        142.7986509795399,
        142.9506745146805,
        143.10494524497403,
        143.26145773846991,
        143.4202045454288,
        143.58118144949452,
        143.74438122322812,
        143.90979773005728,
        144.0774244199512,
        144.2472550720775,
        144.41928045500237,
        144.5934966281522,
        144.76989492570675,
        144.94846771206298,
        145.12920733988477,
        145.3121066597656,
        145.4971568205682,
        145.6843501426595,
        145.87369213104947,
        146.0651325709292,
        146.25870401587773,
        146.45438382150775,
        146.65216268674567,
        146.8520306882524
    ]
}