{
    "yield_post": 3.8543577452230746,
    "error_post": 0.5386819099065335
}