{
    "yield_linear": 4.019674205040552,
    "error_linear": 0.5744898939206988,
    "error_log": 0.14291951651213564
}