{
    "yield_post": 12.03965882355607,
    "error_post": 2.225279857154558
}