{
    "start": 0,
    "stop": 80,
    "anchors": [
        80.0
    ],
    "levels": [
        101.98827051876532,
        78.99173684649622,
        78.20343325645004,
        77.43858470253959,
        76.69860118317528,
        75.98482474622111,
        75.29854129659971,
        74.6409619921732,
        74.0131931438435,
        73.41620990944466,
        72.85083538424027,
        72.31772421736862,
        71.81735728075766,
        71.350039867458,
        70.91590423779938,
        70.51491716123569,
        70.14688888028218,
        69.81148408445989,
        69.508236623426,
        69.23656412911441,
        68.9957863400696,
        68.7851404842262,
        68.6038015346378,
        68.45090032609009,
        68.32553970680473,
        68.22680749133792,
        68.15377988660822,
        68.10551746486968,
        68.08104165642882,
        68.07928712657079,
        68.09900158817267,
        68.13853919510122,
        68.19544924495816,
        68.26592403468321,
        68.34496585266861,
        68.42792398123454,
        68.5116905884068,
        68.59463829032472,
        68.6760581746327,
        68.75568129235342,
        68.83341910066947,
        68.90925348377661,
        68.98318795181794,
        69.05523202304717,
        69.12539423478637,
        69.19367838977547,
        69.26008248386796,
        69.32461734020987,
        69.38736666081013,
        69.44842725699286,
        69.5078899240593,
        69.56583918869585,
        69.6223537814928,
        69.67750683265494,
        69.73136626267335,
        69.78399516149366,
        69.83545213776102,
        69.8857917966837,
        69.93506482519385,
        69.98331859016196,
        70.03059720263552,
        70.07694194313567,
        70.12239139212969,
        70.16698171000394,
        70.21074677032055,
        70.25371844430619,
        70.29592670826658,
        70.33739971842883,
        70.37816408750986,
        70.41824495543374,
        70.45766598324765,
        70.49644978738493,
        70.53461753430301,
        70.57218950040283,
        70.60918471884406,
        70.64562157692777,
        70.68151739780672,
        70.71688853694971,
        70.75175082800615,
        70.78611927818704,
        70.82000820561318,
        70.85343192329367,
        70.88640448826067,
        70.9189391733869,
        70.95104878996688,
        70.9827455512478,
        71.01404128328483,
        71.04494720009373,
        71.07547411862785,
        71.10563238996161,
        71.13543208115135,
        71.16488255832104,
        71.1939930634867,
        71.22277263406247,
        71.2512294991927,
        71.27937205741298,
        71.30720808494638,
        71.33474517503618,
        71.36199057130631,
        71.38895137853612,
        71.41563428377088,
        71.44204590347607,
        71.46819251539179,
        71.49408018692932,
        71.51971478088777,
        71.54510198542923,
        71.57024718411559,
        71.59515572872749,
        71.61983264951229,
        71.64428296429844,
        71.66851140224739,
        71.6925225862815,
        71.71632107347264,
        71.73991097183739,
        71.76329657430242,
        71.78648193357246,
        71.80947097661928,
        71.83226750983792,
        71.8548751500993,
        71.87729757328498,
        71.89953830036274,
        71.92160056693663,
        71.94348774769222,
        71.96520300552108,
        71.98674925341012,
        72.00812957379442,
        72.02934661340103,
        72.05040329843985,
        72.0713021760837,
        72.0920459834091,
        72.11263719058852,
        72.13307834127181,
        72.15337177355623,
        72.17351992469858,
        72.19352507072901,
        72.21338957519008,
        72.2331153984818,
        72.25270474008471,
        72.27215984370491,
        72.29148244615749,
        72.31067485959316,
        72.3297389353452,
        72.34867651138609,
        72.36748942892254,
        72.38617956200375,
        72.40474869107305,
        72.42319848724173,
        72.44153066715646,
        72.45974690187487,
        72.47784874801737,
        72.49583785352456,
        72.5137157715632,
        72.53148400976038,
        72.5491439760898,
        72.56669723052063,
        72.58414514667678,
        72.60148912811306,
        72.6187305616606,
        72.63587069895257,
        72.65291093438395,
        72.66985257745682,
        72.68669680548669,
        72.70344483332877,
        72.72009794274915,
        72.7366572693887,
        72.75312412921397,
        72.76949937831176,
        72.78578429559803,
        72.80198002514695,
        72.81808763025384,
        72.83410797798197,
        72.85004233786276,
        72.86589168832951,
        72.88165683125912,
        72.89733897673506,
        72.91293901120932,
        72.92845787339832,
        72.94389640548495,
        72.95925569933269,
        72.97453645611914,
        72.98973973847876,
        73.00486626940304,
        73.0199169623262,
        73.03489262675951,
        73.04979407292612,
        73.0646221666565,
        73.07937762610479,
        73.09406129295945,
        73.10867389038535,
        73.12321618582797,
        73.13768891550951,
        73.15209281747944,
        73.16642860353494,
        73.1806969746529,
        73.19489863133282,
        73.20903425767796,
        73.22310454524921,
        73.23711008203674,
        73.25105158811584,
        73.264929724013,
        73.2787450208508
    ]
}