{
    "start": 0,
    "stop": 80,
    "anchors": [],
    "levels": [
        195.79073848164902,
        78.99173684649622,
        78.20343368949693,
        77.43858470253959,
        76.69860118317528,
        75.98482474622111,
        75.29854129659971,
        74.64096207194069,
        74.0131931438435,
        73.41620990944466,
        72.85083538424027,
        72.31772421736862,
        71.81735728075766,
        71.35004001397886,
        70.91590449189151,
        70.51491716123569,
        70.14688888028218,
        69.81148408445989,
        69.508236623426,
        69.23656449854244,
        68.9957863400696,
        68.7851404842262,
        68.6038015346378,
        68.45090032609009,
        68.32553970680473,
        68.22680749133792,
        68.1537799933842,
        68.10551750273122,
        68.08104165642882,
        68.07928712657079,
        68.09900160625924,
        68.13853919510122,
        68.19544924495816,
        68.26592403468321,
        68.34496585266861,
        68.42792398123454,
        68.51169067736575,
        68.59463829032472,
        68.67605828669238,
        68.75568145652346,
        68.83341910066947,
        68.90925348377661,
        68.98318795181794,
        69.0552321164773,
        69.12539423478637,
        69.19367838977547,
        69.26008248386796,
        69.32461734020987,
        69.38736680469368,
        69.44842725699286,
        69.50788998164245,
        69.56583932094983,
        69.62235378205904,
        69.67750684981672,
        69.73136630404555,
        69.78399524215837,
        69.83545213776102,
        70.67341210663571,
        69.93506482519385,
        69.98331859339183,
        70.03059720263552,
        70.07694194313567,
        70.12239139212969,
        70.16698171000394,
        70.21074677032055,
        70.25371844430619,
        70.93722593401984,
        70.33739972122586,
        70.37816408750986,
        70.41824498426965,
        70.45766598324765,
        70.49644978738493,
        70.53461753430301,
        70.57218950604212,
        70.60918471884408,
        70.64562157692777,
        70.68151739780672,
        70.71688856223719,
        70.75175082800615,
        70.78611927818704,
        70.8200082939471,
        70.85343192329367,
        70.88640457495704,
        70.91893920408076,
        70.95104878996688,
        70.98274560584457,
        71.01404131440557,
        71.04494720009373,
        71.07547413360359,
        71.10563238996161,
        71.13543213715099,
        71.16488255832104,
        71.1939930634867,
        71.22277263406247,
        71.2512294991927,
        71.27937205741298,
        71.30720808494638,
        71.33474517503618,
        71.36199057130631,
        71.38895137853612,
        71.41563428377088,
        71.44204590347607,
        71.46819251539179,
        71.49408018692932,
        71.51971478088781,
        71.54510200134743,
        71.57024718411559,
        71.59515572872749,
        71.61983268759342,
        71.6442829852613,
        71.66851142107123,
        71.6925225862815,
        77.91258993875367,
        78.01215401823995,
        78.07029146833197,
        78.12787191453549,
        78.14305980506515,
        78.19932310559352,
        71.85487515009933,
        71.87729757328495,
        71.89953830036274,
        71.9216005669366,
        71.94348774769222,
        71.96520307133076,
        71.98674925341012,
        72.00812957648478,
        72.02934661340103,
        72.05040329843985,
        72.0713021760837,
        72.09204600144253,
        72.11263719058852,
        72.13307834127181,
        72.15337177355623,
        72.17351992469858,
        72.19352507072901,
        120.94933551559437,
        121.79907076150629,
        72.2527046890645,
        129.24160258463402,
        72.29148244615749,
        72.3106748391618,
        72.32973894706376,
        72.34867651138609,
        72.36748942892254,
        72.3861795619456,
        72.4047486920975,
        138.2672297709985,
        137.65059487090616,
        72.45974690187484,
        72.4778487480174,
        72.49583785352456,
        72.5137157715632,
        72.53148400976038,
        72.5491439760898,
        72.56669723052038,
        72.58414514667678,
        72.60148912811296,
        72.6187305616606,
        72.63587069895257,
        72.65291093438394,
        72.66985257745682,
        72.68669680548663,
        72.70344483332897,
        72.72009794274915,
        72.7366572690978,
        73.93079114123097,
        72.76949936938144,
        72.78578429559803,
        72.80198002514695,
        74.01022922747141,
        72.83410797145449,
        72.85004233760202,
        74.06864569936363,
        72.88165683125915,
        72.89733897673506,
        72.91293901120932,
        72.92845787339832,
        72.94389640548495,
        72.95925569933269,
        72.97453645611914,
        72.98973973847876,
        73.00486626940304,
        73.01991696406799,
        73.03489264373671,
        73.04979407292612,
        73.06462217082142,
        73.07937762610482,
        73.09406131588138,
        73.10867390658578,
        73.12321621224882,
        73.13768894671335,
        73.15209285780209,
        73.16642864000455,
        73.1806969746529,
        73.19489863133282,
        73.20903425767796,
        73.22310454524921,
        73.23711008203674,
        73.25105158811577,
        73.26492972891228,
        73.2787450208508
    ]
}