{
    "start": 0,
    "stop": 6,
    "levels": [
        228.77724939735438,
        212.0243379827374,
        195.8543156762499,
        182.26408582844124,
        170.04371042011664,
        161.1303338033158,
        153.68349591259977,
        147.8231940942538,
        143.47685347030122,
        140.17972704481994,
        136.97653918291724,
        133.94250716942565,
        131.3156857998258,
        129.14376437336423,
        127.39977573749407,
        126.03303035482308,
        125.00078750195831,
        124.26262913723426,
        123.7830371549573,
        123.53486827030225,
        123.49469853991926,
        123.63363937886447,
        123.90489740308959,
        124.25175124844208,
        124.64126193072826,
        125.06061441612201,
        125.49962395849296,
        125.94645961280622,
        126.38487464148054,
        126.8078948827125,
        127.21638170852219,
        127.61194349540602,
        127.99604373038011,
        128.36980782292693,
        128.73431104692753,
        129.09059322563053,
        129.43948903068795,
        129.78167769118272,
        130.11772185740455,
        130.4480957747456,
        130.77320835878152,
        131.0934128361324,
        131.40902000577722,
        131.72030476434185,
        132.02751236199117,
        132.33086433459252,
        132.63055988092182,
        132.92677987885332,
        133.2196902087859,
        133.50944143347294,
        133.7961733591859
    ]
}