{
    "nbins": 50,
    "range_": [
        0.0,
        6.0
    ],
    "nburnin": 100,
    "nsamples": 100000,
    "nrepeats": 100,
    "seed": 0,
    "step_size": 0.2,
    "prob_eye": 0.1,
    "yields": [
        0,
        0,
        0,
        0,
        0,
        0,
        0,
        0,
        0,
        0,
        0,
        6,
        145,
        1255,
        8092,
        37720,
        123139,
        306430,
        592392,
        934330,
        1218822,
        1360640,
        1334059,
        1160092,
        919973,
        676561,
        469137,
        311380,
        201922,
        126231,
        78999,
        49738,
        31013,
        19943,
        12512,
        8307,
        5562,
        3642,
        2449,
        1654,
        1180,
        752,
        585,
        322,
        330,
        173,
        114,
        90,
        83,
        44
    ],
    "errors": [
        0.0,
        0.0,
        0.0,
        0.0,
        0.0,
        0.0,
        0.0,
        0.0,
        0.0,
        0.0,
        0.0,
        3.4117444218463966,
        22.863726730347352,
        62.48799884777877,
        191.19979079486458,
        472.15039976685387,
        873.4173057593946,
        1552.0370485268704,
        2017.8427490763493,
        2409.0377747142115,
        2379.5304494794764,
        2738.7409516053176,
        2141.756799919169,
        2078.9481378812698,
        1936.5607942948757,
        1633.321704380371,
        1632.8610810476196,
        1392.3268294477411,
        1225.3265523932794,
        848.9554699747214,
        590.0771051311854,
        455.9885524878887,
        353.56372834327897,
        274.8790825071999,
        216.20952800466495,
        176.2172239027729,
        130.65817999650844,
        103.04542687572314,
        81.92063232177837,
        74.67824315019737,
        53.0282943342514,
        40.43463861591939,
        41.96129168650555,
        29.8187860249206,
        28.86173937932362,
        21.15915877344845,
        14.83374531263092,
        13.601470508735447,
        13.860375175297373,
        9.520504188329529
    ]
}