{
    "yield_pre": 5.854179814481455,
    "error_pre": 0.6471815684836123
}