{
    "yield_post": 7.080008971052318,
    "error_post": 1.373723915749976
}