{
    "start": 0,
    "stop": 12,
    "levels": [
        145.4988338104822,
        144.31420770581892,
        143.1756328020756,
        142.08309152282618,
        141.03654506148843,
        140.0359373838147,
        139.08119655677135,
        138.17223740828405,
        137.30896365099449,
        136.4912748193606,
        135.71909758026715,
        134.99235085003323,
        134.3109205279981,
        133.674672189322,
        133.0834750151977,
        132.53725764610715,
        132.03610810574423,
        131.5801145476857,
        131.16902314105712,
        132.0532284366812,
        130.94683738048965,
        130.11996840773114,
        129.53933042109225,
        129.18042472541617,
        129.02289935176276,
        129.03665825992792,
        129.15354411853852,
        129.2957918856743,
        129.43815205000823,
        129.57676462950855,
        129.74520429710356,
        129.9787150043611,
        130.2733778989142,
        130.61999063683072,
        131.00535279716,
        131.42428765415048,
        131.87730315866293,
        132.36550182397565,
        132.88968982979895,
        133.45032405818483,
        134.0475879233674,
        134.68142825239153,
        135.3513955597816,
        136.0556985363384,
        136.79009205905874,
        137.5490893339562,
        138.3281805848306,
        139.12441913812097,
        139.93484521939777,
        140.75644878579345,
        141.5861685011367
    ]
}