{
    "yield_pre": 15.228149910069188,
    "error_pre": 3.072399827641422
}