{
    "yield_post": 1.094217245956349,
    "error_post": 0.28026735849236295
}