{
    "start": 2,
    "stop": 8,
    "anchors": [],
    "levels": [
        99.39023429569687,
        98.0456251001961,
        96.75297173033653,
        95.52345931773107,
        94.36591518728125,
        93.2860690114025,
        92.28688158409898,
        91.36922503204805,
        90.53251171837448,
        89.77519627791361,
        89.09514581346981,
        88.48956324850425,
        87.9555081389789,
        87.49069777644137,
        87.09290695885488,
        86.7597005497066,
        86.4884515163713,
        86.27642165599273,
        86.1208401409913,
        86.0189611565448,
        85.96810774857572,
        85.96570107352811,
        86.00928787990699,
        86.09656236462331,
        86.22538052909118,
        86.39376896803651,
        86.59992138847115,
        86.84218161261349,
        87.1190253367098,
        87.42902986855866,
        87.7708492905142,
        88.14319433223744,
        88.54481639310819,
        88.97449522939286,
        89.43103204307299,
        89.91324520278567,
        90.41995923184052,
        90.95003791228424,
        91.50245499383959,
        92.07624509172172,
        92.67049247356664,
        93.28433191052824,
        93.91694692197235,
        94.56757042113681,
        95.23548265324008,
        95.91999704206958,
        96.62045052817119,
        97.33620528264996,
        98.06665970842333,
        98.81123965823052,
        99.56939917642461
    ]
}