{
    "start": 0,
    "stop": 10,
    "levels": [
        90.28020026617578,
        90.33020026617568,
        90.38020026617568,
        90.43020026617577,
        90.48020026617579,
        90.53020026617578,
        90.58020026617568,
        90.63020026617568,
        90.68020026617577,
        90.73020026617579,
        90.78020026617578,
        90.83020026617568,
        90.88020026617579,
        90.93020026617577,
        90.98020026617579,
        91.03020026617578,
        91.08020026617568,
        91.13020026617579,
        91.18020026617577,
        91.23020026617579,
        91.28020026617578,
        91.33020026617568,
        91.38020026617579,
        91.43020026617577,
        91.48020026617579,
        91.53020026617578,
        91.58020026617568,
        91.63020026617579,
        91.68020026617577,
        91.73020026617579,
        91.78020026617578,
        91.83020026617568,
        91.88020026617579,
        91.93020026617577,
        91.98020026617579,
        92.03020026617578,
        92.08020026617568,
        92.13020026617579,
        92.18020026617577,
        92.23020026617579,
        92.28020026617578,
        92.33020026617568,
        92.38020026617579,
        92.43020026617572,
        92.48020026617579,
        92.53020026617578,
        92.58020026617568,
        92.63020026617579,
        92.68020026617577,
        92.73020026617579,
        92.78020026617578,
        92.83020026617568,
        92.88020026617579,
        92.93020026617577,
        92.98020026617579,
        93.03020026617578,
        93.08020026617568,
        93.13020026617579,
        93.18020026617577,
        93.23020026617579,
        93.28020026617578,
        93.33020026617568,
        93.38020026617579,
        93.43020026617577,
        93.48020026617579,
        93.53020026617578,
        93.58020026617568,
        93.63020026617579,
        93.68020026617577,
        93.73020026617579,
        93.78020026617578,
        93.83020026617568,
        93.88020026617579,
        93.93020026617577,
        93.98020026617579,
        94.03020026617578,
        94.08020026617568,
        94.13020026617579,
        94.18020026617572,
        94.23020026617579,
        94.28020026617578,
        94.33020026617578,
        94.38020026617579,
        94.43020026617572,
        94.48020026617579,
        94.53020026617578,
        94.58020026617578,
        94.63020026617579,
        94.68020026617572,
        94.73020026617579,
        94.78020026617578,
        94.83020026617578,
        94.88020026617579,
        94.93020026617572,
        94.98020026617579,
        95.03020026617578,
        95.08020026617568,
        95.13020026617579,
        95.18020026617572,
        95.23020026617579,
        95.28020026617578,
        95.33020026617568,
        95.38020026617579,
        95.43020026617572,
        95.48020026617579,
        95.53020026617578,
        95.58020026617568,
        95.63020026617579,
        95.68020026617572,
        95.73020026617579,
        95.78020026617578,
        95.83020026617568,
        95.88020026617579,
        95.93020026617572,
        95.98020026617579,
        96.03020026617578,
        96.08020026617568,
        96.13020026617579,
        96.18020026617572,
        96.23020026617579,
        96.28020026617578,
        96.33020026617568,
        96.38020026617579,
        96.43020026617572,
        96.48020026617579,
        96.53020026617578,
        96.58020026617568,
        96.63020026617579,
        96.68020026617572,
        96.73020026617579,
        96.78020026617578,
        96.83020026617568,
        96.88020026617579,
        96.93020026617572,
        96.98020026617579,
        97.03020026617578,
        97.08020026617568,
        97.13020026617579,
        97.18020026617572,
        97.23020026617579,
        97.28020026617578,
        97.33020026617568,
        97.38020026617579,
        97.43020026617572,
        97.48020026617579,
        97.53020026617578,
        97.58020026617568,
        97.63020026617579,
        97.68020026617572,
        97.73020026617579,
        97.78020026617578,
        97.83020026617568,
        97.88020026617579,
        97.93020026617572,
        97.98020026617579,
        98.03020026617578,
        98.08020026617568,
        98.13020026617579,
        98.18020026617572,
        98.23020026617579,
        98.28020026617578,
        98.33020026617568,
        98.38020026617579,
        98.43020026617572,
        98.48020026617579,
        98.53020026617578,
        98.58020026617568,
        98.63020026617579,
        98.68020026617572,
        98.73020026617579,
        98.78020026617578,
        98.83020026617568,
        98.88020026617579,
        98.93020026617572,
        98.98020026617579,
        99.03020026617578,
        99.08020026617568,
        99.13020026617579,
        99.18020026617572,
        99.23020026617579,
        99.28020026617578,
        99.33020026617568,
        99.38020026617579,
        99.43020026617572,
        99.48020026617579,
        99.53020026617578,
        99.58020026617568,
        99.63020026617579,
        99.68020026617572,
        99.73020026617579,
        99.78020026617578,
        99.83020026617568,
        99.88020026617568,
        99.93020026617572,
        99.98020026617579,
        100.03020026617578,
        100.08020026617568,
        100.13020026617568,
        100.18020026617572,
        100.23020026617579,
        100.28020026617578
    ]
}