{
    "nbins": 50,
    "range_": [
        0.0,
        8.0
    ],
    "nburnin": 100,
    "nsamples": 100000,
    "nrepeats": 100,
    "seed": 0,
    "step_size": 0.2,
    "prob_eye": 0.1,
    "yields": [
        0,
        0,
        0,
        0,
        0,
        0,
        0,
        0,
        0,
        0,
        0,
        0,
        4,
        13,
        38,
        285,
        1297,
        4643,
        13638,
        34464,
        74960,
        143047,
        245827,
        378031,
        535407,
        699528,
        839301,
        935785,
        981825,
        968380,
        899032,
        788410,
        661151,
        525693,
        400857,
        292953,
        204508,
        138226,
        90483,
        57525,
        35777,
        21137,
        12439,
        6962,
        3824,
        2078,
        1248,
        597,
        307,
        142
    ],
    "errors": [
        0.0,
        0.0,
        0.0,
        0.0,
        0.0,
        0.0,
        0.0,
        0.0,
        0.0,
        0.0,
        0.0,
        0.0,
        3.979949748426477,
        6.731270311018566,
        9.775479527879945,
        29.270292106502783,
        70.19195110552207,
        135.5157186454767,
        250.93736270232856,
        441.44879657781365,
        584.2413884688416,
        844.0609634380683,
        1136.6466953279719,
        1410.4798438829248,
        1684.444867011087,
        1935.3057019499531,
        2139.2113009237773,
        2045.714728401788,
        1755.6750126375894,
        1855.834583145815,
        1866.6552332983183,
        1740.6174191935454,
        1680.056246082255,
        1534.0073370098335,
        1349.1273142294613,
        1404.4838589318144,
        946.7129237524964,
        849.2509876355753,
        616.5647654545305,
        492.6669767703129,
        408.7807603104628,
        245.79119186821976,
        204.5282132127498,
        137.66466503791014,
        101.87364723028226,
        73.60135868311127,
        61.26140710104526,
        40.458744419470065,
        27.064921947051687,
        20.008997975910727
    ]
}