{
    "start": 0,
    "stop": 30,
    "levels": [
        39.83198277753477,
        39.799213545891924,
        39.77056413755527,
        39.74588143379184,
        39.72501690894693,
        39.707827077889725,
        39.69417285079305,
        39.68392115553573,
        39.67694368945744,
        39.673117270441466,
        39.672345871853125,
        39.6744522672273,
        39.67939410880972,
        39.68704768985776,
        39.69731666400487,
        39.710109543724634,
        39.72534009205513,
        39.742926561950384,
        39.76279326814664,
        39.784868087939074,
        39.809083943635535,
        39.83537769415044,
        39.86369056611727,
        39.89396551213598,
        39.92615136296908,
        39.960198044383944,
        39.996058338484474,
        40.033687335104254,
        40.073042032876394,
        40.114081126484166,
        40.15676428753608,
        40.201053750583306,
        40.24691185455566,
        40.294302272090256,
        40.34318968324833,
        40.39353965316937,
        40.44531859329861,
        40.49849372296776,
        40.55303304161367,
        40.608905309420585,
        40.66608003540501,
        40.724527475411634,
        40.78421811597794,
        40.84512435549986,
        40.9072182141646,
        40.97047274933727,
        41.034861691379184,
        41.10035949325766,
        41.16694113154906,
        41.23458236274932,
        41.30325954242912,
        41.37294972813384,
        41.44363050014812,
        41.51528008055511,
        41.58787728398148,
        41.661401504004566,
        41.73583269895044,
        41.811151379490795,
        41.8873385923581,
        41.964375907360505,
        42.042245402428605,
        42.12092965903181,
        42.20041171340225,
        42.28067509501314,
        42.36170377781563,
        42.44348214349404,
        42.525995088850344,
        42.609227843416875,
        42.69316606306325,
        42.777795792852196,
        42.86310345507372,
        42.94907583759073,
        43.03570008250093,
        43.122964074405296,
        43.2108547658852,
        43.29936079042648,
        43.38847059518753,
        43.478172930484206,
        43.5684565448823,
        43.65931132713244,
        43.75072660501336,
        43.84269225051449,
        43.93519839361341,
        44.0282354142639,
        44.12179393465111,
        44.21586481170662,
        44.31043912987603,
        44.40550819413093,
        44.501063523217354,
        44.597096843134175,
        44.69360008083386,
        44.79056535813812,
        44.88798498586137,
        44.98585145813493,
        45.084157446925055,
        45.18289579673821,
        45.282059519506845,
        45.381641789649635,
        45.4816359392996,
        45.58203545369455,
        45.682833966723635,
        45.78402525662478,
        45.8856032418272,
        45.987561976933975,
        46.089895648839494,
        46.1925985729769,
        46.295665189690666,
        46.399090060730025,
        46.502867865858434,
        46.606993399575195,
        46.7114615679449,
        46.81626738553082,
        46.92140596217135,
        47.02687253940034,
        47.132662433443784,
        47.23877106278314,
        47.34519394190933,
        47.45192667739383,
        47.558964965065556,
        47.66630458780402,
        47.773941413504076,
        47.881871393010236,
        47.99009055829775,
        48.09859502298475,
        48.2073809694612,
        48.31644465947879,
        48.42578243211718,
        48.53539069194635,
        48.64526591302447,
        48.75540463754708,
        48.86580347313257,
        48.97645909100062,
        49.087368224408266,
        49.19852766731215,
        49.30993427313756,
        49.42158495353239,
        49.53347667705994,
        49.64560646784733,
        49.757971404225884,
        49.87056861739424,
        49.98339529012233,
        50.09644865550345,
        50.209725995753985,
        50.32322464105759,
        50.436941968449304,
        50.55087540073576,
        50.6650224054493,
        50.77938049410919,
        50.89394722142531,
        51.00872018157861,
        51.12369701115672,
        51.23887538668553,
        51.35425302376497,
        51.46982767623198,
        51.5855971353497,
        51.701559229021456,
        51.817711821028574,
        51.93405281029071,
        52.05057986937424,
        52.16729147324507,
        52.28418537096018,
        52.40125959345795,
        52.51851220310563,
        52.635941293044965,
        52.75354498655286,
        52.871321436417276,
        52.989268824328015,
        53.10738536028255,
        53.22566928200663,
        53.344118854389386,
        53.462732368932755,
        53.581508143214606,
        53.70044452036547,
        53.81953986855816,
        53.938792580510075,
        54.05820107299778,
        54.177763786383444,
        54.297479184152685,
        54.41734575246376,
        54.537361999707485,
        54.65752645607773,
        54.77783767315215,
        54.898294223482765,
        55.018894700196356,
        55.139637716604156,
        55.260521905820625,
        55.38154592039122,
        55.5027084319287,
        55.62400813075784,
        55.74544372556833,
        55.867013943075634,
        55.988717527689545,
        56.11055324119018,
        56.23251986241153,
        56.35461618693182,
        56.476841026771055,
        56.599193210095194,
        56.72167158092689,
        56.84427499886274,
        56.96700233879655,
        57.089852490648916
    ]
}