{
    "yield_post": 1.9868573165615813,
    "error_post": 0.34970644432505466
}