{
    "start": 0,
    "stop": 20,
    "levels": [
        130.5366050617264,
        130.5382443321885,
        130.54424498055033,
        130.55425828592266,
        130.5679732355174,
        130.5851120943556,
        130.6054247457291,
        130.62868637808876,
        130.65469421062176,
        130.6832648541333,
        130.71423202282958,
        130.74744456936438,
        130.78276519652735,
        130.8200672451063,
        130.85923602909568,
        130.90016591110117,
        130.94275977435444,
        130.98692815202253,
        131.03258846303007,
        131.07966433825024,
        131.128085025102,
        131.17778486051398,
        131.2287028025535,
        131.2807820139972,
        131.33396949083445,
        131.38821573012567,
        131.44347443260975,
        131.4997022356854,
        131.556858473283,
        131.61490495954493,
        131.67380579384286,
        131.7335271829585,
        131.79403734524433,
        131.85530601535095,
        131.9173050888199,
        131.9800076160485,
        132.04338817965743,
        132.1074228438037,
        132.1720887105661,
        132.23736418353843,
        132.30322872622207,
        132.36966280524365,
        132.4366478285723,
        132.50416610246452,
        132.57220076721993,
        132.6407358808867,
        132.70975581694483,
        132.77924607828575,
        132.84919266509718,
        132.91958219125527,
        132.99040184861082,
        133.06163913979603,
        133.13328302712938,
        133.20532149036202,
        133.27774405031371,
        133.35054029537343,
        133.42370027180777,
        133.4972144168111,
        133.57107353796698,
        133.64526879857831,
        133.71979168720222,
        133.79463402242703,
        133.869787914143,
        133.94524576492472,
        134.0210003956261,
        134.09704441658738,
        134.17337121171946,
        134.24997419292967,
        134.32684700450702,
        134.4039835089123,
        134.48137777587374,
        134.55902407277594,
        134.63691649258902,
        134.71505037834345,
        134.79342019372476,
        134.8720209137403,
        134.9508476719653,
        135.02989575384436,
        135.10916059051823,
        135.18863770117255,
        135.26832288397375,
        135.34821192943423,
        135.42830079481286,
        135.50858555611467,
        135.58906240365366,
        135.66972763760847,
        135.7505776637035,
        135.831609112461,
        135.91281834308484,
        135.9942022186828,
        136.07575744889078,
        136.1574809558908,
        136.23936970403224,
        136.32142074039191,
        136.40363119259732,
        136.48599802801775,
        136.56851900875057,
        136.65119103238828,
        136.734011745161,
        136.81697856802964,
        136.90008902917577,
        136.9833407297616,
        137.06673133038947,
        137.15025854922155,
        137.23392016011798,
        137.31771398907858,
        137.40163792096047,
        137.485689888987,
        137.5698678645671,
        137.65416987814217,
        137.7385940022773,
        137.82313797366797,
        137.90780069269198,
        137.99258000075176,
        138.0774741406254,
        138.16248139463255,
        138.2476000831948,
        138.3328285638151,
        138.4181652300352,
        138.5036085102634,
        138.58915686698066,
        138.67480879070993,
        138.76056281851731,
        138.84641750432732,
        138.9323714370717,
        139.018423235087,
        139.1045715453683,
        139.19081504265029,
        139.2771524288939,
        139.36358243228852,
        139.45010380675873,
        139.5367153311667,
        139.62341580866064,
        139.7102040660292,
        139.79707895312922,
        139.88403934222515,
        139.971084127457,
        140.05821222430882,
        140.14542256894833,
        140.2327141177959,
        140.32008584698679,
        140.40753675193554,
        140.49506584674845,
        140.58267216380645,
        140.6703547533962,
        140.75811268313606,
        140.8459450376631,
        140.93385091817515,
        141.02182944205217,
        141.10987974240555,
        141.19800096786312,
        141.28619228198028,
        141.3744528631485,
        141.46278190398152,
        141.55117861117571,
        141.63964220514595,
        141.72817191971413,
        141.81676700166227,
        141.90542671068275,
        141.99415031891354,
        142.08293711075254,
        142.1717863825018,
        142.2606974421607,
        142.34966960914358,
        142.43870221406826,
        142.52779459847045,
        142.61694611457935,
        142.70615612509593,
        142.7954240029457,
        142.88474913113345,
        142.97413090237697,
        143.0635687190999,
        143.15306199306838,
        143.24261014526067,
        143.33221260571239,
        143.42186881324258,
        143.51157821531814,
        143.60134026791013,
        143.69115443528833,
        143.7810201898364,
        143.8709370118843,
        143.96090438959254,
        144.0509218188232,
        144.14098880284695,
        144.23110485234955,
        144.3212694852387,
        144.41148222640595,
        144.50174260776933,
        144.5920501679895,
        144.68240445243507,
        144.77280501291082,
        144.86325140779394,
        144.9537432016089,
        145.04427996513934,
        145.13486127516268,
        145.22548671446788,
        145.31615587163947,
        145.4068683409573,
        145.49762372239493,
        145.58842162136932,
        145.67926164872003
    ]
}