{
    "start": 0,
    "stop": 12,
    "levels": [
        130.5366050617264,
        130.53704419881385,
        130.53910739165022,
        130.5427132773224,
        130.5477866379035,
        130.5542582859087,
        130.56206138490876,
        130.57113550114826,
        130.58142283850097,
        130.59286941780914,
        130.60542474572773,
        130.61904130205446,
        130.63367437885077,
        130.64928201036653,
        130.6658246035159,
        130.6832648541037,
        130.7015675637659,
        130.7206994923046,
        130.74062922120697,
        130.76132702817335,
        130.7827651965276,
        130.80491619336308,
        130.82775517382805,
        130.85125813268658,
        130.87540226965905,
        130.90016591110117,
        130.925528439175,
        130.95147022597217,
        130.97797257269877,
        131.00501765350353,
        131.0325884630446,
        131.0606687679882,
        131.0892430620642,
        131.1182965239789,
        131.1478149785969,
        131.17778486051398,
        131.2081931801825,
        131.23902749238573,
        131.27027586674745,
        131.30192686013254,
        131.33396949083365,
        131.3663932145944,
        131.39918790185013,
        131.43234381672275,
        131.46585159704543,
        131.49970223568502,
        131.53388706318657,
        131.56839773123434,
        131.60322619709555,
        131.63836470933947,
        131.67380579384286,
        131.70954224072705,
        131.7455670923755,
        131.78187366844614,
        131.818455071855,
        131.85530601534916,
        131.89241957609744,
        131.92979015038577,
        131.9674120727117,
        132.00527986192654,
        132.04338817965893,
        132.0817319611371,
        132.12030622672955,
        132.15910609268164,
        132.19812692103247,
        132.23736418353994,
        132.2768134904891,
        132.31647058775735,
        132.3563313323978,
        132.39639171141133,
        132.4366478285723,
        132.47709589992064,
        132.51773224958708,
        132.55855330556193,
        132.59955574220402,
        132.6407358808867,
        132.68209059803948,
        132.72361670032862,
        132.76531108107105,
        132.80717071693041,
        132.84919266509834,
        132.89137406036036,
        132.93371211227176,
        132.9762041028517,
        133.01884708152048,
        133.0616391397964,
        133.10457726638967,
        133.1476594419709,
        133.19088272388498,
        133.23424501822194,
        133.27774405032824,
        133.3213776011576,
        133.36514350366005,
        133.40903964249293,
        133.45306395244276,
        133.4972144168111,
        133.54148906579715,
        133.58588597482674,
        133.63040327205817,
        133.67503911974322,
        133.71979168720222,
        133.76465926670045,
        133.80964012338083,
        133.85473257994792,
        133.89993499552136,
        133.94524576491045,
        133.99066348799306,
        134.0361862533163,
        134.08181277534504,
        134.12754157607557,
        134.17337121171903,
        134.21930026989057,
        134.26532736828705,
        134.3114511534078,
        134.35767029977373,
        134.40398350891297,
        134.4503895087845,
        134.4968870528997,
        134.5434749197275,
        134.59015191197057,
        134.63691649257635,
        134.68376822560748,
        134.7307056301963,
        134.77772759979428,
        134.82483304917108,
        134.8720209137403,
        134.91929014915775,
        134.96663973072796,
        135.01406865295007,
        135.06157592904398,
        135.10916059051794,
        135.15682163857608,
        135.2045582305406,
        135.25236940689234,
        135.3002542677464,
        135.34821192943423,
        135.3962415240036,
        135.44434219890343,
        135.49251311664602,
        135.54075345438858,
        135.58906240365366,
        135.63743917000343,
        135.68588297266584,
        135.7343930442023,
        135.78296863032492,
        135.8316091124599,
        135.88031351550205,
        135.92908124580367,
        135.97791163893743,
        136.02680391973843,
        136.07575744889078,
        136.12477155604128,
        136.17384558189892,
        136.22297887801773,
        136.2721708066138,
        136.32142074039155,
        136.37072806237094,
        136.42009216567564,
        136.46951222865576,
        136.51898807616774,
        136.5685190087634,
        136.61810422551824,
        136.66774336689411,
        136.71743583413308,
        136.7671810816952,
        136.81697856802964,
        136.86682776299418,
        136.91672814584717,
        136.96667920362455,
        137.0166804310447,
        137.06673133038916,
        137.11683141118792,
        137.16698019031455,
        137.21717719160915,
        137.26742194589565,
        137.31771398907858,
        137.36805286860218,
        137.4184381372084,
        137.46886935038944,
        137.51934606940304,
        137.56986786456727,
        137.62043431252192,
        137.6710449950117,
        137.72169949963043,
        137.77239705109022,
        137.8231379736693,
        137.87392151465693,
        137.92474728399185,
        137.97561489694192,
        138.0265239739538,
        138.0774741406254,
        138.12846502764828,
        138.1794962706586,
        138.23056751008806,
        138.28167839116216,
        138.3328285638311,
        138.3840176826131,
        138.43524540664347,
        138.48651139938244,
        138.5378153287582,
        138.58915686698066
    ]
}