{
    "yield_pre": 38.92472404582152,
    "error_pre": 6.129767486869726
}