{
    "nbins": 50,
    "range_": [
        120.0,
        300.0
    ],
    "nburnin": 100,
    "nsamples": 100000,
    "nrepeats": 100,
    "seed": 0,
    "step_size": 0.5,
    "prob_eye": 0.1,
    "yields": [
        45,
        165,
        451,
        1298,
        3319,
        7907,
        16946,
        33886,
        61899,
        108393,
        171716,
        261149,
        366719,
        485401,
        607358,
        722146,
        800631,
        855011,
        865704,
        833929,
        770991,
        682549,
        580082,
        470500,
        372589,
        281425,
        207486,
        147141,
        101811,
        67891,
        44868,
        27638,
        17309,
        10445,
        5700,
        3353,
        1892,
        1002,
        592,
        290,
        195,
        80,
        52,
        21,
        9,
        6,
        0,
        0,
        0,
        0
    ],
    "errors": [
        11.947803145348509,
        26.509432283623106,
        41.797009462400524,
        69.65601194441152,
        93.46330830866195,
        169.84260360698667,
        278.3214688090015,
        413.9493205695596,
        594.1725254503106,
        698.4801428816716,
        920.5549630521797,
        1149.9578209656213,
        1227.4401777683506,
        1489.6472703294562,
        1623.915133250503,
        1969.0786779608377,
        1751.0943406909862,
        1834.5211337021992,
        1921.063726168396,
        1787.6254053911853,
        1575.247342483078,
        1592.5567462417157,
        1730.7191453265898,
        1187.1486848748139,
        1222.1742060770223,
        1121.6410967863117,
        1268.0473335013955,
        842.2447328419452,
        512.4566225545341,
        564.7532115889204,
        414.3425635871845,
        316.3345697200988,
        295.04608114665746,
        245.06886787186977,
        146.79918255903198,
        116.8371088310559,
        92.65721774368147,
        60.958674526272304,
        43.512756750176166,
        30.90307428072488,
        31.156861202630807,
        15.427248620541507,
        11.788129622633093,
        7.251896303726358,
        4.264973622427224,
        4.2,
        0.0,
        0.0,
        0.0,
        0.0
    ]
}