{
    "yield_post": 3.932575629764246,
    "error_post": 0.8454623765654262
}