{
    "start": 0,
    "stop": 10,
    "levels": [
        143.92085160830445,
        143.44908522893536,
        142.9671030902444,
        142.47398088203298,
        141.96862121779697,
        141.4497104157187,
        140.9156660383626,
        140.36456268765085,
        139.7942133229447,
        139.20240923507646,
        138.58682942357854,
        137.94658823400897,
        137.28952080935127,
        136.65701553187415,
        136.13152127356503,
        135.7574227364823,
        135.52914341428448,
        135.42481724324614,
        135.4146825040414,
        135.47133777824465,
        135.5741030349017,
        135.70734284380572,
        135.85900189738263,
        136.02451740779912,
        136.20236809876832,
        136.3916641564051,
        136.59169929328795,
        136.80176871934975,
        137.02109332915336,
        137.2488111772854,
        137.48400634952347,
        137.7257494584632,
        137.97313613642814,
        138.22531379765573,
        138.48150041737847,
        138.74099224264896,
        139.00316659410262,
        139.26747882887102,
        139.53345713091772,
        139.80069488925722,
        140.0688437601034,
        140.3376066108856,
        140.60673092242902,
        140.87600276334948,
        141.1452413962202,
        141.41429451692326,
        141.68303404066359,
        141.9513527870415,
        142.21916081361672,
        142.48638333627855,
        142.75295818544217
    ]
}