{
    "nbins": 50,
    "range_": [
        0.0,
        10.0
    ],
    "nburnin": 100,
    "nsamples": 100000,
    "nrepeats": 100,
    "seed": 0,
    "step_size": 0.2,
    "prob_eye": 0.1,
    "yields": [
        55,
        81,
        143,
        232,
        413,
        724,
        1393,
        2437,
        4428,
        8350,
        15842,
        32730,
        69315,
        138052,
        251527,
        403552,
        575480,
        727556,
        839489,
        894500,
        889202,
        841353,
        763091,
        671194,
        571887,
        475702,
        391236,
        314701,
        251186,
        197337,
        156073,
        120744,
        92906,
        71555,
        54690,
        41047,
        31629,
        24148,
        18232,
        13932,
        10395,
        7742,
        5951,
        4530,
        3324,
        2410,
        1755,
        1408,
        1094,
        730
    ],
    "errors": [
        10.988630487917952,
        11.974556359214317,
        15.378881623837293,
        23.70147674724087,
        30.088369846171446,
        46.392240730535974,
        58.77507975324236,
        83.6140538426406,
        103.82754933060879,
        153.42424840943494,
        200.22077814252947,
        350.74064492157163,
        493.8995343184684,
        728.3975288261212,
        1130.4334168804457,
        1497.0420702171332,
        1508.704079665724,
        1664.2195287881943,
        1578.4092593494254,
        1501.558523667992,
        1517.3054933005417,
        1534.4989116972351,
        1377.9906349464065,
        1402.7329182706167,
        1293.0094005845435,
        1045.9493104352619,
        959.8484463705712,
        1000.4383989032009,
        856.2803512868903,
        789.4044020652532,
        740.517190887558,
        637.5301090928962,
        467.39452286050596,
        503.8995435600236,
        432.72277499572397,
        392.6613171678617,
        337.9002663508865,
        277.78941664505516,
        238.49897274411893,
        189.28750619097923,
        174.95356526804477,
        146.9161665712797,
        116.7346992115027,
        106.20263650211328,
        89.61160639113663,
        90.94503834734469,
        67.72554909338129,
        64.13548159950153,
        53.62499417249386,
        46.09772228646443
    ]
}