{
    "yield_linear": 3.523148275928806,
    "error_linear": 0.7254232208554692,
    "error_log": 0.20590198425986664
}