{
    "start": 0,
    "stop": 20,
    "levels": [
        137.83124128094937,
        137.64001324309655,
        137.4902668536894,
        137.37876304606004,
        137.3019048686924,
        137.2562218665592,
        137.23847912966403,
        137.2457927290032,
        137.2756279777567,
        137.32573714383304,
        137.3941348290051,
        137.4791452698745,
        137.5792600539125,
        137.69314767965585,
        137.81965731872373,
        137.9577617071881,
        138.1065368480263,
        138.2651640167234,
        138.43293963972744,
        138.60918696671973,
        138.79334505885447,
        138.98487620393757,
        139.18329284248168,
        139.38816968423887,
        139.59911064990334,
        139.81575602744468,
        140.03777495754284,
        140.2648691038609,
        140.4967502762267,
        140.7331860877354,
        140.97389668839762,
        141.21872183314494,
        141.4673968794179,
        141.719776565555,
        141.97567516801388,
        142.23493207953206,
        142.49739548483404,
        142.76291487801998,
        143.03137510842083,
        143.3026279307706,
        143.57659449311018,
        143.85310522108696,
        144.132125513626,
        144.413499018946,
        144.69718437926787,
        144.98306334242938,
        145.27105304593672,
        145.56109085115472,
        145.853104395331,
        146.1470255039064,
        146.4427701068881
    ]
}