{
    "start": 0,
    "stop": 50,
    "levels": [
        142.78822785688124,
        142.81380664231747,
        142.840585255743,
        142.86855422735164,
        142.89770538911387,
        142.92803058084468,
        142.9595210882796,
        142.9921684433713,
        143.02596428267145,
        143.06090039214376,
        143.09696794591474,
        143.13415899396637,
        143.17246490167082,
        143.21187778512444,
        143.25238902497043,
        143.29399097362835,
        143.33667523043647,
        143.38043411339953,
        143.4252586259594,
        143.47114155769265,
        143.51807451457572,
        143.5660497472007,
        143.6150594847827,
        143.66509613759234,
        143.7161508094035,
        143.76821710319444,
        143.82128676924125,
        143.87535174578716,
        143.9304054857839,
        143.98643942747475,
        144.0434464473375,
        144.10141943200296,
        144.16035001063437,
        144.22023193750556,
        144.28105747075443,
        144.34281984147958,
        144.40551080770575,
        144.46912367463653,
        144.53365179221993,
        144.59908781394975,
        144.6654253035832,
        144.73265574918435,
        144.80077431769294,
        144.86977204104926,
        144.93964391281972,
        145.01038273789672,
        145.0819812723584,
        145.15443349452505,
        145.22773284808133,
        145.30187216180101,
        145.3768456199841,
        145.4526468994996,
        145.5292689888438,
        145.60670567159423,
        145.68495120837923,
        145.76399911160752,
        145.84384321986403,
        145.92447743085626,
        146.0058956851355,
        146.08809198145238,
        146.17106034374177,
        146.25479483621797,
        146.33928969619402,
        146.42453904147231,
        146.51053711791872,
        146.5972782562156,
        146.6847567668317,
        146.7729670070902,
        146.8619034227384,
        146.95156054000336,
        147.04193287616786,
        147.1330149862286,
        147.22480148289748,
        147.31728703858028,
        147.41046639297673,
        147.50433432695945,
        147.59888559945722,
        147.69411509717784,
        147.7900175882666,
        147.88658825675725,
        147.98382198246424,
        148.08171379107068,
        148.1802587490903,
        148.27945199367798,
        148.3792889564748,
        148.47976416400923,
        148.58087370086605,
        148.68261179949013,
        148.7849746073761,
        148.88795754750987,
        148.99155582134694,
        149.09576454831193,
        149.20057993107065,
        149.3059968457003,
        149.412011572623,
        149.51861875793696,
        149.62581490591577,
        149.73359543620148,
        149.84195601604347,
        149.9508926093122,
        150.0604009614844,
        150.17047692173065,
        150.28111634391766,
        150.39231526257075,
        150.5040695859983,
        150.6163753125634,
        150.72922909438688,
        150.84262573635493,
        150.95656242233474,
        151.07103454092288,
        151.1860388779408,
        151.3015720279953,
        151.41762939811684,
        151.53420777326784,
        151.6513035234271,
        151.76891236225828,
        151.88703168044213,
        152.00565776760317,
        152.12478672194402,
        152.24441501023523,
        152.36453962165712,
        152.48515675055143,
        152.60626249436825,
        152.72785470315353,
        152.8499301980779,
        152.97248383648525,
        153.09551410883904,
        153.21901720057255,
        153.3429899504372,
        153.4674294095404,
        153.59233232616825,
        153.71769472805033,
        153.84351497710327,
        153.96978915673935,
        154.09651460291235,
        154.2236877062055,
        154.3513061603141,
        154.4793670320513,
        154.6078672078781,
        154.73680356158303,
        154.86617383617408,
        154.99597466481487,
        155.1262034239937,
        155.2568573381821,
        155.38793364761332,
        155.51942963139965,
        155.65134257485948,
        155.7836698010932,
        155.91640863763843,
        156.04955645478566,
        156.18311063595263,
        156.31706859550883,
        156.45142776655052,
        156.5861856045882,
        156.72133958717856,
        156.85688721374652,
        156.99282600526413,
        157.12915353873694,
        157.26586727685924,
        157.4029649053138,
        157.54044389442254,
        157.6783019985497,
        157.81653729624236,
        157.95514626234794,
        158.09412768332027,
        158.23347888664037,
        158.37319772030236,
        158.51328164527587,
        158.65372861656775,
        158.79453640179503,
        158.93570279440593,
        159.0772256124211,
        159.21910269506307,
        159.36133189752363,
        159.50391109056557,
        159.64683816488605,
        159.79011103408246,
        159.93372762265534,
        160.07768587265224,
        160.22198376592684,
        160.36661919118205,
        160.51159023124023,
        160.65689489278827,
        160.8025311870752,
        160.94849705171956,
        161.09479081892007,
        161.24141027043794,
        161.3883536433827,
        161.5356190856344,
        161.68320462219646,
        161.83110829901796,
        161.97932847640976,
        162.12786317568163,
        162.2767107239343,
        162.42586862668662,
        162.57533617521977,
        162.72511126264064,
        162.8751916417422,
        163.02557605527568,
        163.17626260257435,
        163.32724956033368
    ]
}