{
    "yield_post": 3.2323590010398693,
    "error_post": 0.8377878673761538
}