{
    "yield_pre": 3.2967766202517366,
    "error_pre": 0.9885501824172152
}