{
    "start": 0,
    "stop": 20,
    "anchors": [],
    "levels": [
        57.048616727315256,
        56.41976393487998,
        55.78540350483721,
        55.146378266887474,
        54.503882871420956,
        53.85961167836596,
        53.21593249162924,
        52.576080910396925,
        51.94431566496283,
        51.32594668576398,
        50.72708971265809,
        50.15406071718225,
        49.61252360562943,
        49.10672403950052,
        48.63913104811526,
        48.21054945226585,
        47.820533529271074,
        47.46791597111689,
        47.151204216411244,
        46.868639159587474,
        46.61818154569026,
        46.39765837413814,
        46.205101233232085,
        46.04095156073451,
        45.903576776016806,
        45.78902897822779,
        45.69332142493007,
        45.61312190008068,
        45.546030072291586,
        45.49072641269088,
        45.447099759908475,
        45.416058550401445,
        45.39837385858755,
        45.39319891147663,
        45.39803817130306,
        45.410018365887936,
        45.4269232740764,
        45.447368085722026,
        45.47055718339857,
        45.49604222007274,
        45.5235650256918,
        45.55297625191287,
        45.584188327638785,
        45.617150375691615,
        45.65183485973924,
        45.68823134426036,
        45.72633857246322,
        45.76616627331812,
        45.80772702381289,
        45.851039383740705,
        45.89612179896922,
        45.94299358420899,
        45.99167106818989,
        46.042168320425674,
        46.09449337652402,
        46.148647890398564,
        46.20462703254542,
        46.26241697832468,
        46.32199526653932,
        46.38333038661756,
        46.44637950437881,
        46.5110917361769,
        46.57740348707047,
        46.64523818463084,
        46.71450253521587,
        46.78507823149716,
        46.85685168380232,
        46.92977009193872,
        47.00378971671084,
        47.07886796026902,
        47.15496337317507,
        47.23203534115185,
        47.31004395961164,
        47.38895035663508,
        47.46871575978021,
        47.54930026889656,
        47.63066514396816,
        47.71276754237995,
        47.79556516777143,
        47.87902869626513,
        47.96313480525128,
        48.04786201751966,
        48.1331893975741,
        48.21909695944764,
        48.305565466332645,
        48.392576602790655,
        48.480112735245655,
        48.56815641830315,
        48.6566909683487,
        48.74570062086609,
        48.83517010715047,
        48.92508460053966,
        49.01542923058878,
        49.10619080083397,
        49.19735579440072,
        49.28891057121686,
        49.380842847134986,
        49.47314033999032,
        49.565791097832985,
        49.65878376147606,
        49.752106753594106,
        49.84574993675358,
        49.93970211093297,
        50.033953517091966,
        50.12849357325787,
        50.22331325986104,
        50.318403055495125,
        50.41375360184709,
        50.50935616652133,
        50.60520184529179,
        50.70128316437021,
        50.79759108486967,
        50.89411790608487,
        50.990855962247686,
        51.08779763260952,
        51.18493561838248,
        51.28226348090369,
        51.37977375070547,
        51.47745975799934,
        51.5753149996404,
        51.67333313897011,
        51.77150800360935,
        51.869833584253634,
        51.968304040075154,
        52.066913699317944,
        52.16565702714588,
        52.26452859479393,
        52.36352343227566,
        52.46263592131936,
        52.561861763244245,
        52.661195651469455,
        52.760632807702095,
        52.86016893205165,
        52.95979948679165,
        53.05952020883489,
        53.15932676510008,
        53.25921509533646,
        53.35918142587627,
        53.45922153556738,
        53.55933177732412,
        53.65950845286821,
        53.75974773535873,
        53.8600469287797,
        53.96040185360435,
        54.06080942812794,
        54.16126635799981,
        54.26176953762052,
        54.3623158984513,
        54.462902443664476,
        54.56352621890186,
        54.66418421012367,
        54.764873420787715,
        54.86559115652951,
        54.96633405953024,
        55.067099355899586,
        55.16788456551552,
        55.26868675015318,
        55.36950318481162,
        55.4703310808853,
        55.57116807256378,
        55.672011198947885,
        55.77285794028366,
        55.8737056599681,
        55.97455165728858,
        56.07539343946697,
        56.17622827846307,
        56.277053476084234,
        56.3778662794125,
        56.478663856144564,
        56.57944344200345,
        56.680203044909796,
        56.780941067282896,
        56.88165604887798,
        56.982346075941194,
        57.08300950272099,
        57.18364546759432,
        57.28425194933141,
        57.384827326441275,
        57.48537088750313,
        57.58588093640666,
        57.6863561491323,
        57.78679523147416,
        57.88719692117938,
        57.987560554871024,
        58.08788392482101,
        58.188165557932074,
        58.288406671759546,
        58.38860379137017,
        58.48875662564659,
        58.58886394063467,
        58.68892494174709,
        58.78893900401769,
        58.88890447358064,
        58.988820402643086,
        59.08868663718442,
        59.188501416105225,
        59.28826418257271,
        59.387974066370894,
        59.48763038056781,
        59.587232055865044,
        59.68677843138812
    ]
}