{
    "nbins": 50,
    "range_": [
        0.0,
        20.0
    ],
    "nburnin": 100,
    "nsamples": 100000,
    "nrepeats": 100,
    "seed": 0,
    "step_size": 0.5,
    "prob_eye": 0.1,
    "yields": [
        3,
        95,
        2254,
        24547,
        132495,
        413922,
        856288,
        1274394,
        1475296,
        1416452,
        1202323,
        942426,
        700186,
        500638,
        349509,
        240023,
        162256,
        107920,
        70398,
        46074,
        29671,
        19144,
        12291,
        7805,
        5056,
        3175,
        1959,
        1268,
        807,
        493,
        307,
        195,
        121,
        78,
        49,
        26,
        23,
        12,
        2,
        6,
        2,
        3,
        5,
        1,
        0,
        0,
        0,
        0,
        0,
        1
    ],
    "errors": [
        2.215851980616033,
        10.71214264281428,
        60.35594419773417,
        222.64525595664503,
        537.9114704112563,
        973.9215368806668,
        1252.6757601231054,
        1629.6697947743894,
        1691.9243009071065,
        1485.2928869418315,
        1261.4546008477673,
        1298.6990567487146,
        1117.7826443454915,
        917.9638119228883,
        714.7686268996425,
        688.6825901676331,
        645.4088936480501,
        421.71554393927664,
        359.2547285701332,
        300.40845527381555,
        249.39244174593583,
        176.73324531621097,
        137.2887103879995,
        108.66807258804216,
        89.60267853139213,
        73.5713938973566,
        56.95779138976511,
        48.844242240002046,
        34.93579825909235,
        25.583393050961796,
        24.0106226491526,
        16.27114009527298,
        15.381482373295487,
        11.711532777565886,
        8.184741901856153,
        5.219195340279949,
        6.140846847137621,
        4.069397989875162,
        1.3999999999999988,
        3.104834939252004,
        1.399999999999999,
        1.7058722109231983,
        2.598076211353318,
        0.9949874371066196,
        0.0,
        0.0,
        0.0,
        0.0,
        0.0,
        0.9949874371066199
    ]
}