{
    "yield_linear": 3.296617178462337,
    "error_linear": 0.9930336439478618,
    "error_log": 0.3012280741711869
}