{
    "start": 0,
    "stop": 20,
    "levels": [
        46.89990869852529,
        46.90823157689181,
        46.91879346729956,
        46.93151585659823,
        46.94632022354116,
        46.96312895465036,
        46.98186574890912,
        47.00245742736196,
        47.024832609200914,
        47.04892288996122,
        47.07466268272647,
        47.10198925584187,
        47.130842713091255,
        47.161165938659096,
        47.19290403468473,
        47.22600596745557,
        47.260422088767825,
        47.29610547377168,
        47.333011472720194,
        47.371097596747795,
        47.41032340501528,
        47.450650394461775,
        47.49204189305464,
        47.534462957159775,
        47.577880273449196,
        47.6222620656,
        47.66757800591397,
        47.713799131886205,
        47.760897767674074,
        47.808847450356566,
        47.85762286082884,
        47.90719975914252,
        47.95755445288319,
        48.0086655545355,
        48.060511307261336,
        48.11307122203345,
        48.16632562454084,
        48.22025561240686,
        48.274843015244656,
        48.33007035726578,
        48.385920822413,
        48.442378222052845,
        48.49942696399662,
        48.557052023954014,
        48.61523891862747,
        48.673973680438245,
        48.733242833760436,
        48.79303337254985,
        48.85333273926335,
        48.91412880497468,
        48.97540985059942,
        49.037164549151214,
        49.09938194895687,
        49.162051457764846,
        49.22516282768772,
        49.28870615592328,
        49.35267181322508,
        49.41705051531324,
        49.481833256065585,
        49.54701130916892,
        49.61257621705559,
        49.67851978037165,
        49.74483404794485,
        49.81151130722449,
        49.87854407516649,
        49.945925089538164,
        50.0136473006204,
        50.08170386328539,
        50.15008812942988,
        50.218793640744686,
        50.28781412180366,
        50.35714347345482,
        50.42677576649845,
        50.496705235637805,
        50.566926273688196,
        50.63743342603204,
        50.708221385307326,
        50.77928498631859,
        50.850619201158864,
        50.92221869580739,
        50.99407956381947,
        51.066196740273476,
        51.13856570159375,
        51.211182039932496,
        51.28404145936356,
        51.35713977222679,
        51.430472895616575,
        51.50403684800712,
        51.57782774600915,
        51.65184180125146,
        51.726075317382296,
        51.800524687184804,
        51.87518638980149,
        51.950056988063636,
        52.02513312591986,
        52.100411525960894,
        52.17588898703521,
        52.251562381952496,
        52.3274286552708,
        52.403484821163865,
        52.47972796136528,
        52.556155223186416,
        52.63276381760474,
        52.70955101741985,
        52.78651415547452,
        52.863650622937655,
        52.94095786764721,
        53.01843339251005,
        53.09607475395722,
        53.17387956045148,
        53.25184547104573,
        53.329970193990164,
        53.40825148538592,
        53.48668714788383,
        53.565275029426225,
        53.64401302203014,
        53.72289906061046,
        53.80193112184162,
        53.88110722305561,
        53.96042542117621,
        54.039883811686636,
        54.119480527630714,
        54.19921373864503,
        54.27908165002209,
        54.35908250180251,
        54.439214567895654,
        54.51947615522705,
        54.599865602912864,
        54.68038128145878,
        54.76102159198389,
        54.841784965467745,
        54.92266986202031,
        55.0036747701736,
        55.08479820619465,
        55.166038713418466,
        55.24739486160124,
        55.32886524629193,
        55.4104484882226,
        55.49214323271623,
        55.57394814911172,
        55.65586193020534,
        55.73788329170818,
        55.82001097171925,
        55.902243730212874,
        55.984580348541165,
        56.067019628950135,
        56.14956039410923,
        56.23220148665388,
        56.31494176874091,
        56.397780121615945,
        56.48071544519245,
        56.56374665764262,
        56.64687269499891,
        56.730092510766596,
        56.81340507554638,
        56.89680937666736,
        56.98030441782939,
        57.06388921875511,
        57.14756281485097,
        57.231324256877116,
        57.31517261062581,
        57.399106956608335,
        57.48312638974958,
        57.56723001909077,
        57.65141696749971,
        57.73568637138809,
        57.82003738043633,
        57.90446915732502,
        57.988980877517704,
        58.07357172901055,
        58.158240911812904,
        58.24298763805007,
        58.32781113160209,
        58.412710627872485,
        58.497685373562945,
        58.58273462645322,
        58.66785765518635,
        58.75305373905915,
        58.83832216781741,
        58.923662241456356,
        59.009073269566215,
        59.09455457240112,
        59.180105479670495,
        59.265725330464086,
        59.35141347319036,
        59.43716926540282,
        59.522992073630846,
        59.60888127321415,
        59.69483624814114,
        59.78085639089068,
        59.86694110227797,
        59.9530897913032,
        60.039301875004085,
        60.12557677831163,
        60.21191393390893,
        60.298312782093106,
        60.384772770640524,
        60.47129335467469,
        60.557873996537225,
        60.64451416566146,
        60.73121333844898
    ]
}