{
    "yield_pre": 7.8938390963581675,
    "error_pre": 0.790560517574583
}