{
    "yield_post": 8.04989815686248,
    "error_post": 0.7759146119235255
}