{
    "start": 5,
    "stop": 15,
    "anchors": [],
    "levels": [
        131.90357312789092,
        131.55460044021666,
        131.2136567305565,
        130.8807846649616,
        130.55602014384897,
        130.23937964730078,
        129.93086122660878,
        129.63044516893035,
        129.3381250755927,
        129.05391579223746,
        128.77778368724734,
        128.50966472366068,
        128.2494750383774,
        127.99711829729097,
        127.75248917228672,
        127.51547670347149,
        127.2859742590442,
        127.06387874177312,
        126.84908436026872,
        126.64149389112698,
        126.44099987093465,
        126.2474847310209,
        126.06082485502853,
        125.88089266178848,
        125.70756081872042,
        125.54069584519175,
        125.38017406639446,
        125.22586956743214,
        125.0776603352659,
        124.93542914328562,
        124.7990630829063,
        124.66845438518692,
        124.5435008443487,
        124.42410403654571,
        124.31017263259292,
        124.20161939976124,
        124.0983623277937,
        124.0003239042972,
        123.90743101071183,
        123.81961470460782,
        123.73680948804403,
        123.65895374358675,
        123.58598877885069,
        123.51785882890121,
        123.45451054636843,
        123.3958932065249,
        123.3419563495694,
        123.292652882623,
        123.24793577427114,
        123.20775872566446,
        123.17207503213086,
        123.1408389671496,
        123.11400330589618,
        123.09151975272636,
        123.07333922738525,
        123.05940939799937,
        123.04967813248919,
        123.04408963535094,
        123.04258564790341,
        123.04510589806947,
        123.05158673682661,
        123.06196194805126,
        123.07616287564132,
        123.09411663203254,
        123.11574759357283,
        123.14097869844036,
        123.16972788338128,
        123.20191024853388,
        123.23743630455866,
        123.27621300198457,
        123.31814320176585,
        123.3631215445462,
        123.41103480872728,
        123.4617565866886,
        123.51514409528649,
        123.571028676461,
        123.62920976097166,
        123.68945864777962,
        123.75152474238341,
        123.81517014493667,
        123.88020117244511,
        123.94649996359983,
        124.01399457185316,
        124.08264279815656,
        124.15242215870943,
        124.22331806122618,
        124.29532042572355,
        124.3684212485677,
        124.44261244584627,
        124.51788624626015,
        124.59423313662931,
        124.67164172688672,
        124.7501002490145,
        124.82959479521568,
        124.91010992410676,
        124.9916295347603,
        125.07413543410112,
        125.15760921778825,
        125.2420313251305,
        125.32738117705432,
        125.41363924196351,
        125.50078267008944,
        125.5887907558016,
        125.67764154749196,
        125.76731283275166,
        125.85778226920692,
        125.9490274743428,
        126.04102647312158,
        126.13375614201283,
        126.22719405870488,
        126.32131869398253,
        126.41610744876586,
        126.51153820848259,
        126.607589354096,
        126.70423929930318,
        126.80146622586788,
        126.89924956706228,
        126.99756792531255,
        127.09640150636439,
        127.19572904465892,
        127.29553135598266,
        127.3957883183311,
        127.49648119146607,
        127.59759117303717,
        127.69909882956864,
        127.80098698941077,
        127.90323736243872,
        128.0058327688983,
        128.1087560685947,
        128.21199112727248,
        128.3155210224674,
        128.41932899197144,
        128.52340036428038,
        128.62771958961008,
        128.7322710768523,
        128.83704009760703,
        128.94201231324843,
        129.04717313999916,
        129.15250763780645,
        129.2580020695488,
        129.36364182341663,
        129.46941265344822,
        129.57529894667897,
        129.6812868199598,
        129.78735922708844,
        129.89349996623318,
        129.99968979365482,
        130.10591324836156,
        130.2121616580102,
        130.31842684718444,
        130.42470202167692,
        130.53098012861568,
        130.63725382266236,
        130.7435167825755,
        130.84976270985206,
        130.95598666224822,
        131.06218243259377,
        131.16834450935295,
        131.2744688516828,
        131.38054981708657,
        131.4865836394783,
        131.59256568224637,
        131.69849195100664,
        131.80435890107117,
        131.91016285002448,
        132.0159003831463,
        132.1215679089894,
        132.22716341469112,
        132.33268299770293,
        132.43812469734326,
        132.54348573249655,
        132.6487637477266,
        132.7539563884183,
        132.85906184758664,
        132.96407796892777,
        133.06900330032968,
        133.17383601534561,
        133.27857578547238,
        133.3832184987112,
        133.48776442713483,
        133.59221225197126,
        133.69655985063594,
        133.80080846539033,
        133.90495507518466,
        134.00900059513572,
        134.11294315358154,
        134.21678236831588,
        134.32051765325758,
        134.42414862048776,
        134.52767458161946,
        134.63109568990848,
        134.734410955627,
        134.83762049669917,
        134.94072349292182,
        135.043720901926,
        135.14661178668578,
        135.24939620949854,
        135.3520747856527,
        135.45464661342888,
        135.5571124213402,
        135.65947204894186
    ]
}