{
    "start": 5,
    "stop": 15,
    "anchors": [],
    "levels": [
        131.9035731278764,
        131.55460044021584,
        131.2136567305551,
        130.88078466497666,
        130.55602014384806,
        130.23937964730098,
        129.93086122660878,
        129.6304451689311,
        129.3381250755927,
        129.05391579223732,
        128.77778368726968,
        128.50966472366048,
        128.24947503837637,
        127.99711829729102,
        127.7524891722868,
        127.51547670347149,
        127.2859742590298,
        127.06387874175832,
        126.84908436026872,
        126.64149389112453,
        126.44099987094911,
        126.2474847310205,
        126.06082485502876,
        125.88089266180287,
        125.70756081872042,
        125.54069584517703,
        125.38017406639446,
        125.22586956743214,
        125.07766033526592,
        124.93542914328562,
        124.79906308291973,
        124.66845438520215,
        124.54350084433413,
        124.42410403654496,
        124.31017263259324,
        124.20161939976124,
        124.0983623277937,
        124.0003239042972,
        123.90743101071183,
        123.81961470460854,
        123.73680948804403,
        123.65895374358675,
        123.58598877885069,
        123.51785882890121,
        123.45451054636843,
        123.39589320652505,
        123.34195634956981,
        123.292652882623,
        123.24793577428524,
        123.20775872566446,
        123.1720750321457,
        123.1408389671496,
        123.11400330589618,
        123.09151975272636,
        123.07333922738525,
        123.05940939799937,
        123.04967813250398,
        123.04408963535094,
        123.04258564790351,
        123.04510589805395,
        123.05158673682661,
        123.06196194805126,
        123.07616287564215,
        123.0941166320324,
        123.11574759357283,
        123.14097869842558,
        123.16972788338128,
        123.20191024853388,
        123.23743630455866,
        123.27621300198457,
        123.31814320176728,
        123.36312154453138,
        123.41103480872728,
        123.4617565866886,
        123.51514409528649,
        123.571028676461,
        123.62920976097166,
        123.68945864776538,
        123.75152474238351,
        123.81517014492213,
        123.88020117246081,
        123.94649996360013,
        124.01399457183878,
        124.08264279815668,
        124.15242215870961,
        124.22331806122529,
        124.2953204257091,
        124.36842124855413,
        124.44261244584644,
        124.5178862462601,
        124.5942331366293,
        124.67164172687188,
        124.75010024898565,
        124.82959479521574,
        124.91010992410578,
        124.99162953475931,
        125.07413543410009,
        125.15760921778865,
        125.24203132514582,
        125.32738117703973,
        125.41363924196253,
        125.50078267008944,
        125.58879075578808,
        125.67764154749293,
        125.76731283275285,
        125.85778226920586,
        125.94902747434323,
        126.04102647312062,
        126.13375614201368,
        126.22719405870467,
        126.32131869398305,
        126.41610744876563,
        126.51153820848191,
        126.6075893540964,
        126.70423929931846,
        126.80146622588205,
        126.89924956706126,
        126.99756792531161,
        127.09640150636356,
        127.19572904464366,
        127.29553135598269,
        127.39578831833012,
        127.49648119146624,
        127.5975911730381,
        127.6990988295695,
        127.80098698941075,
        127.90323736243879,
        128.00583276889927,
        128.1087560686093,
        128.21199112728607,
        128.3155210224664,
        128.41932899197116,
        128.52340036427913,
        128.62771958959647,
        128.73227107685148,
        128.83704009762084,
        128.94201231324823,
        129.04717313998438,
        129.15250763782092,
        129.2580020695492,
        129.36364182340208,
        129.46941265344842,
        129.5752989466792,
        129.681286819961,
        129.7873592270882,
        129.89349996623315,
        129.99968979363987,
        130.10591324836167,
        130.2121616579966,
        130.3184268471856,
        130.42470202167692,
        130.5309801286159,
        130.63725382266333,
        130.7435167825755,
        130.84976270985175,
        130.9559866622481,
        131.06218243260824,
        131.16834450935275,
        131.27446885168166,
        131.38054981708743,
        131.4865836394783,
        131.59256568224635,
        131.698491950991,
        131.8043589010855,
        131.91016285000993,
        132.01590038314703,
        132.12156790898945,
        132.22716341467668,
        132.33268299770418,
        132.43812469734277,
        132.54348573249763,
        132.648763747712,
        132.7539563884329,
        132.8590618475866,
        132.96407796892734,
        133.06900330034406,
        133.1738360153168,
        133.27857578548688,
        133.38321849872568,
        133.48776442713591,
        133.59221225198667,
        133.69655985063616,
        133.80080846537456,
        133.9049550751849,
        134.00900059515052,
        134.1129431535959,
        134.21678236831542,
        134.3205176532578,
        134.4241486204888,
        134.52767458161946,
        134.63109568992314,
        134.73441095562674,
        134.83762049669895,
        134.9407234929228,
        135.0437209019251,
        135.14661178668482,
        135.24939620949831,
        135.35207478565195,
        135.45464661342947,
        135.55711242132543,
        135.65947204894192
    ]
}