{
    "start": 0,
    "stop": 22,
    "levels": [
        125.35964940275309,
        125.33380790720847,
        125.30962646929412,
        125.28706926725496,
        125.26610024289639,
        125.24668620768412,
        125.2287936759369,
        125.21239040209495,
        125.1974450431354,
        125.18392712852507,
        125.17180703429457,
        125.1610559569156,
        125.15164623573015,
        125.14354988827037,
        125.13674081559682,
        125.13119325173649,
        125.126882128483,
        125.12378305152131,
        125.12187227801083,
        125.12112685826453,
        125.12152409665778,
        125.12304214789398,
        125.12565944926145,
        125.12935577328074,
        125.13411061478237,
        125.13990437681895,
        125.1467179687709,
        125.1545319445252,
        125.16332911852965,
        125.17309133794873,
        125.18380130410922,
        125.19544215192093,
        125.20799743522248,
        125.22145111849107,
        125.2357875603213,
        125.25099150417445,
        125.26704806292987,
        125.2839427122742,
        125.30166127561058,
        125.3201899171736,
        125.33951512648707,
        125.35962371767818,
        125.38050280349681,
        125.40213983758954,
        125.42452251528687,
        125.44763883611371,
        125.47147707357672,
        125.49602576842248,
        125.52127372222363,
        125.54720999560686,
        125.5738239444743,
        125.60110536513537,
        125.62904282789583,
        125.65762772098809,
        125.68684970265763,
        125.71669922861254,
        125.7471669310226,
        125.77824364156155,
        125.80992038568507,
        125.84218837894093,
        125.87503899212264,
        125.90846389109554,
        125.94245477701632,
        125.97700364130834,
        126.01210248834529,
        126.04774360830301,
        126.08391953087092,
        126.12062251154556,
        126.1578456239707,
        126.19558156241125,
        126.23382335183976,
        126.27256413137474,
        126.31179718997863,
        126.35151593788707,
        126.39171391434289,
        126.43238485110197,
        126.47352238729792,
        126.51512049288549,
        126.55717318769138,
        126.59967460444788,
        126.6426189859217,
        126.68600068232237,
        126.72981414872541,
        126.77405394248945,
        126.81871472092108,
        126.86379123226118,
        126.90927840528728,
        126.95517104529854,
        127.00146425254249,
        127.04815314992742,
        127.0952329465003,
        127.14269893631628,
        127.19054649630749,
        127.23877108422836,
        127.28736823694301,
        127.33633356853318,
        127.38566276866759,
        127.43535160082277,
        127.48539590066149,
        127.53579108080854,
        127.58653409300294,
        127.63762049708717,
        127.68904640199932,
        127.74080798126059,
        127.7929014716211,
        127.84532317173625,
        127.8980694407471,
        127.95113669706919,
        128.00452141710565,
        128.05822013404628,
        128.11222943663105,
        128.16654626066654,
        128.2211667205331,
        128.27608785430178,
        128.33130646175476,
        128.38681939262398,
        128.4426235458255,
        128.49871586817486,
        128.5550933536506,
        128.61175304232364,
        128.66869202023835,
        128.72590742138266,
        128.7833964137774,
        128.84115621296985,
        128.8991840761933,
        128.9574773016554,
        129.01603322761503,
        129.07484923167934,
        129.1339227275992,
        129.19325117165442,
        129.25283205495427,
        129.3126629050071,
        129.37274128498058,
        129.43306479316252,
        129.49363106214486,
        129.55443775830838,
        129.6154824479047,
        129.67676312031875,
        129.73827741400345,
        129.80002312392287,
        129.86199807579962,
        129.92419977515766,
        129.98662680326402,
        130.0492767291289,
        130.11214749587901,
        130.1752370745759,
        130.23854346384286,
        130.30206468938846,
        130.36579880346153,
        130.42974388436284,
        130.49389803606917,
        130.55825933906033,
        130.62282604351023,
        130.68759670336195,
        130.75256841908634,
        130.81774026763276,
        130.88311038990267,
        130.9486770509887,
        131.01443850332038,
        131.0803928848736,
        131.14653881242867,
        131.21287463389612,
        131.2793982636035,
        131.34610868165694,
        131.41300414409736,
        131.48008296822152,
        131.54734367393323,
        131.61478473940687,
        131.6824046617118,
        131.75020195644842,
        131.81817508700414,
        131.88632274475057,
        131.9546434300802,
        132.02313572986304,
        132.09179824803144,
        132.16062960539637,
        132.22962843922636,
        132.29879340317348,
        132.36812316693837,
        132.43761641597115,
        132.50727185122912,
        132.57708818905502,
        132.64706416075896,
        132.71719851256745,
        132.78749000526292,
        132.85793741400394,
        132.92853952812482,
        132.999295150879,
        133.07020309925744,
        133.141262203796,
        133.2124713083247,
        133.28382926976863,
        133.355334958047,
        133.4269872557182,
        133.49878505795851,
        133.5707272722808,
        133.64281281832655,
        133.71504062777856,
        133.78740964411827,
        133.85991882249084,
        133.93256712947291
    ]
}