{
    "yield_linear": 39.86846143864765,
    "error_linear": 5.5193797935530196,
    "error_log": 0.1384397489741766
}