{
    "ndata": 22.8921537399292,
    "start": 0,
    "stop": 30,
    "rtol": 0.001,
    "integrals": [
        [
            0.633331566049571,
            0.6336076760287299
        ],
        [
            0.6452815291918328,
            0.6455647020658204
        ],
        [
            0.6569853824585519,
            0.6572832405749879
        ],
        [
            0.6684173975205884,
            0.668722310868013
        ],
        [
            0.6795629608872089,
            0.6798733630487808
        ],
        [
            0.6904140347415524,
            0.690698705027486
        ],
        [
            0.7009179768584315,
            0.7012125831099941
        ],
        [
            0.7110518880002824,
            0.7113963550435889
        ],
        [
            0.7208597989456115,
            0.7211699290341592
        ],
        [
            0.7302493891242331,
            0.7305769855157642
        ],
        [
            0.7392218434616754,
            0.7395863576748514
        ],
        [
            0.7478075580151494,
            0.7481454676614124
        ],
        [
            0.7559304745919304,
            0.7562794025478505
        ],
        [
            0.7636268143189985,
            0.7639440525882835
        ],
        [
            0.7708443511935014,
            0.7711388386700538
        ],
        [
            0.7775769917641606,
            0.7778531691900576
        ],
        [
            0.7837902868069913,
            0.7840964219700591
        ],
        [
            0.7894742232608124,
            0.7898571113408913
        ],
        [
            0.794689005422584,
            0.7950535845961181
        ],
        [
            0.799375513461805,
            0.7997248468024492
        ],
        [
            0.8035223379431513,
            0.8038622393275693
        ],
        [
            0.8071286556399628,
            0.8074627701921825
        ],
        [
            0.8101831654960464,
            0.810516748814326
        ],
        [
            0.8126861350712011,
            0.8130194675444506
        ],
        [
            0.8146329480071208,
            0.8149675088292555
        ],
        [
            0.8160200630998772,
            0.8163601885973808
        ],
        [
            0.8168510489194084,
            0.8171976846911218
        ],
        [
            0.8171193452131511,
            0.8174772311088487
        ],
        [
            0.8168310058261847,
            0.8172010573670785
        ],
        [
            0.8159886989933367,
            0.8163719290588252
        ],
        [
            0.8146314461084236,
            0.8149621223957758
        ],
        [
            0.8126961428865196,
            0.813039653433969
        ],
        [
            0.8102197655700897,
            0.8105790963440337
        ],
        [
            0.8072109499621574,
            0.8075882940961188
        ],
        [
            0.8036789397090068,
            0.8040739183535902
        ],
        [
            0.7996792516133844,
            0.8000029488060479
        ],
        [
            0.7951542204250337,
            0.7954498535704179
        ],
        [
            0.790114222154055,
            0.7904247709639186
        ],
        [
            0.7845934527159599,
            0.7849204265171206
        ],
        [
            0.7786038572221808,
            0.7789475106808678
        ],
        [
            0.7721821314433657,
            0.7725021400330693
        ],
        [
            0.7653016006112481,
            0.765638588086973
        ],
        [
            0.7579966788087593,
            0.7583510639249523
        ],
        [
            0.7503009471775637,
            0.7506345975604859
        ],
        [
            0.7422148506796036,
            0.7425267527013102
        ],
        [
            0.7337332376285323,
            0.7340613535905496
        ],
        [
            0.7249098033061337,
            0.725221363374043
        ],
        [
            0.7157479192386934,
            0.7160419293276932
        ],
        [
            0.7062562560091138,
            0.7065466993560026
        ],
        [
            0.6964516558552181,
            0.6967574570855865
        ],
        [
            0.6863603171855773,
            0.6866819675888598
        ],
        [
            0.6760182967532021,
            0.676322344861141
        ],
        [
            0.6654124559612179,
            0.6657320913142594
        ],
        [
            0.6546111726246883,
            0.6548810218115315
        ],
        [
            0.6435680449979974,
            0.643850669745923
        ],
        [
            0.6323314225478812,
            0.632627689874515
        ],
        [
            0.6209214645295119,
            0.6212325018598573
        ],
        [
            0.6093737097583022,
            0.6096684710176298
        ],
        [
            0.5976757939593981,
            0.5979840869631889
        ],
        [
            0.5858890073871758,
            0.5861548880146109
        ],
        [
            0.5739734388390998,
            0.5742522977161304
        ],
        [
            0.5619895692018201,
            0.5622536203120981
        ],
        [
            0.5499404375100854,
            0.5501914410609038
        ],
        [
            0.5378377692232167,
            0.5380874694603341
        ],
        [
            0.5256978997961305,
            0.5259589778270419
        ],
        [
            0.5135549262540704,
            0.5138028252173049
        ],
        [
            0.5013990114735235,
            0.5016584615109301
        ],
        [
            0.48927122432444997,
            0.4895185299216762
        ],
        [
            0.4771722857297942,
            0.47740799087509395
        ],
        [
            0.46511864755175913,
            0.4653421651146915
        ],
        [
            0.45311197720819524,
            0.45334423200172086
        ],
        [
            0.4411745984683802,
            0.44141637183069843
        ],
        [
            0.42932907020484795,
            0.4295612196703664
        ],
        [
            0.41758841358827453,
            0.4177914267988375
        ],
        [
            0.4059444863649214,
            0.4061378559806612
        ],
        [
            0.39441729091919525,
            0.39460099628454953
        ],
        [
            0.38301530805585815,
            0.38318902860071186
        ],
        [
            0.37174468166216673,
            0.37191718132700646
        ],
        [
            0.3606151989604358,
            0.3607945334010062
        ],
        [
            0.34963792290166457,
            0.3498241352785744
        ],
        [
            0.3388214754124096,
            0.3390148762078133
        ],
        [
            0.3281792437829372,
            0.32836594459534946
        ],
        [
            0.31771725756732727,
            0.3178826647251081
        ],
        [
            0.3074356305908122,
            0.3075792972922449
        ],
        [
            0.29732651620647566,
            0.2974736626900374
        ],
        [
            0.28740743777197475,
            0.2875581753486901
        ],
        [
            0.2776819688265406,
            0.2778365487123451
        ],
        [
            0.26815327841451797,
            0.26831235597722747
        ],
        [
            0.2588252018236835,
            0.2589893509147757
        ],
        [
            0.2497165954352191,
            0.24985497907977341
        ],
        [
            0.2408123620437818,
            0.2409282658565243
        ],
        [
            0.2321033530821942,
            0.23222146203190508
        ],
        [
            0.22360266787777763,
            0.22372334675346764
        ],
        [
            0.2153115060371316,
