{
    "yield_pre": 3.5209161562487274,
    "error_pre": 2.0241774613427075
}