{
    "start": 0,
    "stop": 35,
    "anchors": [],
    "levels": [
        85.48756651445576,
        85.20714807773228,
        84.91032209645047,
        84.59185470913926,
        84.2419449593161,
        83.84584827942845,
        83.16274281632052,
        82.65676750387927,
        82.28000352187277,
        81.99638781428962,
        81.78012300644906,
        81.61288984804384,
        81.48202406211908,
        81.37899575573591,
        81.29809532900049,
        81.23538352023911,
        81.18797027212783,
        81.15360651819239,
        81.13047738332064,
        81.11709019716989,
        81.11220524619469,
        81.11478531810704,
        81.12395722821483,
        81.13898106233003,
        81.15922599330625,
        81.18415087437236,
        81.21328816617756,
        81.24623360107616,
        81.28263311090141,
        81.32217664160694,
        81.36459099560707,
        81.40963438355122,
        81.45709190844063,
        81.50677182817356,
        81.55850241204998,
        81.61212937356973,
        81.66751359067973,
        81.7245290657675,
        81.78306186369224,
        81.84300795884836,
        81.90427326000408,
        81.96677035003522,
        82.03042041921492,
        82.09515108955235,
        82.16089506991695,
        82.22759043002756,
        82.29518031964594,
        82.36361192296154,
        82.43283650978684,
        82.5028084290336,
        82.57348550885297,
        82.6448291264175,
        82.71680165576493,
        82.78936954907209,
        82.86250060974317,
        82.9361648837595,
        83.01033431222311,
        83.08498257506207,
        83.16008502310859,
        83.23561851030884,
        83.31156067350379,
        83.38789144761918,
        83.46459115942982,
        83.54164149429987,
        83.61902513263158,
        83.69672587270924,
        83.77472781516745,
        83.85301706212101,
        83.93157844971292,
        84.01039988162954,
        84.08946819732864,
        84.16877200948032,
        84.24829965970747,
        84.32804050457463,
        84.40798443372421,
        84.48812176347381,
        84.56844279440706,
        84.64893938948642,
        84.72960264593425,
        84.81042446679228,
        84.891397167213,
        84.97251439472365,
        85.05376778885211,
        85.13515102458993,
        85.21665804663566,
        85.2982825471669,
        85.38001878847793,
        85.46186103980106,
        85.54380405052893,
        85.62584237014082,
        85.70797129579461,
        85.790186010452,
        85.87248197746122,
        85.95485508428239,
        86.0373003535785,
        86.11981457890379,
        86.20239372671104,
        86.28503370214882,
        86.36773103906894,
        86.45048266910757,
        86.53328501401406,
        86.61613499689798,
        86.69903021969357,
        86.78196669608639,
        86.86494067236455,
        86.94795164321725,
        87.03099603455796,
        87.11407133142173,
        87.19717506680041,
        87.28030492171997,
        87.3634586525432,
        87.44663406295385,
        87.52982903584719,
        87.61304150656088,
        87.6962695568022,
        87.77951129403446,
        87.86276486657718,
        87.94602853848292,
        88.02930064928228,
        88.1125795404729,
        88.1958635989254,
        88.27915128704294,
        88.36244112321924,
        88.44573177844562,
        88.5290219609627,
        88.61230955976926,
        88.6955942804228,
        88.77887475564722,
        88.8621486064753,
        88.94541661019574,
        89.02867603533733,
        89.11192648675353,
        89.19516665297883,
        89.2783957482449,
        89.36161316546132,
        89.4448167225873,
        89.52800693650342,
        89.61118145887735,
        89.69434076496397,
        89.77748290046357,
        89.8606082460801,
        89.94371502397274,
        90.02680306385243,
        90.10987134355162,
        90.19291917773731,
        90.27594596679776,
        90.35895136408215,
        90.44193384166276,
        90.52489321444342,
        90.6078293578569,
        90.69074105100098,
        90.77362816247049,
        90.8564899710186,
        90.93932577392135,
        91.02213582127438,
        91.10491864752142,
        91.18767376145301,
        91.27040151994306,
        91.35310094647517,
        91.43577189894158,
        91.51841378543222,
        91.60102597391503,
        91.6836084793867,
        91.76616074652466,
        91.84868238950637,
        91.9311730618598,
        92.01363245198011,
        92.0960600126373,
        92.17845587940168,
        92.26081935924887,
        92.34315035292283,
        92.42544853083143,
        92.50771327867866,
        92.58994529572465,
        92.6721428782506,
        92.75430698824708,
        92.83643669822774,
        92.9185321453852,
        93.00059297808095,
        93.08261896509671,
        93.16460977796677,
        93.24656549266044,
        93.32848584263931,
        93.41037028773657,
        93.49221916786523,
        93.57403232463993,
        93.6558086229591,
        93.73754893793529,
        93.81925274854457,
        93.90091995357866,
        93.98255040999206,
        94.06414391002,
        94.14570033702248,
        94.22721960500941,
        94.30870155025316,
        94.39014632310165,
        94.47155305092448,
        94.55292251370926,
        94.63425401990962,
        94.7155475662906,
        94.79680351505918
    ]
}