{
    "start": 0,
    "stop": 30,
    "levels": [
        82.83117973126053,
        82.91573941485493,
        83.00360359014736,
        83.09452368835308,
        83.18826962647408,
        83.28462708223975,
        83.38339953322442,
        83.48440708798279,
        83.58748553350236,
        83.69248522334051,
        83.79926989915934,
        83.90771551463268,
        84.01770910375059,
        84.12914771778932,
        84.24193758532851,
        84.35599266649714,
        84.47123465033147,
        84.58759166624374,
        84.70499777754486,
        84.82339243768934,
        84.94271972795093,
        85.06292867655765,
        85.18397150898792,
        85.30580470610084,
        85.42838748216734,
        85.55168218558879,
        85.67565399919991,
        85.80026996121279,
        85.92549996176263,
        86.05131569131184,
        86.17769038014684,
        86.30459990877368,
        86.43202082567392,
        86.55993140775622,
        86.68831125845817,
        86.81714120427043,
        86.94640320092984,
        87.07608024836439,
        87.20615631329306,
        87.33661664145103,
        87.46744617701778,
        87.59863175480557,
        87.73016056195495,
        87.86202045556298,
        87.99419991745776,
        88.12668801265855,
        88.2594743511847,
        88.39254905291412,
        88.52590271515129,
        88.65952638275331,
        88.79341152045916,
        88.92754998736196,
        89.06193401323127,
        89.19655561690726,
        89.33140882088033,
        89.4664862860316,
        89.60178152063393,
        89.73728830850439,
        89.87300069376035,
        90.0089129666109,
        90.14501965009129,
        90.2813154876767,
        90.41779543169214,
        90.55445463247676,
        90.69128842824091,
        90.82829233554102,
        90.96546204037041,
        91.1027933897698,
        91.24028238397219,
        91.37792516899846,
        91.51571802970108,
        91.65365738322689,
        91.79173977282011,
        91.92996186202481,
        92.06832042918448,
        92.20681236228741,
        92.34543465404211,
        92.48418439726395,
        92.62305878050992,
        92.76205508393646,
        92.90117067537976,
        93.04040300663543,
        93.17974960996673,
        93.31920809473125,
        93.45877614424465,
        93.59845151276264,
        93.73823202262307,
        93.87811556153838,
        94.01810008000484,
        94.15818358886233,
        94.29836415694302,
        94.43863990886034,
        94.57900902287271,
        94.7194697288995,
        94.86002030655409,
        95.00065908328025,
        95.14138443266637,
        95.28219477275023,
        95.42308856439782,
        95.56406430978956,
        95.70512055097319,
        95.8462558684308,
        95.98746887977805,
        96.12875823845566,
        96.2701226325376,
        96.41156078351779,
        96.55307144521501,
        96.69465340269608,
        96.83630547122418,
        96.97802649528347,
        97.11981534761692,
        97.26167092832935,
        97.40359216400367,
        97.54557800685292,
        97.68762743392303,
        97.82973944630145,
        97.97191306840361,
        98.11414734721149,
        98.25644135161204,
        98.39879417172901,
        98.54120491826984,
        98.68367272192728,
        98.82619673278364,
        98.96877611972447,
        99.11141006989712,
        99.25409778820433,
        99.39683849674635,
        99.53963143436889,
        99.6824758561714,
        99.82537103303174,
        99.96831625120265,
        100.11131081185198,
        100.25435403066454,
        100.39744523742928,
        100.54058377567972,
        100.68376900229676,
        100.82700028716367,
        100.97027701281878,
        101.11359857410146,
        101.25696437786691,
        101.4003738426182,
        101.54382639824868,
        101.68732148572639,
        101.83085855680201,
        101.97443707376229,
        102.11805650912997,
        102.26171634542798,
        102.4054160749134,
        102.54915519934634,
        102.692933229762,
        102.83674968620966,
        102.98060409756457,
        103.12449600130675,
        103.26842494330546,
        103.41239047762134,
        103.5563921663036,
        103.70042957922239,
        103.84450269330857,
        103.9886102945494,
        104.13275237462616,
        104.27692853284066,
        104.42113837542699,
        104.56538151538108,
        104.70965757235744,
        104.85396617245229,
        104.99830694810969,
        105.14267953794793,
        105.28708358663806,
        105.43151874475525,
        105.57598466867566,
        105.72048102042177,
        105.86500746754572,
        106.00956368301975,
        106.15414934510635,
        106.29876413726112,
        106.44340774799772,
        106.58807987081205,
        106.7327802040426,
        106.87750845079199,
        107.02226431882535,
        107.1670475204574,
        107.3118577724887,
        107.45669479607696,
        107.60155831666935,
        107.74644806391962,
        107.8913637715878,
        108.03630517746473,
        108.18127202328829,
        108.32626405467396,
        108.4712810210232,
        108.61632267546359,
        108.76138877475393,
        108.9064790792485,
        109.05159335279137,
        109.19673136265686,
        109.34189287950998,
        109.48707767730383,
        109.6322855332416,
        109.77751622770985,
        109.92276954420531,
        110.0680452692898
    ]
}