{
    "nbins": 50,
    "range_": [
        0.0,
        6.0
    ],
    "nburnin": 100,
    "nsamples": 100000,
    "nrepeats": 100,
    "seed": 0,
    "step_size": 0.2,
    "prob_eye": 0.1,
    "yields": [
        0,
        0,
        0,
        0,
        0,
        0,
        0,
        0,
        0,
        0,
        0,
        0,
        0,
        0,
        0,
        0,
        5,
        56,
        335,
        1870,
        7987,
        25957,
        70630,
        159183,
        306775,
        513962,
        746526,
        962365,
        1112916,
        1165218,
        1115603,
        987127,
        812947,
        630110,
        460967,
        324440,
        218771,
        141234,
        89788,
        56316,
        34818,
        21383,
        12633,
        7799,
        4737,
        2781,
        1797,
        1047,
        731,
        399
    ],
    "errors": [
        0.0,
        0.0,
        0.0,
        0.0,
        0.0,
        0.0,
        0.0,
        0.0,
        0.0,
        0.0,
        0.0,
        0.0,
        0.0,
        0.0,
        0.0,
        0.0,
        2.9580398915498067,
        12.273548794053006,
        29.912372022292057,
        76.36098480244999,
        174.06696987079428,
        340.036042207293,
        585.8438358470626,
        1059.2856602446764,
        1505.9889607829134,
        2045.9412406029649,
        2319.986043061466,
        2457.369477713924,
        2111.7640587906594,
        2113.5540589253924,
        2131.4940558209396,
        2122.5290834285406,
        1852.5368849229426,
        1751.1804590047254,
        1539.3193658237396,
        1369.6758740665612,
        1228.367449096564,
        958.955911395305,
        757.7430699122231,
        533.4130107149617,
        482.33884355295294,
        383.57282229063105,
        283.6513881510189,
        174.06605068191791,
        156.89267031955316,
        92.09446237423835,
        80.54135583661352,
        72.79361235712925,
        53.715826345687,
        37.053879688907074
    ]
}