{
    "start": 0,
    "stop": 20,
    "levels": [
        125.78710841442003,
        125.82424920310656,
        125.86326699922203,
        125.90405492262362,
        125.94651493221727,
        125.99055677134112,
        126.03609734022442,
        126.08305933086191,
        126.13137174942214,
        126.18096827008216,
        126.23178767305255,
        126.28377246933069,
        126.33686984266865,
        126.39102928605705,
        126.4462049865552,
        126.5023529988058,
        126.55943284656556,
        126.61740509782393,
        126.6762347487455,
        126.73588748237,
        126.79633130775291,
        126.85753605198109,
        126.9194732224503,
        126.9821158830127,
        127.04543854593385,
        127.10941707051299,
        127.17402857039248,
        127.23925132875031,
        127.30506472039724,
        127.3714491402027,
        127.43838593754461,
        127.50585735584417,
        127.5738464759264,
        127.6423371647831,
        127.7113140296529,
        127.78076237341084,
        127.85066814262221,
        127.92101807044418,
        127.99179897177096,
        128.062998739706,
        128.1346055290607,
        128.20660815399773,
        128.27899547186053,
        128.3517574994616,
        128.42488406362506,
        128.49836557786261,
        128.57219282342368,
        128.64635693561038,
        128.72084940842015,
        128.7956619716388,
        128.87078674693032,
        128.94621611377852,
        129.0219427265558,
        129.09795950140878,
        129.17425960402144,
        129.25083643800815,
        129.32768363405722,
        129.40479503963007,
        129.4821647092221,
        129.55978689527478,
        129.63765603936406,
        129.71576676428,
        129.79411386597985,
        129.87269230637017,
        129.95149720647547,
        130.03052383955563,
        130.10976762512217,
        130.18922412279562,
        130.26888902680307,
        130.34875812708663,
        130.4288274387156,
        130.50909299381354,
        130.58955097348564,
        130.67019766894987,
        130.75102947743224,
        130.83204289819952,
        130.91323452862338,
        130.99460106074906,
        131.0761392776214,
        131.157846050174,
        131.23971837835367,
        131.32175321473878,
        131.40394771532834,
        131.48629907120207,
        131.5688045324852,
        131.65146140293447,
        131.7342671907554,
        131.81721930960964,
        131.9003152936628,
        131.98355274002117,
        132.0669292586934,
        132.1504426926673,
        132.23409068260824,
        132.31787109543467,
        132.40178180567867,
        132.4858208358546,
        132.56998596711412,
        132.65427531967197,
        132.7386868699563,
        132.8232190074895,
        132.90786964643954,
        132.99263688790987,
        133.07751925082968,
        133.1625148921887,
        133.24762212639519,
        133.3328393086614,
        133.41816482970836,
        133.50359711456312,
        133.5891347498488,
        133.67477601250243,
        133.76051943875387,
        133.84636367568993,
        133.93230732511867,
        134.0183488521035,
        134.10448713460582,
        134.1907207349083,
        134.27704834722292,
        134.36346869988347,
        134.44998054445097,
        134.53658265782647,
        134.62327384092947,
        134.71005291741642,
        134.79691873495992,
        134.8838703022932,
        134.97090622480022,
        135.05802568101606,
        135.14522716003432,
        135.23251018982347,
        135.31987346502092,
        135.40731603271226,
        135.4948368870016,
        135.58243505883888,
        135.67010959599645,
        135.757859565341,
        135.84568404992467,
        135.9335821496656,
        136.02155298025326,
        136.10959567291331,
        136.19770937210077,
        136.28589319239512,
        136.37414644606667,
        136.4624682297563,
        136.55085774302123,
        136.63931416317064,
        136.72783688595408,
        136.81642500012487,
        136.90507781648202,
        136.9937946049652,
        137.08257465660358,
        137.17141749036264,
        137.26032191266637,
        137.34928751693124,
        137.43831364069237,
        137.52739962627004,
        137.61654482443407,
        137.7057485808484,
        137.79501026134423,
        137.884329246671,
        137.9737049308337,
        138.06313671605142,
        138.15262401099932,
        138.2421660518572,
        138.3317626612096,
        138.42141307872808,
        138.5111167500611,
        138.6008731296315,
        138.69068168219934,
        138.78054188017302,
        138.87045318206486,
        138.96041509013472,
        139.05042710151838,
        139.14048871805736,
        139.23059944920595,
        139.3207588138229,
        139.41096624484575,
        139.5012215391766,
        139.5915239740522,
        139.68187318122057,
        139.77226893316902,
        139.86271023280753,
        139.95319697515444,
        140.0437288467447,
        140.13430530777114,
        140.22492594201145,
        140.31559033715183,
        140.40629808601318,
        140.49704878827686,
        140.58784204903424,
        140.6786774785479,
        140.76955469252357,
        140.86047331179253,
        140.95143296236964,
        141.0424332753511,
        141.13347388672503,
        141.22455443734972,
        141.31567457288156,
        141.40683394366368,
        141.49803220464392,
        141.58926901530256,
        141.68054403954196,
        141.7718569457428
    ]
}