{
    "yield_linear": 1.5859811203956442,
    "error_linear": 0.32423373526716404,
    "error_log": 0.2044373234318701
}