{
    "start": 0,
    "stop": 15,
    "levels": [
        125.46405806069822,
        125.44794299761577,
        125.43552583517395,
        125.42653777481983,
        125.42073772514547,
        125.41790632382434,
        125.41784434859805,
        125.42037142126024,
        125.4253227426164,
        125.43254824725899,
        125.44191094261721,
        125.4532849732799,
        125.46655498084819,
        125.48161488928866,
        125.49836697622126,
        125.51672105587136,
        125.53659375544913,
        125.55790785166036,
        125.58059171956967,
        125.60457880373944,
        125.62980717687324,
        125.65621912172567,
        125.68376076393155,
        125.71238175946299,
        125.74203498918698,
        125.77267629824435,
        125.80426425233418,
        125.83675993480358,
        125.87012672717496,
        125.90433016534925,
        125.93933775970517,
        125.97511883678939,
        126.01164443345823,
        126.04888715958535,
        126.08682109044777,
        126.12542166538644,
        126.16466559490686,
        126.20453077549749,
        126.2449962113853,
        126.28604194239057,
        126.32764897784338,
        126.36979923521668,
        126.41247548388162,
        126.4556612927997,
        126.4993409823035,
        126.54349957936952,
        126.58812277610993,
        126.63319689137475,
        126.67870883481078,
        126.72464607377447,
        126.77099660216737,
        126.81774891166873,
        126.8648919647074,
        126.91241516940208,
        126.96030835598843,
        127.00856175478944,
        127.05716597570108,
        127.10611198891115,
        127.15539110672722,
        127.20499496668191,
        127.25491551554998,
        127.30514499443807,
        127.35567592455958,
        127.40650109416474,
        127.45761354584853,
        127.5090065649712,
        127.56067366837293,
        127.6126085940487,
        127.66480529073765,
        127.71725791038608,
        127.76996079685007,
        127.8229084785609,
        127.87609566057733,
        127.92951721798956,
        127.98316818755374,
        128.03704376139706,
        128.09113928881726,
        128.14545030487974,
        128.19997223504532,
        128.25470103855963,
        128.30963252517728,
        128.3647626958246,
        128.42008766816582,
        128.47560367232313,
        128.5313070463364,
        128.5871942322235,
        128.64326177210185,
        128.69950630495995,
        128.75592456254583,
        128.81251336507668,
        128.86926967929315,
        128.92619031084607,
        128.98327251475078,
        129.04051337969833,
        129.09791012675865,
        129.15546005150227,
        129.21316050559403,
        129.27100894210076,
        129.32900284714697,
        129.3871397800254,
        129.44541736079213,
        129.5038332682768,
        129.56238523810197,
        129.6210710610108,
        129.6798886028779,
        129.73883571502512,
        129.79791036646841,
        129.85711052727922,
        129.9164342827157,
        129.97587969685395,
        130.03544489986987,
        130.0951280645736,
        130.15492740518752,
        130.21484117607972,
        130.27486768477758,
        130.33500523331386,
        130.3952522045941,
        130.45560700215773,
        130.5160680642167,
        130.5766338625345,
        130.63730290159336,
        130.6980737180456,
        130.75894487884744,
        130.8199149792613,
        130.8809826411027,
        130.94214652874075,
        131.0034053245187,
        131.0647577362816,
        131.12620247461723,
        131.18773834105724,
        131.2493641017198,
        131.31107856622003,
        131.37288056739948,
        131.43476896103428,
        131.49674262510877,
        131.55880045928944,
        131.62094138441455,
        131.6831643418295,
        131.7454682931026,
        131.80785221920527,
        131.87031512031376,
        131.93285601513645,
        131.9954739405807,
        132.05816797852503,
        132.12093714519847,
        132.18378055800076,
        132.24669732212413,
        132.30968655883197,
        132.3727474049491,
        132.43587901294214,
        132.49908055004676,
        132.56235119802068,
        132.625690152888,
        132.68909662463068,
        132.75256983674973,
        132.8161090260897,
        132.87971344256147,
        132.94338232705414,
        133.00711499466897,
        133.07091071390425,
        133.134768783743,
        133.19868851483966,
        133.2626692306702,
        133.32671026573067,
        133.39081096687792,
        133.45497063241257,
        133.5191887208137,
        133.58346455452187,
        133.64779753153397,
        133.71218704499108,
        133.77663240759642,
        133.8411331811275,
        133.905688886103,
        133.97029867660592,
        134.03496211662102,
        134.0996786571772,
        134.16444775509396,
        134.22926886461033,
        134.29414138026408,
        134.3590651016993,
        134.42403915303396,
        134.4890631723621,
        134.55413666349844,
        134.6192591380418,
        134.68443011512684,
        134.7496491209625,
        134.81491568870126,
        134.88022935833004,
        134.94558967652574,
        135.01099619645856,
        135.0764484776244,
        135.14194608591825,
        135.2074885932927,
        135.27307557777092,
        135.33870662328866,
        135.40438131955722,
        135.47009926207122,
        135.53586005180776,
        135.6016632953344,
        135.66750860455494,
        135.73339559669478
    ]
}