{
    "ndata": 5,
    "start": 0,
    "stop": 30,
    "rtol": 0.001,
    "integrals": [
        [
            0.4848917565208564,
            0.4851209953805705
        ],
        [
            0.49752729401723034,
            0.49776672834795804
        ],
        [
            0.5097182121744329,
            0.5099553995627738
        ],
        [
            0.5213593803542925,
            0.5216004999569345
        ],
        [
            0.5323553503132641,
            0.5325889969816244
        ],
        [
            0.542582482259807,
            0.5428520534757267
        ],
        [
            0.551999437295276,
            0.5522383199996603
        ],
        [
            0.5604631762731258,
            0.5606910002656769
        ],
        [
            0.5678870892815776,
            0.5681100572106796
        ],
        [
            0.5741659253942255,
            0.5744206372994644
        ],
        [
            0.5792624214900316,
            0.5794975883480579
        ],
        [
            0.5830676862059252,
            0.5833029510120786
        ],
        [
            0.5855324455290037,
            0.5857693185275715
        ],
        [
            0.5866036369574085,
            0.5868535164587236
        ],
        [
            0.5862666567521378,
            0.5865184232983891
        ],
        [
            0.5844987404617047,
            0.5847547850083421
        ],
        [
            0.5813024045185426,
            0.5815638736823636
        ],
        [
            0.5766962086079789,
            0.5769632113040916
        ],
        [
            0.570722363852165,
            0.5709762681758966
        ],
        [
            0.5634123707821671,
            0.5636723370490739
        ],
        [
            0.5548450321166691,
            0.555094227762442
        ],
        [
            0.5450847183094493,
            0.5453233084084423
        ],
        [
            0.534206039431436,
            0.5344519725720355
        ],
        [
            0.522325017036438,
            0.522544464530152
        ],
        [
            0.5094974890942646,
            0.5097391848768912
        ],
        [
            0.4958575801861755,
            0.49610536850924913
        ],
        [
            0.48150969429123525,
            0.4817480218214422
        ],
        [
            0.46655817865005195,
            0.4667718999424074
        ],
        [
            0.45109345833501835,
            0.4512984399362126
        ],
        [
            0.4352247051857554,
            0.43542257032571896
        ],
        [
            0.419047124272226,
            0.41925039522698987
        ],
        [
            0.40266939194085843,
            0.4028591452891619
        ],
        [
            0.3861695653760763,
            0.38636370964886274
        ],
        [
            0.369652373152075,
            0.3698271105974474
        ],
        [
            0.35317401400979137,
            0.3533526460747369
        ],
        [
            0.3368200839534315,
            0.33700281759357287
        ],
        [
            0.32066861495752164,
            0.3208336370524737
        ],
        [
            0.30476298211409364,
            0.30492094441540757
        ],
        [
            0.2891580239582917,
            0.28931935413756693
        ],
        [
            0.27391929401990983,
            0.2740571216918727
        ],
        [
            0.25906632561729537,
            0.25919800481271776
        ],
        [
            0.24464154285468842,
            0.24476802812775386
        ],
        [
            0.23067106725782424,
            0.23079652570970766
        ],
        [
            0.21719123646203892,
            0.2172979946464082
        ],
        [
            0.20420248241480565,
            0.2043046868605487
        ],
        [
            0.19172255737119193,
            0.19182666961248532
        ],
        [
            0.17976643582590207,
            0.17986645235496548
        ],
        [
            0.16833860790384783,
            0.168427855324933
        ],
        [
            0.15743402473480475,
            0.15751908699063766
        ],
        [
            0.14705732642823127,
            0.14712950295989094
        ],
        [
            0.13719496585011573,
            0.13726339284965772
        ],
        [
            0.12784175859500924,
            0.1279087546007294
        ],
        [
            0.11898993931174429,
            0.11905614894257352
        ],
        [
            0.11062952911570115,
            0.11069039114710935
        ],
        [
            0.10274738773606476,
            0.10279896876700294
        ],
        [
            0.09532054463122014,
            0.09537203668731194
        ],
        [
            0.08834050812003612,
            0.08838979470742263
        ],
        [
            0.08179250689661846,
            0.08183214572474289
        ],
        [
            0.07565135620869518,
            0.07569047870058943
        ],
        [
            0.06990612500196494,
            0.06994124489785687
        ],
        [
            0.06453484181864298,
            0.06457011595133659
        ],
        [
            0.0595236485558031,
            0.0595553407198578
        ],
        [
            0.054851915577094505,
            0.05488185602589775
        ],
        [
            0.05050295889881749,
            0.050530744953644936
        ],
        [
            0.04646083460621399,
            0.04648355908268877
        ],
        [
            0.04270534244910199,
            0.04272632608193481
        ],
        [
            0.039221345814879655,
            0.03924143237288077
        ],
        [
            0.035993636680081174,
            0.036011715664829524
        ],
        [
            0.033005502242625495,
            0.03302269599957244
        ],
        [
            0.03024254211496868,
            0.03025880548028958
        ],
        [
            0.027690348567699575,
            0.027705760857360182
        ],
        [
            0.025335574840458567,
            0.025349408144159116
        ],
        [
            0.02316472474642143,
            0.02317697479660817
        ],
        [
            0.021165187095043555,
            0.021175987361858023
        ],
        [
            0.019325142695837426,
            0.01933478231320587
        ],
        [
            0.01763308133135045,
            0.017642270279057945
        ],
        [
            0.016078718521603884,
            0.01608744656891087
        ],
        [
            0.014652286893365903,
            0.014660167589394224
        ],
        [
            0.013344105974839928,
            0.013351187326432049
        ],
        [
            0.012145498970968897,
            0.012151406909310294
        ],
        [
            0.011047392896110524,
            0.011053507870740801
        ],
        [
            0.010043189694001675,
            0.010048438369055435
        ],
        [
            0.009124961899899356,
            0.00912959133244879
        ],
        [
            0.00828599075076352,
            0.008290170683678426
        ],
        [
            0.007519696703596039,
            0.007524120416893086
        ],
        [
            0.006821080156871507,
            0.006824680739593945
        ],
        [
            0.006184006526964744,
            0.006187008260844584
        ],
        [
            0.005603310099992833,
            0.005606283620155532
        ],
        [
            0.005074713655722168,
            0.005077323415678322
        ],
        [
            0.004593708592996305,
            0.004595969757077791
        ],
        [
            0.0041561812159806545,
            0.004158289746195169
        ],
        [
            0.0037586418380662783,
            0.0037603617829918587
        ],
        [
