{
    "yield_post": 6.322763010691433,
    "error_post": 0.7879608789641468
}