{
    "yield_pre": 6.064663616147005,
    "error_pre": 0.7276036410230219
}