{
    "yield_post": 2120.529643633734,
    "error_post": 43.93122552499804
}