{
    "start": 1500,
    "stop": 3000,
    "levels": [
        65.59393327717251,
        63.397293706568064,
        61.36125380137312,
        59.47710342886348,
        57.73673133078095,
        56.13257316345188,
        54.657564016321466,
        53.305005365918504,
        52.06849763955837,
        50.94222081705439,
        49.92084067409614,
        48.999377231772094,
        48.17310274987283,
        47.43716390888119,
        46.78711066750627,
        46.219232852436164,
        45.73017688385982,
        45.31668112023904,
        44.97494489984605,
        44.70018389958697,
        44.49023619262475,
        44.34357733035589,
        44.257091541823684,
        44.22615408362124,
        44.2455046009054,
        44.310285897343576,
        44.4168477630767,
        44.56301405785051,
        44.74774589874961,
        44.970310579181756,
        45.22909171871028,
        45.521915661583556,
        45.84725623528966,
        46.2037277639125,
        46.59007315308496,
        47.00517871953207,
        47.44794979627903,
        47.91729136839132,
        48.412144607261254,
        48.9314832752411,
        49.47431027008069,
        50.03965438399614,
        50.62657121337797,
        51.234178511898534,
        51.861644975993244,
        52.50817270673795,
        53.172995440970325,
        53.85537704697325,
        54.554610136453334,
        55.27001477195573,
        56.00093724444273
    ]
}