{
    "yield_linear": 2192.9456330732555,
    "error_linear": 134.525431644685,
    "error_log": 0.06134462688715055
}