{
    "start": 0,
    "stop": 400,
    "levels": [
        49.15107323408603,
        49.18901437614825,
        49.23114264287767,
        49.276504524304045,
        49.32611847951526,
        49.37967833492485,
        49.43720032189301,
        49.498701710014146,
        49.56419192298648,
        49.63368167448154,
        49.70718348025832,
        49.78471274688738,
        49.866298959546164,
        49.951982416248285,
        50.041826959393674,
        50.13591553854745,
        50.234323913894684,
        50.33709571459522,
        50.444273924190284,
        50.55590049647151,
        50.672018317483236,
        50.79266045045767,
        50.917874536292395,
        51.047692100782086,
        51.182155752960085,
        51.321302099598746,
        51.46513583598946,
        51.61376928193445,
        51.76709942818573,
        51.925283072859436,
        52.088316744132456,
        52.256240887205806,
        52.429089508317674,
        52.60691388192778,
        52.78974476062285,
        52.977620337594075,
        53.17058054004367,
        53.36861091897337,
        53.571870830426036,
        53.78038399692662,
        53.99416827800589,
        54.213279005888594,
        54.43778128321871,
        54.66768168858523,
        54.90309625393774,
        55.143986674849664,
        55.39054257004081,
        55.642512829373224,
        55.900184347667356,
        56.16348415231056,
        56.43262964346097
    ]
}