{
    "start": 200,
    "stop": 350,
    "anchors": [],
    "levels": [
        214.27375945163874,
        213.09770400837897,
        211.97518649713922,
        210.9058947509812,
        209.88952937459493,
        208.92576843418084,
        208.01422685158306,
        207.15445448402284,
        206.3459455940228,
        205.58825080785294,
        204.88108659417972,
        204.22392618509411,
        203.61609867545084,
        203.05689241780215,
        202.54560622801938,
        202.0815773992838,
        201.66423194247616,
        201.29477879220693,
        200.97444486835104,
        200.70180140799076,
        200.47418493481143,
        200.28824119976588,
        200.14104242452484,
        200.0328568899441,
        199.9698448324554,
        199.96010469800171,
        200.00832511689214,
        200.11622398797812,
        200.2840439220592,
        200.5112464778032,
        200.79676298973237,
        201.13905619722797,
        201.53617539994457,
        201.98603898202077,
        202.48682716138563,
        203.03702524090494,
        203.63521191106034,
        204.27990480838395,
        204.96953958162845,
        205.70249053822826,
        206.47709252162736,
        207.2917304692357,
        208.1449712721515,
        209.03545495203423,
        209.96179827937175,
        210.92253564276416,
        211.91603810947694,
        212.9405583520419,
        213.99424194025895,
        215.0750974523508,
        216.18093969504713
    ]
}