{
    "yield_pre": 5.396921455860138,
    "error_pre": 1.4537804219532837
}