{
    "yield_post": 5.2229419504917916,
    "error_post": 1.165341755010632
}