{
    "start": 0,
    "stop": 15,
    "anchors": [],
    "levels": [
        77.84245213021383,
        75.82315670695013,
        73.77964637116908,
        71.7891528238423,
        69.63119926519035,
        66.70926961244109,
        63.11220706916077,
        59.97349534750954,
        57.33211084153074,
        55.102081049336554,
        53.20254215829463,
        51.56900559810299,
        50.15187477091142,
        48.91294167838889,
        47.82285357408065,
        46.858864048882374,
        46.002141688942515,
        45.23733094814342,
        44.5523582697362,
        43.937246738896505,
        43.38314524937039,
        42.88246809033543,
        42.4289071311328,
        42.017325842763285,
        41.643298468293395,
        41.30273608932497,
        40.99209879773813,
        40.70832983070213,
        40.44895238431248,
        40.21214902850982,
        39.996005131221274,
        39.7986190580058,
        39.618229694718806,
        39.45324859132355,
        39.30230392957964,
        39.1644797196903,
        39.038846662035326,
        38.92437281840526,
        38.82004995598105,
        38.724940123754834,
        38.63818858582266,
        38.55902408209449,
        38.48675550453032,
        38.42076166620534,
        38.36048600727649,
        38.30542837026612,
        38.25513861773145,
        38.20921092590425,
        38.16727714879502,
        38.12900273603255,
        38.09407979220917,
        38.062223849874655,
        38.03316880456897,
        38.00666516834282,
        37.98247940480785,
        37.960394711714784,
        37.940212510249324,
        37.921753963574275,
        37.904860755748494,
        37.88939609441981,
        37.875243201439226,
        37.86230534148359,
        37.850504639054186,
        37.839781128826864,
        37.83009207577201,
        37.82141168506429,
        37.81373137407376,
        37.807060329080784,
        37.80142753395309,
        37.796883765777736,
        37.79350504726259,
        37.791396965511,
        37.7906998552763,
        37.7915946154457,
        37.79430819128332,
        37.79911753861373,
        37.806350373580685,
        37.816380664199606,
        37.82961854830055,
        37.846494764830894,
        37.86744272356292,
        37.89287702547881,
        37.923176967003656,
        37.95866826073504,
        37.999609915855466,
        38.04617747907611,
        38.0984537949332,
        38.156415464713355,
        38.21992160700228,
        38.28870309698502,
        38.362355244554976,
        38.44034218409036,
        38.522036913942,
        38.60681934885099,
        38.70107549165192,
        38.776146355871894,
        38.85301605355937,
        38.931564726482215,
        39.011666869754,
        39.09320204379843,
        39.176057828256646,
        39.26013062049006,
        39.345326556956685,
        39.43156373951716,
        39.518769438072844,
        39.60688252024497,
        39.695847109128565,
        39.78561121724345,
        39.87612368256001,
        39.967332440881734,
        40.05918382461424,
        40.15162262292375,
        40.244592816219885,
        40.3380369975919,
        40.43189918270174,
        40.52612288804163,
        40.62065406621818,
        40.715440554193954,
        40.81043306975849,
        40.90558434469065,
        41.00084953578267,
        41.09618618882975,
        41.191554231539904,
        41.28691596162423,
        41.38223602688265,
        41.47748139025991,
        41.57262128058235,
        41.66762713589297,
        41.76247253507994,
        41.857133585715175,
        41.951586910091486,
        42.04581263452529,
        42.13979162797611,
        42.23350755439155,
        42.32694379126467,
        42.420088282565544,
        42.51292587687995,
        42.60544468293173,
        42.697634278704854,
        42.789484002929406,
        42.88098559232661,
        42.97213120483311,
        43.06291213605488,
        43.15332313786083,
        43.24335771549557,
        43.33301202972416,
        43.42228096421309,
        43.511161649772724,
        43.599651216225276,
        43.68774919370376,
        43.77544986096717,
        43.862757073821236,
        43.94966936674075,
        44.03618731694377,
        44.12231199447021,
        44.208044892142354,
        44.29338799432742,
        44.37834291196543,
        44.462913121248434,
        44.54709918096316,
        44.630905525084,
        44.7143349200322,
        44.797389001335105,
        44.88007080731066,
        44.962384010111414,
        45.04433140126688,
        45.12591544206107,
        45.20713945007675,
        45.28800677967433,
        45.3685191031985,
        45.44868063890838,
        45.52849390924528,
        45.60796122017589,
        45.68708605594863,
        45.84771541933436,
        45.84431896280592,
        45.92243364723907,
        46.000216668428685,
        46.07767165582892,
        46.15480159041837,
        46.23160699643134,
        46.36111496196046,
        46.38426177296149,
        46.46011566181226,
        46.53565739284694,
        46.683722267938705,
        46.76351229604744,
        46.76043620237654,
        46.834755787626094,
        46.90877574110627,
        46.98249935590759,
        47.05592860235649,
        47.1290664154712,
        47.20191447232612,
        47.42715022330337,
        47.34675267454701,
        47.418746906905035,
        47.49046126566076,
        47.56189835061602,
        47.63306030504159,
        47.70394909240781
    ]
}