{
    "start": 0,
    "stop": 30,
    "levels": [
        39.53971318327459,
        39.54722783736652,
        39.556873661867265,
        39.568559947043006,
        39.582216699201524,
        39.59779261492,
        39.61525300997006,
        39.63457700942342,
        39.65575457841272,
        39.67878441371294,
        39.703668915361504,
        39.730413020980826,
        39.75902043597485,
        39.78949489664531,
        39.82183544592485,
        39.856037577174654,
        39.89209247283849,
        39.92998696495932,
        39.96970370526194,
        40.01122117295128,
        40.05451565748778,
        40.09955966613498,
        40.146323631379296,
        40.19477588824658,
        40.24488388405238,
        40.29661363587808,
        40.3499305223963,
        40.40479952139205,
        40.46118543962808,
        40.519053260827896,
        40.57836771664309,
        40.63909437724975,
        40.70119908943321,
        40.76464824783891,
        40.829408865929906,
        40.895448629396284,
        40.96273594015006,
        41.031239944058896,
        41.100930546630195,
        41.1717784289448,
        41.243755051975484,
        41.316832656364696,
        41.39098420461437,
        41.466183565656344,
        41.54240524472312,
        41.61962452629133,
        41.697817424130804,
        41.776960665269364,
        41.857031673680325,
        41.93800855006917,
        42.01987005583183,
        42.102595593722704,
        42.18616518910881,
        42.27055947122885,
        42.35575965456664,
        42.441747520427455,
        42.52850539878755,
        42.61601615047316,
        42.70426314971243,
        42.79323026709391,
        42.88290185295639,
        42.97326272122808,
        43.06429813372719,
        43.15599378449601,
        43.24833578385027,
        43.341310650945005,
        43.43490529211712,
        43.529106990188325,
        43.623903391531606,
        43.719282493580316,
        43.81523263277313,
        43.9117424729281,
        44.00880099372136,
        44.10639747946898,
        44.204521510138854,
        44.30316295083606,
        44.40231142504432,
        44.50195831643509,
        44.60209382773384,
        44.702708872900516,
        44.803794606542105,
        44.90534241596819,
        45.00734391354379,
        45.10979092932831,
        45.212675503989765,
        45.315989881983555,
        45.419726504985746,
        45.523878005570765,
        45.62843720112408,
        45.733397087980464,
        45.83875083577884,
        45.94449178202519,
        46.05061342685486,
        46.1571094279864,
        46.26397359585896,
        46.37119988894577,
        46.47878240923652,
        46.58671539788189,
        46.69499323099342,
        46.80361041559284,
        46.912561585704935,
        47.02184149858833,
        47.13144503109899,
        47.24136717618157,
        47.351603039483486,
        47.46214783608762,
        47.57299688735861,
        47.68414561789889,
        47.795589552609826,
        47.90732431385425,
        48.01934561871614,
        48.13164927635368,
        48.24423118544196,
        48.35708733170179,
        48.47021378551108,
        48.58360669959557,
        48.69726230679582,
        48.811176917907304,
        48.925346919590844,
        49.03976877235068,
        49.15443900857744,
        49.26935423065368,
        49.38451110911956,
        49.499906404907485,
        49.61553689846793,
        49.73139944850018,
        49.84749098012812,
        49.96380847840895,
        50.08034898689174,
        50.197109606328965,
        50.31408749347235,
        50.431279859846,
        50.54868397042482,
        50.66629712863494,
        50.78411674291289,
        50.90214019231817,
        51.02036494264724,
        51.13878850118449,
        51.25740842011171,
        51.376222296753845,
        51.49522795932019,
        51.61442227611596,
        51.73380408064243,
        51.85337069468099,
        51.973119874126446,
        52.09304943840937,
        52.21315728102975,
        52.33344133467388,
        52.45389955481089,
        52.57452995433937,
        52.69533053940343,
        52.81629936688486,
        52.937434526925,
        53.05873414580746,
        53.180196396424776,
        53.30181948743118,
        53.42360094592138,
        53.545540137674266,
        53.6676348483678,
        53.789883336431316,
        53.91228418597191,
        54.034835096133385,
        54.157535108521,
        54.280382373925235,
        54.40337532038437,
        54.526512448559494,
        54.64979221547159,
        54.7732131229576,
        54.89677370234895,
        55.020472510884325,
        55.14430810951727,
        55.26827909463329,
        55.39238407268388,
        55.516621689171714,
        55.640990598891975,
        55.765489478704055,
        55.89011702543329,
        56.0148719554133,
        56.139753004054995,
        56.26475892540333,
        56.389888491709584,
        56.515140493042246,
        56.640513736942424,
        56.766007048113906,
        56.89161926812618,
        57.01734925509599,
        57.14319588325158,
        57.26915804220681,
        57.39523463672424,
        57.52142458979398,
        57.647727092741974,
        57.77414048576891,
        57.90066409126953,
        58.02729695378081,
        58.15403816597339,
        58.280886779485584,
        58.40784082314383,
        58.53490057544982,
        58.66206462713795,
        58.78933203675247,
        58.91670187660883
    ]
}