{
    "yield_post": 0.3841925530568355,
    "error_post": 0.20214100423255704
}