{
    "start": 0,
    "stop": 2.5,
    "levels": [
        82.18868368363434,
        4.625852721179152,
        3.8332418140844435,
        3.154766294896741,
        2.641783397445178,
        2.286212223032498,
        2.0557829623841077,
        1.920728463526556,
        1.858624906791545,
        1.8531962198741987,
        1.8925686765500112,
        1.9679364564589514,
        2.0726451016406333,
        2.20157374157818,
        2.3507154279219913,
        2.5168874513877677,
        2.697526239147942,
        2.890545707946883,
        3.0942285973462305,
        3.3071440503799336,
        3.5280935869954932,
        3.7560637811404347,
        3.990194308652087,
        4.229743066302492,
        4.474076383395778,
        4.722639750116782,
        4.974955546429506,
        5.230602221380835,
        5.489209448209192,
        5.750454290780885,
        6.0140485656566804,
        6.279734232116344,
        6.5472846136473954,
        6.816497232124222,
        7.087188707029689,
        7.359195465293512,
        7.632370142111316,
        7.906580566622477,
        8.181705735283753,
        8.457636886649627,
        8.734275900914279,
        9.011532940097373,
        9.28932582635873,
        9.567580678111256,
        9.84622873214936,
        10.12520892599868,
        10.404463287335302,
        10.683940826241145,
        10.963592607227536,
        11.24337590168674,
        11.523249253260074
    ]
}