{
    "start": 0,
    "stop": 2.5,
    "anchors": [],
    "levels": [
        82.18868368363434,
        4.625853602376959,
        3.8332418140844435,
        3.154766668968834,
        2.641783397445178,
        2.2862123540896384,
        2.0557830033528504,
        1.920728463526556,
        1.858624906791545,
        1.853196237898237,
        1.8925686765500112,
        1.9679364564589514,
        2.0726451016406333,
        2.20157374157818,
        2.3507154279219913,
        2.5168874513877677,
        2.697527677680197,
        2.8905487106482832,
        3.094231628055194,
        3.3071472746570962,
        3.5280970802865097,
        3.756067966365441,
        3.99019756756012,
        4.229747064659508,
        4.474079814513759,
        4.722644087861985,
        4.974959539347385,
        5.23060599042089,
        5.489214363456941,
        5.750459206562678,
        6.014052501100167,
        6.27973850036925,
        6.547289403625173,
        6.8165017109748245,
        7.087193135103718,
        7.359199967096471,
        7.632375241843837,
        7.906585240912094,
        8.181710491539846,
        8.457642266281319,
        8.734281307079506,
        9.01153815227729,
        9.289331134332443,
        9.56758579628855,
        9.846234164249386,
        10.125214102575395,
        10.404468743326454,
        10.683945980305158,
        10.963598019407677,
        11.243380978254716,
        11.523254529144982
    ]
}