{
    "start": 0,
    "stop": 10,
    "levels": [
        2.255655730087418,
        2.455655730087418,
        2.6556557300874184,
        2.8556557300874186,
        3.0556557300874183,
        3.255655730087418,
        3.455655730087418,
        3.6556557300874184,
        3.8556557300874186,
        4.055655730087418,
        4.255655730087418,
        4.455655730087418,
        4.655655730087418,
        4.855655730087419,
        5.055655730087419,
        5.255655730087418,
        5.455655730087418,
        5.655655730087418,
        5.855655730087419,
        6.055655730087419,
        6.255655730087418,
        6.455655730087418,
        6.655655730087418,
        6.855655730087419,
        7.055655730087419,
        7.255655730087418,
        7.455655730087418,
        7.655655730087418,
        7.855655730087419,
        8.055655730087418,
        8.255655730087417,
        8.455655730087418,
        8.655655730087418,
        8.855655730087419,
        9.055655730087418,
        9.255655730087417,
        9.455655730087418,
        9.655655730087418,
        9.855655730087419,
        10.055655730087418,
        10.255655730087417,
        10.455655730087418,
        10.655655730087418,
        10.855655730087417,
        11.055655730087418,
        11.255655730087417,
        11.455655730087418,
        11.655655730087418,
        11.855655730087419,
        12.055655730087418,
        12.255655730087417
    ]
}