{
    "start": 0,
    "stop": 10,
    "levels": [
        132.67063802802693,
        132.69831124639626,
        132.72645909517473,
        132.75506235297246,
        132.78410290992093,
        132.81356368615857,
        132.8434285574821,
        132.8736822874401,
        132.9043104649975,
        132.93529944751376,
        132.96663630852294,
        132.99830878943868,
        133.03030525552708,
        133.06261465508067,
        133.09522648192478,
        133.12813074087592,
        133.1613179156172,
        133.1947789393067,
        133.2285051670798,
        133.26248835080105,
        133.29672061538108,
        133.3311944372434,
        133.36590262375017,
        133.40083829454946,
        133.43599486383462,
        133.4713660242429,
        133.5069457312992,
        133.54272818939293,
        133.57870783844282,
        133.6148793413861,
        133.65123757254221,
        133.68777760688428,
        133.72449470957235,
        133.76138391142405,
        133.79844163705252,
        133.83566327471334,
        133.87304476088036,
        133.91058217988825,
        133.948271756923,
        133.98610985153346,
        134.02409295117792,
        134.06221766552602,
        134.1004807208479,
        134.13887895476068,
        134.17740931124095,
        134.21606883603758,
        134.25485467215478,
        134.2937640556891,
        134.33279431185446,
        134.37194285122052,
        134.41120716615785,
        134.45058482742365,
        134.49007348096308,
        134.5296708448394,
        134.5693747064053,
        134.60918291942724,
        134.64909340049678,
        134.68910412917046,
        134.729213143925,
        134.7694185394361,
        134.80971846509695,
        134.85011111998844,
        134.89059475764253,
        134.93116768070112,
        134.9718282371725,
        135.01257482029678,
        135.05340586690753,
        135.09431985583558,
        135.13531530650297,
        135.17639077736396,
        135.21754486475874,
        135.25877620138866,
        135.30008345518422,
        135.34146532811656,
        135.3829205550125,
        135.42444790252796,
        135.46604616797651,
        135.50771417840255,
        135.54945078965346,
        135.5912548853635,
        135.63312537607214,
        135.67506119860593,
        135.71706131489688,
        135.7591247111065,
        135.80125039727875,
        135.84343740647924,
        135.8856847939821,
        135.9279916367108,
        135.97035703246138,
        136.01278009942635,
        136.05525997544422,
        136.09779581752102,
        136.14038680123562,
        136.18303212015638,
        136.22573098541434,
        136.26848262509242,
        136.31128628386003,
        136.3541412223813,
        136.3970467169972,
        136.44000205915532,
        136.4830065550487,
        136.5260595253055,
        136.56916030443222,
        136.61230824049122,
        136.6555026948446,
        136.69874304164503,
        136.74202866754425,
        136.78535897142132,
        136.8287333640323,
        136.87215126761487,
        136.91561211575043,
        136.95911535292754,
        137.00266043429252,
        137.0462468255165,
        137.08987400229063,
        137.13354145029103,
        137.1772486648273,
        137.22099515055606,
        137.26478042138922,
        137.30860400017465,
        137.3524654184461,
        137.39636421627804,
        137.44029994212204,
        137.48427215250405,
        137.5282804118313,
        137.57232429233403,
        137.61640337374354,
        137.66051724318808,
        137.70466549498386,
        137.74884773052253,
        137.79306355804093,
        137.83731259256504,
        137.88159445559836,
        137.92590877512387,
        137.97025518537941,
        138.01463332678887,
        138.05904284569715,
        138.103483394374,
        138.14795463081398,
        138.19245621862478,
        138.23698782690605,
        138.28154913013452,
        138.32613980805743,
        138.37075954550713,
        138.41540803246926,
        138.46008496370266,
        138.50479003896064,
        138.54952296256525,
        138.59428344359276,
        138.63907119555068,
        138.68388593644258,
        138.72872738861065,
        138.77359527863217,
        138.8184893372696,
        138.86340929935022,
        138.9083549037715,
        138.9533258932806,
        138.99832201448226,
        139.04334301779548,
        139.0883886573087,
        139.13345869072754,
        139.17855287928813,
        139.22367098774936,
        139.2688127842698,
        139.31397804037414,
        139.35916653086113,
        139.40437803373703,
        139.44961233016593,
        139.49486920446748,
        139.54014844397938,
        139.5854498389795,
        139.63077318275498,
        139.6761182713739,
        139.72148490384598,
        139.76687288184866,
        139.81228200981198,
        139.8577120945293,
        139.90316294611182,
        139.94863437686448,
        139.99412620165833,
        140.03963823775302,
        140.08517030499394,
        140.13072222554635,
        140.1762938238812,
        140.22188492687587,
        140.26749536365963,
        140.31312496553218,
        140.358773566065,
        140.4044410009356,
        140.45012710796686,
        140.49583172707327,
        140.5415547002031,
        140.5872958713179,
        140.63305508633752,
        140.67883219317523,
        140.72462704163163,
        140.77043948338073,
        140.8162693719549,
        140.86211656273926,
        140.9079809128305,
        140.95386228117974
    ]
}