{
    "start": 0,
    "stop": 20,
    "levels": [
        134.49717482081084,
        134.53858469379185,
        134.5809115356863,
        134.62413318265405,
        134.66822775583728,
        134.71317449078919,
        134.75895217597886,
        134.80554125065407,
        134.85292198161818,
        134.90107525750267,
        134.94998278909986,
        134.99962614914674,
        135.04998789989455,
        135.1010513149574,
        135.15279936310444,
        135.20521594386193,
        135.25828564606363,
        135.31199319029292,
        135.3663234430452,
        135.4212624860831,
        135.47679592666753,
        135.53291018872216,
        135.58959237439453,
        135.64682936229565,
        135.7046090899159,
        135.76291888623544,
        135.82174736468573,
        135.88108296878355,
        135.9409147774,
        136.00123199432454,
        136.06202371236216,
        136.12328022846594,
        136.18499146635784,
        136.24714797806791,
        136.30973988820128,
        136.37275861759375,
        136.43619542902167,
        136.50004125913654,
        136.56428782715744,
        136.62892733207178,
        136.69395169579965,
        136.75935344770426,
        136.8251246607529,
        136.89125858735204,
        136.9577472267509,
        137.02458446830593,
        137.09176372604622,
        137.1592781679529,
        137.22712142958915,
        137.2952868899293,
        137.36376931890317,
        137.43256271456667,
        137.50166066719277,
        137.57105817616775,
        137.640749692381,
        137.71072991574556,
        137.78099389999505,
        137.8515361561832,
        137.92235195745025,
        137.99343659087006,
        138.06478518371648,
        138.13639341058595,
        138.20825668193427,
        138.2803712517021,
        138.3527316925161,
        138.42533456399283,
        138.498176056653,
        138.57125195625014,
        138.64455850308983,
        138.7180918640796,
        138.7918478744068,
        138.86582379160808,
        138.9400157268802,
        139.01442024621096,
        139.08903410371735,
        139.16385395992904,
        139.23887661550881,
        139.31409894352572,
        139.3895178845123,
        139.46513044627204,
        139.54093370140546,
        139.6169251588499,
        139.69310119932604,
        139.76945967970926,
        139.84599773946306,
        139.9227122905928,
        139.99960199983144,
        140.0766629504995,
        140.15389371597422,
        140.23129135077883,
        140.30885370891843,
        140.38657838615956,
        140.4644631272185,
        140.5425057006468,
        140.62070393754172,
        140.69905571065996,
        140.77755892941656,
        140.85621148381867,
        140.93501141292904,
        141.01395673637117,
        141.09304553835042,
        141.17227595005636,
        141.25164597323814,
        141.3311539140134,
        141.41079798850444,
        141.49057633248503,
        141.57048733279944,
        141.65052925797394,
        141.73070044662884,
        141.81099928625494,
        141.89142451274796,
        141.97197386794394,
        142.052645734831,
        142.13343941081726,
        142.214352995297,
        142.2953851201982,
        142.37653442480996,
        142.45779888857822,
        142.5391778617763,
        142.6206697167331,
        142.70227311701427,
        142.78398674657183,
        142.86580931537898,
        142.94773955858008,
        143.02977655813228,
        143.1119184122002,
        143.1941642121942,
        143.27651283605059,
        143.35896307723127,
        143.4415140344778,
        143.52416430824866,
        143.60691280843392,
        143.68975862094217,
        143.7727002838279,
        143.8557371196075,
        143.9388679533016,
        144.02209217207036,
        144.1054079561781,
        144.1888145581023,
        144.27231172352606,
        144.35589747893619,
        144.4395720197591,
        144.52333286715137,
        144.60718079251208,
        144.69111388036814,
        144.77513090067464,
        144.85923201515848,
        144.94341592491182,
        145.02768173794757,
        145.112028594436,
        145.1964557583478,
        145.2809624393806,
        145.3655477246765,
        145.45021088881458,
        145.53495115830611,
        145.61976777091732,
        145.7046601138483,
        145.78962717997098,
        145.87466836722697,
        145.959782955918,
        146.0449702367979,
        146.13022951108007,
        146.21556007523776,
        146.3009612662084,
        146.3864324345855,
        146.47197273608026,
        146.5575818604214,
        146.64325899621883,
        146.7290037319953,
        146.81481500859172,
        146.90069221616326,
        146.9866352926492,
        147.07264303224835,
        147.15871502598173,
        147.24485106932897,
        147.33105003935415,
        147.417311788347,
        147.50363554623087,
        147.59002076388933,
        147.6764680567138,
        147.7629735587456,
        147.8495403084255,
        147.93616602745556,
        148.02285085766349,
        148.1095936407077,
        148.19639449030217,
        148.28325266791788,
        148.37016768202957,
        148.45713949593016,
        148.54416642345035,
        148.63124907321836,
        148.71838649157027,
        148.80557875645647,
        148.89282481798892,
        148.9801244376907,
        149.06747693035626,
        149.15488234833,
        149.24234001406126,
        149.32984949918466,
        149.4174103806989,
        149.50502224060648
    ]
}