{
    "yield_post": 0.668373686740304,
    "error_post": 0.21495410313230845
}