{
    "nbins": 50,
    "range_": [
        0.0,
        8.0
    ],
    "nburnin": 100,
    "nsamples": 100000,
    "nrepeats": 100,
    "seed": 0,
    "step_size": 0.2,
    "prob_eye": 0.1,
    "yields": [
        0,
        3,
        9988,
        655882,
        3052970,
        2675989,
        1200292,
        648987,
        441146,
        319242,
        234935,
        174582,
        131405,
        100458,
        76938,
        58998,
        45920,
        35894,
        27451,
        22021,
        17296,
        13673,
        10957,
        8574,
        6840,
        5667,
        4390,
        3639,
        2927,
        2453,
        1950,
        1530,
        1249,
        1045,
        820,
        699,
        596,
        488,
        417,
        314,
        242,
        216,
        175,
        130,
        114,
        83,
        67,
        81,
        47,
        38
    ],
    "errors": [
        0.0,
        2.2158519806160317,
        245.85475386902732,
        3030.5726785543357,
        4881.163898088243,
        4701.981049515193,
        2458.7979502187645,
        1602.3112400529428,
        1189.5523695911836,
        1010.2387638573368,
        771.2566045098089,
        743.443851275939,
        659.9232909967643,
        610.3247987752095,
        523.8545217901627,
        488.18230201431913,
        372.52114033971276,
        341.09476689037604,
        296.39330289330087,
        299.59070412814884,
        244.15945609375856,
        211.57436045040998,
        178.07445072216282,
        159.67855209764397,
        138.15209010362454,
        125.70644374891843,
        114.7998257838399,
        112.49795553697854,
        89.7870257888076,
        79.11327322263946,
        74.31688906298487,
        61.50609725872711,
        57.71472948910009,
        50.16722037346696,
        41.880783182743855,
        39.83704306295837,
        39.49480978559082,
        36.311981493716374,
        32.31269100523817,
        28.426044395940853,
        23.798319268385313,
        23.482759633399134,
        17.45709025009609,
        14.387494569938157,
        18.11187455786949,
        12.494398745037712,
        11.58058720445557,
        12.703936397825679,
        8.994998610338975,
        7.318469785412791
    ]
}