{
    "nbins": 50,
    "range_": [
        0.0,
        12.0
    ],
    "nburnin": 100,
    "nsamples": 100000,
    "nrepeats": 100,
    "seed": 0,
    "step_size": 0.2,
    "prob_eye": 0.1,
    "yields": [
        0,
        0,
        0,
        0,
        0,
        0,
        0,
        5,
        13,
        9,
        37,
        109,
        250,
        500,
        1118,
        2629,
        5672,
        12125,
        26799,
        57615,
        121895,
        239869,
        428817,
        678573,
        938654,
        1141107,
        1240358,
        1205386,
        1070993,
        871617,
        662384,
        472044,
        320838,
        206626,
        126952,
        75418,
        42351,
        23415,
        12543,
        6860,
        3376,
        1651,
        780,
        375,
        135,
        52,
        34,
        9,
        4,
        3
    ],
    "errors": [
        0.0,
        0.0,
        0.0,
        0.0,
        0.0,
        0.0,
        0.0,
        3.5707142142714194,
        6.108191221630179,
        4.023679907746142,
        9.127431182978036,
        20.498536533128416,
        34.07345007480164,
        40.39801975344831,
        61.19444419226308,
        83.05775099290854,
        142.62594434393768,
        218.2813551359804,
        344.3268650570268,
        546.7931510178231,
        860.5735006378015,
        1351.8044940005193,
        1884.3619901706784,
        2179.244297916138,
        2727.293684222511,
        2591.252691267295,
        2580.356634265891,
        2139.056343343952,
        1930.682912857521,
        2110.9159410075995,
        2172.9609844633655,
        2049.5088777558394,
        1729.7385814047157,
        1429.3170537008225,
        996.1651268740538,
        730.1909065443092,
        544.9376019325516,
        380.3560831641845,
        314.87856389408284,
        187.1416575752176,
        124.67654149839093,
        93.96270536760846,
        52.51666402200351,
        34.21622422185125,
        22.863726730347352,
        12.60793400997958,
        12.58729518204765,
        4.023679907746142,
        3.136877428271622,
        2.215851980616031
    ]
}