{
    "yield_post": 59.6804227452717,
    "error_post": 4.09902153662342
}