{
    "start": 40,
    "stop": 85,
    "anchors": [],
    "levels": [
        57.401412217346554,
        57.05826700643978,
        56.72170942372512,
        56.39164124044689,
        56.06796801429776,
        55.750595959383176,
        55.439433439579545,
        55.13439083044533,
        54.83538058666666,
        54.54231711382913,
        54.255116684573096,
        53.973697526095606,
        53.6979798638603,
        53.42788592719721,
        53.163339919158894,
        52.90426796589194,
        52.65059805096389,
        52.40225992376177,
        52.1591849666129,
        51.921305886732014,
        51.68855805715613,
        51.46087440773334,
        51.23819357988858,
        51.02045205653222,
        50.807587966315246,
        50.59953968223299,
        50.39624248024258,
        50.19763137087878,
        50.003643349939345,
        49.81421737108523,
        49.62929451125194,
        49.4488164868143,
        49.27272792541802,
        49.10097493017669,
        48.93350686471564,
        48.770272895299,
        48.61122344728508,
        48.45630968903964,
        48.305483037794865,
        48.158692878382865,
        48.015881761941195,
        47.876994223854766,
        47.74197635350325,
        47.61077860703714,
        47.483353309930585,
        47.3596555110751,
        47.239641009041,
        47.12326874944968,
        47.01049856111701,
        46.90129138975121,
        46.79560904582225,
        46.69341398740497,
        46.59466913875241,
        46.49933773753062,
        46.40738322412051,
        46.318769071175495,
        46.2334589940253,
        46.15141654074771,
        46.072605293763154,
        45.996988800838466,
        45.92453056973431,
        45.85519443005119,
        45.78894302236293,
        45.72574009389075,
        45.6655493624603,
        45.60833394074625,
        45.55405731221449,
        45.502682998903,
        45.45417443805253,
        45.4084950992287,
        45.36560867718998,
        45.32547880515677,
        45.28806924341215,
        45.25334384869258,
        45.22126658486818,
        45.191801533807954,
        45.164912906657634,
        45.140565055756326,
        45.11872248742314,
        45.09934988249585,
        45.08241208317543,
        45.06787415496181,
        45.055701373160666,
        45.04585927358606,
        45.03831356044355,
        45.03303036315745,
        45.02997604439336,
        45.02911727419891,
        45.03042114511435,
        45.033855132085705,
        45.03938714176469,
        45.046985754032384,
        45.05661935542399,
        45.06825756533631,
        45.08187056498837,
        45.09742879345118,
        45.11490356567677,
        45.13426655467351,
        45.155490462406505,
        45.17854858508885,
        45.20341495524521,
        45.230064355395115,
        45.258472352991525,
        45.288615269170606,
        45.320470208008096,
        45.354015043057345,
        45.389228407259615,
        45.42608967762284,
        45.464578954777295,
        45.50467703778405,
        45.54636539460477,
        45.5896261287218,
        45.63444194245958,
        45.68079601339771,
        45.72867230868897,
        45.77805498005795,
        45.82892871040025,
        45.88127856895913,
        45.93508996619772,
        45.990348608816205,
        46.04704045512521,
        46.10515167068801,
        46.16466858760506,
        46.22557765936514,
        46.28786542038819,
        46.3515184450695,
        46.41652330756994,
        46.482866560681984,
        46.550534629096596,
        46.61951384791883,
        46.689790376510345,
        46.76135016133847,
        46.83417888651164,
        46.908261919449075,
        46.98358424995632,
        47.060130420426404,
        47.13788444421669,
        47.21682970274691,
        47.29694885272078,
        47.37822412242488,
        47.46064073333579,
        47.54418563080692,
        47.628845771806866,
        47.71460898045099,
        47.801462423007735,
        47.889392995024444,
        47.97838946744599,
        48.06843945683021,
        48.159531094427166,
        48.25165268621791,
        48.34479271612562,
        48.438939849540475,
        48.53408330840755,
        48.63021150266673,
        48.72731390536515,
        48.82537991171985,
        48.92439910179693,
        49.02436124342937,
        49.12525629277971,
        49.227074395163456,
        49.329805824148025,
        49.433440453207254,
        49.53796853284368,
        49.64337973468004,
        49.74966432798779,
        49.856812454809045,
        49.96481425216471,
        50.07366144735366,
        50.18334151198387,
        50.293848139969704,
        50.405170510660156,
        50.51730005909633,
        50.63022757997588,
        50.74394389803084,
        50.85844040931404,
        50.973707867503094,
        51.089737684163715,
        51.20652150064838,
        51.32405064082809,
        51.442316685935396,
        51.56131122350594,
        51.68102605718741,
        51.80145288755523,
        51.92258402647624,
        52.044410977255744,
        52.16692561177909,
        52.29012135759558,
        52.41398924623934,
        52.538522077259344,
        52.6637121180944,
        52.789552050999646,
        52.91603417610739,
        53.04315137713175,
        53.17089645865373,
        53.29926266729912,
        53.428242225188356,
        53.55782847855724,
        53.68801377690259,
        53.81879281157867,
        53.95015818555267,
        54.082103160030165
    ]
}