{
    "nbins": 50,
    "range_": [
        40.0,
        85.0
    ],
    "nburnin": 100,
    "nsamples": 100000,
    "nrepeats": 100,
    "seed": 0,
    "step_size": 0.2,
    "prob_eye": 0.1,
    "yields": [
        11,
        44,
        131,
        329,
        920,
        2303,
        5173,
        10750,
        20687,
        37442,
        63279,
        101059,
        151644,
        217084,
        294709,
        381847,
        473227,
        559527,
        633886,
        691828,
        725639,
        734203,
        718824,
        682808,
        626399,
        557002,
        484584,
        409501,
        336836,
        271885,
        213122,
        164785,
        123284,
        91354,
        66596,
        46693,
        33170,
        22812,
        15469,
        10442,
        6845,
        4296,
        2868,
        1764,
        1149,
        682,
        418,
        289,
        174,
        91
    ],
    "errors": [
        3.1288975694324046,
        8.163332652783424,
        14.120552397126682,
        19.91456753233673,
        41.641325627314025,
        56.45272358354377,
        111.94512048320819,
        127.78497564267875,
        185.86368660929978,
        251.23367608662662,
        395.64452479466974,
        424.6859898795815,
        577.9417271663294,
        658.868302470228,
        731.1799983588173,
        1037.1243464503184,
        1029.6056089590813,
        1097.7639591460452,
        997.4317219739909,
        980.4458985584058,
        1353.6328121023075,
        1114.728177628968,
        1015.5265826161324,
        1006.6128153366617,
        1092.8956903565868,
        892.2320101856916,
        952.8827000213618,
        856.0344560822302,
        749.2469819759036,
        713.8114246774146,
        682.1181422598289,
        543.8922227794767,
        472.9666373011949,
        401.57793764100126,
        370.9553072810794,
        326.8248919528621,
        279.2973326045201,
        211.29732605974925,
        187.58302161976167,
        127.0683280758821,
        109.30118938053695,
        85.239896762021,
        69.66893138264717,
        52.58364764829462,
        49.081462895883604,
        28.78819202381422,
        25.58827856656247,
        19.69238431475478,
        15.007997867803686,
        12.09090567327362
    ]
}