{
    "start": 0,
    "stop": 40,
    "levels": [
        47.99781490775487,
        47.9969762593885,
        47.99661917110843,
        47.9967421396903,
        47.99734401374832,
        47.99842363427577,
        47.99997983450325,
        48.00201144030989,
        48.004517270940106,
        48.007496137934766,
        48.01094684633127,
        48.01486819410769,
        48.01925897399873,
        48.024118371514476,
        48.02944428596165,
        48.03523597596389,
        48.041492213091516,
        48.04821176381305,
        48.05539338933845,
        48.06303584567936,
        48.071137870222856,
        48.07969834726972,
        48.08871565449201,
        48.09818882218319,
        48.108116783906354,
        48.11849746471434,
        48.12933035625579,
        48.140613931333746,
        48.152346899872946,
        48.1645279750789,
        48.177155866160234,
        48.19022927923473,
        48.203746917636295,
        48.2177074821375,
        48.2321096467394,
        48.24695243181637,
        48.2622338918855,
        48.27795291128485,
        48.294108557353724,
        48.31069928074328,
        48.32772373757304,
        48.345180712774805,
        48.36306880694461,
        48.381386691002305,
        48.40013308638373,
        48.41930670650626,
        48.438906111436324,
        48.45893010590402,
        48.47937735011754,
        48.50024663545007,
        48.5215361688428,
        48.54324512105799,
        48.56537202242892,
        48.58791550757611,
        48.61087427321401,
        48.634247036462696,
        48.658032567078614,
        48.68222928553254,
        48.706835875804046,
        48.73185128663363,
        48.75727405531131,
        48.78310312157316,
        48.80933652234695,
        48.83597339590924,
        48.863012440652454,
        48.890452292758894,
        48.918291597135806,
        48.946529059819134,
        48.97516337016735,
        49.00419321968953,
        49.0336173015029,
        49.0634343104072,
        49.09364294296036,
        49.12424189755042,
        49.1552298744636,
        49.18660557595592,
        49.21836770631813,
        49.25051497194235,
        49.28304608138589,
        49.31595974543191,
        49.349254677151976,
        49.38292959196605,
        49.41698320769733,
        49.451414244633085,
        49.486221425575756,
        49.52140347589763,
        49.55695912359896,
        49.59288709935187,
        49.629186136557436,
        49.66585497111074,
        49.702892342326265,
        49.74029699218464,
        49.77806766553687,
        49.816203110214886,
        49.85470207707847,
        49.89356332006808,
        49.932785596249985,
        49.972367665876256,
        50.01230829243238,
        50.05260624269968,
        50.09326028146481,
        50.134269181205184,
        50.17563172020115,
        50.217346677600446,
        50.259412835863415,
        50.301828980792365,
        50.34459390154974,
        50.387706239810925,
        50.43116507433249,
        50.47496907040379,
        50.51911703106729,
        50.56360776291952,
        50.60844007586772,
        50.65361278337751,
        50.69912470248873,
        50.74497465383657,
        50.791161461671805,
        50.83768395387186,
        50.88454096195933,
        50.93173132111616,
        50.97925387019637,
        51.02710745174025,
        51.07529091198478,
        51.12380310088029,
        51.172642872102585,
        51.22180908306932,
        51.27130059496041,
        51.321116272742024,
        51.371254985199975,
        51.421715057333074,
        51.47249644736929,
        51.523597502125575,
        51.57501710573546,
        51.62675415155327,
        51.67880753762185,
        51.73117609367716,
        51.78385880821902,
        51.836854552809314,
        51.89016222439282,
        51.94378074292322,
        51.997709021277885,
        52.05194602526195,
        52.10649058180242,
        52.161341670601814,
        52.21649835648892,
        52.271959116075834,
        52.327723384964,
        52.38378992532466,
        52.440157681826776,
        52.49682560380301,
        52.55379264679211,
        52.611057768785344,
        52.668619931286685,
        52.726478099704124,
        52.784631243365034,
        52.843078335532724,
        52.901818353431906,
        52.960850274994826,
        53.02017308602868,
        53.07978577713717,
        53.13968734028826,
        53.199876771218854,
        53.26035306998534,
        53.321115240524165,
        53.38216229062291,
        53.44349323191821,
        53.50510707988243,
        53.567002853822885,
        53.62917957687036,
        53.691636275978595,
        53.75437198191142,
        53.8173857292403,
        53.88067655687918,
        53.94424347202272,
        54.008085587143675,
        54.072201919729764,
        54.136591523271726,
        54.20125345502673,
        54.26618677601007,
        54.331390550989106,
        54.39686384847835,
        54.46260574072676,
        54.528615303699596,
        54.59489161702879,
        54.66143376392636,
        54.72824104919233,
        54.79531212710029,
        54.8626463067079,
        54.93024268151284,
        54.998100343159386,
        55.06621838234349,
        55.134595929008505,
        55.203232162600216,
        55.27212617757607,
        55.34127704776985,
        55.41068391989021,
        55.4803459311915,
        55.55026222648434,
        55.62043191079054,
        55.69085410314062,
        55.7615279457007
    ]
}