{
    "yield_post": 11.318182973184866,
    "error_post": 2.014787339391868
}