{
    "start": 5,
    "stop": 40,
    "anchors": [],
    "levels": [
        86.87804194047744,
        86.54263005477067,
        86.2112619710332,
        85.88428470103077,
        85.56206027186589,
        85.24496630636432,
        84.93339397402569,
        84.62775058421184,
        84.32845655259709,
        84.03594489557574,
        83.75066176592914,
        83.47306265262226,
        83.20361726758752,
        82.94279489929656,
        82.69107535281229,
        82.4489386837388,
        82.2168624590823,
        81.9953193628055,
        81.78477132701381,
        81.58565978710132,
        81.39794634845632,
        81.220801141066,
        81.05417851270852,
        80.89917169638224,
        80.757360128836,
        80.63014134671585,
        80.51827751139245,
        80.42177689860561,
        80.34000204412938,
        80.27188270526477,
        80.21611914133072,
        80.17133866230162,
        80.13619989091157,
        80.10945248766117,
        80.08996631189838,
        80.07674030992104,
        80.0689000298392,
        80.06568909780995,
        80.06645821077637,
        80.07065197988983,
        80.07779785648741,
        80.08749382873165,
        80.09939872178022,
        80.11322261981927,
        80.1287190404143,
        80.14567800198338,
        80.16392027470582,
        80.18329242418679,
        80.20366236945625,
        80.22491677909112,
        80.24695729598254,
        80.26969863541875,
        80.2930665010076,
        80.31699593407988,
        80.34142994533022,
        80.36631835601494,
        80.3916167734378,
        80.41728584034678,
        80.4432906232706,
        80.46960002721906,
        80.49618613020617,
        80.52302352473956,
        80.55009007327374,
        80.57736539531913,
        80.60483088688441,
        80.6324697379352,
        80.66026713006022,
        80.68820908460606,
        80.71628298365933,
        80.74447728774663,
        80.77278142297865,
        80.80118567975218,
        80.82968112080937,
        80.85825950384216,
        80.88691373647195,
        80.91563563398498,
        80.94441956574614,
        80.9732590369773,
        81.00214916384424,
        81.0310843728162,
        81.0600598497434,
        81.08907110318118,
        81.11811400612089,
        81.14718468449374,
        81.1762792305273,
        81.20539475628593,
        81.23452800934858,
        81.26367557792302,
        81.29283492115579,
        81.3220040610065,
        81.35117939765678,
        81.38035975920191,
        81.40954248480271,
        81.43872621367731,
        81.46790786512537,
        81.49708662605946,
        81.52626093113194,
        81.55542872899673,
        81.5845891196117,
        81.61374023856938,
        81.64288132813411,
        81.67201101685622,
        81.70112821256883,
        81.73023189383278,
        81.75932110919045,
        81.78839497065572,
        81.81745264920147,
        81.84649322120553,
        81.87551620420905,
        81.90452084642531,
        81.93350652978017,
        81.96247262140936,
        81.99141856551196,
        82.02034385051186,
        82.04924801629772,
        82.07813062702976,
        82.10699128977306,
        82.1358294053423,
        82.16464501785889,
        82.19343801524533,
        82.22220700227416,
        82.25140014844499,
        82.28184005785471,
        82.31354502764528,
        82.34651692692168,
        82.38075868207184,
        82.41627329800166,
        82.45306379302127,
        82.49113293095044,
        82.53048275219543,
        82.57111347989242,
        82.61302495869967,
        82.6562164992332,
        82.70068573238986,
        82.74642978400219,
        82.79344570152384,
        82.84173040146142,
        82.8912825083734,
        82.94210116836176,
        82.9941899980442,
        83.04755420156827,
        83.10220495676134,
        83.1581576158305,
        83.21543257219211,
        83.27405686783314,
        83.33405801420551,
        83.39544968091985,
        83.45823741745552,
        83.52242643795893,
        83.5880202282077,
        83.65502221369297,
        83.72343484821164,
        83.79325791476192,
        83.86449063349116,
        83.93712810396399,
        84.01116574647106,
        84.08658499355244,
        84.16337144063341,
        84.24151233577265,
        84.32101031226493,
        84.40186699749418,
        84.48408527779007,
        84.56766795536686,
        84.65261753174102,
        84.7389364408302,
        84.82662761746096,
        84.91569280336931,
        85.0061352751595,
        85.09795722140355,
        85.19116120861072,
        85.28574957132255,
        85.38172445406565,
        85.47908832956567,
        85.57784348430035,
        85.67799227710599,
        85.77953719581305,
        85.88247942098559,
        85.9868216156366,
        86.09256582771715,
        86.1997147336346,
        86.30826926968437,
        86.41823219209635,
        86.52960491492895,
        86.64238954096899,
        86.75658770588689,
        86.87220170459413,
        86.98923199165544,
        87.1076818558082,
        87.22755168688117,
        87.34884318144802,
        87.471557755181,
        87.59569675067773,
        87.72126066167563,
        87.84825093337503,
        87.97666728468305,
        88.10651132954544,
        88.23778317531534,
        88.37048340368278,
        88.50461183874803,
        88.64017005683888,
        88.77715395967807
    ]
}