{
    "yield_linear": 11.525472419235363,
    "error_linear": 2.837719696325879,
    "error_log": 0.24621287467487105
}