{
    "nbins": 50,
    "range_": [
        0.0,
        8.0
    ],
    "nburnin": 100,
    "nsamples": 100000,
    "nrepeats": 100,
    "seed": 0,
    "step_size": 0.2,
    "prob_eye": 0.1,
    "yields": [
        0,
        0,
        0,
        0,
        0,
        0,
        7,
        102,
        1066,
        5992,
        24583,
        71869,
        164088,
        307148,
        489019,
        683049,
        853586,
        966348,
        1016952,
        995996,
        918930,
        803293,
        675766,
        541846,
        424026,
        319913,
        231408,
        165990,
        115206,
        78269,
        52101,
        33908,
        22482,
        14247,
        8925,
        5351,
        3174,
        2093,
        1257,
        836,
        441,
        262,
        168,
        110,
        66,
        64,
        26,
        18,
        4,
        0
    ],
    "errors": [
        0.0,
        0.0,
        0.0,
        0.0,
        0.0,
        0.0,
        3.80919939094818,
        13.489254983133803,
        61.48528279190069,
        150.84216917029534,
        352.0995739844057,
        580.2580374281773,
        984.6301640717694,
        1486.3011000466895,
        1691.9342156242362,
        1902.2526094081193,
        2085.3095789354634,
        1791.1535277580197,
        1963.847998191306,
        2117.4342587197366,
        1774.5734698794527,
        1776.5107683321262,
        1665.9947298836214,
        1481.2889117251907,
        1491.085255778488,
        1380.7147822776435,
        1196.9759228990365,
        975.9031714263459,
        853.8007027403995,
        746.8703970569459,
        564.2277820171566,
        427.4053813418824,
        347.3193919147043,
        236.4295032351081,
        174.56445800906894,
        147.92224308737343,
        114.91405484099843,
        90.86533992672895,
        68.99644918399785,
        56.16974274464857,
        34.23726040441904,
        34.807470462531455,
        21.254646550813312,
        19.209372712298535,
        12.26539848516956,
        16.156732342896568,
        9.013323471394997,
        6.063002556489644,
        2.416609194718912,
        0.0
    ]
}