{
    "nbins": 50,
    "range_": [
        0.0,
        8.0
    ],
    "nburnin": 100,
    "nsamples": 100000,
    "nrepeats": 100,
    "seed": 0,
    "step_size": 0.2,
    "prob_eye": 0.1,
    "yields": [
        0,
        0,
        0,
        0,
        0,
        0,
        0,
        103,
        1010,
        6084,
        24383,
        72013,
        163917,
        307175,
        487603,
        682465,
        852595,
        970656,
        1017492,
        994744,
        915265,
        805849,
        675739,
        542101,
        424377,
        320227,
        232446,
        165626,
        115041,
        77935,
        51963,
        33949,
        22199,
        14356,
        8869,
        5404,
        3222,
        2083,
        1167,
        753,
        480,
        272,
        159,
        94,
        65,
        53,
        18,
        18,
        9,
        12
    ],
    "errors": [
        0.0,
        0.0,
        0.0,
        0.0,
        0.0,
        0.0,
        0.0,
        15.326773959317077,
        59.32115979985558,
        166.78561089014846,
        354.6464577575814,
        608.9444227513704,
        1056.3995976901922,
        1382.8053912246653,
        1571.344300272859,
        1814.8318792659552,
        2206.8345542881107,
        1970.6406673972801,
        2153.7226748121493,
        1771.2200992536189,
        1849.0853820199868,
        1826.4832301447498,
        1715.9917802833438,
        1519.7601751592254,
        1306.3880395961992,
        2035.380974166753,
        1169.4720347233617,
        897.0012486055971,
        802.4214541000259,
        624.4171282083797,
        507.58773625847175,
        393.03306476682104,
        333.4351361209553,
        248.54906960196004,
        160.74013188995465,
        143.3730797604627,
        99.45431111822148,
        81.41320531707373,
        61.31973581156397,
        50.90098230879242,
        34.08812109811863,
        31.05092591212056,
        19.292226413765718,
        14.752626884728027,
        11.779218989389753,
        12.202868515230348,
        5.895761189193469,
        8.292164976651165,
        3.766961640367479,
        6.209669878504018
    ]
}