{
    "start": 0,
    "stop": 15,
    "levels": [
        131.66363270254968,
        131.66841806996047,
        131.6746201362965,
        131.6821900169526,
        131.69108058094892,
        131.70124710187122,
        131.7126452265172,
        131.7252352691471,
        131.73897716883232,
        131.75383307710808,
        131.76976710663752,
        131.78674469459645,
        131.8047327398193,
        131.823699540826,
        131.84361453968762,
        131.86444898840284,
        131.88617481714817,
        131.9087652654231,
        131.9321946704824,
        131.95643840865273,
        131.9814728435267,
        132.00727527903123,
        132.03382391134815,
        132.06109779497524,
        132.0890767953641,
        132.1177415520292,
        132.14707344192277,
        132.17705454624607,
        132.20766761805749,
        132.23889605029495,
        132.2707238487775,
        132.30313559756348,
        132.33611643873283,
        132.3696520425122,
        132.4037286021989,
        132.43833278720314,
        132.47345173144805,
        132.50907301340524,
        132.54518463686375,
        132.58177501296254,
        132.61883293241007,
        132.6563475589844,
        132.6943082050931,
        132.73270517294907,
        132.77152844913255,
        132.81076856900162,
        132.8504163843762,
        132.89046297085562,
        132.9308997005738,
        132.9717182584299,
        133.0129105114834,
        133.0544686553865,
        133.09638505699078,
        133.13865239738908,
        133.181263249618,
        133.22421104653938,
        133.2674884331675,
        133.31109007670895,
        133.35500844812037,
        133.3992377620537,
        133.44377195623488,
        133.4886052368539,
        133.53373192822494,
        133.57914649911922,
        133.62484357868425,
        133.67081794153125,
        133.7170645025966,
        133.76357831242936,
        133.81035396761354,
        133.8573879282729,
        133.9046750561303,
        133.95221089897498,
        133.9999911196431,
        134.04801204913352,
        134.09626786742143,
        134.1447562894399,
        134.19347278458494,
        134.24241354861653,
        134.29157485383263,
        134.3409531122894,
        134.3905446853668,
        134.440346127552,
        134.49035407503865,
        134.54056523956874,
        134.59097642302413,
        134.64158441198956,
        134.69238606587055,
        134.74337850811534,
        134.79455884746682,
        134.8459239921525,
        134.897471381617,
        134.94919806650907,
        135.00110140772264,
        135.05317885730864,
        135.10542782967462,
        135.1578457782058,
        135.21043024589406,
        135.26317882922535,
        135.3160891002062,
        135.3691589010955,
        135.42238590332894,
        135.47576789662514,
        135.52930271647648,
        135.5829882429097,
        135.63682239909934,
        135.69080315042405,
        135.744928503276,
        135.7991965035239,
        135.85360523750313,
        135.90815282758243,
        135.96283743364725,
        136.0176572515542,
        136.07261051216395,
        136.12769548016763,
        136.18291045394076,
        136.23825376462938,
        136.29372377448104,
        136.3493188767285,
        136.40503749491887,
        136.46087808248234,
        136.5168391818792,
        136.5729191727229,
        136.62911665917275,
        136.68543020388407,
        136.7418583958501,
        136.79839984948336,
        136.85505320456565,
        136.9118170584196,
        136.9686902188598,
        137.02567143317046,
        137.08275924773488,
        137.1399525103456,
        137.19725009749462,
        137.2546504613258,
        137.31215276299335,
        137.369755827645,
        137.4274583269652,
        137.48525927852472,
        137.54315752792752,
        137.6011521975723,
        137.65924181488094,
        137.717425531215,
        137.77570222833174,
        137.8340710526057,
        137.8925309228435,
        137.95108085347871,
        138.00971987492642,
        138.06844703279296,
        138.12726138202305,
        138.18616214063454,
        138.2451481464574,
        138.3042184923368,
        138.36337255794123,
        138.4226093627241,
        138.48192804377229,
        138.5413277582677,
        138.60080767752243,
        138.66036698610375,
        138.72000488090887,
        138.7797205707704,
        138.83951327632778,
        138.89938222982798,
        138.9593266748137,
        139.01934586600368,
        139.07943906897268,
        139.13960556007237,
        139.19984462611686,
        139.26015556423866,
        139.32053768163513,
        139.38099029547126,
        139.4415127326171,
        139.50210432952534,
        139.5627644318919,
        139.62349239480898,
        139.6842875822418,
        139.7451493671764,
        139.80607713132613,
        139.867070264988,
        139.9281281669774,
        139.98925024506497,
        140.05043591868838,
        140.11168461234027,
        140.17299575649008,
        140.2343687877943,
        140.2958031494909,
        140.3572982914217,
        140.41885373120834,
        140.48046881434064,
        140.5421430791696,
        140.60387600751446,
        140.6656670880565,
        140.72751581641663,
        140.78942169473063,
        140.85138423154632,
        140.91340294136285,
        140.9754773444361,
        141.03760696659316,
        141.09979133912904,
        141.16202999869455,
        141.22432216175346,
        141.28666800555675
    ]
}