{
    "ndata": 7,
    "start": 0,
    "stop": 20,
    "rtol": 0.001,
    "integrals": [
        [
            0.8172720935310852,
            0.8176036043270821
        ],
        [
            0.8210687098369259,
            0.82143834417499
        ],
        [
            0.8240216914370603,
            0.8243574332714182
        ],
        [
            0.8260719088904132,
            0.8264066591785495
        ],
        [
            0.8272363522912908,
            0.827579679295036
        ],
        [
            0.8275266500111704,
            0.8278816126578321
        ],
        [
            0.8269514425152785,
            0.8273207040846213
        ],
        [
            0.8255794289189208,
            0.8258572263668295
        ],
        [
            0.8233158798497919,
            0.8236089112383385
        ],
        [
            0.8202295608094252,
            0.8205403171305592
        ],
        [
            0.8163423244385744,
            0.8166711466867852
        ],
        [
            0.8116758006903733,
            0.8120251659481043
        ],
        [
            0.8062548115583816,
            0.806627638447981
        ],
        [
            0.8001245158759923,
            0.8004770822513034
        ],
        [
            0.7933178257473218,
            0.793601136698642
        ],
        [
            0.7857940846213196,
            0.7860959133511661
        ],
        [
            0.777628939537279,
            0.7779508565870593
        ],
        [
            0.7688483273281309,
            0.7691938007581884
        ],
        [
            0.7595141885477834,
            0.7598404696753251
        ],
        [
            0.7496106832298035,
            0.7499587522798306
        ],
        [
            0.7392342746166146,
            0.7395393579256075
        ],
        [
            0.7283423894052894,
            0.728668212670025
        ],
        [
            0.7170280355716498,
            0.7173322300799373
        ],
        [
            0.7052843613704317,
            0.7056078028705887
        ],
        [
            0.6931877902416803,
            0.693489954395651
        ],
        [
            0.68074893157579,
            0.6810323176299755
        ],
        [
            0.6679848249875048,
            0.6682857171233056
        ],
        [
            0.654965667538189,
            0.6552479816088753
        ],
        [
            0.6416898258703836,
            0.6419886965176146
        ],
        [
            0.6282207547949673,
            0.6285049127345776
        ],
        [
            0.6145591793792158,
            0.6148609163863081
        ],
        [
            0.6007692013461233,
            0.6010562497768437
        ],
        [
            0.5868631472506158,
            0.587136436655957
        ],
        [
            0.5728684203614938,
            0.5731296404965828
        ],
        [
            0.5587999558964283,
            0.5590778748954357
        ],
        [
            0.5447275955070698,
            0.5449750879386431
        ],
        [
            0.5306230262274245,
            0.5308840157115533
        ],
        [
            0.5165485670485824,
            0.5167971315881338
        ],
        [
            0.5025162056854616,
            0.5027495839272214
        ],
        [
            0.48853293908277484,
            0.48877899438894734
        ],
        [
            0.47463381159498624,
            0.4748932465481183
        ],
        [
            0.46086331367109123,
            0.4610853005654733
        ],
        [
            0.4471896282713766,
            0.4474234081869083
        ],
        [
            0.4336552999275117,
            0.4339010409827942
        ],
        [
            0.4203091600213821,
            0.42050071139030387
        ],
        [
            0.40709946604994435,
            0.40730210578557996
        ],
        [
            0.3940832208366285,
            0.3942775774576647
        ],
        [
            0.38125459400354605,
            0.3814576531398853
        ],
        [
            0.368633575276477,
            0.36884459754007276
        ],
        [
            0.3562450429089408,
            0.3564372824393084
        ],
        [
            0.34407731413289183,
            0.34425857708058655
        ],
        [
            0.33213590447579555,
            0.3323238538995852
        ],
        [
            0.32044465740103845,
            0.32062320974221914
        ],
        [
            0.30900073680489204,
            0.3091710141846106
        ],
        [
            0.2978176239446497,
            0.29796545687731907
        ],
        [
            0.2868787567388446,
            0.2870316080010109
        ],
        [
            0.27620833901509867,
            0.27635240236759445
        ],
        [
            0.26580086238839973,
            0.2659383978777962
        ],
        [
            0.25565427271654795,
            0.2557966568279168
        ],
        [
            0.24578095047409196,
            0.24591766213628716
        ],
        [
            0.23617123265685927,
            0.2363115187288329
        ],
        [
            0.22683345077464215,
            0.22697170229320804
        ],
        [
            0.2177758877105768,
            0.21788701134161606
        ],
        [
            0.20897483220100424,
            0.20907901623513514
        ],
        [
            0.20043464875499753,
            0.20054086515001757
        ],
        [
            0.19215732712867717,
            0.19226547003302377
        ],
        [
            0.18414156120716405,
            0.1842502785546609
        ],
        [
            0.17638710862844242,
            0.17648973427083609
        ],
        [
            0.16889027508060997,
            0.16897997462406805
        ],
        [
            0.16164067517834843,
            0.16172477446569186
        ],
        [
            0.1546356415867089,
            0.154719276451323
        ],
        [
            0.14787268530293574,
            0.14795715681904675
        ],
        [
            0.14135278031810164,
            0.14142935670187867
        ],
        [
            0.13506262872147543,
            0.13513923829091368
        ],
        [
            0.12900435968877114,
            0.1290748596976682
        ],
        [
            0.12316703985063449,
            0.12323771941173887
        ],
        [
            0.11755128495692752,
            0.11761655488272896
        ],
        [
            0.11215134123249831,
            0.11220726199655594
        ],
        [
            0.10695427104803225,
            0.10701202213509745
        ],
        [
            0.10196306880956549,
            0.10201698993734805
        ],
        [
            0.09716802297340414,
            0.09722115817231904
        ],
        [
            0.0925685511628806,
            0.09261396735522204
        ],
        [
            0.08815219723913532,
            0.0881975359470798
        ],
        [
            0.08391970916598819,
            0.08396002210864258
        ],
        [
            0.07986083949072395,
            0.07990044246172377
        ],
        [
            0.07597061838844733,
            0.07601383483407172
        ],
        [
            0.07224663810205235,
            0.07229023218925433
        ],
        [
            0.06868585266157842,
            0.06872138712085944
        ],
        [
            0.06527461213065287,
            0.06531163554912854
        ],
        [
            0.06201493161088481,
            0.06204865358050212
        ],
        [
            0.05889896360725601,
            0.05892963640374546
        ],
        [
            0.05592200025125108,
            0.05595046778696423
        ],
        [
            0.053077098640668674,
            0.05310703184161703
        ],
        [
