{
    "start": 0,
    "stop": 15,
    "anchors": [],
    "levels": [
        221.52757317914418,
        75.67876250998437,
        73.64742414211018,
        71.68605319736551,
        69.80608891751167,
        68.01790511774476,
        66.3303276248159,
        64.7504657759258,
        63.28371386216175,
        61.9337946409162,
        60.70282044927799,
        59.59137871475991,
        58.598652068704354,
        57.72257718532379,
        56.96001360417617,
        56.30690795539445,
        55.758455220413644,
        55.30924678831027,
        54.95343764728905,
        54.68493298148511,
        54.49759852465631,
        54.38542205946458,
        54.34257479032645,
        54.36335190779822,
        54.44208570892711,
        54.5732117040104,
        54.751611217639315,
        54.97305200819338,
        55.23434356130778,
        55.53309720807354,
        55.867327991809745,
        56.23511968047306,
        56.63434708360627,
        57.06236215401156,
        57.51586423614246,
        57.99197895329403,
        58.48797804973328,
        59.00092769783871,
        59.527589926214674,
        60.06435423544238,
        60.60525210336229,
        61.150677585886456,
        61.697003065855476,
        62.237339392456974,
        62.76261738311685,
        63.26571349818543,
        63.745132772539904,
        64.20278146218104,
        64.6412062477947,
        65.06265890413891,
        65.46900988837781
    ]
}