{
    "yield_linear": 0.5230099488590465,
    "error_linear": 0.191657080239305,
    "error_log": 0.366450161526387
}