{
    "start": 0,
    "stop": 15,
    "anchors": [],
    "levels": [
        77.84276245051885,
        75.82128084264762,
        73.77562556040144,
        71.78288734930983,
        69.620883351698,
        66.68604154276166,
        63.08607555914388,
        59.94873942322472,
        57.30941932281796,
        55.08177263611738,
        53.18439991708712,
        51.55273347515164,
        50.13720202347061,
        48.89964867400432,
        47.81097945270359,
        46.84826588732251,
        45.99264109845303,
        45.228772111098124,
        44.54461993081382,
        43.93022152665982,
        43.37673383445863,
        42.87700533326025,
        42.42346802460919,
        42.01233840398861,
        41.63868607538686,
        41.29845897470716,
        40.98812410225902,
        40.70463024891676,
        40.44551398002506,
        40.20895915407571,
        39.99304851709359,
        39.79588080564585,
        39.61569593012719,
        39.45090678362996,
        39.30014697639636,
        39.162504223156716,
        39.03704379522122,
        38.92273132925195,
        38.81855799367464,
        38.72358533538998,
        38.63695863162348,
        38.55790711386288,
        38.48574178022221,
        38.419840724228386,
        38.35964834562198,
        38.30466576080839,
        38.25444407516937,
        38.20857736225743,
        38.16669874249205,
        38.12847401576407,
        38.09359633368696,
        38.061781036274574,
        38.0327634685637,
        38.00629367280678,
        37.98213870075705,
        37.9600821591791,
        37.93992577561194,
        37.92149105543095,
        37.90462043560264,
        37.88917696793033,
        37.87504430997276,
        37.86212599479418,
        37.850344384727016,
        37.83963971478778,
        37.82996940458606,
        37.82130775565578,
        37.81364621902677,
        37.8069938251718,
        37.801379297106045,
        37.796852811494134,
        37.79348931212324,
        37.791392549815995,
        37.790699845717256,
        37.79158728888836,
        37.794274397338214,
        37.79902707928734,
        37.80615737138914,
        37.81601811377236,
        37.82899270908099,
        37.84548017651249,
        37.86587850632668,
        37.8905660390507,
        37.91988721393303,
        37.95413822975591,
        37.993555777725135,
        38.03830723569712,
        38.08848191032338,
        38.144082771431286,
        38.205018158095925,
        38.27109339621117,
        38.34200288587755,
        38.417326630149034,
        38.49654136705756,
        38.57906812406766,
        38.66438094126279,
        38.751035648918595,
        38.82598912881144,
        38.902609071235666,
        38.980775484999924,
        39.06037293531179,
        39.14129322760286,
        39.223433976330384,
        39.306700425292476,
        39.39100594623276,
        39.4762725044546,
        39.562429945787684,
        39.64941745725517,
        39.737179055369964,
        39.82566301923342,
        39.91481965589081,
        40.00459977832078,
        40.09495385710308,
        40.185831788144625,
        40.27718308063923,
        40.36895708142582,
        40.46110363694424,
        40.55357344427936,
        40.646318197627735,
        40.73929136908623,
        40.83244801542705,
        40.925745305123,
        41.019142580053156,
        41.112601349900245,
        41.20608527669192,
        41.29956015445722,
        41.39299386012461,
        41.486356335002114,
        41.57961953008943,
        41.67275731956609,
        41.7657454871879,
        41.858561635370584,
        41.951185064366044,
        42.04359662222762,
        42.13577899420072,
        42.2277147721433,
        42.319390040586775,
        42.41079088127934,
        42.501904126893976,
        42.59271872859652,
        42.6832239267108,
        42.77341026445973,
        42.86326847327602,
        42.95279125069021,
        43.04197190066647,
        43.13080250172176,
        43.21927941093423,
        43.30739618665818,
        43.39514992604221,
        43.48253671464019,
        43.5695539536125,
        43.65619953824324,
        43.74247203732871,
        43.82837061804875,
        43.913894966644634,
        43.999045300169364,
        44.08382219971628,
        44.16822670024591,
        44.25226006824674,
        44.33592394309339,
        44.41922019727283,
        44.50215070962817,
        44.584717444184996,
        44.66692265933147,
        44.74876880273054,
        44.83025802497676,
        44.91139377779942,
        44.99217707154355,
        45.07261028996413,
        45.152699232008004,
        45.232442580171195,
        45.31184456524278,
        45.39090691831085,
        45.46963470056132,
        45.54802715951071,
        45.62608908165346,
        45.70382276949361,
        45.781230329448775,
        45.85831462459947,
        45.935078107695496,
        46.01152453386257,
        46.087653647942176,
        46.16346996244686,
        46.238975600832305,
        46.53836501839753,
        46.38906487546811,
        46.46365350710576,
        46.8241756381502,
        46.92995555491669,
        47.04435921000491,
        46.759024038348784,
        46.832132691299726,
        46.904952492011255,
        46.97748586796764,
        47.049734487714545,
        47.12170188696115,
        47.19339000836061,
        47.408869691344634,
        47.51114628369764,
        47.40679766204681,
        47.477389136219195,
        47.54771208722224
    ]
}