{
    "yield_post": 157.3522078549163,
    "error_post": 11.901305421455437
}