{
    "start": 50,
    "stop": 550,
    "levels": [
        92.80007822190338,
        86.1711938434563,
        82.90819304865761,
        81.28077998258327,
        80.50868694510098,
        80.20453174283548,
        80.18682552477705,
        80.36132897851924,
        80.66596082288527,
        81.05772047521,
        81.50718310090235,
        81.9953829823,
        82.5111159407285,
        83.04605851447661,
        83.59397524499938,
        84.1503433604341,
        84.71187756140814,
        85.27607141388363,
        85.8409302990177,
        86.40490993198293,
        86.96681101744093,
        87.52569570496341,
        88.0808154483401,
        88.63160164596658,
        89.17764929898782,
        89.71865548372188
    ]
}