{
    "nbins": 50,
    "range_": [
        50.0,
        550.0
    ],
    "nburnin": 100,
    "nsamples": 100000,
    "nrepeats": 100,
    "seed": 0,
    "step_size": 0.5,
    "prob_eye": 0.1,
    "yields": [
        144,
        2171,
        15869,
        65401,
        173227,
        342017,
        545495,
        740303,
        884278,
        961380,
        969519,
        920767,
        834878,
        724339,
        610095,
        501188,
        403113,
        318684,
        244256,
        189047,
        142136,
        107290,
        80752,
        59446,
        43428,
        32427,
        23396,
        17646,
        12629,
        9192,
        6884,
        4931,
        3728,
        2806,
        1875,
        1396,
        1011,
        749,
        558,
        363,
        307,
        198,
        187,
        142,
        82,
        75,
        54,
        33,
        25,
        24
    ],
    "errors": [
        21.969069165533625,
        76.9713583094387,
        236.44320671146377,
        437.34310329534173,
        741.2932685516578,
        1138.9680021844335,
        1247.711805666677,
        1501.4762435683087,
        1476.6222130253902,
        1489.7469583791733,
        1483.9209513986925,
        1797.9560923448603,
        1607.3130248958973,
        1320.1923306851922,
        1221.8791879723624,
        1182.5161986205517,
        1111.737068735229,
        950.9550147088977,
        781.3735598290998,
        688.8213919442397,
        605.5947820118665,
        545.0330265222466,
        497.32379794254774,
        392.676508082671,
        352.8344654366974,
        300.99453483410616,
        258.87804078368634,
        256.81674400241116,
        170.55963766378022,
        163.22793878500084,
        144.09524627828634,
        106.28918101105117,
        93.91570688654802,
        68.58308829441847,
        82.19945255292154,
        58.513588165485125,
        47.72619825630361,
        34.62643498831493,
        36.08822522651952,
        23.607414089645648,
        25.268755410585623,
        20.54166497633528,
        24.805442951094413,
        16.503332996701,
        13.592645070036957,
        12.678722333105965,
        9.42549733435855,
        8.724104538575869,
        6.062177826491071,
        6.019966777316967
    ]
}