{
    "start": 0,
    "stop": 250,
    "levels": [
        83.6187522518592,
        83.63714909411279,
        83.67065836330349,
        83.72120823530786,
        83.78792656178516,
        83.8747898690442,
        83.98299926509245,
        84.11324581700303,
        84.27011918017679,
        84.45526806318276,
        84.67173955842257,
        84.92249170361865,
        85.21043653957271,
        85.53847590698693,
        85.9101390114962,
        86.32632032858885,
        86.79203156657827,
        87.30944226736048,
        87.88044967184734,
        88.50789787235023,
        89.19405032584102,
        89.93988027381607,
        90.74749497285931,
        91.61736401917273,
        92.55084762925351,
        93.54774103770086,
        94.60881841144858,
        95.73415774923167,
        96.92349424851098,
        98.17595206220332,
        99.4921726096849,
        100.87167063253564,
        102.31171669151894,
        103.81387633325417,
        105.37651906247018,
        106.9980739847372,
        108.67800289450628,
        110.41415363681773,
        112.20629101175312,
        114.05276628470149,
        115.95177600210322,
        117.9027761751837,
        119.90537491315779,
        121.95521908523463,
        124.05361453441675,
        126.19899546688593,
        128.39023406943798,
        130.6251709963159,
        132.90327354082075,
        135.22370883693372,
        137.5848819276354
    ]
}