{
    "start": 0,
    "stop": 250,
    "levels": [
        83.61869552451027,
        83.62195578740278,
        83.62609801480122,
        83.63113910123509,
        83.63709801478518,
        83.64399372451466,
        83.65184551651105,
        83.66067242419965,
        83.67049522531416,
        83.68133436635313,
        83.69321159004276,
        83.7061482232578,
        83.72016683415549,
        83.7352911797374,
        83.75154501924344,
        83.76895312740977,
        83.78754136686325,
        83.80733541146617,
        83.82836337635312,
        83.85065339294508,
        83.87423469871015,
        83.89913763854861,
        83.92539369862273,
        83.95303510808053,
        83.98209571022086,
        84.01260979162113,
        84.04461357258933,
        84.07814340721508,
        84.11323781752957,
        84.14993572127482,
        84.18827731481728,
        84.22830382374208,
        84.27005747041798,
        84.31358137466158,
        84.35891968630457,
        84.40611722662698,
        84.45521963071754,
        84.50627320169615,
        84.5593247345316,
        84.61442160027899,
        84.67161144842446,
        84.73094217758177,
        84.79246178157497,
        84.85621821609831,
        84.92225924244077,
        84.99063223711265,
        85.0613839947071,
        85.1345606314103,
        85.21020678489342,
        85.28836637357142,
        85.36908118141723,
        85.45239091066853,
        85.53833474798182,
        85.62695810323481,
        85.7183079474026,
        85.812430704708,
        85.90937365822109,
        86.00918302718233,
        86.11190453233236,
        86.21758408895528,
        86.32626679189593,
        86.43799733025521,
        86.55281979393504,
        86.67077769903068,
        86.79191383973624,
        86.91627025676411,
        87.04388822336438,
        87.1748081617485,
        87.30906956564446,
        87.44671100745944,
        87.58777005222392,
        87.73228320993162,
        87.88028595521608,
        88.03181262727355,
        88.18689641706305,
        88.34556934180037,
        88.5078622346906,
        88.67380468972647,
        88.84342508654498,
        89.01675053468556,
        89.19380687835232,
        89.37461868781787,
        89.55920925136905,
        89.74760057294485,
        89.93981337239825,
        90.13586708679254,
        90.33578012709017,
        90.5395702236637,
        90.74725399763527,
        90.95884668414244,
        91.1743626723117,
        91.39381521322406,
        91.61721580600512,
        91.84457527199415,
        92.07590316689532,
        92.31120791558298,
        92.55049682996597,
        92.79377612978297,
        93.04105043067413,
        93.29232483262221,
        93.54760197709432,
        93.80688399392012,
        94.07017208559193,
        94.33746655627917,
        94.60876729385429,
        94.88407197990321,
        95.1633796836653,
        95.44668756597368,
        95.73399239968512,
        96.02529071046176,
        96.32057862200969,
        96.61985168365214,
        96.92310548058464,
        97.23033520518386,
        97.54153583923964,
        97.85670148565185,
        98.17582765538641,
        98.49890796861817,
        98.82593643363133,
        99.15690582589919,
        99.49180912215975,
        99.830638225261,
        100.17338546033146,
        100.52004139683268,
        100.87059540767042,
        101.22503589645548,
        101.58335112314616,
        101.94552659227725,
        102.3115480916333,
        102.68140077166869,
        103.05506905111275,
        103.43253703721173,
        103.81378856011371,
        104.19880701223809,
        104.5875756501958,
        104.98007696651912,
        105.37629416818362,
        105.77620937673474,
        106.17980470963427,
        106.58706205786756,
        106.99796310154343,
        107.4124893250068,
        107.83062203091352,
        108.25234235559998,
        108.67763128261998,
        109.10646965570533,
        109.53883819353587,
        109.97471749683724,
        110.41408798952672,
        110.85693018912643,
        111.30322436641404,
        111.75295077478786,
        112.20608960899871,
        112.66262101882148,
        113.12252511526415,
        113.5857815806953,
        114.05237110695676,
        114.52227341575632,
        114.99546853608959,
        115.47193651138683,
        115.95165739689715,
        116.4346106375304,
        116.9207771206821,
        117.41013664783661,
        117.90266912130986,
        118.39835516176237,
        118.8971742555192,
        119.39910705649154,
        119.90413377127811,
        120.41223471038222,
        120.92339047832414,
        121.43758109627011,
        121.95478758107745,
        122.47499022297548,
        122.99816935688305,
        123.52430653834566,
        124.05338224672909,
        124.5853775668775,
        125.120272889865,
        125.6580500130271,
        126.19868994966744,
        126.74217365306929,
        127.28848290663726,
        127.83759900132515,
        128.3895034968175,
        128.94417834964025,
        129.5016047051904,
        130.06176537391156,
        130.624641331269,
        131.1902154569447,
        131.75846982921126,
        132.32938623717448,
        132.90294774991534,
        133.47913667431135,
        134.05793566249167,
        134.6393274790573,
        135.22329503120497,
        135.80982139956507,
        136.3988896683638,
        136.99048241555715,
        137.58458386086244
    ]
}