{
    "start": 0,
    "stop": 250,
    "levels": [
        83.61878309995664,
        83.6371369597811,
        83.67053978898122,
        83.72018369384021,
        83.78756098991255,
        83.87433217640631,
        83.98237286856173,
        84.11324019034488,
        84.27021655047311,
        84.45526586308952,
        84.6717138884412,
        84.92244843016378,
        85.21040001145052,
        85.53870520638573,
        85.909398927132,
        86.32629682037884,
        86.79206255197548,
        87.30933728558887,
        87.88032679580974,
        88.50797130803784,
        89.193889775201,
        89.93989473202507,
        90.74731287495635,
        91.61714602061086,
        92.55060176687292,
        93.54762691545112,
        94.60884504413279,
        95.7339312954702,
        96.92399551469583,
        98.17564960136227,
        99.49160143124202,
        100.87075653198846,
        102.31128935183308,
        103.81349397070767,
        105.37607565923444,
        106.99765412949257,
        108.67728144581264,
        110.41388085024529,
        112.20595564021475,
        114.05197268622226,
        115.9512664035604,
        117.90257019258347,
        119.90372880443317,
        121.95446061453863,
        124.05390423903228,
        126.19873822248934,
        128.38926954249115,
        130.62429513798423,
        132.9027217716769,
        135.2228298420988,
        137.58430648891266
    ]
}