{
    "yield_pre": 536.2451904978043,
    "error_pre": 31.48851681225493
}