{
    "yield_pre": 536.2475317142049,
    "error_pre": 31.488617809483646
}