{
    "yield_linear": 536.2661377370357,
    "error_linear": 31.53563561842409,
    "error_log": 0.05880594242161148
}